Word,Score,Freq,DayFreq,Positive,Negative
ÙŠØªÙ†Ø§ÙˆÙ„,0.0002575661338349995,4,3,0.0002575661338349995,0.0
Ø§Ø³Ø¨ÙˆØ¹Ø§Ø§Ù„Ø¬Ø¨Ø³,0.0002509953010160965,9,6,0.0002509953010160965,0.0
Ø§Ø³Ø¨ÙˆØ¹Ø§Ø§Ù„ØµÙ…Ø¹Ø§Ù†ÙŠ,0.00019668889468757954,4,4,0.00019668889468757954,0.0
Ø§Ø³Ø¨ÙˆØ¹Ø§Ø¨ØªØ±ÙˆØ±Ø§Ø¨Øº,0.00019111023968810262,38,15,0.00019111023968810262,0.0
ÙŠØ³Ø¬Ù„Ø§Ù†,0.00018812563747470449,12,11,0.00018812563747470449,0.0
Ø§Ø³Ø¨ÙˆØ¹Ø§Ø¨ÙˆØ§Ù†,0.0001777461198082597,15,4,0.0001777461198082597,0.0
Ø§Ù„Ø®Ø§Ø·Ø¦ØªØ¹Ù„Ù†,0.00017419203402254508,3,3,0.00017419203402254508,0.0
Ø¨Ø§Ù„Ù‚Ø§Ø¦Ù…Ù‡,0.0001483999375378519,26,3,0.0001483999375378519,0.0
Ø§Ø³Ø¨ÙˆØ¹Ø§Ø§Ù„Ù…ØªØ­Ø¯Ù‡,0.0001438600358644804,9,7,0.0001438600358644804,0.0
Ù…Ø¨Ù‡Ø±Ù‡,0.0001430942476458552,4,3,0.0001430942476458552,0.0
Ø§Ø³Ø¨ÙˆØ¹Ø§ØªÙƒÙˆÙŠÙ†,0.00014305629203869538,4,3,0.00014305629203869538,0.0
Ø§Ø³Ø¨ÙˆØ¹Ø§Ø³Ù„Ø§Ù…Ù‡,0.00013851884189365697,10,8,0.00013851884189365697,0.0
Ø§Ø³Ø¨ÙˆØ¹Ø§Ø§Ù„Ù…ØµØ§ÙÙŠ,0.00013080039160487871,10,4,0.00013080039160487871,0.0
Ø´Ø±Ø§ÙƒØ§ØªÙ‡Ø§,0.0001302604808105691,3,3,0.0001302604808105691,0.0
Ø§Ø³Ø¨ÙˆØ¹Ø§Ø¨Ø­Ø±,0.00013004373306611363,31,16,0.00013004373306611363,0.0
Ø§Ø±Ù‚Ø§Ù…Ø§,0.00012594371800423663,7,5,0.00012594371800423663,0.0
Ø§Ø³Ø¨ÙˆØ¹Ø§Ø¨Ø§Ø¹Ø¸ÙŠÙ…,0.00012455395486218993,4,3,0.00012455395486218993,0.0
Ø§Ø³ØªÙ‡Ù„Ø§ÙƒÙŠÙ‡,0.00012433569902642102,7,3,0.00012433569902642102,0.0
ÙˆØ¶Ù…Øª,0.00012100340983442201,11,3,0.00012100340983442201,0.0
Ø§Ø³Ø¨ÙˆØ¹Ø§Ø³Ø¨ÙƒÙŠÙ…,0.00011975269516137226,36,13,0.00011975269516137226,0.0
Ø§Ù„Ø¯ÙŠÙˆØ§Ù†,0.00011826910508436512,5,3,0.00011826910508436512,0.0
Ø§Ø³Ø¨ÙˆØ¹Ø§Ø§Ù„Ø§Ø¨Ø­Ø§Ø«,0.00011452925737369512,16,5,0.00011452925737369512,0.0
ØªØ´ÙƒÙŠÙ„Ù‡Ø§,0.00011450112075182326,5,3,0.00011450112075182326,0.0
Ø§Ø³Ø¨ÙˆØ¹Ø§Ø§Ù…,0.00011410904905433393,9,7,0.00011410904905433393,0.0
Ø§Ù„Ø¬Ù„Ø§Ù…ÙŠØ¯,0.00011309755516440692,5,3,0.00011309755516440692,0.0
Ø³Ø¨ÙƒÙŠÙ…ÙŠÙˆØ³Ù,0.000111700161924027,6,3,0.000111700161924027,0.0
Ù…Ø§ÙŠÙƒØ±ÙˆØ³ÙˆÙØª,0.00011003019881953175,13,3,0.00011003019881953175,0.0
Ø§ÙØªØ±Ø§Ø¶ÙŠØ§,0.0001097842415655031,11,10,0.0001097842415655031,0.0
ØªØ±Ø§Ø¹ÙŠ,0.00010906567408538808,12,7,0.00010906567408538808,0.0
ÙˆØ³ÙŠØ­Ø¶Ø±,0.00010704362681636578,7,7,0.00010704362681636578,0.0
ÙˆØ¹Ø±ÙˆØ¶,0.00010584838017749806,3,3,0.00010584838017749806,0.0
Ø§Ø³Ø¨ÙˆØ¹Ø§Ø§ÙƒØ³ØªØ±Ø§,0.00010329840318088625,21,14,0.00010329840318088625,0.0
Ø§Ù„Ù…Ø¯Ø±ÙˆØ³,0.00010311267021082057,3,3,0.00010311267021082057,0.0
Ø¨Ø³ÙŠÙˆÙ„Ù‡,0.00010214376229287296,15,8,0.00010214376229287296,0.0
ÙÙˆØ±Ø¨Ø³,0.00010097344195901749,38,7,0.00010097344195901749,0.0
Ø§Ø¨Ù„,0.00010092075888097252,13,4,0.00010092075888097252,0.0
Ø§Ø³Ø¨ÙˆØ¹Ø§ÙØªÙŠØ­ÙŠ,0.00010047128106306741,5,3,0.00010047128106306741,0.0
Ù„Ø§Ø¨Ø¯,9.940289640716412e-05,5,3,9.940289640716412e-05,0.0
Ø§Ù„ÙˆÙ„Ø§Ø¡,9.855681248351582e-05,3,3,9.855681248351582e-05,0.0
Ø§Ø³Ø¨ÙˆØ¹Ø§Ø§Ù„Ø§ØªØµØ§Ù„Ø§Øª,9.72441037067075e-05,15,9,9.72441037067075e-05,0.0
Ø§Ø³Ø¨ÙˆØ¹Ø§Ø§Ù„ØªØ§Ù…ÙŠÙ†,9.567876042844942e-05,10,7,9.567876042844942e-05,0.0
ÙˆØªÙ‚Ù„Øµ,9.542909971636872e-05,5,4,9.542909971636872e-05,0.0
ØªØ§Ø³ÙŠ,9.46432516409816e-05,45,24,9.46432516409816e-05,0.0
Ø§Ù„ØªØµÙ†ÙŠØ¹Ø¹Ø¨Ø¯,9.346952885172177e-05,7,4,9.346952885172177e-05,0.0
Ø§Ø³Ø¨ÙˆØ¹Ø§Ø§Ù„Ù…ØªØ·ÙˆØ±Ù‡,9.343133851854588e-05,12,9,9.343133851854588e-05,0.0
ÙˆØªØ¶Ø·Ù„Ø¹,9.213277091684575e-05,3,3,9.213277091684575e-05,0.0
ØªØ¹Ø¯ÙŠÙ„ÙŠÙ†,9.100514869702805e-05,6,6,9.100514869702805e-05,0.0
Ø§Ø³Ø¨ÙˆØ¹Ø§Ø³Ø§Ù…Ø¨Ø§,9.070473571701085e-05,3,3,9.070473571701085e-05,0.0
Ø§Ø³Ø¨ÙˆØ¹Ø§ØªÙƒØ§ÙÙ„,9.067195860918758e-05,4,3,9.067195860918758e-05,0.0
Ø§Ù„Ø²Ø§Ù…Ù„Ø¹Ø¶Ùˆ,8.863006100784175e-05,11,7,8.863006100784175e-05,0.0
Ø¨ÙŠØ§Ù†Ø§ØªÙ‡Ø§,8.747330151459361e-05,5,4,8.747330151459361e-05,0.0
ÙˆØ§Ù„ØªÙˆØ¬Ù‡,8.738293157021653e-05,3,3,8.738293157021653e-05,0.0
Ø§Ù„Ø±Ø§Ø¬Ø­ÙŠØ±Ø¦ÙŠØ³,8.550343780147816e-05,7,4,8.550343780147816e-05,0.0
Ø§Ù„Ø±Ø§Ø¬Ø­ÙŠØ¹Ø¨Ø¯,8.550343780147816e-05,7,4,8.550343780147816e-05,0.0
Ø§Ù„ØªØ¨Ø±ÙŠØ¯,8.540598936864352e-05,11,6,8.540598936864352e-05,0.0
ÙˆØ«Ø§Ù„Ø«,8.410470044174025e-05,3,3,8.410470044174025e-05,0.0
Ù„Ù„Ø¹Ø§Ù…Ù„ÙŠÙ†,8.197496010154643e-05,21,4,8.197496010154643e-05,0.0
Ø§Ø³Ø¨ÙˆØ¹Ø§Ù…ØµØ±Ù,8.165696160469274e-05,17,7,8.165696160469274e-05,0.0
Ø§Ù„Ø¹Ø±Ø¨ÙŠÙ‡Ù…Ø­Ù…Ø¯,8.149152978719501e-05,3,3,8.149152978719501e-05,0.0
ØªØ±ÙŠÙ„ÙŠÙˆÙ†,8.135413882750779e-05,55,12,8.135413882750779e-05,0.0
ÙˆØ§Ù„Ø§Ù…Ø¯Ø§Ø¯,8.044807381378694e-05,3,3,8.044807381378694e-05,0.0
ÙˆÙ‚Ø¯Ø±Øª,7.993155019346027e-05,3,3,7.993155019346027e-05,0.0
Ø§Ø³Ø¨ÙˆØ¹Ø§Ø§Ù„Ø±ÙŠØ§Ø¶,7.928321899901374e-05,7,5,7.928321899901374e-05,0.0
Ø§Ø®Ù,7.926154230153206e-05,4,3,7.926154230153206e-05,0.0
Ù‡Ø´Ø§Ù…,7.798378614150213e-05,5,4,7.798378614150213e-05,0.0
ÙˆØ§ÙŠØµØ§Ù„,7.783871598548051e-05,7,6,7.783871598548051e-05,0.0
Ù…ØªØ³Ø§ÙˆÙŠÙ‡,7.754948068667577e-05,16,9,7.754948068667577e-05,0.0
Ø¹Ø§Ø¯Øª,7.731645698529065e-05,8,7,7.731645698529065e-05,0.0
Ø¨ÙƒØ¨Ø§Ø±,7.722936118538815e-05,20,13,7.722936118538815e-05,0.0
ØªØ³ØªÙƒÙ…Ù„,7.718693572183654e-05,3,3,7.718693572183654e-05,0.0
ØªÙ†Ø¸Ù…Ù‡Ø§,7.584023991590963e-05,4,4,7.584023991590963e-05,0.0
Ù„Ø§Ù…Ø¯Ø§Ø¯Ù‡Ø§,7.563043091788206e-05,5,4,7.563043091788206e-05,0.0
ÙˆÙ…ØªÙØ§Ø¦Ù„ÙˆÙ†,7.560830007284638e-05,3,3,7.560830007284638e-05,0.0
ÙˆØ§Ù„Ø§ÙŠØ«ÙŠÙ„ÙŠÙ†,7.55849132425582e-05,3,3,7.55849132425582e-05,0.0
Ø§Ø³Ø¨ÙˆØ¹Ø§Ø§Ù†Ø¹Ø§Ù…,7.510131616564733e-05,14,10,7.510131616564733e-05,0.0
Ø§Ø¹Ø¯Ø§Ø¯Ù‡Ø§,7.40930263846036e-05,17,7,7.40930263846036e-05,0.0
ÙˆØªØµØ¯Ø±Øª,7.402972927559824e-05,43,14,7.402972927559824e-05,0.0
Ø§Ù„Ø­Ù‚ÙŠÙ‚Ù‡,7.306259750941028e-05,5,4,7.306259750941028e-05,0.0
Ø§Ù„Ø³ÙŠØ§Ø±ÙŠØ¹Ø¶Ùˆ,7.304383625347398e-05,17,8,7.304383625347398e-05,0.0
ÙÙˆØ¶Øª,7.293342378363613e-05,3,3,7.293342378363613e-05,0.0
ÙˆÙŠØªÙ…ØªØ¹,7.291488427280193e-05,15,13,7.291488427280193e-05,0.0
Ø¨Ø§Ù„Ø§Ø³Ù‡Ù…Ø§Ù„Ø®Ø²Ù,7.254315241570877e-05,3,3,7.254315241570877e-05,0.0
Ù„Ù„Ø¬Ù†Ù‡,7.245585114262645e-05,34,23,7.245585114262645e-05,0.0
ØµØ­ÙÙŠØ§,7.207647192220057e-05,33,17,7.207647192220057e-05,0.0
Ø¹Ù…ÙˆÙ…,7.161766254707297e-05,3,3,7.161766254707297e-05,0.0
Ø§Ø³Ø¨ÙˆØ¹Ø§Ø§Ù„Ø´Ø±ÙƒÙ‡Ø§Ù„Ø³Ø¹Ø±,7.098581651191801e-05,580,321,7.098581651191801e-05,0.0
Ø¨Ø§Ù†ØªØ´Ø§Ø±,7.048373156033641e-05,3,3,7.048373156033641e-05,0.0
ØªØ´Ø¹Ø±,7.028619799185266e-05,4,4,7.028619799185266e-05,0.0
Ø§Ø´ÙƒØ§Ù„ÙŠÙ‡,6.999967341539757e-05,13,4,6.999967341539757e-05,0.0
Ø§Ù„Ø³Ø¹ÙˆØ¯ÙŠØ§Ø¸Ù‡Ø±,6.948170476567795e-05,370,181,6.948170476567795e-05,0.0
Ø§Ù„Ø§Ø¹Ù„ÙŠ,6.913993563153432e-05,1254,371,6.913993563153432e-05,0.0
Ù…Ù†ÙØ°,6.913625421528493e-05,3,3,6.913625421528493e-05,0.0
Ø§Ø³ØªØ¶Ø§ÙØªÙ‡Ø§,6.910811176443988e-05,3,3,6.910811176443988e-05,0.0
Ù…Ù‡Ù†ÙŠØ§,6.902249301217913e-05,3,3,6.902249301217913e-05,0.0
ØªØ¨Ø±Ù…Ø§Ù†,6.884274572460667e-05,4,4,6.884274572460667e-05,0.0
Ù„ØªØ³Ù‡ÙŠÙ„Ø§Øª,6.870365014653701e-05,4,3,6.870365014653701e-05,0.0
Ù†Ù‚Ø§Ø´ÙŠÙ‡,6.869363274394275e-05,5,5,6.869363274394275e-05,0.0
Ù…Ø´Ø±ÙˆØ¹ÙŠ,6.869258199818964e-05,4,4,6.869258199818964e-05,0.0
Ø§Ø³Ø¨ÙˆØ¹Ø§Ø¨Ù†Ùƒ,6.822615606343712e-05,37,19,6.822615606343712e-05,0.0
Ù„Ø¶ØºÙˆØ·,6.80624440650548e-05,5,4,6.80624440650548e-05,0.0
Ø¨Ø§Ù„Ø§Ø³Ù‡Ù…Ù…ØµØ±Ù,6.797683955196299e-05,9,6,6.797683955196299e-05,0.0
ÙˆØ§Ù…Ø¯Ø§Ø¯Ø§Øª,6.760852662737302e-05,7,4,6.760852662737302e-05,0.0
ÙˆÙ„Ø¯ÙŠÙ†Ø§,6.750115149323307e-05,4,4,6.750115149323307e-05,0.0
ØªØ§Ø±ÙŠØ®ÙŠØ§,6.739595756645666e-05,64,30,6.739595756645666e-05,0.0
ØªÙ†ÙˆØ¹Øª,6.723849418952114e-05,4,4,6.723849418952114e-05,0.0
Ù…Ø³Ø¤ÙˆÙ„Ø§Ù†,6.669030409904388e-05,4,3,6.669030409904388e-05,0.0
Ø­Ù„ÙˆÙ„Ø§,6.655497094620106e-05,21,14,6.655497094620106e-05,0.0
Ø§Ù„Ø¨ÙˆÙƒØ³Ø§ÙŠØª,6.627623923939621e-05,10,6,6.627623923939621e-05,0.0
Ø³Ù‡Ù…ÙŠ,6.573968765423235e-05,53,30,6.573968765423235e-05,0.0
Ø¯Ø§ÙŠÙ„,6.521753475866073e-05,4,3,6.521753475866073e-05,0.0
ØªØªØµØ¯Ø±,6.518620048248437e-05,22,5,6.518620048248437e-05,0.0
Ø´Ø±Ø§Ø¤Ù‡Ø§,6.505327786116294e-05,6,4,6.505327786116294e-05,0.0
Ù…Ø³ØªÙˆØ§Ù‡,6.485406778253546e-05,5,3,6.485406778253546e-05,0.0
Ø§Ù„Ù‚Ø±ÙŠØ¹Ø¨Ø¯,6.461569394187623e-05,9,6,6.461569394187623e-05,0.0
ÙˆØ§Ù…Ø¯Ø§Ø¯,6.449096260144826e-05,3,3,6.449096260144826e-05,0.0
Ø§Ø³Ø¨ÙˆØ¹Ø§ØµØ¯Ø±,6.44821242595837e-05,5,3,6.44821242595837e-05,0.0
ÙˆØ§Ù„Ø´Ø±Ø§ÙƒÙ‡,6.446938707408684e-05,5,4,6.446938707408684e-05,0.0
Ø§Ù„Ø³Ù†ØªÙŠÙ†,6.440486357844767e-05,6,5,6.440486357844767e-05,0.0
ÙˆØ§Ù„Ø³ÙŠØ§Ø±Ø§Øª,6.43734246381676e-05,5,5,6.43734246381676e-05,0.0
Ø§Ù„ØµÙÙˆÙ‡,6.427476148179623e-05,10,4,6.427476148179623e-05,0.0
ÙˆØ­Ù„ÙˆÙ„Ù‡Ø§,6.388366794200228e-05,4,4,6.388366794200228e-05,0.0
Ø§Ù„Ø§Ù…ØªØµØ§Øµ,6.3760542944379e-05,3,3,6.3760542944379e-05,0.0
Ù…Ø¤ØªÙ…Ø±Ø§,6.292064454627086e-05,41,23,6.292064454627086e-05,0.0
Ø§Ù„ØªØ±Ø¯Ø¯Ø§Øª,6.280580458993e-05,20,10,6.280580458993e-05,0.0
ØºØ§Ø²ÙƒÙˆ,6.248757781388886e-05,8,3,6.248757781388886e-05,0.0
Ø§Ù„ØªØ§Ø±ÙŠØ®Ø±Ø§Ø³,6.243893829105182e-05,3,3,6.243893829105182e-05,0.0
Ø§Ø³ÙŠØªØ§Øª,6.212268805724402e-05,10,5,6.212268805724402e-05,0.0
Ø§Ù„Ø³Ø§Ø¨Ù‚ÙˆØ±Ø¯,6.206869136519163e-05,4,4,6.206869136519163e-05,0.0
Ø§Ø³Ø¨ÙˆØ¹Ø§Ø§Ù„Ø§Ù‡Ù„ÙŠ,6.202595343766746e-05,17,10,6.202595343766746e-05,0.0
Ø¨Ø§Ù„Ù…Ø³ØªØ®Ø¯Ù…ÙŠÙ†,6.18729702617887e-05,6,3,6.18729702617887e-05,0.0
ÙŠØªØ¶Ø­,6.180860246678265e-05,614,316,6.180860246678265e-05,0.0
Ù‚Ø§Ù†ÙˆÙ†ÙŠØ§,6.139537566013809e-05,4,4,6.139537566013809e-05,0.0
Ø§ØªØ§Ø­ØªÙ‡Ø§,6.138416633591936e-05,12,4,6.138416633591936e-05,0.0
Ø¨ØªØ¯Ø§ÙˆÙ„Ø§Øª,6.0691029320778944e-05,20,15,6.0691029320778944e-05,0.0
Ø¨ØªØµÙ†ÙŠÙ,6.064691302592207e-05,4,4,6.064691302592207e-05,0.0
Ø§Ù„Ù…Ø´ÙƒÙ„Ù‡,6.041493813523356e-05,11,5,6.041493813523356e-05,0.0
Ø®Ù„ÙØ§,6.040733102096659e-05,13,10,6.040733102096659e-05,0.0
Ø§Ù„Ø§Ø¹Ù„Ø§Ù†ØªÙ…Ø§Ø´ÙŠØ§,6.012029136238051e-05,9,9,6.012029136238051e-05,0.0
ÙˆØ§Ù„Ø§Ù…Ø§ÙƒÙ†,6.00220055235828e-05,5,3,6.00220055235828e-05,0.0
Ù†ÙˆØ±ÙŠØ§ÙƒÙŠ,5.9623480119682714e-05,12,7,5.9623480119682714e-05,0.0
Ø§Ù„Ø§Ø´ÙƒØ§Ù„,5.9503076148624965e-05,8,3,5.9503076148624965e-05,0.0
Ø§Ù†Ù‡ÙŠØ§Ø±,5.937548821704917e-05,3,3,5.937548821704917e-05,0.0
Ø¨ÙŠÙˆØªÙŠÙ„,5.914566087028868e-05,3,3,5.914566087028868e-05,0.0
Ø§Ø³Ø¨ÙˆØ¹Ø§,5.908655961660513e-05,1365,385,5.908655961660513e-05,0.0
Ø³Ù„ÙÙ‡,5.905438107560789e-05,5,4,5.905438107560789e-05,0.0
Ø¹ÙƒØ§Ø¸,5.892369713640353e-05,17,10,5.892369713640353e-05,0.0
Ø§Ù„ØµØ­ÙŠ,5.863830691758195e-05,78,32,5.863830691758195e-05,0.0
Ø­Ø²Ù…,5.851262709192682e-05,13,9,5.851262709192682e-05,0.0
Ø³ØªØ³Ø¯Ø¯,5.8360488957903216e-05,3,3,5.8360488957903216e-05,0.0
Ø§Ù„ÙÙŠØµÙ„ÙŠÙ‡,5.8261857000313796e-05,14,4,5.8261857000313796e-05,0.0
Ø¨ØªÙˆØ¬ÙŠÙ‡,5.8133091645597646e-05,7,5,5.8133091645597646e-05,0.0
ÙˆØ§Ù„Ø¨Ø´Ø±ÙŠÙ‡,5.728806741207899e-05,4,4,5.728806741207899e-05,0.0
ØªÙƒÙ…Ù†,5.7192476997269907e-05,6,6,5.7192476997269907e-05,0.0
Ø¨Ø­Ù„,5.7168977279673005e-05,10,3,5.7168977279673005e-05,0.0
ÙˆÙ…Ø³ØªØ«Ù…Ø±Ø§,5.71134134387819e-05,9,9,5.71134134387819e-05,0.0
Ù…Ø­Ù„Ù„Ø§,5.71134134387819e-05,9,9,5.71134134387819e-05,0.0
ØªÙ‚Ø¯ÙŠØ±Ø§,5.703320893259569e-05,5,4,5.703320893259569e-05,0.0
Ø§Ø¹Ù„ÙŠ,5.690178292536723e-05,2879,580,5.690178292536723e-05,0.0
ÙˆÙ…Ù†ØªØ¬Ø§ØªÙ‡,5.689836796209577e-05,3,3,5.689836796209577e-05,0.0
ÙˆÙ…Ø­Ù„ÙŠÙ‡,5.673140745044009e-05,3,3,5.673140745044009e-05,0.0
Ø§ØºÙ„Ø§Ù‚Ø§Øª,5.663557996997565e-05,7,7,5.663557996997565e-05,0.0
Ø§Ù„Ù…Ø³Ø§Ù„Ù‡,5.646542915371487e-05,10,4,5.646542915371487e-05,0.0
ÙˆÙ„ÙŠØ³,5.629043016407896e-05,709,395,5.629043016407896e-05,0.0
Ø§Ù„Ù…Ø°ÙƒÙˆØ±,5.601324847488058e-05,694,389,5.601324847488058e-05,0.0
Ù…ØªØ·Ù„Ø¨Ø§ØªÙ‡Ø§,5.588036795931182e-05,6,3,5.588036795931182e-05,0.0
Ø­Ù„Ù‚Ù‡,5.587515452428341e-05,5,5,5.587515452428341e-05,0.0
Ù„Ù„Ø³ÙØ±,5.5745250619543336e-05,13,3,5.5745250619543336e-05,0.0
Ø­Ø¶ÙˆØ±Ø§,5.548387013555058e-05,3,3,5.548387013555058e-05,0.0
Ø§Ù„ÙƒØ§Ù„Ø³ÙŠÙˆÙ…,5.547418191315887e-05,5,3,5.547418191315887e-05,0.0
Ø¨Ø§Ø³Ù…Ø­,5.53949679506406e-05,5,4,5.53949679506406e-05,0.0
Ø§Ù„Ù…ØªØ®ØµØµ,5.5391469411505704e-05,4,4,5.5391469411505704e-05,0.0
Ø§Ù„Ù…Ø¹Ø§Ù„Ù…,5.527277734922295e-05,7,6,5.527277734922295e-05,0.0
Ø§Ù„Ø§ÙƒØ±ÙŠÙ„ÙŠÙƒ,5.512554409126349e-05,5,3,5.512554409126349e-05,0.0
ÙˆØªØ§Ø³Ø³Øª,5.5034848995455076e-05,24,22,5.5034848995455076e-05,0.0
ÙˆØ§Ù„Ù†Ø¸Ø±Ù‡,5.501368796498535e-05,11,10,5.501368796498535e-05,0.0
Ø§Ù„Ø¬Ø¯ÙŠØ¯Ø§Ù„ØªØºÙŠØ±,5.4627062600242776e-05,22,20,5.4627062600242776e-05,0.0
Ø§Ù„Ù‚Ø¯ÙŠÙ…Ø±Ø§Ø³,5.4627062600242776e-05,22,20,5.4627062600242776e-05,0.0
Ø°ÙƒØ±ØªÙ‡,5.46213306423489e-05,3,3,5.46213306423489e-05,0.0
Ø§Ù„ØªØ§Ø±ÙŠØ®Ø·Ø±ÙŠÙ‚Ù‡,5.4484634533325225e-05,16,14,5.4484634533325225e-05,0.0
ØªØ³Ø®ÙŠØ±,5.443203457768366e-05,3,3,5.443203457768366e-05,0.0
Ø³ØªØ¹ÙŠØ¯,5.435990230343704e-05,3,3,5.435990230343704e-05,0.0
Ø¬Ø¯ÙˆØ§Ù‡Ø§,5.428637879309239e-05,6,5,5.428637879309239e-05,0.0
Ù…Ø­ØªÙˆÙŠ,5.426238013741516e-05,5,5,5.426238013741516e-05,0.0
Ø§Ù„Ø®Ø·Ø§,5.4261566458111735e-05,4,4,5.4261566458111735e-05,0.0
ØªØ¹Ù‚Ø¯,5.423356693610813e-05,42,29,5.423356693610813e-05,0.0
ÙˆØ§Ù„Ø¬Ù‡ÙˆØ¯,5.4231716835180254e-05,8,8,5.4231716835180254e-05,0.0
ØªØ±Ø§ÙØªØ§Ù„ÙŠØª,5.421875255882357e-05,10,5,5.421875255882357e-05,0.0
ÙˆØ§Ù†Ø¬Ø§Ø²Ø§Øª,5.4145563730547334e-05,6,6,5.4145563730547334e-05,0.0
Ø§Ù„ØªØ¹Ø¯ÙŠÙ†ÙŠ,5.376821429273134e-05,20,12,5.376821429273134e-05,0.0
Ø§Ù„Ø«Ù†ÙŠØ§Ù†,5.3749690929143316e-05,3,3,5.3749690929143316e-05,0.0
Ø¨Ø¯ÙŠÙ„Ù‡,5.3391403276461945e-05,6,6,5.3391403276461945e-05,0.0
Ø¨ÙˆØªÙŠØ±ÙˆÙ„Ø§ÙƒØªÙˆÙ†,5.333997245479297e-05,3,3,5.333997245479297e-05,0.0
Ø§Ù†Ø´Ø§Ø¦Ù‡Ø§,5.320207188692276e-05,6,6,5.320207188692276e-05,0.0
Ù…Ø­Ù„ÙŠÙŠÙ†,5.29433594766764e-05,8,7,5.29433594766764e-05,0.0
ÙˆØ§Ù„Ù…Ø³ØªÙÙŠØ¯ÙŠÙ†,5.292916462654047e-05,3,3,5.292916462654047e-05,0.0
ÙˆÙ„ØªØ¹Ø²ÙŠØ²,5.263972566580503e-05,3,3,5.263972566580503e-05,0.0
ØªØ³ÙŠØ·Ø±,5.229195752280067e-05,4,4,5.229195752280067e-05,0.0
Ø§Ø¨Ø±ÙŠÙ„Ø§ØºÙ„Ø§Ù‚,5.226300987941796e-05,24,5,5.226300987941796e-05,0.0
Ø§Ù„Ù†Ø§Ø¯Ø±,5.2173405535616085e-05,4,3,5.2173405535616085e-05,0.0
ÙØ±Ø¬,5.2173405535616085e-05,4,3,5.2173405535616085e-05,0.0
Ø¨Ø¯,5.205869694231713e-05,3,3,5.205869694231713e-05,0.0
Ø§Ù‡ØªÙ…Ø§Ù…Ù‡Ù…,5.204868375791401e-05,7,4,5.204868375791401e-05,0.0
ÙˆØ§Ù„Ø¹Ù…Ø±Ù‡,5.2031062010552635e-05,3,3,5.2031062010552635e-05,0.0
Ø§Ù„ØµØ®Ø±ÙŠ,5.19234561016308e-05,6,3,5.19234561016308e-05,0.0
Ù„ØªÙƒØ±ÙŠØ±,5.191814041447662e-05,5,3,5.191814041447662e-05,0.0
Ù„ÙŠÙ†Ø¯ÙŠ,5.1854697197257516e-05,18,7,5.1854697197257516e-05,0.0
Ø§Ù„Ø§Ø¬Ø§Ø¨Ù‡,5.183743130206652e-05,8,8,5.183743130206652e-05,0.0
Ø§Ù„Ø­Ù…Ø±Ø§Ø¡,5.177619742428458e-05,4,3,5.177619742428458e-05,0.0
Ø§Ù„Ù…Ø¹Ù…Ø±Ø§Ø¨Ø±Ø§Ù‡ÙŠÙ…,5.157485547851485e-05,5,3,5.157485547851485e-05,0.0
Ø¹Ø¨ÙˆÙ‡,5.1462782411736524e-05,9,4,5.1462782411736524e-05,0.0
Ø¨ØªØ§Ø¬ÙŠÙ„,5.144691309531593e-05,18,6,5.144691309531593e-05,0.0
Ø§Ù„Ø²ÙŠØ§Ø¯Ù‡Ø±Ø§Ø³,5.1353724189279766e-05,16,14,5.1353724189279766e-05,0.0
Ù…ØµÙ‡Ø±,5.113592803468376e-05,5,3,5.113592803468376e-05,0.0
Ø§Ù„Ø§Ø¯Ø±Ø§Ø¬,5.1085377723205385e-05,513,254,5.1085377723205385e-05,0.0
ÙˆØ§Ù„Ù…Ù„Ø²Ù…Ù‡,5.093556131498064e-05,5,3,5.093556131498064e-05,0.0
ÙØµØ§Ø¹Ø¯Ø§,5.079140062724066e-05,4,3,5.079140062724066e-05,0.0
Ø§Ø¯Ù†Ø§Ù‡,5.059318915045584e-05,763,358,5.059318915045584e-05,0.0
ÙƒÙ…ÙˆØ±Ø¯,5.051821297155033e-05,5,3,5.051821297155033e-05,0.0
Ø¨Ù…Ø±Ø§ÙÙ‚,5.0437814924032937e-05,4,3,5.0437814924032937e-05,0.0
Ù…Ù‡Ù†Ø¯,5.0340318012812504e-05,5,5,5.0340318012812504e-05,0.0
Ø§Ù„Ø§Ø³Ø§Ø¨ÙŠØ¹,5.0315934199354574e-05,16,9,5.0315934199354574e-05,0.0
Ø¨Ø§Ø¬Ø±Ø§Ø¡,5.007693549309727e-05,38,26,5.007693549309727e-05,0.0
ÙˆØ§Ù„Ø§ÙˆÙ„,5.001184339150428e-05,5,4,5.001184339150428e-05,0.0
Ø¬Ù†Ø§Ø­Ù‡Ø§,4.9931841951567276e-05,5,4,4.9931841951567276e-05,0.0
Ù„ØªØµÙ†ÙŠÙØ§Øª,4.984497293816992e-05,9,4,4.984497293816992e-05,0.0
Ø·Ù„Ø¨Øª,4.9808387723469434e-05,5,4,4.9808387723469434e-05,0.0
Ø§Ù„Ø´Ø«Ø±ÙŠ,4.973118132965126e-05,9,3,4.973118132965126e-05,0.0
Ù…Ù†ØªØ¬ÙŠÙ†,4.9619640761367e-05,5,5,4.9619640761367e-05,0.0
Ø§Ø­ØªØ±Ø§Ø²ÙŠ,4.892590382995358e-05,3,3,4.892590382995358e-05,0.0
ØªØ¨ÙˆÙŠØ¨,4.8756560653313704e-05,5,3,4.8756560653313704e-05,0.0
Ø¨Ù…Ù…Ø§Ø±Ø³Ù‡,4.872376696686851e-05,11,10,4.872376696686851e-05,0.0
Ø¶ØºØ·,4.8693427222815775e-05,8,7,4.8693427222815775e-05,0.0
Ø§Ù„Ù„Ø­ÙˆÙ…,4.8597291284861875e-05,5,3,4.8597291284861875e-05,0.0
Ø¨Ù‡ÙŠÙƒÙ„,4.849093019741905e-05,3,3,4.849093019741905e-05,0.0
ØªØ³Ø¬Ù„,4.843245728744995e-05,247,105,4.843245728744995e-05,0.0
Ø§Ù„Ù…Ø§Ù„ÙƒÙŠ,4.833356628523766e-05,16,11,4.833356628523766e-05,0.0
ÙˆÙ…Ø´ØªÙ‚Ø§ØªÙ‡Ø§,4.82952015557216e-05,14,12,4.82952015557216e-05,0.0
Ù…Ø¶Ø§Ø¹Ù,4.8192777320722846e-05,41,36,4.8192777320722846e-05,0.0
Ø§Ù„Ù‚Ø§Ù‡Ø±Ù‡,4.783427167628896e-05,6,3,4.783427167628896e-05,0.0
ÙˆØ±Ø¤ÙŠØªÙ‡Ù…,4.747464184797891e-05,3,3,4.747464184797891e-05,0.0
Ø§Ù„Ù…Ø§Ù„ÙƒØ§Ù„Ù…Ù†ØµØ¨Ø§Ù„Ù…Ù„ÙƒÙŠÙ‡,4.744710302801582e-05,20,16,4.744710302801582e-05,0.0
Ø§Ù„Ø³Ø¹ÙˆØ¯ÙŠØ§Ø³Ù…,4.744710302801582e-05,20,16,4.744710302801582e-05,0.0
Ø§Ù„Ø¨ÙˆØ¹ÙŠÙ†ÙŠÙ†,4.724467054987003e-05,15,6,4.724467054987003e-05,0.0
Ø§Ø³Ø¨ÙˆØ¹Ø§Ø³ÙŠØ³ÙƒÙˆ,4.711782833222338e-05,7,3,4.711782833222338e-05,0.0
Ø§Ø·Ø§Ø±ÙŠÙ‡,4.6975814161442837e-05,7,4,4.6975814161442837e-05,0.0
Ù„Ø­ÙˆØ§Ù„ÙŠ,4.6648304057921214e-05,9,8,4.6648304057921214e-05,0.0
ÙˆØ§Ù„Ø¬Ø¯Ø§ÙˆÙ„,4.664224211612793e-05,3,3,4.664224211612793e-05,0.0
Ø¨ØªÙ…Ø¯ÙŠØ¯,4.6464915233711404e-05,13,11,4.6464915233711404e-05,0.0
Ù„ØªØ³Ù„ÙŠØ·,4.624420226354942e-05,3,3,4.624420226354942e-05,0.0
Ø§Ù„Ø¬Ø¯ÙˆÙ„Ù‡,4.621579192441362e-05,11,5,4.621579192441362e-05,0.0
ØªØ¯Ø§ÙˆÙ„Ù‡Ø§,4.609224294941294e-05,7,5,4.609224294941294e-05,0.0
ÙˆÙ…ÙƒØ§Ù†Ù‡,4.5975100540430025e-05,3,3,4.5975100540430025e-05,0.0
ÙˆØ¨Ø§Ø±ØªÙØ§Ø¹,4.5734359402644174e-05,30,27,4.5734359402644174e-05,0.0
Ø§Ù„Ø®ÙŠÙ„Ø±Ø¦ÙŠØ³,4.571605081604601e-05,8,7,4.571605081604601e-05,0.0
Ø§Ù„Ø³Ø¹ÙˆØ¯ÙŠÙŠÙˆØ³Ù,4.571605081604601e-05,8,7,4.571605081604601e-05,0.0
Ø§Ù„ØªÙ„Ù‚Ø§Ø¦ÙŠ,4.564353738609772e-05,5,3,4.564353738609772e-05,0.0
Ø¨ØªÙˆØ¶ÙŠØ­,4.555109968882854e-05,6,5,4.555109968882854e-05,0.0
ØªØ­Ù‚Ù‚Ù‡,4.551417655536328e-05,5,4,4.551417655536328e-05,0.0
Ù„Ù„Ø­Ù„ÙˆÙ„,4.522753100114298e-05,10,10,4.522753100114298e-05,0.0
ÙˆØ§Ù„Ø±Ù‚Ù…ÙŠ,4.5091676763404586e-05,13,8,4.5091676763404586e-05,0.0
Ø³ÙŠØªØ§Ø­,4.504876699800169e-05,12,12,4.504876699800169e-05,0.0
Ø®Ù„ÙŠÙ,4.5037219789959096e-05,3,3,4.5037219789959096e-05,0.0
Ø§Ù†ÙˆÙƒÙŠÙ…,4.503494151124087e-05,11,3,4.503494151124087e-05,0.0
Ù…Ø¯Ø¹ÙˆÙ…,4.4990670295391486e-05,13,6,4.4990670295391486e-05,0.0
Ø¨Ø¨Ù†ÙˆØ¯,4.496704537822174e-05,15,13,4.496704537822174e-05,0.0
Ø§Ù„Ù…Ù†Ø¸Ù…ÙŠÙ†,4.4964153472224226e-05,5,3,4.4964153472224226e-05,0.0
Ø§Ù„Ø³Ø­Ø¨,4.4870185258599974e-05,5,3,4.4870185258599974e-05,0.0
Ø§Ø³ØªØ´Ø§Ø±ÙŠ,4.483566523558366e-05,4,3,4.483566523558366e-05,0.0
ÙˆØ§Ù„Ù…Ø¯Ø±Ø¬,4.480236096889098e-05,5,5,4.480236096889098e-05,0.0
Ø§Ø³Ø¨ÙˆØ¹Ø§ÙˆÙØ±Ù‡,4.4801202196559334e-05,4,4,4.4801202196559334e-05,0.0
Ù„Ù„Ù…Ø³ØªÙ‡Ù„Ùƒ,4.478644981192712e-05,22,17,4.478644981192712e-05,0.0
Ø§Ù„Ø¶Ù…Ø§Ù†Ø§Øª,4.461773368754526e-05,17,14,4.461773368754526e-05,0.0
Ø§Ù„ÙƒØ«Ø§ÙÙ‡,4.459710787973727e-05,19,12,4.459710787973727e-05,0.0
ÙˆØªØ¹Ø¯Ù„,4.458842307852377e-05,10,5,4.458842307852377e-05,0.0
ÙˆÙ…Ø­Ø§ÙØ¸Ù‡,4.4558574096554884e-05,7,3,4.4558574096554884e-05,0.0
ØªØ§ÙƒØ§Ø´ÙŠ,4.455010605173172e-05,13,7,4.455010605173172e-05,0.0
Ø¨ÙŠÙˆÙ…,4.4460591701459007e-05,3,3,4.4460591701459007e-05,0.0
Ø±ÛŒØ§Ù„,4.444032173344835e-05,13,6,4.444032173344835e-05,0.0
Ø§Ù„Ø¨Ø±ÙˆØ¨Ù„ÙŠÙ†,4.442160390904979e-05,10,9,4.442160390904979e-05,0.0
ÙˆØ§Ù„Ø¨Ù†ÙŠ,4.4410362975722514e-05,3,3,4.4410362975722514e-05,0.0
ÙˆØ§Ù„Ø³ØªÙ‡,4.425480850106757e-05,4,3,4.425480850106757e-05,0.0
ØªØºÙŠØ±Ø§Øª,4.4245266868005356e-05,133,48,4.4245266868005356e-05,0.0
Ø§Ù„Ø§Ø¹ØªØ±Ø§Ø¶,4.414785209812112e-05,12,9,4.414785209812112e-05,0.0
ÙˆÙŠØ±ÙØ¹,4.4019819976446964e-05,5,5,4.4019819976446964e-05,0.0
Ù…Ù†ØªØ¬ÙŠ,4.3985299743541755e-05,39,21,4.3985299743541755e-05,0.0
Ø¨Ø³ÙŠØ±Ù‡,4.397743720386008e-05,4,3,4.397743720386008e-05,0.0
Ú¾Ø°Ø§,4.392887712095547e-05,8,3,4.392887712095547e-05,0.0
Ø¶Ø¨Ø§Ø¡,4.384140812692672e-05,7,4,4.384140812692672e-05,0.0
Ù…Ø¯ÙÙˆØ¹,4.3823242499515636e-05,6,5,4.3823242499515636e-05,0.0
Ø§ÙˆØ¬Ù‡,4.3613914465285326e-05,18,18,4.3613914465285326e-05,0.0
ÙŠØ¯Ø®Ù„,4.360010869039476e-05,5,5,4.360010869039476e-05,0.0
Ø¯Ù„ØªØ§,4.355638128162867e-05,3,3,4.355638128162867e-05,0.0
Ù…Ù„ÛŒÙˆÙ†,4.353511186874907e-05,5,3,4.353511186874907e-05,0.0
Ø§Ù„Ø§Ø¯Ø§Ø¡,4.33468305990958e-05,918,466,4.33468305990958e-05,0.0
ÙØ§Ø±Ø³,4.3236823557888244e-05,4,3,4.3236823557888244e-05,0.0
Ø¯ÙˆØ§Ù…,4.323168418866478e-05,6,4,4.323168418866478e-05,0.0
Ø§Ù„ØªÙŠØ§Ø±,4.3204422060255975e-05,18,14,4.3204422060255975e-05,0.0
Ù„Ù…Ø±Ø§Ø¬Ø¹Ù‡,4.317962977796997e-05,6,6,4.317962977796997e-05,0.0
Ø¹Ø±Ø¨Ù‡,4.317155531507375e-05,5,3,4.317155531507375e-05,0.0
Ø¯ÙˆØ§Ø±Ù‡,4.3143685432864116e-05,9,5,4.3143685432864116e-05,0.0
Ø§Ù„ØªØ§Ø®Ø±,4.313065639029088e-05,5,5,4.313065639029088e-05,0.0
ØªØ­Ø§Ù„ÙØ§Øª,4.3074211158163276e-05,4,3,4.3074211158163276e-05,0.0
ÙˆØ§Ù„Ø±Ø¹Ø§ÙŠØ§Øª,4.3013405561772394e-05,10,6,4.3013405561772394e-05,0.0
Ø¨Ù…ÙƒØ§Ù†Ù‡,4.289463280293422e-05,9,7,4.289463280293422e-05,0.0
Ø¨Ø³Ø§Ø¹Ù‡,4.28916578703584e-05,3,3,4.28916578703584e-05,0.0
ÙŠØ¹Ø¯,4.288599240461424e-05,893,471,4.288599240461424e-05,0.0
ÙˆØ§Ù„Ø§ØªØ­Ø§Ø¯,4.275292862229389e-05,14,9,4.275292862229389e-05,0.0
Ù„Ø§ØªØ­Ø§Ø¯,4.252139147585292e-05,4,3,4.252139147585292e-05,0.0
ØªØ§Ø¨Ø¹Ø§,4.2515259795921425e-05,3,3,4.2515259795921425e-05,0.0
Ø§Ù„Ù…Ø³ØªØ§Ø¬Ø±,4.2295622606162976e-05,10,4,4.2295622606162976e-05,0.0
Ø§Ù„ØªØ²Ø§Ù…Ø§,4.229367458505435e-05,12,12,4.229367458505435e-05,0.0
Ù„Ø¬Ù„Ø³Ù‡,4.2220913505923255e-05,24,18,4.2220913505923255e-05,0.0
Ø¨Ø¯Ø±Ø¬Ø§Øª,4.220797570708394e-05,5,3,4.220797570708394e-05,0.0
Ø³ÙŠØªØ­Ø³Ù†,4.2147240010983176e-05,4,3,4.2147240010983176e-05,0.0
ÙˆØ³ØªÙ…ÙƒÙ†,4.206459686788607e-05,4,4,4.206459686788607e-05,0.0
ØªØ±Ø¯Ø¯Ø§Øª,4.20416782523039e-05,20,13,4.20416782523039e-05,0.0
ÙˆØ§Ù…ØªÙ„Ø§Ùƒ,4.187977305390002e-05,3,3,4.187977305390002e-05,0.0
ÙˆØ¬Ø§Ø°Ø¨Ù‡,4.187742806330764e-05,4,3,4.187742806330764e-05,0.0
ÙˆØªØªÙˆØ§ÙƒØ¨,4.187742806330764e-05,4,3,4.187742806330764e-05,0.0
Ø§Ù„Ù…Ø³ØªØ±Ø¯Ù‡,4.185265002848855e-05,7,7,4.185265002848855e-05,0.0
ÙˆØ§Ù„Ø³Ù†ÙˆØ§Øª,4.1765356310926975e-05,3,3,4.1765356310926975e-05,0.0
Ø§Ù„Ù…Ù„Ø§Ùƒ,4.176285569202937e-05,93,23,4.176285569202937e-05,0.0
Ù‚Ø¶ÙŠ,4.170962874447729e-05,3,3,4.170962874447729e-05,0.0
ÙƒØ§Ù†Ø§,4.148881508630089e-05,3,3,4.148881508630089e-05,0.0
ÙŠØ³Ø¬Ù„,4.148477830163596e-05,67,57,4.148477830163596e-05,0.0
Ø§Ù„Ù…Ù„Ø§ÙƒØ§Ù„Ù…Ø§Ù„ÙƒØ§Ù„Ù†Ø³Ø¨Ù‡Ø§Ù„Ù…Ø¤Ø³Ø³Ù‡,4.1474997878972585e-05,9,9,4.1474997878972585e-05,0.0
Ø§ÙØ±Ø§Ø¯Ø§,4.1474997878972585e-05,9,9,4.1474997878972585e-05,0.0
Ø§Ù„Ù…Ø¯Ø±Ø¬,4.145882759470245e-05,26,20,4.145882759470245e-05,0.0
ÙˆØªØ¹Ø¨Ø¦Ù‡,4.144175624838374e-05,4,4,4.144175624838374e-05,0.0
Ø§Ù„Ù…Ø§Ø¡,4.1401906753802223e-05,6,4,4.1401906753802223e-05,0.0
Ø§Ø­ØªÙŠØ§Ø¬,4.133054704799671e-05,6,6,4.133054704799671e-05,0.0
Ø§Ù„Ø´Ù…ÙŠØ³ÙŠ,4.124092769361946e-05,10,10,4.124092769361946e-05,0.0
Ø§Ù„Ø¯ÙŠØ±Ù‡,4.124092769361946e-05,10,10,4.124092769361946e-05,0.0
Ø¬ÙŠØªÙƒØ³,4.123006787508247e-05,7,6,4.123006787508247e-05,0.0
Ù†Ù‚ØµØ§,4.1188343172033975e-05,11,4,4.1188343172033975e-05,0.0
Ø§Ù„Ù…Ø­Ø³Ù†,4.118328672643057e-05,14,10,4.118328672643057e-05,0.0
ÙˆØ­Ø±Øµ,4.1160117039122404e-05,4,3,4.1160117039122404e-05,0.0
ÙÙˆØ¬ÙŠØ§Ù†,4.115686408414747e-05,6,3,4.115686408414747e-05,0.0
Ø§Ù„Ø·Ø§Ø²Ø¬Ù‡,4.104975917807419e-05,25,17,4.104975917807419e-05,0.0
Ø¬Ø¯ÙˆÙ„ØªÙ‡,4.1038842454539e-05,10,5,4.1038842454539e-05,0.0
Ø§Ø´ØªØ±Ø§Ø·Ø§Øª,4.1019902776354684e-05,8,5,4.1019902776354684e-05,0.0
Ø³ÙŠØªØ·Ù„Ø¨,4.099246032358062e-05,4,4,4.099246032358062e-05,0.0
Ø§Ù„ÙØ§ÙŠØ¨Ø±,4.095414514636413e-05,5,3,4.095414514636413e-05,0.0
ÙˆØ§Ù„Ù†Ø­Ø§Ø³,4.0918734807483046e-05,7,7,4.0918734807483046e-05,0.0
ØªØ³Ø¬ÙŠÙ„,4.089678718137226e-05,991,474,4.089678718137226e-05,0.0
ÙˆØ­Ø¯ØªÙ‡Ø§,4.080491407891888e-05,7,4,4.080491407891888e-05,0.0
ÙˆÙŠØ¨Ø¯Ø§,4.079873575923157e-05,3,3,4.079873575923157e-05,0.0
Ø³ÙŠÙ…Ù†Ø­,4.06246999115839e-05,4,3,4.06246999115839e-05,0.0
ÙØµÙ„ÙŠ,4.052500790543619e-05,5,5,4.052500790543619e-05,0.0
Ø§Ù„Ø­Ø¶ÙˆØ±ÙƒÙ…Ø§,4.05215529965103e-05,3,3,4.05215529965103e-05,0.0
Ù…Ø¹ÙˆØ¶,4.0436079905075324e-05,8,6,4.0436079905075324e-05,0.0
Ø¨Ø§Ù‚ØµÙŠ,4.0416587797130814e-05,3,3,4.0416587797130814e-05,0.0
Ù…Ø±Øª,4.033078734442266e-05,4,3,4.033078734442266e-05,0.0
Ø§ÙØªØªØ§Ø­Ù‡,4.0255477544931645e-05,7,6,4.0255477544931645e-05,0.0
ÙˆØ§Ø¯Ø§Ø±ØªÙ‡Ø§,4.022203477453087e-05,3,3,4.022203477453087e-05,0.0
Ø§Ù„Ù…Ø§Ø¯ÙŠÙ‡,4.018144647895994e-05,6,4,4.018144647895994e-05,0.0
Ø§Ù„Ù…Ø¹Ù…Ø±Ø¹Ø¶Ùˆ,4.009658492153663e-05,9,4,4.009658492153663e-05,0.0
Ø¹Ø±Ø¨ÙŠÙ‡,4.0050003742360335e-05,27,23,4.0050003742360335e-05,0.0
Ø§Ù†Ù‚Ø·Ø§Ø¹Ù‡Ø§,3.992574420986102e-05,5,5,3.992574420986102e-05,0.0
Ø§Ù„ØªÙˆØ³Ø¹Ø§Øª,3.9923897271338796e-05,11,9,3.9923897271338796e-05,0.0
Ø³ØªØªØ¶Ù…Ù†,3.985415675608645e-05,3,3,3.985415675608645e-05,0.0
ÙˆÙ…ÙƒØ§Ù†ØªÙ‡Ø§,3.981349199304281e-05,5,3,3.981349199304281e-05,0.0
ÙˆØªÙ‚Ø¯Ù…Ù‡Ø§,3.960672274064132e-05,3,3,3.960672274064132e-05,0.0
Ø§Ù„Ù…Ø­Ù„Ø§Ù‡,3.960357694734922e-05,9,4,3.960357694734922e-05,0.0
ÙŠØ·Ù„Ù‚,3.956995930185509e-05,11,11,3.956995930185509e-05,0.0
Ù…Ø¦Ø§Øª,3.9469349155583404e-05,3,3,3.9469349155583404e-05,0.0
ÙŠØ±ØªØ¨Ø·,3.93337837434373e-05,14,6,3.93337837434373e-05,0.0
Ù„Ù„Ø§Ø³Ù‡Ù…,3.929394758898488e-05,691,316,3.929394758898488e-05,0.0
Ø§Ø³Ø¨ÙˆØ¹Ø§Ø§Ù„Ø¯Ø±ÙŠØ³,3.916361932310887e-05,6,3,3.916361932310887e-05,0.0
Ø§Ù„Ø¨ØªØ±ÙˆÙƒÙŠÙ…Ø§ÙˆÙŠØ§ØªØ§Ù„Ø¨ÙˆÙ„ÙŠÙ…Ø±Ø§ØªØ§Ù„Ø±Ø¨Ø¹,3.909078886911099e-05,5,5,3.909078886911099e-05,0.0
ÙˆØ¨Ø§Ù‚Ù‡,3.9005878578705986e-05,4,3,3.9005878578705986e-05,0.0
Ù„Ù„ÙˆØ¸Ø§Ø¦Ù,3.898527367787698e-05,5,3,3.898527367787698e-05,0.0
Ø§Ù„Ù‚Ø¯ÙŠÙ…,3.893165210092516e-05,5,5,3.893165210092516e-05,0.0
Ø¹Ø§Ù„ÙŠØªÙŠÙ†,3.891588994331954e-05,14,7,3.891588994331954e-05,0.0
Ø¨Ø§Ù„Ø·Ù„Ø¨,3.873489184102988e-05,7,5,3.873489184102988e-05,0.0
Ø§Ù„Ø¨Ø±Ù‚,3.869859222044602e-05,7,4,3.869859222044602e-05,0.0
Ø³Ø§Ø³Ø±Ù,3.86610384007287e-05,22,4,3.86610384007287e-05,0.0
Ø§ØªÙ…Ø§Ù…Ù‡,3.8603504759760203e-05,3,3,3.8603504759760203e-05,0.0
Ø§Ù‚ÙˆÙŠ,3.856362723199814e-05,35,21,3.856362723199814e-05,0.0
Ø§Ù„Ø±Ù…ÙŠØ­Ø¹Ø¶Ùˆ,3.8508382159043564e-05,4,3,3.8508382159043564e-05,0.0
ÙˆØ¹Ù„Ø§Ù‚Ø§Øª,3.849228058795158e-05,3,3,3.849228058795158e-05,0.0
ÙˆØ§Ù„ØªØ±ÙÙŠÙ‡ÙŠÙ‡,3.842808146762449e-05,3,3,3.842808146762449e-05,0.0
ÙˆØ±Ø§Ø³,3.84099892565642e-05,17,12,3.84099892565642e-05,0.0
Ø¨ÙŠÙˆØªÙŠÙ„ÙŠÙ†,3.837999022212962e-05,26,12,3.837999022212962e-05,0.0
ØªØ¹ÙŠØ¯,3.834403857317762e-05,3,3,3.834403857317762e-05,0.0
Ø§Ø³Ø¨ÙˆØ¹Ø§Ø§Ù„Ø¬ÙˆÙ,3.832991413201005e-05,21,9,3.832991413201005e-05,0.0
Ø¨Ø§Ù„Ø§Ù†ØªØ§Ø¬,3.8309581923592655e-05,7,6,3.8309581923592655e-05,0.0
Ø±ÙˆØ­,3.827243456370982e-05,8,3,3.827243456370982e-05,0.0
Ø§Ù„Ø¹Ø·Ø±ÙŠØ§Øª,3.818560406783383e-05,5,4,3.818560406783383e-05,0.0
ÙˆÙ…Ù†Ø¸Ù…Ù‡,3.816776987998123e-05,3,3,3.816776987998123e-05,0.0
Finance,3.810151520754781e-05,4,3,3.810151520754781e-05,0.0
Ø³Ù…ÙŠØ­,3.806870225221598e-05,6,4,3.806870225221598e-05,0.0
ÙˆØ§Ø³ØªÙ‚Ø±,3.799899011792332e-05,12,6,3.799899011792332e-05,0.0
Ø§Ù„Ù†Ù‡Ø§ÙŠÙ‡,3.7990181958700434e-05,5,5,3.7990181958700434e-05,0.0
ÙˆÙ…Ø¯Ù‡,3.795129984801383e-05,12,11,3.795129984801383e-05,0.0
ØªØ³Ø¹ÙŠØ±,3.789785643719264e-05,8,5,3.789785643719264e-05,0.0
Ù„Ø¨Ù‚ÙŠÙ‡,3.789720869063274e-05,24,15,3.789720869063274e-05,0.0
Ø§Ù„Ø§ÙŠØ«ÙŠÙ„,3.7874996992436386e-05,4,3,3.7874996992436386e-05,0.0
Ø¨Ø§Ù…Ø¹Ø±ÙˆÙ,3.7834912072883775e-05,3,3,3.7834912072883775e-05,0.0
Ø¬ÙŠÙƒÙˆØ¨Ø²,3.779011936352229e-05,4,4,3.779011936352229e-05,0.0
Ù…Ø³Ø§Ù‡Ù…Ø§ØªÙ‡,3.7649568896099105e-05,3,3,3.7649568896099105e-05,0.0
Ø§Ù„Ù…Ø²Ø§Ø¯Ø§Ù„ØªØºÙŠØ±Ù…Ø´Ø§Ø¹Ø±,3.7610710357372656e-05,9,3,3.7610710357372656e-05,0.0
ØªØªØ¶Ø§Ø¹Ù,3.7579532954928244e-05,3,3,3.7579532954928244e-05,0.0
Ø¨Ø§Ù„Ù†Ø¬Ø§Ø­,3.752948320792408e-05,6,6,3.752948320792408e-05,0.0
Ø§Ù„ØªØ·ÙˆÙŠØ±ØªØ¹Ù„Ù†,3.751026403343921e-05,4,4,3.751026403343921e-05,0.0
Ù†Ø³Ø¹ÙŠ,3.74657364367519e-05,7,7,3.74657364367519e-05,0.0
Ø§Ù„ØªØ¬Ø§Ø±ÙŠÙ…Ø¬Ù…ÙˆØ¹Ù‡,3.734950784245002e-05,8,3,3.734950784245002e-05,0.0
Ù„Ù„Ø¯ÙˆØ±,3.731938352937969e-05,6,6,3.731938352937969e-05,0.0
Ø§Ù„ØªØ­ØµÙŠÙ„,3.7164971207085076e-05,14,5,3.7164971207085076e-05,0.0
Ù„Ù„Ù†Ø¸Ø±,3.714765729453595e-05,19,14,3.714765729453595e-05,0.0
ØªØ³ØªØ§Ù†Ù,3.709282435187825e-05,11,4,3.709282435187825e-05,0.0
ÙˆØ¶Ø¨Ø·,3.702669116372617e-05,4,4,3.702669116372617e-05,0.0
Ù…ØªÙ†Ø§ÙˆÙ„,3.699731090441446e-05,4,4,3.699731090441446e-05,0.0
ÙˆÙˆØ­Ø¯Ø§Øª,3.6997017289928656e-05,8,5,3.6997017289928656e-05,0.0
Ø¹Ø´Ø±Ø§Øª,3.6944057714289616e-05,6,6,3.6944057714289616e-05,0.0
ÙˆØ§Ù„Ù‡ÙŠØ¯Ø±ÙˆÙƒØ±Ø¨ÙˆÙ†Ø§Øª,3.692348317992346e-05,3,3,3.692348317992346e-05,0.0
ÙˆØ§Ù„Ù…ØªÙ†Ù‚Ù„Ù‡,3.6755871306822424e-05,4,4,3.6755871306822424e-05,0.0
Ø§Ø³Ø¨ÙˆØ¹Ø§Ø§Ù„Ø±Ø§Ø¬Ø­ÙŠ,3.675290550179123e-05,9,6,3.675290550179123e-05,0.0
Ø¨Ø¹Ù‚Ø¯Ù‡Ø§,3.6746029974090704e-05,5,4,3.6746029974090704e-05,0.0
Ù„Ø¹ÙˆØ§Ù…Ù„,3.667159743235338e-05,7,3,3.667159743235338e-05,0.0
Ø§Ù„ØªÙƒÙ†ÙˆÙ„ÙˆØ¬ÙŠÙ‡,3.6645681694713576e-05,7,7,3.6645681694713576e-05,0.0
ÙˆØ§Ù†Ù‚Ø¶Ø§Ø¡,3.663010031368078e-05,6,6,3.663010031368078e-05,0.0
ÙˆØ´Ø§Ø±ÙƒØª,3.661025127350309e-05,4,4,3.661025127350309e-05,0.0
ÙˆØ§Ù„Ø§Ø³ØªØ®Ø¯Ø§Ù…,3.6590331198283866e-05,3,3,3.6590331198283866e-05,0.0
Ø³Ø±,3.6469625866888927e-05,6,4,3.6469625866888927e-05,0.0
ÙˆØ§Ù„ØªØ¯ÙˆÙŠØ±,3.6429113936639955e-05,6,4,3.6429113936639955e-05,0.0
Ø§Ù„Ø´Ù…Ø³,3.642181004298581e-05,12,4,3.642181004298581e-05,0.0
ÙˆÙ…Ø­ÙØ²Ù‡,3.6356707909840945e-05,3,3,3.6356707909840945e-05,0.0
Ø¯ÙˆØ§Ø±,3.621921524064066e-05,5,3,3.621921524064066e-05,0.0
Ù„ØªØ¯Ø§ÙˆÙ„,3.612331512546387e-05,29,15,3.612331512546387e-05,0.0
Ø§Ù„Ù…Ø±ÙˆÙ†Ù‡,3.607359836533003e-05,14,10,3.607359836533003e-05,0.0
ÙˆØªØ­Ø¯ÙŠØ§Øª,3.604362925169753e-05,3,3,3.604362925169753e-05,0.0
Ø¨Ø±ÙŠØ·Ø§Ù†ÙŠØ§,3.601043495350254e-05,4,4,3.601043495350254e-05,0.0
Ø§Ù„ØµØ­ÙŠÙ‡Ø·Ø§Ø±Ù‚,3.5979472783191485e-05,7,4,3.5979472783191485e-05,0.0
Ø¨Ù„Ø¬Ù†Ù‡,3.596031266768468e-05,7,5,3.596031266768468e-05,0.0
Ù†Ø´Ø§Ø·Ù‡,3.594131726028548e-05,12,12,3.594131726028548e-05,0.0
Ø§Ù„ÙŠÙˆÙ…ÙŠÙ‡,3.5937636571028086e-05,87,41,3.5937636571028086e-05,0.0
Ù„ÙŠØ³Ø¬Ù„,3.586620112017341e-05,5,3,3.586620112017341e-05,0.0
Ø§Ù„Ù†Ø²Ù‡Ù‡,3.583829713177915e-05,20,9,3.583829713177915e-05,0.0
ÙˆØ³ÙŠØ¤Ø¯ÙŠ,3.5837465873861965e-05,5,5,3.5837465873861965e-05,0.0
Ù„ØªÙˆØ¬Ù‡Ø§Øª,3.577709849309358e-05,5,3,3.577709849309358e-05,0.0
Ù„Ù„Ø´Ø±Ø¨,3.5753847338158245e-05,3,3,3.5753847338158245e-05,0.0
ÙŠØªØµÙ„,3.574234451150644e-05,9,4,3.574234451150644e-05,0.0
ÙˆÙŠØµØ¯Ø±,3.5741041585496774e-05,3,3,3.5741041585496774e-05,0.0
Ø¨ØªÙ„Ø¨ÙŠÙ‡,3.570492711413102e-05,3,3,3.570492711413102e-05,0.0
Ø¨ÙˆØ±ØµÙ‡,3.569224388053829e-05,20,9,3.569224388053829e-05,0.0
ÙˆØ¬Ù‡Ø§Øª,3.564792413078728e-05,17,9,3.564792413078728e-05,0.0
Ø§Ù„Ù…Ù†Ø­,3.5551301890042484e-05,6,4,3.5551301890042484e-05,0.0
ØªÙ†Ø§ÙØ³ÙŠØªÙ‡Ø§,3.548527462199612e-05,8,8,3.548527462199612e-05,0.0
ØªØ³Ù„Ù…Øª,3.547448509619576e-05,3,3,3.547448509619576e-05,0.0
Ø¨Ø³Ù‡ÙˆÙ„Ù‡,3.547298012218631e-05,5,5,3.547298012218631e-05,0.0
ÙˆØ§Ù†Ø·Ù„Ù‚Øª,3.545054720564636e-05,4,4,3.545054720564636e-05,0.0
Ø§Ù„ÙŠØ§Ø¨Ø§Ù†ÙŠ,3.544810083758846e-05,9,6,3.544810083758846e-05,0.0
ØªØ¹Ø±Ø¶Øª,3.541722962752202e-05,6,5,3.541722962752202e-05,0.0
ØªØ³Ø±ÙŠØ­,3.536751209418835e-05,6,5,3.536751209418835e-05,0.0
Ø§Ù„Ø§ØªÙØ§Ù‚ÙŠÙ‡ÙˆÙ‚Ø¹Øª,3.535513456617398e-05,4,4,3.535513456617398e-05,0.0
Ø³ØªÙ‚ÙˆÙ…Ø§Ù†,3.527737015536173e-05,3,3,3.527737015536173e-05,0.0
Ø§Ù„Ù…ÙˆØ«ÙˆÙ‚Ù‡,3.5249828914708e-05,9,5,3.5249828914708e-05,0.0
ØªØ¨Ù†ÙŠÙ‡Ø§,3.5165768206089656e-05,3,3,3.5165768206089656e-05,0.0
Ø³ØªØªØ­Ø³Ù†,3.514006741780106e-05,3,3,3.514006741780106e-05,0.0
ÙˆÙ…Ø°ÙƒØ±Ø§Øª,3.510481838741075e-05,6,6,3.510481838741075e-05,0.0
Ø³Ø¬Ù„Ø§,3.504478479833853e-05,3,3,3.504478479833853e-05,0.0
Ø§Ù„ÙƒÙ†Ø§Ù†ÙŠ,3.5044212867907036e-05,6,4,3.5044212867907036e-05,0.0
Ø§Ù„Ù…Ø·ÙˆØ±,3.500447608327902e-05,6,5,3.500447608327902e-05,0.0
ÙˆØ§Ù„Ø¯ÙƒØªÙˆØ±,3.491897647403259e-05,11,6,3.491897647403259e-05,0.0
ÙˆØ§Ù„Ù‚Ø±ÙŠ,3.490269778165259e-05,14,10,3.490269778165259e-05,0.0
Ø¬Ø°Ø±ÙŠÙ‡,3.488314698322169e-05,5,3,3.488314698322169e-05,0.0
Ø§Ø«Ù…Ø±,3.485372050567016e-05,3,3,3.485372050567016e-05,0.0
ÙˆØ§Ø³ØªØ¹Ø±Ø¶Øª,3.4816454051386306e-05,5,5,3.4816454051386306e-05,0.0
ØªÙ„ÙØª,3.480274295163539e-05,4,4,3.480274295163539e-05,0.0
ÙŠØ¹Ø²ÙŠ,3.4796872595316415e-05,3,3,3.4796872595316415e-05,0.0
Ù…ÙŠØ¬Ø§Ù‡Ø±ØªØ²,3.4746699219306514e-05,20,7,3.4746699219306514e-05,0.0
Ø§Ø¯Ø±Ø§Ø¬Ù‡Ø§,3.467533722683595e-05,36,18,3.467533722683595e-05,0.0
ÙˆØªØ§Ø«ÙŠØ±,3.466504161281056e-05,4,4,3.466504161281056e-05,0.0
Ù…ÙƒÙˆÙ†Ø§ØªÙ‡,3.464205882586651e-05,4,4,3.464205882586651e-05,0.0
Ù‚Ù„ÙŠÙ„Ø§,3.453320940565274e-05,6,6,3.453320940565274e-05,0.0
Ù…Ø¬Ù…Ø¹Ù‡Ø§,3.444261003010411e-05,4,4,3.444261003010411e-05,0.0
Ø³Ø¬Ù„Øª,3.4418573183642735e-05,1973,528,3.4418573183642735e-05,0.0
Ø§Ù„Ù…Ø¯Ø±Ø§Ø¡,3.4391503044399535e-05,11,9,3.4391503044399535e-05,0.0
Ø¨Ø§Ù„Ø¯ÙŠÙˆÙ†,3.4297808403917335e-05,19,6,3.4297808403917335e-05,0.0
ÙˆØµÙ†Ø§Ø¹Ø§Øª,3.42562723693392e-05,4,4,3.42562723693392e-05,0.0
ÙˆÙ‚Ù„Ù‡,3.422919862505552e-05,8,6,3.422919862505552e-05,0.0
Ø¨ØµØ¯Ø¯,3.412832639312987e-05,17,15,3.412832639312987e-05,0.0
ÙŠØ¤Ø«Ø±,3.412356920125492e-05,57,31,3.412356920125492e-05,0.0
Ø§Ù„ÙØªØ±Ù‡Ø¹Ø¯Ø¯,3.4013703641092306e-05,6,5,3.4013703641092306e-05,0.0
Ø¨Ø§Ù„Ø­ÙƒÙˆÙ…Ù‡,3.3941972792902525e-05,9,6,3.3941972792902525e-05,0.0
Ø§Ù„Ù…Ø³ØªØ®Ø¯Ù…ÙˆÙ†,3.392900088022499e-05,5,5,3.392900088022499e-05,0.0
Ø§Ù„Ø§Ù†Ù‚Ø·Ø§Ø¹,3.391366630535566e-05,9,6,3.391366630535566e-05,0.0
ÙˆØ§Ù„Ø§ÙƒØ¨Ø±,3.390310989058588e-05,5,3,3.390310989058588e-05,0.0
ÙˆØ§Ù„Ù†ÙŠÙƒÙ„,3.387321610970918e-05,3,3,3.387321610970918e-05,0.0
ØµØ¨Ø§Ø­,3.381774684240705e-05,57,43,3.381774684240705e-05,0.0
Ø§Ù„Ø¹ÙŠØ³Ø§Ø¦ÙŠ,3.381154229417469e-05,11,5,3.381154229417469e-05,0.0
ÙˆØ­ØµÙ„Øª,3.373371152016493e-05,4,4,3.373371152016493e-05,0.0
ØµØ¹Ø¨Ø§,3.372680522451942e-05,4,4,3.372680522451942e-05,0.0
Ù„Ø·Ù„Ø¨,3.368160762676994e-05,3,3,3.368160762676994e-05,0.0
Ø´Ø¯Ø¯,3.365101083414624e-05,7,5,3.365101083414624e-05,0.0
Ø¹Ø§ÙŠØ¶,3.3649244902396244e-05,17,8,3.3649244902396244e-05,0.0
ÙŠØ¶Ø¹,3.3531543703781014e-05,7,5,3.3531543703781014e-05,0.0
ØªÙˆØ§Ø²Ù†,3.351897158661908e-05,3,3,3.351897158661908e-05,0.0
Ø§Ù„Ù…Ø¤Ø³Ø³,3.351263459053792e-05,9,5,3.351263459053792e-05,0.0
ÙˆØ®Ø¯Ù…Ø§ØªÙ‡,3.3478085736555896e-05,3,3,3.3478085736555896e-05,0.0
Ø§Ø¹ØªÙ…Ø§Ø¯ÙŠÙ‡,3.344048147076799e-05,6,5,3.344048147076799e-05,0.0
Ø¨Ø§ØºÙ„Ø¨ÙŠÙ‡,3.3365405717287386e-05,4,4,3.3365405717287386e-05,0.0
Ù„Ù„Ø§Ø¨Ø­Ø§Ø«,3.335681496857899e-05,21,10,3.335681496857899e-05,0.0
Ø±ÙŠØ§Ù„Ø±Ø§Ø³,3.332751540388841e-05,3,3,3.332751540388841e-05,0.0
ÙˆØ§Ù„Ø±ÙŠØ§Ø¯Ù‡,3.332436671042128e-05,3,3,3.332436671042128e-05,0.0
ØªØ´Ø¬ÙŠØ¹Ù‡Ù…,3.33018033404222e-05,3,3,3.33018033404222e-05,0.0
ÙˆÙŠØ¹Ø²ÙŠ,3.327357495104796e-05,6,6,3.327357495104796e-05,0.0
Ù„Ù„Ù‚Ø§Ø¡,3.327227981390271e-05,19,18,3.327227981390271e-05,0.0
ØªÙ‚Ù…,3.318925232620695e-05,23,6,3.318925232620695e-05,0.0
Ø¨Ø¹Ø±Ø¶,3.308509187219676e-05,9,4,3.308509187219676e-05,0.0
Ù„Ù„ØªØ¹Ù„ÙŠÙ‚,3.30445936962478e-05,9,8,3.30445936962478e-05,0.0
Ù‚Ù„Ù‡,3.291966000196754e-05,3,3,3.291966000196754e-05,0.0
Ù„Ù„Ø·Ø±ÙÙŠÙ†,3.287805190481103e-05,7,6,3.287805190481103e-05,0.0
Ø¯Ø¹Ù…Øª,3.283779480584638e-05,10,8,3.283779480584638e-05,0.0
ÙˆØ§Ù„Ø¹Ø§Ù…Ù‡,3.282130880924804e-05,3,3,3.282130880924804e-05,0.0
Ø§ØªÙÙ‚Ø§,3.276154257124306e-05,6,5,3.276154257124306e-05,0.0
ÙˆÙ„ØªØ¬Ù†Ø¨,3.27484905803653e-05,4,4,3.27484905803653e-05,0.0
ÙˆØ§Ù…ÙƒØ§Ù†ÙŠØ§ØªÙ‡,3.2724842879856765e-05,4,4,3.2724842879856765e-05,0.0
Ø§Ù†Ø¸Ù…ØªÙ‡Ø§,3.260731033181257e-05,6,4,3.260731033181257e-05,0.0
Ø§Ù„Ù…Ø¹ÙŠØ´Ù‡,3.2600682119205134e-05,56,10,3.2600682119205134e-05,0.0
Ø¨Ø§Ù„Ø§ØªØ­Ø§Ø¯,3.258491337541105e-05,3,3,3.258491337541105e-05,0.0
Ø§Ù„Ù…Ø²Ø§Ø¯Ø§Ù„ØªØºÙŠØ±Ø§Ø³ØªØ±Ø§,3.2533914339391244e-05,12,7,3.2533914339391244e-05,0.0
Ø§Ø®ØªØªÙ…Øª,3.2459658476808326e-05,14,14,3.2459658476808326e-05,0.0
Ø­Ø¯ÙˆØ«Ù‡Ø§,3.2388734761154794e-05,4,4,3.2388734761154794e-05,0.0
Ù…Ø®Ø²ÙˆÙ†Ø§Øª,3.236504787029698e-05,4,4,3.236504787029698e-05,0.0
Ø§Ù„Ø§Ù‚Ù„Ø¬Ø¯ÙˆÙ„,3.231884279451361e-05,4,4,3.231884279451361e-05,0.0
Ø·Ù„ÙŠØ¹Ù‡,3.226906231778023e-05,5,5,3.226906231778023e-05,0.0
ØªÙØ¶Ù„,3.221528462474464e-05,3,3,3.221528462474464e-05,0.0
ÙŠØ´ÙƒÙ„Ø§Ù†,3.218654078481425e-05,4,3,3.218654078481425e-05,0.0
ØµÙØ­Ù‡,3.215384396043556e-05,18,8,3.215384396043556e-05,0.0
Ø§Ù„ØªØºÙŠØ±Ø§Ù„Ø§Ù†ØªØ§Ø¬,3.212261922561539e-05,7,6,3.212261922561539e-05,0.0
ÙˆØ§Ø¬Ø§Ø¨Øª,3.2066307644653284e-05,5,5,3.2066307644653284e-05,0.0
Ù†Ø³ÙƒÙ‡Ù…,3.206121107837598e-05,4,3,3.206121107837598e-05,0.0
ÙˆØ§Ù„Ø°ÙŠÙ†,3.203301012249146e-05,26,14,3.203301012249146e-05,0.0
Ù…ØµØ¹Ø¯Ù‡,3.2019537196337035e-05,8,3,3.2019537196337035e-05,0.0
Ù„Ù…Ø³ØªÙ‡Ø¯ÙØ§Øª,3.201608707168926e-05,7,7,3.201608707168926e-05,0.0
Ø§Ù„ÙˆØ­Ø¯Ø§Øª,3.2015562534733704e-05,136,71,3.2015562534733704e-05,0.0
ÙƒÙŠÙ…ÙŠØ§Ø¦ÙŠ,3.201398166103844e-05,5,3,3.201398166103844e-05,0.0
Ø¬ÙŠØ¨Ùƒ,3.199456411839236e-05,3,3,3.199456411839236e-05,0.0
ÙˆØ§Ù‚Ø¹,3.197440307097632e-05,13,13,3.197440307097632e-05,0.0
ÛŒØªØ¹Ù„Ù‚,3.1867678812048175e-05,3,3,3.1867678812048175e-05,0.0
ÙÛŒÙ…Ø§,3.1867678812048175e-05,3,3,3.1867678812048175e-05,0.0
ÙŠÙˆØ¬Ù‡,3.184721865052837e-05,6,4,3.184721865052837e-05,0.0
Ø§Ø¯Ø§Ø¡Ù‡,3.181136387261676e-05,4,3,3.181136387261676e-05,0.0
Ø§Ù„ØªØºÙŠÙŠØ±Ø§Ù„Ø¹Ø§Ù„Ù…ÙŠÙ‡,3.179812681756179e-05,8,4,3.179812681756179e-05,0.0
Ø³ØªØ±ÙØ¹,3.179326987122452e-05,6,4,3.179326987122452e-05,0.0
ÙˆØ§Ù„Ø¨Ù†Ø²ÙŠÙ†,3.1763350564221594e-05,4,4,3.1763350564221594e-05,0.0
ÙˆÙƒØ¨Ø§Ø±,3.17477662455604e-05,86,33,3.17477662455604e-05,0.0
Ø³Ù…Ø§Ø­,3.1705585318613275e-05,10,10,3.1705585318613275e-05,0.0
Ù„Ù‚Ø§Ø¦Ù‡Ø§,3.1684559177814116e-05,5,5,3.1684559177814116e-05,0.0
Ù„Ù„Ù…Ø±Ø­Ù„Ù‡,3.163085873730313e-05,9,7,3.163085873730313e-05,0.0
Ø®Ø¨ÙŠØ±,3.157154557836529e-05,3,3,3.157154557836529e-05,0.0
Ø³ÙˆÙ…ÙŠØªÙˆÙ…Ùˆ,3.1524162092517046e-05,13,9,3.1524162092517046e-05,0.0
ÙƒÙ„Ù‚ÙŠÙ…,3.1512601442511936e-05,6,6,3.1512601442511936e-05,0.0
Ø§Ù„Ù‚Ø³Ø·,3.151072111573449e-05,8,5,3.151072111573449e-05,0.0
Ø§Ù„Ø¯ÙØªØ±ÙŠÙ‡,3.1454538052277714e-05,120,65,3.1454538052277714e-05,0.0
ÙˆØ§Ù„Ø§Ø³ÙƒØ§Ù†,3.1399092664946106e-05,17,8,3.1399092664946106e-05,0.0
Ù†Ø¸Ø§Ù…Ù‡Ø§,3.139331619881861e-05,3,3,3.139331619881861e-05,0.0
Ø§Ù„Ø±Ø§ØºØ¨Ù‡,3.1278634769220234e-05,4,4,3.1278634769220234e-05,0.0
Ø¨Ø´Ø¤ÙˆÙ†,3.126573624093959e-05,8,8,3.126573624093959e-05,0.0
Ø§Ù„Ù…Ø¤ØªÙ…Ø±Ø§Øª,3.122339186204593e-05,5,5,3.122339186204593e-05,0.0
ÙˆÙ…Ø³Ø§Ø¹Ø¯ØªÙ‡Ù…,3.1211822929733394e-05,3,3,3.1211822929733394e-05,0.0
Ù…Ø´ØªØ±ÙƒÙˆ,3.118531954360813e-05,6,5,3.118531954360813e-05,0.0
Ø¨Ù…Ù†Ø§Ø·Ù‚,3.118410100264007e-05,4,4,3.118410100264007e-05,0.0
ØªØªØ¨Ø§Ø·Ø§,3.1165933515339896e-05,3,3,3.1165933515339896e-05,0.0
Ø§Ù„Ù…Ø²Ø§Ø¯Ø§Ù„ØªØºÙŠØ±Ø§Ù„Ù…Ø±Ø§ÙƒØ²,3.109495754895881e-05,8,4,3.109495754895881e-05,0.0
Ø¬Ø¯ÙˆÙ„Ù‡,3.10802358217666e-05,38,11,3.10802358217666e-05,0.0
Ù„Ø§Ø³ØªØ¹Ø±Ø§Ø¶,3.0983350908916905e-05,12,8,3.0983350908916905e-05,0.0
Ø§Ù„Ø§Ø³ØªØ­ÙˆØ§Ø°Ø§Ù„Ø´Ø±ÙƒÙ‡,3.090680624846503e-05,3,3,3.090680624846503e-05,0.0
Ø¹Ù„ÙŠÙ‡Ø§Ø³Ø§Ø¨Ùƒ,3.090680624846503e-05,3,3,3.090680624846503e-05,0.0
Ø³Ù‡Ù…Ø­Ø¬Ù…,3.090680624846503e-05,3,3,3.090680624846503e-05,0.0
Ø§Ù„Ø®Ù†ÙŠØ²Ø§Ù†,3.0856619350973296e-05,4,4,3.0856619350973296e-05,0.0
ÙˆÙ…Ø±Ø§Ø­Ù„,3.0807791275583e-05,5,5,3.0807791275583e-05,0.0
Ø±Ø®Øµ,3.079238124360364e-05,6,5,3.079238124360364e-05,0.0
Ø¨ØºØ§Ø²,3.0753813567864595e-05,7,3,3.0753813567864595e-05,0.0
Ø§Ø±ØµØ¯ØªÙ‡Ø§,3.073903629703188e-05,8,4,3.073903629703188e-05,0.0
ÙˆÙ…Ù‚Ø¯Ù…,3.069857101792686e-05,3,3,3.069857101792686e-05,0.0
Ø¹Ø²Ø²Øª,3.064698048194575e-05,8,7,3.064698048194575e-05,0.0
Ù‡ÙˆØ§Ø¦ÙŠÙ‡,3.063952293559663e-05,5,5,3.063952293559663e-05,0.0
Ø§Ù„Ø§Ø¦ØªÙ…Ø§Ù†ÙŠØ§Ù„Ù†Ø¸Ø±Ù‡,3.0613751006973e-05,12,5,3.0613751006973e-05,0.0
Ø§Ù„ØªØ·ÙˆÙŠØ±Ù„Ø§,3.055088934280039e-05,4,4,3.055088934280039e-05,0.0
Ø§Ù„ÙˆØ¬Ù‡Ø§Øª,3.0487054849924466e-05,3,3,3.0487054849924466e-05,0.0
Ø§Ø³ØªØ±Ø§ØªÙŠØ¬ÙŠØªÙ‡,3.0479812245271623e-05,15,10,3.0479812245271623e-05,0.0
Ø¨Ø±Ø§ÙŠØª,3.0454252984931113e-05,13,6,3.0454252984931113e-05,0.0
Ø§Ù„Ù…ØµÙ‡ÙˆØ±,3.0381062819547662e-05,6,3,3.0381062819547662e-05,0.0
Ø¯Ø§Ø¦Ù…Ù‡,3.0362800163728257e-05,10,10,3.0362800163728257e-05,0.0
ÙƒØ±Ø§ÙŠÙ†,3.033518832510051e-05,4,3,3.033518832510051e-05,0.0
ÙˆØ±Ø¨Ø­ÙŠÙ‡,3.0285162385528322e-05,9,8,3.0285162385528322e-05,0.0
ÙˆÙØ¯Ø§,3.0241719745553237e-05,6,3,3.0241719745553237e-05,0.0
Ø§Ù„Ø±Ø§Ø¬Ø­ÙŠA,3.0234655610391387e-05,6,3,3.0234655610391387e-05,0.0
ÙˆØ¯Ù…Ø¬,3.020445925130438e-05,8,4,3.020445925130438e-05,0.0
Ù…Ø³Ø¬Ù„Ø§,3.018025440358067e-05,20,12,3.018025440358067e-05,0.0
Ø§Ù„Ø¹Ø¸Ù…ÙŠ,3.0179431124435936e-05,5,5,3.0179431124435936e-05,0.0
Ù…ÙŠØ«Ø§Ù†ÙŠÙƒØ³,3.0163723676301094e-05,94,12,3.0163723676301094e-05,0.0
Ù„Ù…Ø±Ø­Ù„Ù‡,3.016313574320307e-05,5,5,3.016313574320307e-05,0.0
Ø§Ù„Ù…Ø¤Ø³Ø³ÙŠÙ‡,3.0148206470206878e-05,6,5,3.0148206470206878e-05,0.0
Ø§Ù„Ù‚ØµØ¨ÙŠØ±Ø¦ÙŠØ³,3.013928074441501e-05,8,5,3.013928074441501e-05,0.0
Ø§Ù„Ø´Ø±Ø¹ÙŠÙ‡,3.0119749592059215e-05,32,12,3.0119749592059215e-05,0.0
Ø³ØªÙˆØ§Ø¬Ù‡,3.0112499193463546e-05,8,5,3.0112499193463546e-05,0.0
Ù…Ù‚Ø¨ÙˆÙ„Ù‡,3.0101320987654085e-05,4,3,3.0101320987654085e-05,0.0
Ø¨Ù…ÙƒÙ‡,3.006470577479703e-05,18,12,3.006470577479703e-05,0.0
ØªÙ„Ø¨ÙŠØªÙ‡Ø§,3.001945019773202e-05,3,3,3.001945019773202e-05,0.0
Ù…Ø³Ø¹ÙˆØ¯ÙŠ,2.9998907960435827e-05,10,7,2.9998907960435827e-05,0.0
Ø§Ù„Ù…Ø¨Ù‚Ø§Ù‡ØªÙØ§ØµÙŠÙ„,2.9942226342160335e-05,4,4,2.9942226342160335e-05,0.0
Ù†Ù„ÙØª,2.991013302978665e-05,5,4,2.991013302978665e-05,0.0
ØªØºØ°ÙŠÙ‡,2.9810604944830714e-05,29,19,2.9810604944830714e-05,0.0
Ù„ÙŠÙˆØ§ÙƒØ¨,2.9808018480072314e-05,4,3,2.9808018480072314e-05,0.0
ÙƒØ§ÙÙŠ,2.977435837374028e-05,4,4,2.977435837374028e-05,0.0
Ù„Ù„ØªØ­ÙƒÙ…,2.9751756344750715e-05,5,4,2.9751756344750715e-05,0.0
Ù„Ø§Ø«Ø±Ø§Ø¡,2.9663738218683106e-05,10,8,2.9663738218683106e-05,0.0
ÙˆØ¹Ù„Ø§ÙˆÙ‡,2.9619126698041007e-05,3,3,2.9619126698041007e-05,0.0
Ø¨ÙˆÙ„ÙŠ,2.9617858376063206e-05,29,16,2.9617858376063206e-05,0.0
Ø§Ù„Ù…Ù†Ø§ÙØ¹,2.960922119578249e-05,5,3,2.960922119578249e-05,0.0
Ø§Ù…Ù‡Ø§Øª,2.9575026632816216e-05,4,3,2.9575026632816216e-05,0.0
Ø§ØºØ±Ø§Ø¶,2.943363505627557e-05,22,21,2.943363505627557e-05,0.0
Ù„Ù„Ø²ÙˆØ§Ø±,2.9385469813565073e-05,4,4,2.9385469813565073e-05,0.0
Ø§Ø­ØªÙŠØ§Ø·ÙŠØ§Øª,2.9362836779118697e-05,9,7,2.9362836779118697e-05,0.0
Ø§Ù„Ù…ÙØªØ±Ø¶,2.9247009075548123e-05,5,4,2.9247009075548123e-05,0.0
Ø¨Ø¨Ø±Ø§Ù…Ø¬,2.919605746040343e-05,4,4,2.919605746040343e-05,0.0
Ø¨Ø§Ù„Ø·Ø§Ù‚Ù‡,2.9181933761563595e-05,25,16,2.9181933761563595e-05,0.0
Ù…ÙŠØ¬Ø§ÙˆØ§Ø·,2.916822991932994e-05,11,5,2.916822991932994e-05,0.0
Ø§Ù„Ø§Ù‚Ø³Ø§Ø·,2.9135640019329392e-05,108,20,2.9135640019329392e-05,0.0
Ø¯Ø¤ÙˆØ¨,2.911386938225536e-05,3,3,2.911386938225536e-05,0.0
ØªØ­Ø³Ù†Ù‡Ø§,2.9052419470816134e-05,4,4,2.9052419470816134e-05,0.0
Ù…Ø¬Ø§ÙˆØ±Ø§,2.904489600415639e-05,7,7,2.904489600415639e-05,0.0
Ø¨Ø°Ù„Øª,2.8951749105977296e-05,4,3,2.8951749105977296e-05,0.0
Ø§Ù„Ù‚Ø¯ÙŠÙ…Ù‡,2.8879139745848762e-05,31,23,2.8879139745848762e-05,0.0
ØªÙ…Ø±,2.8839049177185276e-05,8,5,2.8839049177185276e-05,0.0
ÙˆØ¶Ø¹Øª,2.8806933980532133e-05,36,15,2.8806933980532133e-05,0.0
Ø§Ø¹Ø·Ø§Ù„,2.8763012226425847e-05,4,3,2.8763012226425847e-05,0.0
Ø§Ù„ØªØ±ØªÙŠØ¨Ø§Øª,2.8664078408625914e-05,11,5,2.8664078408625914e-05,0.0
Ø§Ù„Ø±Ø­Ù…Ù†,2.864547259330043e-05,148,59,2.864547259330043e-05,0.0
Ù…Ø¯ÙŠÙˆÙ†ÙŠØªÙ‡Ø§,2.8619393959264464e-05,5,3,2.8619393959264464e-05,0.0
Ù…ØªØ¬Ø±,2.8577549512154707e-05,5,3,2.8577549512154707e-05,0.0
ØªØ¹Ø§ÙÙŠ,2.8567981851846713e-05,30,18,2.8567981851846713e-05,0.0
Ù‚Ø¶Ø§Ø¦ÙŠÙ‡,2.8565782905068234e-05,19,5,2.8565782905068234e-05,0.0
Ø§Ù„Ù…ØªØ¶Ù…Ù†,2.8548250136410898e-05,26,20,2.8548250136410898e-05,0.0
Ø§Ù„Ø²ÙŠØª,2.8536612523152844e-05,33,15,2.8536612523152844e-05,0.0
Ø§Ù„ØµÙˆØ¯Ø§,2.85256938213235e-05,13,7,2.85256938213235e-05,0.0
PBT,2.8514631488622944e-05,7,6,2.8514631488622944e-05,0.0
Ø§Ù„Ø¨Ø§Ø¨,2.8494754492595962e-05,4,3,2.8494754492595962e-05,0.0
ÙˆØ§Ù„ØªÙ†ÙˆÙŠØ¹,2.84846408143338e-05,3,3,2.84846408143338e-05,0.0
ØªØ±ÙŠÙ„ÙŠÙˆÙ†Ø§Øª,2.8408397003632442e-05,16,4,2.8408397003632442e-05,0.0
ÙˆØ§Ù„Ø§Ù†ÙØ§Ù‚,2.827952537923526e-05,8,6,2.827952537923526e-05,0.0
Ø§Ù„Ø¬Ù…Ø§Ø±Ùƒ,2.825243845256414e-05,23,3,2.825243845256414e-05,0.0
ØºÙ„Ø§Ø¡,2.8221909941953522e-05,77,8,2.8221909941953522e-05,0.0
Ø§Ù„Ø±Ø¯,2.8216317896517282e-05,8,5,2.8216317896517282e-05,0.0
Ø§Ù†Ø´Ø¦,2.8213769771279304e-05,3,3,2.8213769771279304e-05,0.0
Ø§Ù„Ø³Ø¹ÙˆØ¯ÙŠÙ‡Ø§Ù„Ø³Ø¹ÙˆØ¯ÙŠÙ‡,2.821187451812467e-05,12,5,2.821187451812467e-05,0.0
Ø§Ù„ÙƒØ±Ø¨ÙˆÙ†ÙŠÙ‡,2.8211549212694984e-05,6,5,2.8211549212694984e-05,0.0
Ø§Ù„ØªØ²Ø§Ù…Ù†Ø§,2.820063775092502e-05,7,6,2.820063775092502e-05,0.0
Ø¹Ù…Ù„Ø§Ù‚ÙŠ,2.8187030293227138e-05,3,3,2.8187030293227138e-05,0.0
ÙˆØªÙ‚Ø¯Ø±,2.8183248597135886e-05,4,4,2.8183248597135886e-05,0.0
Ù‡Ø§ØªÙÙŠ,2.81689372909856e-05,17,14,2.81689372909856e-05,0.0
Ø¨Ø§Ù„Ø±Ù‚Ù…,2.8160441383530645e-05,5,3,2.8160441383530645e-05,0.0
Ø§Ù„Ù‡ÙŠØ¯Ø±ÙˆØ¬ÙŠÙ†,2.8119316339040418e-05,34,14,2.8119316339040418e-05,0.0
ÙˆØ§Ù„Ø§Ù„ØªØ²Ø§Ù…Ø§Øª,2.8108290935218604e-05,28,15,2.8108290935218604e-05,0.0
ÙˆÙ‡Ù†Ø¯Ø³Ù‡,2.8100101726671024e-05,3,3,2.8100101726671024e-05,0.0
ÙˆØ§Ù„ØªÙØ§ÙˆØ¶,2.8026872903953437e-05,10,6,2.8026872903953437e-05,0.0
Ø¨Ø§Ù„Ù…Ø±ÙƒØ²,2.7924612555265848e-05,11,9,2.7924612555265848e-05,0.0
Ø§Ù„ØµÙˆØ¯ÙŠÙˆÙ…,2.789807798325386e-05,6,4,2.789807798325386e-05,0.0
Ø§Ù„Ø¹Ø±Ø¨,2.7829678832696832e-05,246,77,2.7829678832696832e-05,0.0
Ø§Ù„Ù…Ø§Ù„ÙŠÙŠÙ†,2.7717559899397617e-05,89,49,2.7717559899397617e-05,0.0
Ù„Ø§Ù„Ù‚Ø§Ø¡,2.7647735332305908e-05,25,15,2.7647735332305908e-05,0.0
Ø§Ù„ØªÙ„ÙØ²ÙŠÙˆÙ†ÙŠ,2.762565564396545e-05,19,8,2.762565564396545e-05,0.0
ÙˆÙ…ØªØ·Ù„Ø¨Ø§Øª,2.7624912645740565e-05,12,9,2.7624912645740565e-05,0.0
Ø§Ù„ØªØ¹Ù…ÙŠÙ…,2.7598355740804658e-05,18,9,2.7598355740804658e-05,0.0
Ø§Ø®Ø±ÙŠØªÙƒØ§Ù„ÙŠÙ,2.7561568188839585e-05,6,6,2.7561568188839585e-05,0.0
ÙˆÙˆÙÙ‚,2.754385764739112e-05,15,15,2.754385764739112e-05,0.0
ÙˆØ³ÙŠÙˆÙØ±,2.753445695383623e-05,4,4,2.753445695383623e-05,0.0
Ù…Ù‚ØªØ±Ø­Ø§Øª,2.752437473710473e-05,3,3,2.752437473710473e-05,0.0
Ø§Ø«ÙŠÙ„ÙŠÙ†,2.752399028060184e-05,30,13,2.752399028060184e-05,0.0
Ø§Ù„ÙƒÙŠÙ…Ø§ÙˆÙŠ,2.752007235152009e-05,3,3,2.752007235152009e-05,0.0
ÙŠØ¨Ø¯Ùˆ,2.751221836176757e-05,3,3,2.751221836176757e-05,0.0
Ø¹Ø±Ø¹Ø±,2.750299281022312e-05,6,3,2.750299281022312e-05,0.0
Ø³ÙŠØ±ØªÙØ¹,2.747487375082549e-05,16,6,2.747487375082549e-05,0.0
Ù†Ø¯Ø±Ø³,2.741542468789369e-05,7,7,2.741542468789369e-05,0.0
Ø§Ù„Ø¬Ù…Ø¹ÙŠÙ‡Ù…Ø±ÙÙ‚Ù†Ù…ÙˆØ°Ø¬,2.7361986792335762e-05,11,11,2.7361986792335762e-05,0.0
Ù…Ø±,2.7358642584751253e-05,7,4,2.7358642584751253e-05,0.0
ÙˆØ§Ù„Ø§ÙŠØ±Ø§Ø¯Ø§Øª,2.7313093889107373e-05,51,27,2.7313093889107373e-05,0.0
ÙˆØµÙŠØ§Ù†ØªÙ‡Ø§,2.7273869906450528e-05,7,5,2.7273869906450528e-05,0.0
Ù…Ø³ØªØ«Ù…Ø±ÙŠÙ†,2.7252738388406685e-05,11,6,2.7252738388406685e-05,0.0
Ù…Ø­Ù„Ù„,2.7217733330309523e-05,9,8,2.7217733330309523e-05,0.0
ÙˆØ§Ù„ØªØ²Ø§Ù…,2.7215638330759086e-05,3,3,2.7215638330759086e-05,0.0
Ù„Ù…ØµØ±ÙÙŠÙ‡,2.7171158313740218e-05,13,9,2.7171158313740218e-05,0.0
Materials,2.7137750716262664e-05,4,3,2.7137750716262664e-05,0.0
High,2.7137750716262664e-05,4,3,2.7137750716262664e-05,0.0
Performance,2.7137750716262664e-05,4,3,2.7137750716262664e-05,0.0
ÙˆØªØ¨Ø³ÙŠØ·,2.7131044697399775e-05,3,3,2.7131044697399775e-05,0.0
Ø§Ù„ØºØ§Ø²Ø§Øª,2.712227065987979e-05,17,11,2.712227065987979e-05,0.0
Ø§ØªØµØ§Ù„,2.7122113481654374e-05,37,28,2.7122113481654374e-05,0.0
Ù„Ø§Ø­Ù‚Ø§Ø§Ø¬Ù…Ø§Ù„ÙŠ,2.7070622532012048e-05,3,3,2.7070622532012048e-05,0.0
Ø§Ù„ØªÙˆØ²ÙŠØ¹Ø³ÙŠØªÙ…,2.7070622532012048e-05,3,3,2.7070622532012048e-05,0.0
Ù„Ù„Ù‚ÙˆØ§Ø¦Ù…,2.7069332438857273e-05,5,3,2.7069332438857273e-05,0.0
Ø¨ØªÙØ¹ÙŠÙ„,2.7037205012895395e-05,6,5,2.7037205012895395e-05,0.0
Ù„Ù„ØªØºÙ„Ø¨,2.7029159838366e-05,3,3,2.7029159838366e-05,0.0
Ø³Ø¹Ø§Øª,2.702860552751868e-05,7,7,2.702860552751868e-05,0.0
Ù…ØªÙ…Ø«Ù„Ù‡,2.698273215226586e-05,12,9,2.698273215226586e-05,0.0
Ø§Ø·Ù„Ø§Ù‚Ù‡Ø§,2.697043324891317e-05,28,18,2.697043324891317e-05,0.0
Ø¨Ø§Ù„Øº,2.6969552135963908e-05,9,8,2.6969552135963908e-05,0.0
Ù„Ø­Ø³Ø§Ø¨Ù‡,2.6968682033979298e-05,16,16,2.6968682033979298e-05,0.0
Ø§Ø´ÙƒØ±,2.6966080873797594e-05,3,3,2.6966080873797594e-05,0.0
Ø¹Ù…Ù„Ø§Ù‚,2.6934599144235147e-05,7,7,2.6934599144235147e-05,0.0
Ø§Ù„Ù…Ù†Ø¬Ù…,2.6920112912297506e-05,10,6,2.6920112912297506e-05,0.0
Ù‚ØµÙˆØ±,2.6909005164579907e-05,4,4,2.6909005164579907e-05,0.0
Ù…ÙˆÙ„,2.689513162450679e-05,43,11,2.689513162450679e-05,0.0
Ø§Ù„Ø±ÙŠØ§Ø¶Ø³Ø§Ù…Ø¨Ø§ÙƒÙ‡Ø±Ø¨Ø§Ø¡,2.6880457145950448e-05,30,3,2.6880457145950448e-05,0.0
Ø±ØµØ¯ØªÙ‡Ø§,2.68739241084551e-05,21,15,2.68739241084551e-05,0.0
Ø¬Ø§Ù‡Ø²ÙŠØªÙ‡Ø§,2.685669081031679e-05,11,6,2.685669081031679e-05,0.0
Ø§Ù„ÙƒÙŠØ§Ù†Ø§Øª,2.6854308373755487e-05,7,4,2.6854308373755487e-05,0.0
Ù„Ø­Ù„ÙˆÙ„,2.6834693642920758e-05,10,10,2.6834693642920758e-05,0.0
Ø§Ù„ØªØ®ØµØµ,2.6827806947576528e-05,3,3,2.6827806947576528e-05,0.0
Ø¸Ù‡Ø±Øª,2.680187377784718e-05,8,5,2.680187377784718e-05,0.0
ÙˆØµÙÙ‚ØªØ§Ù†,2.6791725109033772e-05,4,3,2.6791725109033772e-05,0.0
Ù„Ù…Ø¬Ø§Ù„Ø³,2.6741396658158502e-05,3,3,2.6741396658158502e-05,0.0
Ø§Ù„ÙØªØ±Ù‡Ø§Ù„Ø³ÙƒÙ†ÙŠÙ‡Ø§Ù„ØªØ¬Ø§Ø±ÙŠÙ‡Ø§Ù„Ø§Ø¬Ù…Ø§Ù„ÙŠ,2.6725655824554062e-05,5,5,2.6725655824554062e-05,0.0
Ø§Ù„Ø¯ÙØ¹Ø§Ù„Ù…ÙÙˆØªØ±Ù‡Ø§Ù„Ø§Ø¬Ù…Ø§Ù„ÙŠ,2.6725655824554062e-05,5,5,2.6725655824554062e-05,0.0
Ø¨ØªØ¹Ø±ÙŠÙÙ‡Ø§,2.6725655824554062e-05,5,5,2.6725655824554062e-05,0.0
Ø§Ù„ØªØºÙŠØ±Ù…Ø´ØªØ±ÙƒÙˆ,2.6725655824554062e-05,5,5,2.6725655824554062e-05,0.0
Ù…Ø­ÙˆØ±Ø§,2.667292869802641e-05,5,5,2.667292869802641e-05,0.0
Ø¯,2.6637221124144436e-05,26,18,2.6637221124144436e-05,0.0
Ø¨Ø§Ù„ØªÙƒØ§Ù…Ù„,2.662583688325927e-05,4,4,2.662583688325927e-05,0.0
Ø§ÙƒØªØ³Ø¨Ù‡Ø§,2.659601802853669e-05,3,3,2.659601802853669e-05,0.0
ØµÙˆØ±,2.6531678635868723e-05,3,3,2.6531678635868723e-05,0.0
Ù…Ø«Ø§Ù„ÙŠÙ‡,2.6495203671446956e-05,7,7,2.6495203671446956e-05,0.0
ÙˆØ¬Ù†ÙˆØ¨,2.6458992292201694e-05,7,4,2.6458992292201694e-05,0.0
ÙˆØ§Ø³ØªØ´Ø¹Ø§Ø±Ø§,2.6423607358212112e-05,4,4,2.6423607358212112e-05,0.0
Ø§Ù„Ù…Ø²Ø§Ø¯Ø§Ù„ØªØºÙŠØ±Ø§Ù„Ø§ØµÙŠÙ„,2.639160502955042e-05,7,3,2.639160502955042e-05,0.0
Ø§Ø¨Ø±Ø²,2.63831463800422e-05,138,85,2.63831463800422e-05,0.0
Ù…Ø³ØªÙ‚Ù„Ø§,2.636837493992166e-05,3,3,2.636837493992166e-05,0.0
ÙˆØ¯Ø±Ø¬Ù‡,2.636063298796584e-05,7,6,2.636063298796584e-05,0.0
ØªØ§Ø¬ÙŠÙ„,2.634451871023003e-05,100,32,2.634451871023003e-05,0.0
Ø§Ù„ÙˆØ§Ø³Ø¹,2.6344407895070463e-05,7,5,2.6344407895070463e-05,0.0
ØªÙˆØ¬ÙŠÙ‡,2.633170752210445e-05,29,18,2.633170752210445e-05,0.0
Ù„ØªØ±,2.6322733219632595e-05,8,4,2.6322733219632595e-05,0.0
Ù„ØªÙ‚Ù„ÙŠÙ„,2.6320686571858586e-05,11,10,2.6320686571858586e-05,0.0
ÙˆØ¨Ù‚ÙŠÙ‡,2.630218178813018e-05,4,4,2.630218178813018e-05,0.0
ÙˆÙ…Ø±ÙˆÙ†Ù‡,2.626938985668283e-05,3,3,2.626938985668283e-05,0.0
Ø§Ù„Ù†Ø§Ø¦Ø¨,2.62297314297769e-05,19,18,2.62297314297769e-05,0.0
ØªÙ…Ù„ÙƒÙ‡Ù…Ø¹Ø¯Ø¯,2.6194358167149202e-05,3,3,2.6194358167149202e-05,0.0
Ø§Ù„Ø§Ø³Ù‡Ù…Ø´Ø±ÙƒØ§Øª,2.6194358167149202e-05,3,3,2.6194358167149202e-05,0.0
ØªØ¹ØªØ°Ø±,2.6149978690197948e-05,3,3,2.6149978690197948e-05,0.0
Ø§Ù„Ù…Ø²Ø§Ø¯Ø§Ù„ØªØºÙŠØ±ØµØ¯Ù‚,2.614350600112782e-05,13,6,2.614350600112782e-05,0.0
Ø°ÙˆÙˆ,2.6143437378396678e-05,6,6,2.6143437378396678e-05,0.0
Ø§Ù„Ù…Ø§Ù†ÙŠØ§,2.6121119047636176e-05,4,3,2.6121119047636176e-05,0.0
Ù„ØªÙ„ÙØ²ÙŠÙˆÙ†,2.6099359953508937e-05,16,16,2.6099359953508937e-05,0.0
Ø¨Ø§Ù„Ø§Ø¹ØªÙ…Ø§Ø¯,2.6090940757065293e-05,7,6,2.6090940757065293e-05,0.0
Ø§Ù„Ø§Ø³ØªØºÙ†Ø§Ø¡,2.608672407457317e-05,13,9,2.608672407457317e-05,0.0
Ù‚Ø¯Ù…ØªÙ‡,2.605875650336051e-05,3,3,2.605875650336051e-05,0.0
Ù…Ø³ÙŠØ±ØªÙ‡Ø§,2.6053824016374587e-05,7,7,2.6053824016374587e-05,0.0
Ù…Ø²Ø¯ÙˆØ¬,2.6031215233078896e-05,3,3,2.6031215233078896e-05,0.0
ÙˆÙ†ÙˆØ¹ÙŠÙ‡,2.6009717112907814e-05,9,8,2.6009717112907814e-05,0.0
Ù…Ø¯Ø±Ø¨Ù‡,2.5983551127608284e-05,4,4,2.5983551127608284e-05,0.0
ÙˆØ§ÙŠØ±Ø§Ø¯,2.597215493032471e-05,3,3,2.597215493032471e-05,0.0
ÙƒØ§Ù†ÙˆØ§,2.594973723303737e-05,11,11,2.594973723303737e-05,0.0
Ø§Ù„Ù…Ø·Ø§Ø·,2.591563022617707e-05,7,3,2.591563022617707e-05,0.0
Ø§Ù„Ø¬Ù„Ø§ÙŠÙƒÙˆÙ„,2.590690635623013e-05,17,16,2.590690635623013e-05,0.0
Ø§Ù„Ø¹Ù…Ø±Ø§Ù†ÙŠÙ‡,2.584365623240864e-05,3,3,2.584365623240864e-05,0.0
Ù…ÙˆØ¯ÙŠØ²,2.5802618795780886e-05,97,15,2.5802618795780886e-05,0.0
Ø§Ù„Ø¬ØºØ±Ø§ÙÙŠÙ‡,2.5780095437898907e-05,15,15,2.5780095437898907e-05,0.0
ØªØ­ÙˆÙŠÙ„ÙŠÙ‡,2.5774279157512313e-05,10,9,2.5774279157512313e-05,0.0
Ø§Ù„Ù…Ø²Ø§Ø¯Ø§Ù„ØªØºÙŠØ±Ø­Ù„ÙˆØ§Ù†ÙŠ,2.5773515592035468e-05,37,10,2.5773515592035468e-05,0.0
Ø§Ø­ØªÙŠØ§Ø·ÙŠÙ‡,2.5742864054953094e-05,8,6,2.5742864054953094e-05,0.0
ÙˆØ§Ø³ØªØ­ÙˆØ§Ø°,2.5722967606605885e-05,4,3,2.5722967606605885e-05,0.0
ØºÙˆÙ„Ø¯Ù…Ø§Ù†,2.5717624463294914e-05,3,3,2.5717624463294914e-05,0.0
Ù…Ø³ØªÙ‚Ø±Ø§,2.5700479534002223e-05,7,6,2.5700479534002223e-05,0.0
Ø§Ø¨Ù„Ø§Øº,2.5671185462484883e-05,4,3,2.5671185462484883e-05,0.0
Ù„Ù„ØªØ¹Ø¯ÙŠÙ†,2.5660923280770337e-05,12,5,2.5660923280770337e-05,0.0
Ù„Ù„Ù…Ø´ØªØ±ÙŠÙ†,2.5621132841480682e-05,25,12,2.5621132841480682e-05,0.0
ØªÙ‚Ø±Ø±Ù‡,2.5621132841480682e-05,25,12,2.5621132841480682e-05,0.0
ÙˆÙ„Ù„Ø§Ø³ÙˆØ§Ù‚,2.5621132841480682e-05,25,12,2.5621132841480682e-05,0.0
Ù…ÙŠØ«Ø§Ù†ÙƒØ³,2.5621132841480682e-05,25,12,2.5621132841480682e-05,0.0
ÙˆØ§Ù„Ø§Ø³ØªØ±Ø§ØªÙŠØ¬ÙŠ,2.561758234564154e-05,3,3,2.561758234564154e-05,0.0
Ø±Ø®ØµÙ‡,2.5581046883682525e-05,23,14,2.5581046883682525e-05,0.0
ØªÙ‡ØªÙ…,2.5559309845114898e-05,9,5,2.5559309845114898e-05,0.0
Ù…ÙƒØ±Ø±,2.552375724799722e-05,58,35,2.552375724799722e-05,0.0
Ø§Ù„ÙˆØ³Ø·ÙŠ,2.5516071749127572e-05,8,4,2.5516071749127572e-05,0.0
Ø¨Ù…Ù†Ø§Ù‚Ø´Ù‡,2.551364402771812e-05,10,9,2.551364402771812e-05,0.0
Ø¨Ø§Ù„ØªØ±Ø´ÙŠØ­Ø§Øª,2.5495496142639263e-05,3,3,2.5495496142639263e-05,0.0
ÙˆØ·Ù…Ø§Ù†ÙŠÙ†Ù‡,2.549172326201925e-05,5,4,2.549172326201925e-05,0.0
Ø¨Ø·Ø±Ø­,2.5462595757080486e-05,7,7,2.5462595757080486e-05,0.0
Ø¨Ø§Ù„Ù…Ø´Ø§Ø±ÙŠØ¹,2.54243501694927e-05,4,4,2.54243501694927e-05,0.0
Ø³ØªØ¹Ø²Ø²,2.541340517434258e-05,11,9,2.541340517434258e-05,0.0
ÙˆØ®Ø·ÙˆØ§Øª,2.5379653357359157e-05,3,3,2.5379653357359157e-05,0.0
Ø³ØªØµØ¨Ø­,2.5378534655939672e-05,4,4,2.5378534655939672e-05,0.0
ÙˆØ®Ø·Ù‡,2.5375288134019272e-05,8,8,2.5375288134019272e-05,0.0
Ø´Ø§Ø´Ù‡,2.5372305232057268e-05,1154,287,2.5372305232057268e-05,0.0
Ø´Ù‡Ø¯ØªÙ‡,2.5355362285161096e-05,4,4,2.5355362285161096e-05,0.0
Ù…Ù…Ø«Ù„ÙŠÙ†,2.5344664715422133e-05,31,18,2.5344664715422133e-05,0.0
ÙˆØ¹Ù‚Ø¨,2.531761656972147e-05,6,6,2.531761656972147e-05,0.0
Ù„Ø´Ø±ÙƒØªÙ‡Ø§,2.5287151462890373e-05,11,7,2.5287151462890373e-05,0.0
ØªØªÙ…ØªØ¹,2.5281632788346662e-05,40,26,2.5281632788346662e-05,0.0
Ø¨Ø¯Ù„,2.5247775632650827e-05,62,11,2.5247775632650827e-05,0.0
ØµÙ†Ø§Ø¹ÙŠØ§,2.5219787454047637e-05,8,8,2.5219787454047637e-05,0.0
Ø´Ø¹Ø§Ø±Ù‡,2.5208895371100277e-05,3,3,2.5208895371100277e-05,0.0
Ù„Ù„Ø­Ø¬,2.5183083744639305e-05,6,4,2.5183083744639305e-05,0.0
Ø¹Ù‚Ø§Ø±ÙŠÙ‡,2.517121221612345e-05,30,12,2.517121221612345e-05,0.0
Ø³Ù„Ø³Ù‡,2.5168488811795508e-05,3,3,2.5168488811795508e-05,0.0
Ø§Ø¸Ù‡Ø±,2.516422009292992e-05,644,285,2.516422009292992e-05,0.0
ØªÙ‚ØªØ±Ø¨,2.5162642616478348e-05,9,4,2.5162642616478348e-05,0.0
Ù„Ù„Ø­ÙØ§Ø¸,2.515974476994792e-05,12,12,2.515974476994792e-05,0.0
Ø¯ÙŠØ²Ù„,2.5111426883421763e-05,9,5,2.5111426883421763e-05,0.0
ØªØ®ØªØµ,2.5106944042579884e-05,4,4,2.5106944042579884e-05,0.0
Ø§Ù„ÙˆØ±Ø´,2.509301906185918e-05,10,6,2.509301906185918e-05,0.0
Ø¹Ø§Ù„Ù…ÙŠØ§,2.5080343636877597e-05,123,77,2.5080343636877597e-05,0.0
Ù…Ù‚ÙˆÙ…Ø§Øª,2.5079341656419256e-05,7,6,2.5079341656419256e-05,0.0
Ù„Ù„Ù…ÙˆØ§Ù†Ø¦,2.5033696739812518e-05,7,3,2.5033696739812518e-05,0.0
Ø³ÙŠØ¹ÙˆØ¯,2.5032491573579246e-05,4,4,2.5032491573579246e-05,0.0
Ø§Ø´ØªØ±Ø§Ùƒ,2.5026021356893912e-05,38,16,2.5026021356893912e-05,0.0
Ø§Ù„Ø¹Ø§Ù…Ù„ÙŠÙ†,2.501775263224363e-05,128,38,2.501775263224363e-05,0.0
Ø§Ù„Ø¹Ø¯ÙˆÙŠ,2.5007592163705057e-05,9,3,2.5007592163705057e-05,0.0
Ø§Ù„Ù…ÙŠØ§Ù‡,2.4981894552093502e-05,102,50,2.4981894552093502e-05,0.0
Ø§Ù„ØµØ­ÙŠÙÙ‡,2.4959974293952603e-05,24,12,2.4959974293952603e-05,0.0
ØºØ¯,2.4944246057853146e-05,11,6,2.4944246057853146e-05,0.0
Ø±Ø§Ø¨ØºØ±Ø§Ø¨Ø·,2.4941553212305705e-05,5,5,2.4941553212305705e-05,0.0
ÙˆÙ†ØªØ§Ø¦Ø¬,2.492045420264242e-05,7,4,2.492045420264242e-05,0.0
ÙˆØ§Ù„Ø§Ø³ØªÙ…Ø±Ø§Ø±,2.4903987307689406e-05,6,6,2.4903987307689406e-05,0.0
ÙˆØªØ±Ø³ÙŠØ®,2.4869337298004694e-05,6,6,2.4869337298004694e-05,0.0
Ù„Ù„Ø³ÙƒÙ†,2.4827612568559508e-05,5,4,2.4827612568559508e-05,0.0
ÙˆØªØ¹ØªØ²Ù…,2.4796223074171105e-05,14,9,2.4796223074171105e-05,0.0
ÙˆØ´Ø§Ø¨Ø§Øª,2.47599593705111e-05,3,3,2.47599593705111e-05,0.0
Ø¨Ø´Ø±Ø­,2.467494618634956e-05,18,18,2.467494618634956e-05,0.0
Ø¨ØªØ§Ù…ÙŠÙ†,2.4673877551694017e-05,8,7,2.4673877551694017e-05,0.0
Ù…Ø§Ù„Ù‡Ø§,2.466584824996982e-05,33,23,2.466584824996982e-05,0.0
ÙŠÙˆÙ†ÙŠÙˆØ§ØºÙ„Ø§Ù‚,2.4660968089378028e-05,12,3,2.4660968089378028e-05,0.0
Ù…ØªØ¬Ø§ÙˆØ²Ù‡,2.4659883562750636e-05,9,6,2.4659883562750636e-05,0.0
ÙˆÙŠØªÙƒÙˆÙ†,2.4590305513720557e-05,7,6,2.4590305513720557e-05,0.0
Ù„Ø§Ø³ØªØ«Ù…Ø§Ø±,2.4583419317413675e-05,5,5,2.4583419317413675e-05,0.0
Ù‚ÙŠØ§Ø¯ØªÙ†Ø§,2.4568901562705777e-05,5,5,2.4568901562705777e-05,0.0
ÙˆØ§Ù„Ø§Ø®ØªØ±Ø§Ø¹,2.4565457566193752e-05,4,3,2.4565457566193752e-05,0.0
ØªØ®ÙÙŠØ¶Ù‡Ø§,2.4555085464091124e-05,5,3,2.4555085464091124e-05,0.0
ÙŠØ±ÙŠØ¯,2.4533441701753478e-05,9,4,2.4533441701753478e-05,0.0
Ø³Ø¹Ø±Ø§,2.4529222270201646e-05,27,14,2.4529222270201646e-05,0.0
ÙˆÙ‡ÙˆØ§ÙˆÙŠ,2.448488382268729e-05,4,4,2.448488382268729e-05,0.0
Ù…Ø³ØªÙˆØ±Ø¯,2.4480321671698046e-05,27,14,2.4480321671698046e-05,0.0
ÙˆØ¨ØªØ¯Ø§ÙˆÙ„Ø§Øª,2.442833379078331e-05,9,4,2.442833379078331e-05,0.0
Ø§Ù„ØªØ·ÙˆÙŠØ±ØªÙˆØ¯,2.442025383511677e-05,3,3,2.442025383511677e-05,0.0
ÙˆØ§Ù„ØºØ§Ø¡,2.440567402595716e-05,20,14,2.440567402595716e-05,0.0
Ø§Ù„Ù…ÙØ§ÙˆØ¶Ø§Øª,2.438962783511934e-05,40,22,2.438962783511934e-05,0.0
Ø¹Ø§Ù„Ù…ÙŠÙŠÙ†,2.4364413587026246e-05,8,7,2.4364413587026246e-05,0.0
ÙˆØ§Ù„Ù…Ø¶ÙŠ,2.4349624916797803e-05,8,6,2.4349624916797803e-05,0.0
ÙˆØªØºÙŠØ±,2.4348305655096e-05,7,5,2.4348305655096e-05,0.0
Ø§Ù„Ù…Ø²Ø§Ø¯Ø§Ù„ØªØºÙŠØ±Ø§Ù„Ø®Ù„ÙŠØ¬ÙŠÙ‡,2.432850647553729e-05,9,4,2.432850647553729e-05,0.0
Ø§Ù„Ù…ØªÙˆØ§ØµÙ„,2.4327257824323038e-05,18,16,2.4327257824323038e-05,0.0
Ø§Ù„Ø´Ø±ÙˆØ¹,2.430291382793203e-05,3,3,2.430291382793203e-05,0.0
Ø§Ù„Ø³Ø¨Ù„,2.4300444594881673e-05,5,5,2.4300444594881673e-05,0.0
ÙˆØ§Ù‚Ù„ÙŠÙ…ÙŠÙ‡,2.4299866092879844e-05,3,3,2.4299866092879844e-05,0.0
ÙˆÙ…Ø¨Ø§Ø¯Ø¦,2.4297200711690755e-05,7,5,2.4297200711690755e-05,0.0
Ø§Ù„ØªÙØ§Ø¹Ù„ÙŠÙ‡,2.4296053010472228e-05,6,6,2.4296053010472228e-05,0.0
ØµØ¹Ø¯Ù‡Ø§,2.4265403334395975e-05,7,7,2.4265403334395975e-05,0.0
Ø¨Ø§Ù†ØªØ§Ø¬,2.4211446393965296e-05,11,8,2.4211446393965296e-05,0.0
ØªØ¹Ø¯ÙŠÙ†,2.4201391737950842e-05,6,6,2.4201391737950842e-05,0.0
Ø§Ù„Ù…Ù†Ø§Ù‚ØµÙ‡,2.4189700737048944e-05,6,4,2.4189700737048944e-05,0.0
Ø§Ù„Ø¹Ù‡Ø¯,2.4176048299672205e-05,120,46,2.4176048299672205e-05,0.0
Ù„Ø¯ÙŠÙ‡Ù…,2.4172413580538165e-05,38,27,2.4172413580538165e-05,0.0
ÙˆØ§Ù„Ù…Ø¯ÙÙˆØ¹Ø§Øª,2.416623000490722e-05,9,5,2.416623000490722e-05,0.0
Ø§Ù„Ø§Ø¨Ù‚Ø§Ø±,2.4162888406238353e-05,9,8,2.4162888406238353e-05,0.0
Ø§Ù‚ØªÙ†Ø§Øµ,2.4114867668248105e-05,3,3,2.4114867668248105e-05,0.0
Ø§Ù„Ø¹Ø¨Ø§Ø¯ÙŠ,2.4114434052981162e-05,6,5,2.4114434052981162e-05,0.0
Ø³ÙƒØ±,2.411132009440237e-05,3,3,2.411132009440237e-05,0.0
Ø§Ù„Ù…ÙˆÙÙ‚,2.4087531956488355e-05,14,14,2.4087531956488355e-05,0.0
Ø§Ø³Ø¨ÙˆØ¹Ø§Ù…Ù„Ø§Ø°,2.4074806399051318e-05,3,3,2.4074806399051318e-05,0.0
Ø§Ø³ØªØ·Ø§Ø¹Øª,2.4062296728822917e-05,30,20,2.4062296728822917e-05,0.0
ÙˆØ¬Ù‡,2.405686425041567e-05,46,34,2.405686425041567e-05,0.0
Ø§Ù„Ù…Ø³Ø§Ø­Ø§Øª,2.405636324113408e-05,4,4,2.405636324113408e-05,0.0
ÙˆØ¹ÙŠØ¯,2.4008833381513333e-05,8,3,2.4008833381513333e-05,0.0
Ø§Ø¨Ø±Ù…Øª,2.3998941370219406e-05,21,18,2.3998941370219406e-05,0.0
ÙŠÙ†ØªØ´Ø±ÙˆÙ†,2.3998847859602984e-05,3,3,2.3998847859602984e-05,0.0
ÙˆØ¯Ø±Ø§Ø¬Ø§ØªÙ‡Ø§,2.3998847859602984e-05,3,3,2.3998847859602984e-05,0.0
Ø´Ø§Ù‡Ø¯Ù‡,2.399682034150311e-05,3,3,2.399682034150311e-05,0.0
Ø§Ø­ØªÙØ§Ø¸,2.3985545187980056e-05,10,9,2.3985545187980056e-05,0.0
Ø§Ù„Ø¶Ø¹ÙŠÙ,2.3977592294122383e-05,8,8,2.3977592294122383e-05,0.0
Ø§Ù„Ù…Ø±ØªÙƒØ²Ù‡,2.397605058137104e-05,3,3,2.397605058137104e-05,0.0
ÙˆØ¨ØªÙ…ÙˆÙŠÙ„,2.397471668672297e-05,6,6,2.397471668672297e-05,0.0
Ø¨Ø§Ù„Ù‚Ø±ÙˆØ¶,2.3972016805383687e-05,3,3,2.3972016805383687e-05,0.0
ØªÙØªØªØ­,2.3957748973181063e-05,5,3,2.3957748973181063e-05,0.0
Ø§Ø¨ØªÙƒØ§Ø±ÙŠÙ‡,2.39519497642489e-05,5,4,2.39519497642489e-05,0.0
Ø§Ù„ÙÙˆØ³ÙÙˆØ±ÙŠÙƒ,2.3936484779952637e-05,11,5,2.3936484779952637e-05,0.0
Ø§Ù„Ù…Ø²Ø§Ø¯Ø§Ù„ØªØºÙŠØ±Ø³ÙˆÙŠÙƒÙˆØ±Ø¨,2.393364410924068e-05,8,3,2.393364410924068e-05,0.0
Ø§Ù„Ù…Ù…ÙˆÙ„ÙŠÙ†,2.390608415206631e-05,19,8,2.390608415206631e-05,0.0
Ø¨Ø§Ù„Ø·Ø§Ø¦Ù,2.3881022196387764e-05,3,3,2.3881022196387764e-05,0.0
ØªÙØ§Ø¹Ù„Ø§,2.387022620626314e-05,6,5,2.387022620626314e-05,0.0
Ø±Ø§Ø­Ù‡,2.3869494320441637e-05,17,9,2.3869494320441637e-05,0.0
Ù„Ø­ÙˆÙƒÙ…Ù‡,2.385256497034276e-05,4,4,2.385256497034276e-05,0.0
Ø§Ù„ØªØ°Ø¨Ø°Ø¨,2.3823885304156995e-05,8,4,2.3823885304156995e-05,0.0
ØªØ³ØªØ·ÙŠØ¹,2.3823652707643185e-05,11,8,2.3823652707643185e-05,0.0
ÙˆØ§Ù„Ø«Ù„Ø§Ø«ÙˆÙ†,2.3807203967397104e-05,3,3,2.3807203967397104e-05,0.0
Ø³Ø§Ø±,2.379762835553236e-05,46,12,2.379762835553236e-05,0.0
Ø§Ø¨ØªØ¯Ø§Ø¡Ø§,2.3775809957076088e-05,10,9,2.3775809957076088e-05,0.0
Ù„Ø§Ø¹Ø¨Ø§,2.3681267507743054e-05,4,4,2.3681267507743054e-05,0.0
Ø¨Ø§Ù„Ù…Ø³Ø§Ù‡Ù…Ù‡,2.3680320448104216e-05,7,7,2.3680320448104216e-05,0.0
Ø¨Ø¯Ø§Ù†Ø§,2.3674587641276586e-05,6,6,2.3674587641276586e-05,0.0
Ù„ØªØ´ÙƒÙŠÙ„,2.3663283408757166e-05,8,8,2.3663283408757166e-05,0.0
Ù…ÙˆØ«ÙˆÙ‚,2.3653300100072453e-05,7,6,2.3653300100072453e-05,0.0
Ø§Ù„Ù…Ø¯Ù‚Ù‚Ù‡,2.3644688470135854e-05,7,5,2.3644688470135854e-05,0.0
Ø§Ø®ØªØ¨Ø§Ø±,2.3619081098818066e-05,22,13,2.3619081098818066e-05,0.0
Ø§Ù„Ù…Ø²Ø§Ø¯Ø§Ù„ØªØºÙŠØ±Ù…Ù„Ø§Ø°,2.3617153754150902e-05,24,9,2.3617153754150902e-05,0.0
ÙˆØ§Ù„Ø³Ø¹ÙŠ,2.3563862835761056e-05,8,8,2.3563862835761056e-05,0.0
ÙˆØ¨Ø¯Ø§Øª,2.356210488516348e-05,28,13,2.356210488516348e-05,0.0
ÙˆØ§Ù„Ù…Ø²Ø§ÙŠØ§,2.355934755485568e-05,10,9,2.355934755485568e-05,0.0
Ø§Ù„Ù…ØªØ§Ø¬Ø±,2.3504202267357798e-05,10,5,2.3504202267357798e-05,0.0
ÙˆÙ…Ø´Ø±ÙˆØ¹Ø§ØªÙ‡Ø§,2.350387000068476e-05,3,3,2.350387000068476e-05,0.0
Ø§Ø¬ÙˆØ±,2.347219779943246e-05,5,4,2.347219779943246e-05,0.0
Ø§Ù„Ù…ÙˆØ§Ø²Ù†Ù‡,2.3463547063435322e-05,23,10,2.3463547063435322e-05,0.0
Ù„ÙŠÙˆÙ…,2.343382230374959e-05,101,38,2.343382230374959e-05,0.0
Ù„Ù„Ù…Ø´ØºÙ„ÙŠÙ†,2.3418741896369983e-05,8,4,2.3418741896369983e-05,0.0
Ø§Ù„Ù†Ù‡Ø¶Ù‡,2.3396418209771837e-05,7,7,2.3396418209771837e-05,0.0
Ø§Ø´Ø¹Ø§Ø±Ø§,2.3384170534270877e-05,6,4,2.3384170534270877e-05,0.0
ØªÙ„ØªÙ‡Ø§,2.3348064199692672e-05,60,23,2.3348064199692672e-05,0.0
ÙƒÙƒÙ„,2.3333620619702475e-05,14,11,2.3333620619702475e-05,0.0
ØªÙˆØ§Ø¬Ø¯Ù‡Ø§,2.3328194887894367e-05,7,7,2.3328194887894367e-05,0.0
Ø³ØªØ´ÙƒÙ„,2.3327732613078023e-05,6,5,2.3327732613078023e-05,0.0
Ø³ÙŠØ³Ø§Ø¹Ø¯,2.3326871033344878e-05,17,11,2.3326871033344878e-05,0.0
Ø¨Ù…Ø²Ø§ÙˆÙ„Ù‡,2.3315764895148416e-05,15,13,2.3315764895148416e-05,0.0
Ù…ØªÙ…Ø«Ù„,2.3312820860840492e-05,5,4,2.3312820860840492e-05,0.0
MWC,2.3296593765946043e-05,4,4,2.3296593765946043e-05,0.0
Ø§Ù„ØªØ¹Ø±ÙŠÙÙŠÙ‡,2.3296497338112854e-05,5,3,2.3296497338112854e-05,0.0
Ù„Ù„Ù…Ù‡Ù†Ø¯Ø³,2.3291906162638443e-05,6,5,2.3291906162638443e-05,0.0
Ù†Ø§ÙØ°Ø§,2.3278132737828033e-05,31,15,2.3278132737828033e-05,0.0
Ø¨Ø§Ø³Ù‡Ù…,2.3266141362759437e-05,12,6,2.3266141362759437e-05,0.0
Ø§Ù„Ù…ÙˆØ²Ø¹,2.32424131655934e-05,11,6,2.32424131655934e-05,0.0
pages,2.323364894312685e-05,6,6,2.323364894312685e-05,0.0
Ø§Ù„ØªÙˆØ¬ÙŠÙ‡ÙŠÙ‡,2.322813243697849e-05,6,3,2.322813243697849e-05,0.0
ÙˆØ§Ù„ÙˆÙ‚ÙˆÙ,2.3227919272324915e-05,3,3,2.3227919272324915e-05,0.0
Ù„Ø§Ø®ØªÙŠØ§Ø±,2.322248652710362e-05,7,7,2.322248652710362e-05,0.0
ÙˆØªØ³ØªØ®Ø¯Ù…,2.3222234587496325e-05,4,4,2.3222234587496325e-05,0.0
Ø§Ø³ØªØºØ±Ù‚,2.3179436675517197e-05,4,4,2.3179436675517197e-05,0.0
Ø§Ù„Ù…ÙƒØ§ÙØ¦,2.31580889454595e-05,5,5,2.31580889454595e-05,0.0
Ø§Ù„Ø­Ø§Ù„ÙŠ,2.3109312277155203e-05,1572,558,2.3109312277155203e-05,0.0
Ø¬Ù…ÙŠØ¹Ø§,2.3089594654989958e-05,22,17,2.3089594654989958e-05,0.0
ÙˆØ§Ù„Ø¨Ø±Ù…Ø¬Ù‡,2.3084755961153954e-05,12,6,2.3084755961153954e-05,0.0
Ù…ØªØºÙŠØ±,2.3081625211112e-05,5,3,2.3081625211112e-05,0.0
Ø§Ù„Ø³Ø¨Ø§Ù‚Ù‡,2.3075786060254155e-05,3,3,2.3075786060254155e-05,0.0
ÙˆØ§Ù„Ù…ÙˆØ§Ø·Ù†,2.306757831265821e-05,3,3,2.306757831265821e-05,0.0
ØªÙƒØ´Ù,2.304701841587118e-05,18,17,2.304701841587118e-05,0.0
ÙˆØ§Ø³ØªØ«Ù…Ø±Øª,2.3044412939436055e-05,3,3,2.3044412939436055e-05,0.0
Ø¬,2.3029642687651357e-05,14,12,2.3029642687651357e-05,0.0
Ø§Ù†Ø¹ÙƒØ³Øª,2.300929556906344e-05,6,3,2.300929556906344e-05,0.0
Ø¨Ø§Ø³ØªØ­Ø¯Ø§Ø«,2.3000071146454047e-05,3,3,2.3000071146454047e-05,0.0
ÙˆØ¹ÙˆØ¯Ù‡,2.2987088814086404e-05,7,7,2.2987088814086404e-05,0.0
Ø§Ø³Ø¨ÙˆØ¹Ø§Ù…Ø¨ÙƒÙˆ,2.298581091488649e-05,27,15,2.298581091488649e-05,0.0
Ù„Ù‚Ø±Ø¶,2.297815289472093e-05,4,4,2.297815289472093e-05,0.0
Ø§Ù„Ù…Ø²ÙˆØ¯Ù‡,2.2975643750720427e-05,3,3,2.2975643750720427e-05,0.0
ØªØ¬Ø±Ø¨ØªÙ‡Ù…,2.2952531423507826e-05,3,3,2.2952531423507826e-05,0.0
Ø§Ù„Ø§Ù„Ù…Ø§Ù†ÙŠÙ‡,2.294835428394756e-05,23,16,2.294835428394756e-05,0.0
Ø§Ù„ØªØµÙ…ÙŠÙ…ÙŠÙ‡,2.2932335694703565e-05,10,10,2.2932335694703565e-05,0.0
Ù…Ø³Ø§Ù†Ø¯Ù‡,2.2932126153774913e-05,4,3,2.2932126153774913e-05,0.0
ÙˆØªØ¶ÙŠÙ,2.2931199923519045e-05,31,4,2.2931199923519045e-05,0.0
Ø±ÙˆØ§Ø¨Ø·,2.289744121876013e-05,3,3,2.289744121876013e-05,0.0
Ù„Ø§ÙŠØ²Ø§Ù„,2.2876926612478342e-05,4,4,2.2876926612478342e-05,0.0
Ù„Ø´Ø±Ø­,2.285333718237119e-05,4,4,2.285333718237119e-05,0.0
Ø§Ù„Ù…Ù†Ø´Ø¦Ø§Øª,2.282530868309629e-05,3,3,2.282530868309629e-05,0.0
ÙˆØ·Ù„Ø¨,2.2818630684501386e-05,5,5,2.2818630684501386e-05,0.0
Ø§Ù„Ø­ÙŠØ§Ù‡,2.2808638567411645e-05,29,24,2.2808638567411645e-05,0.0
ÙˆØªØªÙŠØ­,2.2800040449039045e-05,8,6,2.2800040449039045e-05,0.0
ÙˆÙ†ØªØ§Ø¦Ø¬Ù‡Ø§,2.279061340692017e-05,29,28,2.279061340692017e-05,0.0
Ø§Ù„Ù…Ø²Ø§Ø¯Ø§Ù„ØªØºÙŠØ±Ø§Ù„Ø§Ù†Ù…Ø§Ø¡,2.2764399661482763e-05,10,5,2.2764399661482763e-05,0.0
Ø¨Ø§Ù„Ù‚Ø±Ø¨,2.2757853216374057e-05,5,5,2.2757853216374057e-05,0.0
Ù‚Ø§Ø¯Ø±Ù‡,2.272181760839153e-05,32,25,2.272181760839153e-05,0.0
ÙˆØ§Ù„Ù‡Ø§ØªÙ,2.2707847163271657e-05,13,8,2.2707847163271657e-05,0.0
ÙˆØ¨Ø§Ù„ØªÙ†Ø³ÙŠÙ‚,2.2687910197214787e-05,5,5,2.2687910197214787e-05,0.0
ÙŠÙ…Ø³,2.2685093376252213e-05,7,4,2.2685093376252213e-05,0.0
Ù„ÙŠÙƒØªÙ…Ù„,2.2679848673641048e-05,3,3,2.2679848673641048e-05,0.0
Ø§Ù„Ø³Ø¹ÙˆØ¯ÙŠØªÙ†ØªÙ‡ÙŠ,2.2679236937962158e-05,15,13,2.2679236937962158e-05,0.0
Ø­Ø§Ø²Øª,2.2665029280834563e-05,3,3,2.2665029280834563e-05,0.0
Ø§Ù„Ø§ÙŠØ«Ø§Ù†,2.2647167949597316e-05,29,9,2.2647167949597316e-05,0.0
Ù„Ø´Ø¤ÙˆÙ†,2.2645423737120412e-05,20,16,2.2645423737120412e-05,0.0
ÙˆÙˆÙƒØ§Ù„Ù‡,2.2597534905713213e-05,4,4,2.2597534905713213e-05,0.0
Ù„Ù„Ù…ÙƒØªØªØ¨ÙŠÙ†,2.2573241263966805e-05,18,9,2.2573241263966805e-05,0.0
Ù…ØªØ§Ø¨Ø¹,2.2572252901471534e-05,12,3,2.2572252901471534e-05,0.0
Ø§Ù„ØªÙ…ÙˆÙŠÙ„Ø§Ù„ÙØªØ±Ù‡Ø§Ù„Ø²ÙƒØ§Ù‡,2.2568185949579276e-05,10,10,2.2568185949579276e-05,0.0
Ø§Ù„Ø­Ø¯Ø«Ø§Ù„ØªØ§Ø±ÙŠØ®Ø¹Ù‚Ø¯,2.2567730336851586e-05,3,3,2.2567730336851586e-05,0.0
Ù„Ù„Ø±Ø¬Ø§Ù„,2.2545122042185126e-05,18,13,2.2545122042185126e-05,0.0
Ø§Ù„Ø­Ø§ØµÙ„,2.2525562296217802e-05,35,33,2.2525562296217802e-05,0.0
Ø¬Ù†Ø¨,2.2518704734907458e-05,10,8,2.2518704734907458e-05,0.0
ÙˆØ§ØªÙ…ØªÙ‡,2.2516978655392225e-05,14,7,2.2516978655392225e-05,0.0
Ù„Ù„Ø·ÙˆØ§Ø±Ø¦,2.2493435580099096e-05,6,6,2.2493435580099096e-05,0.0
ØªÙ…Ù„ÙƒÙ‡Ø§,2.248150123754728e-05,17,10,2.248150123754728e-05,0.0
ÙˆØ±ÙƒØ²Øª,2.2454831055529822e-05,5,3,2.2454831055529822e-05,0.0
ØªØ³ØªØ«Ù…Ø±,2.2414944422037193e-05,12,9,2.2414944422037193e-05,0.0
ÙˆÙ…Ø­ÙØ²Ø§Øª,2.240035216918182e-05,4,4,2.240035216918182e-05,0.0
Ø§Ø¨Ø§Ø§Ù„Ø®ÙŠÙ„,2.2398129007928324e-05,4,3,2.2398129007928324e-05,0.0
ÙˆØ§Ù†ØªÙ‡Øª,2.2389867487513025e-05,13,4,2.2389867487513025e-05,0.0
ØªØ´ÙŠØ³,2.2373656124355375e-05,8,5,2.2373656124355375e-05,0.0
Ù…Ø±Ø¶,2.2369583690303795e-05,5,5,2.2369583690303795e-05,0.0
Ù„Ù„Ù…Ù‚Ø±Ø¶ÙŠÙ†,2.2367534049389856e-05,29,13,2.2367534049389856e-05,0.0
Ø§Ù„Ø´Ø±ÙŠÙƒ,2.23640674306886e-05,20,15,2.23640674306886e-05,0.0
Ø§Ù„Ø§Ø³ØªÙ‚Ø·Ø§Ø¹,2.235555802427723e-05,16,11,2.235555802427723e-05,0.0
ÙŠÙ†Ø·Ø¨Ù‚Ø§Ù„ØªØ§Ø±ÙŠØ®,2.2352014727860423e-05,5,4,2.2352014727860423e-05,0.0
ÙˆØ§Ù„Ø«Ø±ÙˆÙ‡,2.2338547789882165e-05,66,36,2.2338547789882165e-05,0.0
Ø§Ù„Ù…Ù„Ø²Ù…Ù‡,2.2317539356049545e-05,16,10,2.2317539356049545e-05,0.0
ØªÙØ§Ù‚Ù…,2.227446241191432e-05,7,3,2.227446241191432e-05,0.0
Ø§Ù„Ø§Ø³ÙŠÙˆÙŠÙ‡,2.2271436791697488e-05,147,33,2.2271436791697488e-05,0.0
ÙˆÙƒÙØ§Ø¡Ø§Øª,2.226462875340252e-05,4,3,2.226462875340252e-05,0.0
Ø¨ØªØ®ØµÙŠØµ,2.2246328095710072e-05,4,4,2.2246328095710072e-05,0.0
Ù…Ø§Ø¶ÙŠ,2.2241139542278458e-05,7,4,2.2241139542278458e-05,0.0
ØªÙ…ÙŠØ²,2.223182012777828e-05,9,9,2.223182012777828e-05,0.0
ØªØ±Ø§Ø³,2.2218958764980365e-05,9,7,2.2218958764980365e-05,0.0
Ø¹Ù…Ù„Ù‡,2.221304790715408e-05,36,22,2.221304790715408e-05,0.0
Ø§Ù„Ù…Ø²Ø§Ø¯Ø§Ù„ØªØºÙŠØ±Ø§Ù„Ø§Ù‡Ù„ÙŠ,2.2181784094851398e-05,58,21,2.2181784094851398e-05,0.0
Ù…Ù†Ø­Ù‡,2.2162849810901772e-05,147,36,2.2162849810901772e-05,0.0
Ø§Ù„Ø§Ù†ØªØ§Ø¬Ø§Ù„Ù†Ø³Ø¨Ù‡,2.215376596285791e-05,8,4,2.215376596285791e-05,0.0
Ø§Ù„Ù…Ø¨ÙŠØ¹Ø§ØªØ§Ù„Ù†Ø³Ø¨Ù‡,2.215376596285791e-05,8,4,2.215376596285791e-05,0.0
LLDPE,2.215376596285791e-05,12,4,2.215376596285791e-05,0.0
HDPE,2.215376596285791e-05,8,4,2.215376596285791e-05,0.0
Ø§Ù„Ù…Ø¨ÙŠØ¹Ø§ØªÙ‚ÙŠÙ…Ù‡,2.2153765962857905e-05,4,4,2.2153765962857905e-05,0.0
Ø§Ù„Ø§Ù†ØªØ§Ø¬ÙƒÙ…ÙŠÙ‡,2.2153765962857905e-05,4,4,2.2153765962857905e-05,0.0
Ø§Ù„Ø§Ù†ØªØ§Ø¬Ø§Ù„Ø§Ø«ÙŠÙ„ÙŠÙ†,2.2153765962857905e-05,4,4,2.2153765962857905e-05,0.0
Ù„Ù…Ø¬Ù…Ø¹Ù‡Ø§,2.2153765962857905e-05,4,4,2.2153765962857905e-05,0.0
Ø§Ù„ØªØºÙŠØ±Ø§Ø³ÙŠØ§,2.2153765962857905e-05,4,4,2.2153765962857905e-05,0.0
ÙƒØ§Ù„Ø¨ÙˆÙ„ÙŠ,2.2153765962857905e-05,4,4,2.2153765962857905e-05,0.0
Ø§Ù„Ø¹Ù…ÙˆØ¯ÙŠ,2.2118623199854888e-05,4,4,2.2118623199854888e-05,0.0
Ù…Ù†ØªØ¬Ø§,2.211756149006142e-05,9,8,2.211756149006142e-05,0.0
ÙˆÙ†Ø§Ù‚Ø´Øª,2.2105599199734558e-05,3,3,2.2105599199734558e-05,0.0
Ø§Ù„Ù†Ø§Ø¬Ù…,2.2097000590825097e-05,6,3,2.2097000590825097e-05,0.0
Ù…Ù…Ø§Ø«Ù„Ø§,2.2087718688653617e-05,5,5,2.2087718688653617e-05,0.0
Ù…Ø´ÙŠØ±ÙŠÙ†,2.2070398918186824e-05,3,3,2.2070398918186824e-05,0.0
Ø§Ù„Ø±ØºØ¨Ù‡,2.205694076214173e-05,13,11,2.205694076214173e-05,0.0
Ø§Ø³ØªÙ‡Ø¯ÙØª,2.2052471038790145e-05,7,6,2.2052471038790145e-05,0.0
Ø§ØªÙ…,2.2034584563159186e-05,3,3,2.2034584563159186e-05,0.0
ÙˆØ®Ø§Ø±Ø¬ÙŠØ§,2.2029822235295826e-05,5,4,2.2029822235295826e-05,0.0
ØºØ§Ø²ÙŠÙ‡,2.202783572855001e-05,9,4,2.202783572855001e-05,0.0
ÙˆØ§Ù„Ø¨Ø±ÙˆØ¨Ù„ÙŠÙ†,2.2009410222954173e-05,5,5,2.2009410222954173e-05,0.0
Ø§Ù„Ù…ÙˆØ¬ÙˆØ¯,2.1999041591269376e-05,14,7,2.1999041591269376e-05,0.0
Ø«ÙˆØ±Ù‡,2.194421278305875e-05,4,4,2.194421278305875e-05,0.0
Ø§Ù„Ø§Ø´ØªØ±Ø§ÙƒØ§Øª,2.1933230148076806e-05,17,7,2.1933230148076806e-05,0.0
Ù„Ù„Ø´Ø¨ÙƒØ§Øª,2.193256946358115e-05,13,7,2.193256946358115e-05,0.0
ÙˆØ¯ÙØ¹,2.1930708754305288e-05,6,6,2.1930708754305288e-05,0.0
Ø§Ù„Ù…Ø¬Ù„Ù‡,2.1926450836949678e-05,3,3,2.1926450836949678e-05,0.0
ÙˆØ§Ù„ÙˆØ²Ø§Ø±Ø§Øª,2.1913284220905537e-05,4,4,2.1913284220905537e-05,0.0
Ù„Ø§ØªØ®Ø§Ø°,2.1904448183785012e-05,9,8,2.1904448183785012e-05,0.0
Ù„Ù„Ù…Ø®ÙŠÙ…Ø§Øª,2.189836016550395e-05,3,3,2.189836016550395e-05,0.0
ÙˆØ¸ÙŠÙÙ‡,2.186923397143229e-05,33,22,2.186923397143229e-05,0.0
Ø¨Ù…Ù†Ø­,2.1857298072067497e-05,30,17,2.1857298072067497e-05,0.0
Ø¨Ù…Ø¬Ù…Ø¹,2.184072480955525e-05,12,7,2.184072480955525e-05,0.0
Ø§Ù„Ù…ØµÙ„ÙˆØ®ÙŠ,2.1830060576757494e-05,4,3,2.1830060576757494e-05,0.0
Ø§Ù„Ø·Ø±ÙÙŠÙ†,2.182844016013084e-05,97,56,2.182844016013084e-05,0.0
Ø§Ù„ØµÙ…Ø¹Ø§Ù†ÙŠ,2.1826201140005104e-05,19,6,2.1826201140005104e-05,0.0
ÙˆØ§Ù„Ù‚ÙŠÙ…Ù‡,2.181653494236391e-05,87,35,2.181653494236391e-05,0.0
ÙˆØ§Ù„Ù…Ø¹ØªÙ…Ø±ÙŠÙ†,2.1814615751833532e-05,8,3,2.1814615751833532e-05,0.0
Ø§Ù„ÙÙˆØ±ÙŠ,2.1765791557743894e-05,32,14,2.1765791557743894e-05,0.0
Ø§Ù„Ù…ØªØ­Ø±Ùƒ,2.1746509251660594e-05,12,5,2.1746509251660594e-05,0.0
Ø¨Ø§Ù„Ø­ÙØ§Ø¸,2.1720095076049327e-05,8,6,2.1720095076049327e-05,0.0
Ù„ØªØ³Ø¬Ù„,2.171649654909524e-05,13,7,2.171649654909524e-05,0.0
Ø§Ù„Ù…Ø­Ù„Ù„ÙˆÙ†,2.1698688375124248e-05,7,7,2.1698688375124248e-05,0.0
ÙˆØ§Ø³ØªÙ‚Ø±Ø§Ø±,2.1692927226193634e-05,23,17,2.1692927226193634e-05,0.0
Ø§Ù„Ù…Ø¤Ø´Ø±Ø§Øª,2.1674383932877453e-05,190,73,2.1674383932877453e-05,0.0
Ù„Ù„Ø¹Ù…Ù„ÙŠÙ‡,2.1667900621848042e-05,4,4,2.1667900621848042e-05,0.0
Ø§Ù„Ù…Ø¤Ù‚Øª,2.1664401509482574e-05,9,8,2.1664401509482574e-05,0.0
ØªØ¬Ø³ÙŠØ±ÙŠ,2.165320158739414e-05,11,5,2.165320158739414e-05,0.0
Ù…Ø¯Ø§ÙˆÙ„Ø§ØªÙ‡Ø§,2.1652020899189828e-05,6,5,2.1652020899189828e-05,0.0
Ù„Ù…Ù†Ø§Ù‚Ø´Ù‡,2.1645216751211174e-05,96,58,2.1645216751211174e-05,0.0
ØªÙØ§ÙˆØªØ§,2.1637573665409758e-05,4,4,2.1637573665409758e-05,0.0
Ø§Ø²Ù…Ù‡,2.1626384353234243e-05,47,24,2.1626384353234243e-05,0.0
Ø§Ù„Ø§Ø³ØªØ«Ù†Ø§Ø¦ÙŠÙ‡,2.1609957678757933e-05,9,7,2.1609957678757933e-05,0.0
ØªÙ†Ø¸Ù…,2.1608504587377893e-05,38,35,2.1608504587377893e-05,0.0
Ø³ØªØ¸Ù‡Ø±,2.1592473153283595e-05,5,5,2.1592473153283595e-05,0.0
ÙŠØ®ØªØµØ±,2.1590402823074083e-05,3,3,2.1590402823074083e-05,0.0
Ø³Ù‡Ù…Ø±Ø§Ø³,2.157980264792414e-05,5,5,2.157980264792414e-05,0.0
Ø§Ø¦ØªÙ…Ø§Ù†ÙŠÙ‡,2.1563090778360693e-05,50,24,2.1563090778360693e-05,0.0
ÙˆØ§Ø¬Ù‡Ø²Ù‡,2.1557031935997667e-05,14,9,2.1557031935997667e-05,0.0
Ø§Ù„Ù‡Ø§ØªÙÙŠÙ‡,2.1545656251996522e-05,4,4,2.1545656251996522e-05,0.0
Ø§Ù„Ø§Ø­ØªÙØ§Ø¸,2.1542578279461376e-05,35,19,2.1542578279461376e-05,0.0
ÙˆØªÙ‚ÙˆÙ…,2.154228789019328e-05,67,39,2.154228789019328e-05,0.0
Ù‚ØµÙˆÙŠ,2.1527528650194457e-05,3,3,2.1527528650194457e-05,0.0
Ù„ØªÙ‚Ù†ÙŠØ§Øª,2.1518885173268633e-05,12,10,2.1518885173268633e-05,0.0
Ù…Ø²Ø§ÙˆÙ„Ù‡,2.1508686736260883e-05,19,14,2.1508686736260883e-05,0.0
ÙˆØ¨ÙŠØ¹,2.1508157202864056e-05,19,14,2.1508157202864056e-05,0.0
Ù‚ØµÙŠØ±,2.1485355240362383e-05,13,12,2.1485355240362383e-05,0.0
Ø§Ù„Ø­Ø§ÙˆÙŠØ§Øª,2.143674539051143e-05,13,4,2.143674539051143e-05,0.0
ÙˆØªØºÙŠÙŠØ±,2.1426573584140933e-05,14,7,2.1426573584140933e-05,0.0
Ø§Ù„Ø±ÙŠØ§Ø¯ÙŠÙ‡,2.1400800824339834e-05,12,9,2.1400800824339834e-05,0.0
ÙˆØ§Ø­ØªÙŠØ§Ø·ÙŠØ§Øª,2.140019037157093e-05,8,4,2.140019037157093e-05,0.0
ÙˆØªÙˆØ¬Ù‡,2.139428596225605e-05,5,5,2.139428596225605e-05,0.0
Ø³ØªØªÙ…ÙƒÙ†,2.1393767135870358e-05,7,7,2.1393767135870358e-05,0.0
ÙˆØ§Ø³ØªÙ…Ø±Ø§Ø±Ø§,2.1369161113249388e-05,4,4,2.1369161113249388e-05,0.0
Ø¨Ø§Ù„Ù…Ù†Ø§ÙØ³ÙŠÙ†,2.1357650858058613e-05,3,3,2.1357650858058613e-05,0.0
Ù‚Ø§Ø¹,2.1351606039501433e-05,16,8,2.1351606039501433e-05,0.0
ØªØ¯ÙŠØ±,2.13450561299322e-05,4,4,2.13450561299322e-05,0.0
Ù„Ù„Ø§Ø³ÙŠØªÙŠÙ„,2.1344342128077294e-05,13,6,2.1344342128077294e-05,0.0
ØªØ±ØªÙƒØ²,2.134085011394451e-05,9,8,2.134085011394451e-05,0.0
ÙŠÙƒØªÙ…Ù„,2.1322794705840143e-05,5,5,2.1322794705840143e-05,0.0
FTTH,2.131951558456032e-05,5,4,2.131951558456032e-05,0.0
Ø§Ù„Ù‡Ø§ØªÙÙŠ,2.131274715160371e-05,77,44,2.131274715160371e-05,0.0
Ø³ÙŠØ¸Ù„,2.1293667936193748e-05,11,8,2.1293667936193748e-05,0.0
ÙˆØºØ±Ø³,2.1292311482646434e-05,3,3,2.1292311482646434e-05,0.0
Ø§Ù†Ø¬Ø§Ø­,2.1289864739208037e-05,5,3,2.1289864739208037e-05,0.0
ÙˆÙ„ÙƒÙ†Ù‡,2.12849642970281e-05,9,7,2.12849642970281e-05,0.0
Ø§Ù„Ø§Ø¹Ù„Ø§Ù…ÙŠÙ‡,2.127976669089872e-05,8,5,2.127976669089872e-05,0.0
ÙŠÙƒÙ…Ù†,2.1266572326015606e-05,3,3,2.1266572326015606e-05,0.0
ÙƒØ§Ø¨ÙŠØªØ§Ù„Ø²ÙŠØ§Ø¯Ù‡,2.125133692753967e-05,5,4,2.125133692753967e-05,0.0
ÙƒÙˆ,2.123405368291838e-05,4,3,2.123405368291838e-05,0.0
ÙˆÙŠÙ‚Ø¹,2.1220866349222752e-05,9,8,2.1220866349222752e-05,0.0
Ù…Ù„ØªØ²Ù…Ù‡,2.1216990060805852e-05,18,15,2.1216990060805852e-05,0.0
ÙˆØ§Ù„Ø§Ø­ØªÙØ§Ø¸,2.117266803229824e-05,15,10,2.117266803229824e-05,0.0
Ø§Ù„Ù…Ø¹Ù…Ø±,2.1164440330197908e-05,32,9,2.1164440330197908e-05,0.0
Ø¨ØªØ¬Ù†ÙŠØ¨,2.1148264921848288e-05,6,5,2.1148264921848288e-05,0.0
Ø§Ù„Ø¯Ø§Ø¦Ù†ÙŠÙ†,2.1132157818837077e-05,23,12,2.1132157818837077e-05,0.0
Ù…Ø¤Ù‡Ù„Ø§Øª,2.1117118910560243e-05,3,3,2.1117118910560243e-05,0.0
ÙˆØ§Ù„Ø¨ÙˆÙ„ÙŠÙ…Ø±Ø§Øª,2.1091295118949452e-05,34,14,2.1091295118949452e-05,0.0
Ø§Ù„Ø¬Ù…Ø¹ÙŠÙ‡Ù…Ø±ÙÙ‚Ø§Ù„Ù…Ù„ÙØ§Øª,2.1090907414934648e-05,6,6,2.1090907414934648e-05,0.0
ÙˆØªØ³Ù„ÙŠÙ…,2.1087480816971605e-05,12,5,2.1087480816971605e-05,0.0
Ø§Ù„Ø±Ø¬Ø§Ø¡,2.1076502744132328e-05,14,12,2.1076502744132328e-05,0.0
Ø¨Ø§Ù„Ø¹Ø¯Ø§Ø¯Ø§Øª,2.1073109217304617e-05,3,3,2.1073109217304617e-05,0.0
Ø§Ù„Ø­ÙˆØ§Ø±ÙŠÙ‡,2.105950598810641e-05,6,4,2.105950598810641e-05,0.0
ØªØµÙ…ÙŠÙ…Ù‡Ø§,2.0987910690520944e-05,3,3,2.0987910690520944e-05,0.0
ÙˆØ§Ù„Ù…Ø­Ø§ØµÙŠÙ„,2.0975922954153603e-05,4,4,2.0975922954153603e-05,0.0
Ù„Ù„Ø¨Ø±Ù…ÙŠÙ„,2.096025983178071e-05,5,3,2.096025983178071e-05,0.0
Ø³Ù„ÙØ§,2.0948381499779453e-05,4,4,2.0948381499779453e-05,0.0
Ø«Ù†Ø§Ø¦ÙŠ,2.0939447816923098e-05,25,15,2.0939447816923098e-05,0.0
ÙˆÙ‚Ø§Ù…,2.0920724246687907e-05,29,20,2.0920724246687907e-05,0.0
Ø§Ù„Ù…Ø¤Ø³Ø³ÙŠÙ†,2.0901502305951396e-05,9,5,2.0901502305951396e-05,0.0
Ø§Ù„Ù…Ø³Ø§Ø­Ù‡,2.0901357937578396e-05,13,6,2.0901357937578396e-05,0.0
ÙŠØ­ÙˆÙŠ,2.0879678007199786e-05,3,3,2.0879678007199786e-05,0.0
Ø³ÙŠÙ†Ø§,2.0876150887438924e-05,23,9,2.0876150887438924e-05,0.0
Ù„Ø¬Ø§Ø¦Ø­Ù‡,2.085134727930345e-05,14,11,2.085134727930345e-05,0.0
Ù‚Ø±Ø§Ø±Ø§ØªÙ‡Ø§,2.0847876274661182e-05,7,6,2.0847876274661182e-05,0.0
ØªØ°Ø¨Ø°Ø¨,2.084602437601768e-05,6,3,2.084602437601768e-05,0.0
Ù„Ù„Ø³ÙŠØ¯Ø§Øª,2.0831731365981697e-05,25,14,2.0831731365981697e-05,0.0
Ù„Ø²Ø±Ø§Ø¹Ù‡,2.082863248491138e-05,3,3,2.082863248491138e-05,0.0
Ø§Ù„Ø¬ÙˆÙ‡Ø±ÙŠ,2.080622577769256e-05,7,6,2.080622577769256e-05,0.0
Ø§Ù„ØªØ®ÙÙŠÙ,2.0796952238224946e-05,4,4,2.0796952238224946e-05,0.0
Ù„ØªØ¹ÙƒØ³,2.0756948389274668e-05,10,7,2.0756948389274668e-05,0.0
Ø³ÙŠØ±Ù‡Ù…,2.0753809284938017e-05,10,8,2.0753809284938017e-05,0.0
Ø³Ø§Ø¹Ø¯,2.0746679924943375e-05,7,6,2.0746679924943375e-05,0.0
Ø¨Ø§Ù†Ø´Ø§Ø¡,2.0741401396052847e-05,23,17,2.0741401396052847e-05,0.0
Ø§Ù†Ø®ÙØ§Ø¶Ø§Ø§Ù„Ø´Ø±ÙƒÙ‡Ø§ØºÙ„Ø§Ù‚,2.0738864255359705e-05,38,18,2.0738864255359705e-05,0.0
Ø·Ø§Ø¦Ø±,2.0733581657495985e-05,4,3,2.0733581657495985e-05,0.0
Ø§Ù„Ø¹Ù…Ù„Ø§Ù‚Ù‡,2.07152336624848e-05,14,11,2.07152336624848e-05,0.0
Ø§Ø¹Ø¶Ø§Ø¦Ù‡Ø§Ø§Ù„Ø§Ø³ØªØ§Ø°,2.0710702941804062e-05,3,3,2.0710702941804062e-05,0.0
Ø§Ù„Ø§Ø´Ù‚Ø±,2.0703681965771304e-05,15,7,2.0703681965771304e-05,0.0
ÙŠÙˆÙ†Ø§ÙŠØªØ¯,2.069228944573637e-05,4,3,2.069228944573637e-05,0.0
ÙˆØªØªÙ…Ø«Ù„,2.068905238407378e-05,16,15,2.068905238407378e-05,0.0
Ø§Ù„Ù…Ø·ÙˆØ±Ù‡,2.067175674021161e-05,7,5,2.067175674021161e-05,0.0
Ø§Ù„Ù…ÙˆØ¶ÙˆØ¹,2.065553192354826e-05,6,6,2.065553192354826e-05,0.0
Ø§Ù„Ø¨ØªØ±ÙˆÙ„,2.064403189052689e-05,26,14,2.064403189052689e-05,0.0
Ù…ÙˆØ¶ÙˆØ¹,2.0635269857324605e-05,24,19,2.0635269857324605e-05,0.0
Ø§Ù„Ø¹Ø¨Ø¯Ø§Ù„Ù‚Ø§Ø¯Ø±,2.0617668496257014e-05,3,3,2.0617668496257014e-05,0.0
Ø§Ù„Ø·Ù…ÙˆØ­,2.0613322752906253e-05,5,5,2.0613322752906253e-05,0.0
Ù„ØªØªØ¬Ø§ÙˆØ²,2.0594091231461506e-05,5,4,2.0594091231461506e-05,0.0
Ø¬Ø§Ù‡Ø¯Ù‡,2.0568181408941668e-05,7,6,2.0568181408941668e-05,0.0
Ø°Ø§ØªÙŠ,2.0549757160048258e-05,7,7,2.0549757160048258e-05,0.0
Ø§ÙˆÙ„ÙˆÙŠØ§Øª,2.0534552213183194e-05,17,15,2.0534552213183194e-05,0.0
ØªÙ…Ù„ÙƒÙ‡Ù…Ø§ÙƒØ«Ø±,2.0530988391346485e-05,4,4,2.0530988391346485e-05,0.0
ÙØ¦Ø§ØªÙ‡Ù…Ø§Ù„Ù…Ø³ØªØ«Ù…Ø±Ù†Ø³Ø¨Ù‡,2.0530988391346485e-05,4,4,2.0530988391346485e-05,0.0
ØªÙ…Ù„ÙƒÙ‡Ù…Ø³Ø¹ÙˆØ¯ÙŠÙˆÙ†,2.0530988391346485e-05,4,4,2.0530988391346485e-05,0.0
Ø§Ù„Ù…Ù„ÙƒÙŠÙ‡Ø­Ø¬Ù…,2.0530988391346485e-05,4,4,2.0530988391346485e-05,0.0
ØªÙ…Ù„ÙƒÙ‡Ù…,2.0530988391346485e-05,4,4,2.0530988391346485e-05,0.0
Ù„Ø¬Ù†Ø³ÙŠØ§ØªÙ‡Ù…Ø§Ù„Ù…Ø³ØªØ«Ù…Ø±Ø¹Ø¯Ø¯,2.0530988391346485e-05,4,4,2.0530988391346485e-05,0.0
Ø§Ù„Ù…Ø³ØªØ«Ù…Ø±ÙŠÙ†Ø§Ù„Ù…Ø³ØªØ«Ù…Ø±Ø¹Ø¯Ø¯,2.0530988391346485e-05,4,4,2.0530988391346485e-05,0.0
Ø¬Ù†Ø³ÙŠØ§Øª,2.0530988391346485e-05,4,4,2.0530988391346485e-05,0.0
Ø§Ù„Ù…Ø³ØªØ«Ù…Ø±ÙŠÙ†Ù†Ø³Ø¨Ù‡,2.0530988391346482e-05,12,4,2.0530988391346482e-05,0.0
Ù„Ù„Ø§ØªÙØ§Ù‚ÙŠÙ‡,2.053019553587893e-05,8,8,2.053019553587893e-05,0.0
ÙˆÙ‚Ø¹ØªØ§,2.0495387026130585e-05,3,3,2.0495387026130585e-05,0.0
Ø¨Ø§Ù„Ù„ØºÙ‡,2.0487905428594586e-05,17,17,2.0487905428594586e-05,0.0
ÙˆÙˆÙ‚Ø¹,2.047396116961608e-05,31,27,2.047396116961608e-05,0.0
ÙˆØ§Ø¨Ø±Ø²Øª,2.0466385493681535e-05,3,3,2.0466385493681535e-05,0.0
ÙˆØ§Ù„ØªØ¹Ø±ÙŠÙ,2.046224264164342e-05,8,7,2.046224264164342e-05,0.0
Ø¹Ø±ÙØ§Øª,2.0462209997558342e-05,26,9,2.0462209997558342e-05,0.0
Ø§Ø³ÙŠØªØ§Ù„,2.045076949164736e-05,18,5,2.045076949164736e-05,0.0
ÙˆØ§Ø³ØªØ«Ù…Ø§Ø±,2.0445034327271845e-05,8,8,2.0445034327271845e-05,0.0
Ø±ØµØ¯,2.043546149434557e-05,3157,849,2.043546149434557e-05,0.0
ÙˆØ¨Ø±Ù†Ø§Ù…Ø¬,2.04284520469248e-05,46,32,2.04284520469248e-05,0.0
Ø§Ù„ØªØ¬Ø§ÙˆØ¨,2.04093714708169e-05,14,7,2.04093714708169e-05,0.0
Ù…ÙˆØ¶ÙˆØ¹Ø§Øª,2.039047746591055e-05,4,4,2.039047746591055e-05,0.0
ÙŠØ¬Ø±ÙŠ,2.035389692949796e-05,27,18,2.035389692949796e-05,0.0
Ø¨Ø§Ù„Ø­Ø¯,2.0333804693329396e-05,6,4,2.0333804693329396e-05,0.0
Ù„Ø´Ø¹Ø§Ø±Ù†Ø§,2.033143680511094e-05,4,4,2.033143680511094e-05,0.0
Ø§Ù„Ù…ÙƒØ±Ø±Ù‡Ø§Ù„Ø¨ØªØ±ÙˆÙƒÙŠÙ…Ø§ÙˆÙŠØ§ØªØ§Ù„Ù…Ø¬Ù…ÙˆØ¹,2.0319401385030512e-05,26,13,2.0319401385030512e-05,0.0
Ø§Ù„Ù‚ÙŠØ§Ø¯ÙŠ,2.0317095331964262e-05,5,5,2.0317095331964262e-05,0.0
Ø¨Ø§Ø·Ù„Ø§Ù‚,2.0306259573477877e-05,14,10,2.0306259573477877e-05,0.0
Ù…Ø¬Ù„Ù‡,2.0301368844907258e-05,14,11,2.0301368844907258e-05,0.0
ÙˆØ§Ø³ØªÙ‚Ø±Ø§Ø±Ù‡Ø§,2.0270076655489343e-05,3,3,2.0270076655489343e-05,0.0
Ø§Ù„Ù…Ø·Ø§Ø±Ø§Øª,2.0251022230035717e-05,13,3,2.0251022230035717e-05,0.0
Ø¨Ø§Ù„ÙˆØµÙˆÙ„,2.0247559913599237e-05,3,3,2.0247559913599237e-05,0.0
ØªØ³ØªØ­Ù‚,2.023015456730713e-05,5,5,2.023015456730713e-05,0.0
Ù…Ù„ÙƒÙŠ,2.0219063898954288e-05,10,5,2.0219063898954288e-05,0.0
Ø¨Ø§Ø¯ÙˆØ§Øª,2.0210280447259465e-05,10,4,2.0210280447259465e-05,0.0
Ø¨ØªØ±ÙˆØ±Ø§Ø¨Øº,2.0208772113388915e-05,537,141,2.0208772113388915e-05,0.0
Ø§Ù„Ù…Ø¨ÙƒØ±,2.0201489253552644e-05,40,21,2.0201489253552644e-05,0.0
Ø¯ÙˆÙ„Ø§Ø±Ø§Øª,2.0187831418056464e-05,22,10,2.0187831418056464e-05,0.0
Ø§Ù„Ù…ÙˆØ§Ø·Ù†,2.0160684319990065e-05,42,20,2.0160684319990065e-05,0.0
Ø§Ø±Ø´Ø§Ø¯ÙŠØ§,2.014400626931331e-05,29,13,2.014400626931331e-05,0.0
ØªÙ‚ÙŠÙŠÙ…Ø§Øª,2.011669218117973e-05,3,3,2.011669218117973e-05,0.0
ÙˆØ§Ù„ØªØ­Ø¯ÙŠØ§Øª,2.0115318834310122e-05,10,7,2.0115318834310122e-05,0.0
Ø§Ù„Ø­Ø±ÙŠÙ‚,2.0113962138798624e-05,22,8,2.0113962138798624e-05,0.0
Ø§Ù„Ø­Ø§Ø¯Ø«,2.0106039739732352e-05,4,3,2.0106039739732352e-05,0.0
Ø±Ø¨Ø­ÙŠ,2.009087698272219e-05,3,3,2.009087698272219e-05,0.0
shareholder,2.0067213042647433e-05,5,5,2.0067213042647433e-05,0.0
search,2.0067213042647433e-05,5,5,2.0067213042647433e-05,0.0
ØªØ¯Ø´ÙŠÙ†Ù‡,2.0050761691405552e-05,6,6,2.0050761691405552e-05,0.0
ÙŠØ²ÙˆØ±,2.0050253677714512e-05,5,5,2.0050253677714512e-05,0.0
Ø§Ù„Ø²ÙŠØ§Ø¯Ù‡Ø¯Ù…Ø¬,2.0028495991697616e-05,6,6,2.0028495991697616e-05,0.0
Ù…ÙˆØ§ØµÙØ§Øª,2.0023414523107003e-05,13,11,2.0023414523107003e-05,0.0
Ù„Ù„Ø´Ø±Ù‚,2.002236883312391e-05,3,3,2.002236883312391e-05,0.0
Ø§Ù„Ù…Ø¨ÙŠØ¹Ø§ØªMEG,2.002234199973502e-05,3,3,2.002234199973502e-05,0.0
Ø§Ø¹Ù…Ø§Ø±Ù‡Ù…,2.0010230190824162e-05,5,4,2.0010230190824162e-05,0.0
ÙˆØ§Ù„Ø§Ø¨Ø­Ø§Ø«,2.0000675411160958e-05,4,3,2.0000675411160958e-05,0.0
ØµÙ†Ø§Ø¹ÙŠ,1.9991566003325953e-05,22,12,1.9991566003325953e-05,0.0
Ø¨Ø§Ù„ÙŠÙ‡,1.996900630959942e-05,10,4,1.996900630959942e-05,0.0
Ø´Ø±ÙƒØ§Ø¦Ù†Ø§,1.996243795100775e-05,9,8,1.996243795100775e-05,0.0
Ø§Ù„Ø²ÙŠØ§Ø¯Ù‡Ø§ØµØ¯Ø§Ø±,1.9955151849027172e-05,7,7,1.9955151849027172e-05,0.0
Ø§Ù„Ø¬ÙˆÙ„Ù‡,1.9949738000533794e-05,10,5,1.9949738000533794e-05,0.0
Ù…Ø¯Ø®Ù„Ø§Øª,1.994729475382921e-05,15,9,1.994729475382921e-05,0.0
Ù…Ù†ØªØ¬Ø§ØªÙ‡Ù…,1.9945676746335213e-05,10,7,1.9945676746335213e-05,0.0
Ù„Ù„ØªØ·Ø¨ÙŠÙ‚Ø§Øª,1.99430467008518e-05,4,4,1.99430467008518e-05,0.0
Ø±ÙƒØ§Ø¦Ø²,1.9936250986795746e-05,18,16,1.9936250986795746e-05,0.0
Ø§Ù„Ø±Ø§Ø³Ù…Ø§Ù„ÙŠ,1.9935148412922724e-05,30,11,1.9935148412922724e-05,0.0
Ù…Ø³ØªØ®Ø¯Ù…,1.993395421677189e-05,8,8,1.993395421677189e-05,0.0
ÙˆØ­Ø«Øª,1.991925153619395e-05,3,3,1.991925153619395e-05,0.0
Ø¨Ø¬Ù†Ø§Ø­,1.9902870432877794e-05,5,5,1.9902870432877794e-05,0.0
ØªØ¯Ù…Ø¬,1.988746696896304e-05,3,3,1.988746696896304e-05,0.0
Ø§Ù„Ø´ØºÙˆÙÙŠÙ†,1.988746696896304e-05,3,3,1.988746696896304e-05,0.0
Ù…ØªÙ…ÙƒÙ†,1.988746696896304e-05,3,3,1.988746696896304e-05,0.0
Ù…Ø³ØªÙ‚Ù„,1.987258911535936e-05,107,47,1.987258911535936e-05,0.0
Ø§Ù„Ù…ØªÙƒØ±Ø±,1.9871130773690332e-05,5,4,1.9871130773690332e-05,0.0
ÙˆØµØ¯ÙˆØ±,1.9865169844061453e-05,3,3,1.9865169844061453e-05,0.0
Ø¹Ø§Ù…Ù‡,1.984095068947106e-05,26,24,1.984095068947106e-05,0.0
Ù„Ø¹Ù‚ÙˆØ¯,1.9812082661987253e-05,44,30,1.9812082661987253e-05,0.0
ÙˆØ¯ÙˆÙ„ÙŠÙ‡,1.980728916787121e-05,4,3,1.980728916787121e-05,0.0
ÙˆØ¨Ø´Ø±ÙˆØ·,1.9773194815321598e-05,5,4,1.9773194815321598e-05,0.0
Ø¨Ø§Ø¹ØªØ¨Ø§Ø±Ù‡,1.975402980171618e-05,24,17,1.975402980171618e-05,0.0
ÙŠØµØ§Ø¯Ù,1.9717675500610245e-05,16,7,1.9717675500610245e-05,0.0
Ø§Ù„Ù…Ø¬Ø§Ù†ÙŠ,1.9698355485564718e-05,9,6,1.9698355485564718e-05,0.0
Ø¨ÙˆØµÙÙ‡,1.9689094180343226e-05,4,4,1.9689094180343226e-05,0.0
Ù„ØªØ­Ù…ÙŠÙ„,1.9672566122705444e-05,3,3,1.9672566122705444e-05,0.0
Ù…Ø¯Ø§Ø®Ù„,1.966333193836921e-05,9,5,1.966333193836921e-05,0.0
ØªÙ†Ø§ÙØ³Øª,1.9651495809827523e-05,3,3,1.9651495809827523e-05,0.0
ÙˆØ§ÙƒÙ…Ø§Ù„,1.9643813236840284e-05,5,3,1.9643813236840284e-05,0.0
Ù…ÙƒØ§ÙØ¦,1.9640535625793e-05,6,3,1.9640535625793e-05,0.0
Ø§Ù„Ø³Ø§Ø¨Ù‚ÙŠÙ†Ø§ÙŠØ±,1.9640187916547264e-05,38,25,1.9640187916547264e-05,0.0
Ø§Ù„Ø¨ÙˆÙ„ÙŠÙ…Ø±,1.963989975875555e-05,5,4,1.963989975875555e-05,0.0
ØªØ±Ø¯,1.9625961045734624e-05,16,9,1.9625961045734624e-05,0.0
Ù…Ù†Ø°,1.962021434469547e-05,2051,507,1.962021434469547e-05,0.0
ÙˆÙ…Ø´Ø±ÙˆØ¹,1.9618916982605602e-05,31,19,1.9618916982605602e-05,0.0
Ø§Ù„ÙƒÙˆÙŠØªÙŠÙ‡,1.9597457136329393e-05,3,3,1.9597457136329393e-05,0.0
Ø§Ù„Ù…Ù†ØªØ´Ø±Ù‡,1.9592328497072078e-05,6,6,1.9592328497072078e-05,0.0
Ø§Ø·Ù„Ù‚,1.958059828615132e-05,26,18,1.958059828615132e-05,0.0
Ø³Ù‡Ù…Ø§Ù„Ù‡Ø¯Ù,1.9574383279647697e-05,5,5,1.9574383279647697e-05,0.0
Ù„Ù„ØµÙƒ,1.956836260303966e-05,13,13,1.956836260303966e-05,0.0
Ù†Ø§Ù‚Ø´,1.956818332195416e-05,4,4,1.956818332195416e-05,0.0
Ø§Ø¹ØªØ±Ø§Ø¶,1.9562971702128527e-05,34,14,1.9562971702128527e-05,0.0
ÙˆØ§Ø³ØªØ¶Ø§ÙÙ‡,1.9561216313629712e-05,4,4,1.9561216313629712e-05,0.0
Ø§ØªØ®Ø§Ø°Ù‡Ø§,1.956053188067487e-05,12,8,1.956053188067487e-05,0.0
ÙˆØ§Ù†ØªØ§Ø¬,1.9521211167505436e-05,38,28,1.9521211167505436e-05,0.0
Ø±Ù‚Ù…ÙŠØ§,1.9520152721419532e-05,7,6,1.9520152721419532e-05,0.0
Ø§Ù„Ø§Ù†ØªÙ‚Ø§Ù„,1.9515766747105883e-05,11,10,1.9515766747105883e-05,0.0
Ø§ØºØ°ÙŠÙ‡,1.951388003314637e-05,6,5,1.951388003314637e-05,0.0
Ù…ØµÙ†Ø¹ÙŠ,1.948670022909319e-05,14,11,1.948670022909319e-05,0.0
Ø¨ØµØ§ÙÙŠ,1.9441183564536885e-05,6,5,1.9441183564536885e-05,0.0
Ø§Ù„Ù…Ø¬Ù…ÙˆØ¹Ø§Øª,1.9398218884982208e-05,11,4,1.9398218884982208e-05,0.0
ÙŠÙ„Ø¹Ø¨,1.9393007006143975e-05,5,5,1.9393007006143975e-05,0.0
ÙˆÙ„Ø§Ø­ÙƒØ§Ù…,1.9377860512035313e-05,4,3,1.9377860512035313e-05,0.0
Ø§Ù†Ø¬Ø§Ø²,1.9373267242089554e-05,27,23,1.9373267242089554e-05,0.0
Ù„ÙØ¦Ù‡,1.934975901285085e-05,5,5,1.934975901285085e-05,0.0
ØªÙ†Ø§Ù‚Ø´,1.934275396937633e-05,8,6,1.934275396937633e-05,0.0
Ø§Ù„Ø§Ø³ÙŠÙˆÙŠÙŠÙ†,1.933944560781086e-05,39,26,1.933944560781086e-05,0.0
Ø§Ù„Ø´Ù‡Ø±Ø³Ø¹Ø±,1.933944560781086e-05,39,26,1.933944560781086e-05,0.0
Ù…Ø¹Ù…Ù„,1.9334030055697363e-05,5,3,1.9334030055697363e-05,0.0
Ø±ÙˆÙŠØªØ±Ø²,1.9329279850836495e-05,58,39,1.9329279850836495e-05,0.0
Ø´ÙˆØ§Ù„,1.9316432075134063e-05,14,10,1.9316432075134063e-05,0.0
Ø¯Ø®Ù„Ù‡,1.9292340131804318e-05,6,4,1.9292340131804318e-05,0.0
ÙˆØ§Ù„Ø¯Ø¹Ù…,1.9282205785636516e-05,27,27,1.9282205785636516e-05,0.0
Ø±ÙŠØ§Ù„Ø§Ø¸Ù‡Ø±Øª,1.9281085741211085e-05,14,5,1.9281085741211085e-05,0.0
ShareholdersAffairs,1.9270656438343604e-05,16,15,1.9270656438343604e-05,0.0
Ù„Ø§Ù„ØªØ²Ø§Ù…Ø§ØªÙ‡Ø§,1.9262728074000574e-05,3,3,1.9262728074000574e-05,0.0
Ø§Ø¹Ù…Ø§Ù„Ù‡Ù…,1.925610706203953e-05,21,19,1.925610706203953e-05,0.0
Ù‡ÙŠØ±Ù…Ø³Ù…Ø­Ø§ÙŠØ¯Ù…Ø­Ø§ÙŠØ¯,1.9248652719581624e-05,3,3,1.9248652719581624e-05,0.0
Ø³Ù†Ø§Ø¨,1.9199337435877336e-05,5,5,1.9199337435877336e-05,0.0
Ø³Ù†Ø¯ÙŠ,1.919754495293854e-05,8,3,1.919754495293854e-05,0.0
ÙˆÙ†Ø´Ø§Ø·,1.9191017827484226e-05,3,3,1.9191017827484226e-05,0.0
Ù„Ù„Ø§Ø³ØªØ§Ø°,1.9172268002636622e-05,5,5,1.9172268002636622e-05,0.0
Ù…ÙØµÙ„,1.9170694745824558e-05,29,25,1.9170694745824558e-05,0.0
Ù„Ù…Ø³ØªØ®Ø¯Ù…ÙŠ,1.916890705610342e-05,6,6,1.916890705610342e-05,0.0
Ù†Ù…ÙˆÙ‡,1.9168475504365304e-05,4,4,1.9168475504365304e-05,0.0
Ø§Ù„Ù…Ø²Ø§Ø¯Ø§Ù„ØªØºÙŠØ±Ø§Ù„ÙƒÙŠÙ…ÙŠØ§Ø¦ÙŠÙ‡,1.916503288624028e-05,15,6,1.916503288624028e-05,0.0
ÙˆØ§Ù„Ø§Ø­Ø¨Ø§Ø±,1.9127410522233915e-05,3,3,1.9127410522233915e-05,0.0
Ù„ÙƒÙŠÙ…Ø§ÙˆÙŠØ§Øª,1.9127410522233915e-05,3,3,1.9127410522233915e-05,0.0
ÙŠØ±Ø¨Ø·,1.9120219243856797e-05,6,6,1.9120219243856797e-05,0.0
ÙˆÙ…Ø¹Ø±ÙÙ‡,1.9108061676670594e-05,4,4,1.9108061676670594e-05,0.0
ÙˆÙ‡Ø°Ù‡,1.9086027797575737e-05,15,10,1.9086027797575737e-05,0.0
Ù„Ù…ÙˆØ§Ù‚Ø¹,1.9073117511025482e-05,3,3,1.9073117511025482e-05,0.0
Ø§Ù„Ù…Ù…ØªØ§Ø²Ù‡,1.9061775880682354e-05,5,4,1.9061775880682354e-05,0.0
Ø®ØµÙˆÙ…Ø§Øª,1.9055025821837923e-05,43,28,1.9055025821837923e-05,0.0
Ù…Ø³Ø§Ù‡Ù…ÙŠÙ‡,1.904922599066213e-05,37,30,1.904922599066213e-05,0.0
Ù…Ù†Ø®ÙØ¶,1.9042968285077425e-05,35,26,1.9042968285077425e-05,0.0
Ù„Ø¹ÙˆØ§Ø²Ù„,1.9039553308162944e-05,14,6,1.9039553308162944e-05,0.0
Ø§Ù„Ø«Ù„Ø§Ø«Ø§Ø¡,1.903641880728647e-05,903,245,1.903641880728647e-05,0.0
Ø§Ù„Ø§Ù…ÙŠÙ†,1.9019888119635233e-05,70,44,1.9019888119635233e-05,0.0
ØªÙ…Ù„ÙƒÙ‡,1.9018077742730713e-05,4,4,1.9018077742730713e-05,0.0
Ø§ÙˆÙ„ÙŠ,1.9017599223998574e-05,83,27,1.9017599223998574e-05,0.0
Ø§Ù„Ù…Ø¨Ø§Ø¯Ù„Ù‡Ø³ÙŠØ­ØµÙ„,1.9015736452835333e-05,7,7,1.9015736452835333e-05,0.0
Ù„Ù„Ø·Ù„Ø¨,1.8975704442796268e-05,10,10,1.8975704442796268e-05,0.0
ÙˆÙ…Ù…Ø«Ù„Ø§,1.8963584313212386e-05,7,5,1.8963584313212386e-05,0.0
Ù„Ø§Ù‚Ù„,1.8961466584081867e-05,27,7,1.8961466584081867e-05,0.0
Ø§ØµÙˆÙ„Ù‡,1.8950909988538366e-05,13,7,1.8950909988538366e-05,0.0
Ø§Ù„Ø¬Ø§Ù‡Ø²ÙŠÙ‡,1.894115729451873e-05,9,7,1.894115729451873e-05,0.0
Ù‚ÙˆÙŠ,1.8934430472154862e-05,53,42,1.8934430472154862e-05,0.0
Ù…Ø³ÙŠØ·Ø±Ù‡,1.8927565403430594e-05,15,8,1.8927565403430594e-05,0.0
ÙˆØ§Ù„ØªØ¯ÙÙ‚Ø§Øª,1.892574516322545e-05,6,6,1.892574516322545e-05,0.0
Ù…ØµØ§Ù†Ø¹Ù‡Ø§,1.8923266866496097e-05,22,18,1.8923266866496097e-05,0.0
Ø­Ø¯ÙˆØ¯,1.892231546834626e-05,12,12,1.892231546834626e-05,0.0
Ù„Ø³Ø¯,1.8913323523778856e-05,6,4,1.8913323523778856e-05,0.0
Ù„ØµØ±Ù,1.8911009185716406e-05,30,18,1.8911009185716406e-05,0.0
Ø§Ø³ØªØ­ÙˆØ°Øª,1.891076804055761e-05,20,13,1.891076804055761e-05,0.0
ÙˆÙ…Ø¯ÙŠ,1.8892532938137273e-05,9,9,1.8892532938137273e-05,0.0
Ø¹Ù…ÙˆÙ…ÙŠØªØ§,1.8889369122594867e-05,3,3,1.8889369122594867e-05,0.0
Ø³ØªÙŠÙ,1.8886259468896e-05,3,3,1.8886259468896e-05,0.0
Ø§Ù„Ø­Ù‚ÙŠÙ‚ÙŠ,1.8883121238809172e-05,12,8,1.8883121238809172e-05,0.0
Ø§Ù„Ù…Ø±Ø§Ø¬Ø¹,1.8873719983480228e-05,4,3,1.8873719983480228e-05,0.0
Ù‡ÙŠØ±Ù…Ø³,1.8864735964462995e-05,4,3,1.8864735964462995e-05,0.0
ÙƒÙˆØ§Ø¯Ø±,1.885635235048627e-05,11,10,1.885635235048627e-05,0.0
Ù†Ø³ØªÙ‡Ø¯Ù,1.8834394562669188e-05,4,4,1.8834394562669188e-05,0.0
Ø§Ù„ÙƒØ§Ù…Ù„Ù‡,1.8827693621345108e-05,28,23,1.8827693621345108e-05,0.0
Ù…ØªÙ…Ù†ÙŠÙ†,1.8821818042653644e-05,4,4,1.8821818042653644e-05,0.0
Ø·Ø±Ù‚,1.878007509112847e-05,17,17,1.878007509112847e-05,0.0
Ø¶Ù…Ø§Ù†Ø§Øª,1.8779401116846092e-05,26,19,1.8779401116846092e-05,0.0
Ù„Ù„ØªÙØ§ØµÙŠÙ„,1.8775492184473515e-05,3,3,1.8775492184473515e-05,0.0
Ù…Ø§Ù„Ù‡,1.876852129512758e-05,34,22,1.876852129512758e-05,0.0
ÙƒÙ…Ø±ÙƒØ²,1.873267673461375e-05,6,5,1.873267673461375e-05,0.0
Ø§Ù„Ù…Ø¹Ø§Ù…Ù„Ø§Øª,1.873262999343638e-05,9,7,1.873262999343638e-05,0.0
Ø§Ù„Ø¬Ù†ÙˆØ¨ÙŠ,1.8715271437417085e-05,9,5,1.8715271437417085e-05,0.0
Ø§Ù„ØªÙˆØ§ØµÙ„ÙÙŠ,1.8709121414494998e-05,8,8,1.8709121414494998e-05,0.0
ÙŠÙ†Ø¶Ù…,1.8703653314834994e-05,3,3,1.8703653314834994e-05,0.0
Ù…ÙŠØ¯Ø§Ù†ÙŠØ§,1.8692455046487524e-05,3,3,1.8692455046487524e-05,0.0
Ù‚Ø±Ø¶,1.8684670610478348e-05,66,35,1.8684670610478348e-05,0.0
Ù…ØªØ¯Ø±Ø¨,1.8684627376510348e-05,4,3,1.8684627376510348e-05,0.0
Ø¨Ø§Ù„Ø­Ø¯Ø«,1.8675604749605038e-05,11,9,1.8675604749605038e-05,0.0
ÙˆÙ…ØªØ§Ø­Ù‡,1.8638582201143815e-05,4,4,1.8638582201143815e-05,0.0
Ø§Ù„Ø¯Ù„ÙŠØ¬Ø§Ù†,1.8637604412988054e-05,4,3,1.8637604412988054e-05,0.0
Ø±Ø´Ø¯ÙŠ,1.8637604412988054e-05,4,3,1.8637604412988054e-05,0.0
ÙˆÙ…Ø´ØªÙ‚Ø§ØªÙ‡,1.8636601305872355e-05,6,5,1.8636601305872355e-05,0.0
Ø§ÙŠØ±Ø§Ø¯Ø§ØªÙ‡,1.8603657611074747e-05,6,6,1.8603657611074747e-05,0.0
Ø§Ù„Ù…ÙˆØ§Ù†Ø¦,1.8598524669499555e-05,16,6,1.8598524669499555e-05,0.0
Ø¨Ø­ÙƒÙ…,1.8595481181764227e-05,11,3,1.8595481181764227e-05,0.0
ÙˆØ¶Ø¹ØªÙ‡Ø§,1.8572043229995817e-05,7,5,1.8572043229995817e-05,0.0
Ø§Ù„Ù‡Ù†Ø¯Ø³ÙŠ,1.8569125461842055e-05,25,7,1.8569125461842055e-05,0.0
ÙˆÙ…Ø³ØªØ´Ø§Ø±,1.8541061607213086e-05,3,3,1.8541061607213086e-05,0.0
ÙƒÙ…Ø³ØªØ´Ø§Ø±,1.8537583428027633e-05,15,9,1.8537583428027633e-05,0.0
Ø§Ù„ØªÙ‚Ù„ÙŠØ¯ÙŠ,1.8537191940285943e-05,3,3,1.8537191940285943e-05,0.0
Ø§Ù„ÙØ­Ù…,1.8524650703780423e-05,10,5,1.8524650703780423e-05,0.0
Ø³Ù†Ø§Ø¨Ù„,1.850290214769781e-05,7,3,1.850290214769781e-05,0.0
ÙˆØ¯Ø¹Øª,1.850121016753004e-05,19,15,1.850121016753004e-05,0.0
Ø³ØªÙŠÙØ§Ù†Ùˆ,1.8501065779654863e-05,5,4,1.8501065779654863e-05,0.0
Ø§Ù„Ø³ÙˆÙ‚ÙŠ,1.8500792057283106e-05,5,4,1.8500792057283106e-05,0.0
Ù‡Ø§ØªÙÙŠØ§,1.8496643226409257e-05,37,34,1.8496643226409257e-05,0.0
Ø§Ù„Ù„ÙˆØ¬Ø³ØªÙŠ,1.8463652690947018e-05,9,8,1.8463652690947018e-05,0.0
Ø§Ù„Ù…Ø®ØµØµ,1.8443313806879268e-05,18,12,1.8443313806879268e-05,0.0
Ø§Ù„Ø§Ø±Ø¶,1.8440513519747358e-05,11,9,1.8440513519747358e-05,0.0
ÙˆÙ‡Ù„,1.843876329796928e-05,10,9,1.843876329796928e-05,0.0
Ù…Ø­Ø¯ÙˆØ¯,1.842645448879387e-05,11,9,1.842645448879387e-05,0.0
ÙˆÙ…Ø±ÙƒØ²Ù‡Ø§,1.841409940096814e-05,4,4,1.841409940096814e-05,0.0
ÙˆØªØ¹ØªÙ…Ø¯,1.840461115807164e-05,3,3,1.840461115807164e-05,0.0
Ø§Ù†Ø¬Ø²Øª,1.840289955587407e-05,3,3,1.840289955587407e-05,0.0
ÙˆÙ†Ø´Ø±Ù‡Ø§,1.8399205164606334e-05,3,3,1.8399205164606334e-05,0.0
Ø§Ù„Ù…Ø¹ØªÙ…Ø¯,1.838670390385694e-05,15,10,1.838670390385694e-05,0.0
Ø§Ù„Ø§Ø¹Ù„Ø§Ù†Ø§Ø´Ø§Ø±Ù‡,1.83846533788817e-05,17,17,1.83846533788817e-05,0.0
Ù„ØªÙØ¹ÙŠÙ„,1.8378164675496224e-05,17,9,1.8378164675496224e-05,0.0
ÙˆØªØ§Ø¨Ø¹,1.8358612153685102e-05,6,4,1.8358612153685102e-05,0.0
ÙƒØ´Ø±ÙƒÙ‡,1.834135657667578e-05,35,34,1.834135657667578e-05,0.0
Ø±Ø¶Ø§,1.834125547792993e-05,12,8,1.834125547792993e-05,0.0
ØªÙØ§Ø¹Ù„Øª,1.8339261173974976e-05,19,3,1.8339261173974976e-05,0.0
Ù„Ù„Ø«Ø±ÙˆÙ‡,1.83326768705957e-05,3,3,1.83326768705957e-05,0.0
Ø§Ø³ØªØ«Ù†Ø§Ø¡,1.832484651998347e-05,38,19,1.832484651998347e-05,0.0
Ù…ÙŠØªØ³ÙˆÙŠ,1.83218804503658e-05,6,5,1.83218804503658e-05,0.0
Ø§Ù„ÙˆÙ‡Ø§Ø¨,1.8320194190554097e-05,11,4,1.8320194190554097e-05,0.0
ÙˆØªÙƒÙˆÙ†,1.8319335344052608e-05,10,6,1.8319335344052608e-05,0.0
Ø§Ø¨Ø§Ø±,1.8306160178508987e-05,19,3,1.8306160178508987e-05,0.0
Ø§Ù„Ø´Ø¯ÙŠØ¯,1.827387255416708e-05,4,3,1.827387255416708e-05,0.0
Ø§Ù„Ù…Ø²Ø§Ø¯Ø§Ù„ØªØºÙŠØ±Ø§Ù„Ø§Ø³Ù…Ø§Ùƒ,1.8269545834963007e-05,14,6,1.8269545834963007e-05,0.0
Ø§Ù„Ù…Ø­Ø§ØµÙŠÙ„,1.8227270710760934e-05,19,16,1.8227270710760934e-05,0.0
Ø§Ù„Ø­Ø±Ø§Ø±ÙŠÙ‡,1.8225320458868608e-05,26,16,1.8225320458868608e-05,0.0
Ø§Ù„ÙˆÙ„ÙŠØ¯,1.8207034876098703e-05,13,4,1.8207034876098703e-05,0.0
Ø¨Ø§Ù„Ø±ÙŠØ§Ù„,1.8204202044314568e-05,40,17,1.8204202044314568e-05,0.0
ØªØªÙˆÙ„ÙŠ,1.820165530051381e-05,18,12,1.820165530051381e-05,0.0
Ø±Ø­Ù„Ù‡,1.8185294607111245e-05,15,13,1.8185294607111245e-05,0.0
ÙˆÙ…Ø§Ø¦Ù‡,1.817110438358809e-05,4,4,1.817110438358809e-05,0.0
ÙˆØ§Ù„Ø§Ø³ØªØ«Ù…Ø§Ø±ÙŠÙ‡,1.816121629022509e-05,44,27,1.816121629022509e-05,0.0
Ø¨Ù…Ø¹Ø±Ø¶,1.813944410072098e-05,6,6,1.813944410072098e-05,0.0
Ù…Ø´Ø±ÙˆØ¹Ù‡Ø§,1.813680675973178e-05,14,11,1.813680675973178e-05,0.0
Ù„Ù„Ø®Ø·ÙˆØ·,1.813000587022523e-05,31,14,1.813000587022523e-05,0.0
Ø§Ù„ØªØ±ÙˆÙŠÙ‡,1.8121526715635996e-05,10,3,1.8121526715635996e-05,0.0
Ù…Ø±Ù‡,1.811734346729101e-05,228,89,1.811734346729101e-05,0.0
comØ§Ù„Ù…Ù„ÙØ§Øª,1.8112643935673706e-05,11,11,1.8112643935673706e-05,0.0
ØªÙ„Ø¹Ø¨Ù‡,1.8100456921887692e-05,8,7,1.8100456921887692e-05,0.0
ÙˆÙ…Ù‚Ø±Ù‡Ø§,1.8099687244717193e-05,9,9,1.8099687244717193e-05,0.0
Ø¨Ø³Ù†Ø¯,1.8095855142041927e-05,5,3,1.8095855142041927e-05,0.0
ÙØ¹Ø§Ù„ÙŠØ§Øª,1.8086520195101593e-05,62,35,1.8086520195101593e-05,0.0
Ø±ÙŠØ§Ù„ØµØ§ÙÙŠ,1.80677797348187e-05,8,7,1.80677797348187e-05,0.0
ÙˆØ§Ù„Ù…Ø¬Ø¯ÙˆÙ„Ù‡,1.8066011379491678e-05,7,6,1.8066011379491678e-05,0.0
Ø³Ù‡Ù…ÙŠÙ†,1.8058555778824214e-05,5,3,1.8058555778824214e-05,0.0
Ø§Ù„Ø¬Ù…ÙŠØ¹,1.805007410748047e-05,19,19,1.805007410748047e-05,0.0
Ù„Ù„ÙƒÙŠÙ…ÙŠØ§Ø¡,1.803352598180481e-05,10,4,1.803352598180481e-05,0.0
Ø³Ø¹Ø±Ù‡Ø§,1.80305995244098e-05,4,3,1.80305995244098e-05,0.0
Ø±Ø¨Ø¹ÙŠ,1.802847807238246e-05,20,15,1.802847807238246e-05,0.0
Ø§Ù„Ø§Ø¹ØªØ±Ø§Ø¶Ø§Øª,1.802182794382882e-05,7,3,1.802182794382882e-05,0.0
Ø§Ù„ØªØ­Ù‚ÙŠÙ‚,1.8014742640675935e-05,20,5,1.8014742640675935e-05,0.0
ÙˆØ§Ù„ØºØ±Ø§Ù…Ø§Øª,1.8006732893779048e-05,4,3,1.8006732893779048e-05,0.0
Ø§Ù„ØªØ±ØªÙŠØ¨,1.7964492197894434e-05,108,25,1.7964492197894434e-05,0.0
Ø§Ù„Ù…Ù†Ø²Ù„ÙŠ,1.7961401495444265e-05,8,5,1.7961401495444265e-05,0.0
Ø§Ù„Ù†Ø§Ø±ÙŠÙ‡,1.7955974353736688e-05,6,5,1.7955974353736688e-05,0.0
Ù„Ù‚ÙŠØ§Ø¯Ù‡,1.79169499120756e-05,14,12,1.79169499120756e-05,0.0
Ø§Ø³ØªØ±Ø¯Ø§Ø¯,1.7903168497083207e-05,22,19,1.7903168497083207e-05,0.0
Ø§Ù„Ø¨Ø±Ø§Ùƒ,1.7900729380371226e-05,7,4,1.7900729380371226e-05,0.0
Ø³ÙƒÙŠÙ†Ù‡,1.789767786950229e-05,3,3,1.789767786950229e-05,0.0
Ø§Ù„Ø³Ù‡Ù…ÙŠÙ†,1.7896118180632208e-05,4,4,1.7896118180632208e-05,0.0
ÙˆØ§Ù„Ù…Ø³ØªØ«Ù…Ø±ÙŠÙ†,1.7882773773036878e-05,58,46,1.7882773773036878e-05,0.0
Ø¨ØªØ¯Ø§Ø¹ÙŠØ§Øª,1.787720147927185e-05,5,4,1.787720147927185e-05,0.0
Ø§Ù„Ù…Ø²Ø§Ø±Ø¹ÙˆÙ†,1.786992725260243e-05,21,4,1.786992725260243e-05,0.0
Ù…ÙˆØ§Ø¬Ù‡Ù‡,1.7842648847300002e-05,46,27,1.7842648847300002e-05,0.0
Ù†ÙˆÙ‡,1.78149298912303e-05,3,3,1.78149298912303e-05,0.0
ØªØ¨Ø°Ù„Ù‡Ø§,1.778584609149323e-05,33,33,1.778584609149323e-05,0.0
Ø®Ø·Ø§Ø¨Ø§,1.7759233094111027e-05,7,4,1.7759233094111027e-05,0.0
Ø§Ù„Ù…ÙØ¶Ù„Ù‡,1.775697235285467e-05,37,10,1.775697235285467e-05,0.0
Ø§Ù„Ù‚Ù„ÙŠÙ„Ù‡,1.7741919501265034e-05,26,21,1.7741919501265034e-05,0.0
Ø·ÙˆØ§Ù‚Ù…Ù‡Ø§,1.7734413703665705e-05,3,3,1.7734413703665705e-05,0.0
Ø¨Ø°Ù„ØªÙ‡Ø§,1.7734413703665705e-05,3,3,1.7734413703665705e-05,0.0
Ø§Ù„Ø¨ÙˆÙ„ÙŠÙ…ÙŠØ±Ø§Øª,1.771887982689584e-05,3,3,1.771887982689584e-05,0.0
alahli,1.7705323295284004e-05,17,15,1.7705323295284004e-05,0.0
Ø¨Ù„Ø§,1.7700914199968172e-05,8,4,1.7700914199968172e-05,0.0
Ø§Ù„Ø³ÙŠØ§Ø³ÙŠÙ‡,1.770052824322782e-05,7,5,1.770052824322782e-05,0.0
Ø§ÙŠÙ‚Ø§ÙÙ‡,1.7698344162976017e-05,5,3,1.7698344162976017e-05,0.0
Ù„Ù„ØªÙ‚Ø¯ÙŠÙ…,1.7682767985137582e-05,3,3,1.7682767985137582e-05,0.0
Ø§Ù†Ø¬Ù„ÙˆØ³,1.7680908145977903e-05,4,3,1.7680908145977903e-05,0.0
ÙˆØ§ØªÙÙ‚Øª,1.7680761253183723e-05,4,4,1.7680761253183723e-05,0.0
Ø§Ù„Ù…Ø²Ø§Ø¯Ø§Ù„ØªØºÙŠØ±Ø§Ù„ØºØ§Ø²,1.767657546014143e-05,16,7,1.767657546014143e-05,0.0
Ø³ØªØµÙ„,1.767479516168274e-05,3,3,1.767479516168274e-05,0.0
Ù†Ø¸Ù…Ù‡,1.7673469710379937e-05,5,5,1.7673469710379937e-05,0.0
Ø§Ø³ØªÙØ§Ø¯Øª,1.7672153153678947e-05,15,13,1.7672153153678947e-05,0.0
ØªÙÙŠØ¯,1.7628682142487527e-05,9,8,1.7628682142487527e-05,0.0
Ø§Ù„Ø¨ØµØ±ÙŠÙ‡,1.7619061913251627e-05,47,28,1.7619061913251627e-05,0.0
Ø§ÙˆØ¯,1.76137501980301e-05,9,8,1.76137501980301e-05,0.0
Ù„Ù…Ø§Ø¯Ù‡,1.7593943377262205e-05,46,29,1.7593943377262205e-05,0.0
ÙˆÙŠØªÙ…Ø«Ù„,1.7585090100624e-05,13,13,1.7585090100624e-05,0.0
Ø§Ù„Ù…Ø³Ø§Ø¹Ø¯Ù‡,1.7577979988868675e-05,10,9,1.7577979988868675e-05,0.0
Ø§Ù„Ø³Ù†ÙŠÙ†,1.7569723836886894e-05,4,4,1.7569723836886894e-05,0.0
Ù…Ø±Ø§Ø¨Ø­Ù‡,1.7558650364669888e-05,28,16,1.7558650364669888e-05,0.0
Ø§Ù„ÙƒØ´Ù,1.7556758124078586e-05,5,5,1.7556758124078586e-05,0.0
ÙØ§Ø¦Ù‚,1.7554573405791675e-05,10,7,1.7554573405791675e-05,0.0
Ø§Ù„Ø¹Ø²ÙŠØ²,1.754347044726347e-05,221,114,1.754347044726347e-05,0.0
ØªØ¶Ø¹,1.7535826353403935e-05,18,13,1.7535826353403935e-05,0.0
Ù„Ù…Ù…Ø«Ù„ÙŠ,1.7529733709281696e-05,5,4,1.7529733709281696e-05,0.0
Ø§Ù„Ø²Ù…Øª,1.751611429070197e-05,15,9,1.751611429070197e-05,0.0
Ø§Ù„Ø­ÙƒÙˆÙ…ÙŠ,1.7508508389853665e-05,140,73,1.7508508389853665e-05,0.0
ÙˆØªÙ…ÙƒÙŠÙ†Ù‡Ø§,1.7502084286805586e-05,13,6,1.7502084286805586e-05,0.0
Ø§Ù„Ø¬Ù‡Ù‡,1.7499376268016845e-05,16,16,1.7499376268016845e-05,0.0
ÙŠÙ‚ÙˆØ¯Ù‡Ø§,1.7485865568578163e-05,4,4,1.7485865568578163e-05,0.0
ÙˆØ±Ø¨Ø·Ù‡Ø§,1.7473517720541185e-05,6,6,1.7473517720541185e-05,0.0
ÙˆØ³Ø§Ù‡Ù…Øª,1.7472354650663957e-05,14,12,1.7472354650663957e-05,0.0
Ù„Ø®Ø·Ø·,1.7472241803823575e-05,18,10,1.7472241803823575e-05,0.0
ÙˆØ³ØªØ¤Ø¯ÙŠ,1.747030124011841e-05,5,5,1.747030124011841e-05,0.0
Ø§Ù„Ø´ÙŠØ®Ø±Ø¦ÙŠØ³,1.741614346382916e-05,5,3,1.741614346382916e-05,0.0
Ø·Ø±ÙŠØ³,1.741614346382916e-05,5,3,1.741614346382916e-05,0.0
ÙƒÙŠØ§Ù†Ø§Ø­Ù…Ø¯,1.741614346382916e-05,5,3,1.741614346382916e-05,0.0
ØªØ¹Ù…Ù„Ø§Ù†,1.741401983166395e-05,5,5,1.741401983166395e-05,0.0
ÙˆØªÙ†Ø¯Ø±Ø¬,1.740153382544088e-05,3,3,1.740153382544088e-05,0.0
ÙØ±Ø­Ø§Ù†,1.7397355258613254e-05,12,8,1.7397355258613254e-05,0.0
ØªØ³ÙˆÙŠÙ‚,1.7390645555916782e-05,22,11,1.7390645555916782e-05,0.0
Ø§Ù„Ù…Ø§Ø¶ÙŠØ§Ù„Ø¨Ù†Ùƒ,1.738543038862003e-05,12,4,1.738543038862003e-05,0.0
ÙˆØ§Ù„ØªØ¬Ù…Ø¹Ø§Øª,1.7365200655811208e-05,5,5,1.7365200655811208e-05,0.0
ØºØ§Ø²,1.7362603784356362e-05,55,19,1.7362603784356362e-05,0.0
Ø´Ø±ÙƒØªÙŠÙ†,1.735956515423196e-05,18,13,1.735956515423196e-05,0.0
Ù…Ø±Ø­Ù„ØªÙ‡Ø§,1.7343202681548997e-05,5,5,1.7343202681548997e-05,0.0
Ù†Ø´Ø·Ù‡,1.7329323729018537e-05,46,9,1.7329323729018537e-05,0.0
Ù„Ø³Ù†Ø¯Ø§Øª,1.7310024317452866e-05,5,4,1.7310024317452866e-05,0.0
Ø§Ù„Ø¬Ù„Ø³Ù‡,1.7306666488050896e-05,2247,738,1.7306666488050896e-05,0.0
ØªÙ„ÙØ²ÙŠÙˆÙ†,1.7291020910792226e-05,23,16,1.7291020910792226e-05,0.0
ØªØµÙˆØ±,1.7285447010738017e-05,10,8,1.7285447010738017e-05,0.0
Ù„Ù„Ø§Ù„Ø¨Ø§Ù†,1.7272265789716025e-05,12,7,1.7272265789716025e-05,0.0
ÙˆØ§Ù„Ø§Ø­ØªØ±Ø§Ø²ÙŠÙ‡,1.7263675715011682e-05,39,35,1.7263675715011682e-05,0.0
Ø³ØªØ¹Ù‚Ø¯,1.7255642769705215e-05,15,15,1.7255642769705215e-05,0.0
ÙˆØ³Ø¹Ø±,1.7247947962025984e-05,140,58,1.7247947962025984e-05,0.0
Ø§Ù„Ø´ÙŠØ®,1.7241107318807683e-05,71,34,1.7241107318807683e-05,0.0
Ø¨ÙØ§Ø±Ù‚,1.723546373063946e-05,7,6,1.723546373063946e-05,0.0
Ù…ØªÙØ§Ø¦Ù„Ù‡,1.723319901415405e-05,7,7,1.723319901415405e-05,0.0
ÙˆØ§ÙØ§Ø¯Øª,1.7224575508848632e-05,12,12,1.7224575508848632e-05,0.0
ÙˆØªÙ‚Ø³ÙŠÙ…,1.7215350095698858e-05,4,3,1.7215350095698858e-05,0.0
Ø¹Ø·Ù„Ù‡,1.720183213821234e-05,16,5,1.720183213821234e-05,0.0
ÙˆØ¨Ø¯Ø¡,1.719964372888473e-05,48,27,1.719964372888473e-05,0.0
ÙˆØ§Ù„Ø´ÙØ§ÙÙŠÙ‡,1.7184274068515455e-05,27,21,1.7184274068515455e-05,0.0
Ù…Ø´ØªØ±ÙƒÙŠ,1.7174814057614014e-05,27,15,1.7174814057614014e-05,0.0
Ø§Ù„ØµÙ†Ø¯ÙˆÙ‚Ø³Ø¹Ø±,1.7158706082267125e-05,27,6,1.7158706082267125e-05,0.0
Ø§Ù„Ø®Ø§ØµÙ‡Ø§Ù„Ø´Ø±ÙƒÙ‡,1.7158706082267125e-05,27,6,1.7158706082267125e-05,0.0
ÙˆÙˆØ²ÙŠØ±,1.7157471942959287e-05,5,4,1.7157471942959287e-05,0.0
Ù„Ù„Ø§ØªØ­Ø§Ø¯,1.7148293752769663e-05,19,9,1.7148293752769663e-05,0.0
Ù„,1.7142095491428834e-05,2816,735,1.7142095491428834e-05,0.0
Ø·Ù„Ø¹Øª,1.712992153522079e-05,68,15,1.712992153522079e-05,0.0
Ø´Ø§Ø´Ø§Øª,1.7127845986517426e-05,9,6,1.7127845986517426e-05,0.0
Ø²ÙŠØª,1.710844076717833e-05,24,11,1.710844076717833e-05,0.0
Ø¨Ø§Ù„ØºØ§Ø²,1.7105913707640822e-05,5,5,1.7105913707640822e-05,0.0
Ù…Ø·Ù„Ø¹Ù‡,1.70943480921803e-05,8,7,1.70943480921803e-05,0.0
ÙˆØ­Ø¸ÙŠ,1.7090538717930322e-05,4,4,1.7090538717930322e-05,0.0
Ø§Ù„Ù…Ø³Ø·Ø­Ù‡,1.707115939543409e-05,11,10,1.707115939543409e-05,0.0
Ø³ØªØ·Ø±Ø­,1.7068662840940054e-05,5,5,1.7068662840940054e-05,0.0
Ù„Ù„ØªÙ…ÙŠØ²,1.706255397413376e-05,7,4,1.706255397413376e-05,0.0
Ø§Ù‚ØµØ§Ù‡Ø§,1.7047547009123606e-05,43,21,1.7047547009123606e-05,0.0
Ù…Ø¤Ø´Ø±ÙŠ,1.704528722631006e-05,29,3,1.704528722631006e-05,0.0
Ø§Ù„Ø¹Ø§Ù…Ù„,1.7041648811919956e-05,25,21,1.7041648811919956e-05,0.0
Ù„Ø®Ù„Ø§Øª,1.7040805240793203e-05,13,7,1.7040805240793203e-05,0.0
Ø³ÙŠÙ†Ø®ÙØ¶,1.7036544353686307e-05,4,4,1.7036544353686307e-05,0.0
Ø§Ù„ÙˆØ²ÙŠØ±,1.698816481331898e-05,16,13,1.698816481331898e-05,0.0
Ø§Ù„Ø°ÙƒÙŠ,1.6914659475504365e-05,17,11,1.6914659475504365e-05,0.0
ÙˆØ§Ù„Ø®Ø¯Ù…ÙŠÙ‡,1.6912627977215608e-05,5,4,1.6912627977215608e-05,0.0
Ù…Ø§Ø¨ÙŠÙ†,1.6906566036378753e-05,3,3,1.6906566036378753e-05,0.0
ØªØ·ÙˆÙŠØ±Ù‡,1.6904015769571527e-05,13,13,1.6904015769571527e-05,0.0
ÙˆÙ„ÙŠ,1.6901511991292315e-05,166,82,1.6901511991292315e-05,0.0
Ø§Ù†Ø¹Ù‚Ø§Ø¯Ù‡Ø§,1.6892308990033135e-05,24,23,1.6892308990033135e-05,0.0
Ø§Ù„ØªÙ‚Ù†ÙŠÙŠÙ†,1.6891260237825255e-05,3,3,1.6891260237825255e-05,0.0
Ø³ÙŠØ¬Ø¹Ù„,1.689045302153201e-05,5,5,1.689045302153201e-05,0.0
Ù…Ø³ØªØ®Ø¯Ù…ÙŠ,1.6885078657557056e-05,10,7,1.6885078657557056e-05,0.0
Ø¨Ø§Ù„Ø§Ø³Ø¹Ø§Ø±,1.6875426255356722e-05,6,6,1.6875426255356722e-05,0.0
Ø§Ù„Ù…Ø¹Ø¯Ù†ÙŠÙ‡,1.6874373654126288e-05,81,43,1.6874373654126288e-05,0.0
Ù„Ù…ÙˆØ¸ÙÙŠÙ‡Ø§,1.686505646721534e-05,4,3,1.686505646721534e-05,0.0
Ù…ØªÙÙˆÙ‚Ù‡,1.685880548594133e-05,5,3,1.685880548594133e-05,0.0
Ø´Ø§Ù…Ù„Ù‡,1.6854814100122267e-05,51,34,1.6854814100122267e-05,0.0
ÙˆØ¬ÙŠØ²Ù‡,1.683840297603096e-05,5,4,1.683840297603096e-05,0.0
Ø¨ØªØ§Ø³ÙŠØ³,1.683417808448199e-05,6,5,1.683417808448199e-05,0.0
Ø³Ù‡Ù…Ø§,1.682683260852509e-05,148,56,1.682683260852509e-05,0.0
ØªÙƒÙ†Ù„ÙˆØ¬ÙŠ,1.68257830558607e-05,3,3,1.68257830558607e-05,0.0
Ù…Ù‚Ø±Ø§,1.6823280699324225e-05,8,8,1.6823280699324225e-05,0.0
ÙˆØ§Ù„Ù…Ø´Ø±ÙˆØ¨Ø§Øª,1.682309549254567e-05,11,9,1.682309549254567e-05,0.0
Ø§Ù„Ù„Ø§Ø¹Ø¨ÙŠÙ†,1.6815855920134194e-05,8,6,1.6815855920134194e-05,0.0
ÙˆÙ†Ù…Ø§,1.680473136287754e-05,3,3,1.680473136287754e-05,0.0
Ø§Ù„Ù…Ø±Ø¦ÙŠÙ‡,1.6798812151780768e-05,13,7,1.6798812151780768e-05,0.0
Ø§Ù„ØµØ§Ù„Ø­Ù‡,1.6796395092972383e-05,4,4,1.6796395092972383e-05,0.0
Ø¬Ù„Ø³Ù‡,1.679478817336504e-05,2512,752,1.679478817336504e-05,0.0
Ø¨Ø´Ø§Ø±,1.6792543166972433e-05,7,5,1.6792543166972433e-05,0.0
Ù†ÙˆØ§Ù‡,1.6788780728753534e-05,5,5,1.6788780728753534e-05,0.0
ÙˆØ§Ù„Ø·Ø±Ù‚,1.6784268193768443e-05,6,5,1.6784268193768443e-05,0.0
Ø¨ÙŠÙ†Ù‡,1.6774560697782934e-05,3,3,1.6774560697782934e-05,0.0
Ø§Ù„Ù…Ø¹Ø§Ø¯,1.676079083741037e-05,21,13,1.676079083741037e-05,0.0
Ø§Ù„Ù…Ø´ØºÙ„Ù‡,1.6760365123686987e-05,21,19,1.6760365123686987e-05,0.0
Ù†Ø¨ÙŠÙ„,1.6753027322093752e-05,8,5,1.6753027322093752e-05,0.0
Ø³Ø¯Ø§Ø¯Ù‡,1.6745594389209482e-05,16,9,1.6745594389209482e-05,0.0
Ø®Ø²ÙŠÙ†Ù‡,1.6742469675832064e-05,53,13,1.6742469675832064e-05,0.0
ØªØ§Ø±ÙŠØ®Ù‡Ø§,1.674059150065326e-05,26,9,1.674059150065326e-05,0.0
Ù„ØªØ­Ù‚ÙŠÙ‚Ù‡Ø§,1.6736224126327215e-05,3,3,1.6736224126327215e-05,0.0
ØªÙˆØ·ÙŠÙ†Ù‡Ø§,1.671702593700877e-05,4,4,1.671702593700877e-05,0.0
Ø¨Ø§Ø±Ø²,1.6715441157167205e-05,10,9,1.6715441157167205e-05,0.0
ÙˆØ§ÙˆÙ„,1.671318516546349e-05,21,16,1.671318516546349e-05,0.0
ÙˆØ§Ø¬Ø§Ø¨,1.671268243290163e-05,9,7,1.671268243290163e-05,0.0
ÙˆÙˆÙØ±Ù‡,1.670532940141687e-05,13,3,1.670532940141687e-05,0.0
Ø¹Ø¨Ø¯Ø§Ù„Ù„Ø·ÙŠÙ,1.6700905589319543e-05,15,10,1.6700905589319543e-05,0.0
Ø¯Ù…Ø´Ù‚,1.669356690377766e-05,13,6,1.669356690377766e-05,0.0
ÙŠØ¨Ø±Ø²,1.6675791733914227e-05,5,5,1.6675791733914227e-05,0.0
ÙˆÙ†Ù…ÙˆÙ‡Ø§,1.666880376128288e-05,3,3,1.666880376128288e-05,0.0
ÙŠÙ‚Ø±,1.6652761248885914e-05,5,5,1.6652761248885914e-05,0.0
Ø§Ù„Ù‚ÙŠØ§Ø³Ø§Øª,1.664902984483826e-05,5,4,1.664902984483826e-05,0.0
Ù…Ø­Ù„ÙŠÙ‡,1.6647314119512636e-05,54,35,1.6647314119512636e-05,0.0
Ù‚Ø§Ø¯Ø±Ø§,1.664344167844902e-05,9,7,1.664344167844902e-05,0.0
Ù…Ù‡Ø§,1.6639405450523105e-05,5,4,1.6639405450523105e-05,0.0
Ø±Ø§Ø¬ÙŠØ§,1.6636328220489966e-05,3,3,1.6636328220489966e-05,0.0
Ø´Ø±ÙƒØ§Øª,1.661525187235677e-05,1950,475,1.661525187235677e-05,0.0
Ø§Ø¨Ø¯Øª,1.660832688748607e-05,6,6,1.660832688748607e-05,0.0
Ø«,1.659470829923887e-05,4,3,1.659470829923887e-05,0.0
Ù„Ù…Ù†ØªØ¬,1.6588792713699168e-05,25,13,1.6588792713699168e-05,0.0
Ø§Ù„Ø¹Ø¶ÙˆÙŠÙ‡Ù…Ø³ØªÙ‚Ù„ØªØ§Ø±ÙŠØ®,1.658876147127881e-05,6,6,1.658876147127881e-05,0.0
Ø³ØªÙŠÙÙ†,1.6573640183976616e-05,13,9,1.6573640183976616e-05,0.0
Ù…ÙˆØ³,1.6573640183976616e-05,13,9,1.6573640183976616e-05,0.0
Ù…ØµØ§Ø­Ø¨,1.6571328621235395e-05,4,3,1.6571328621235395e-05,0.0
Ø§Ù…ØªÙŠØ§Ø²,1.6559754906192924e-05,5,3,1.6559754906192924e-05,0.0
ØªÙˆØ¸ÙŠÙØ§,1.6556361564404117e-05,27,4,1.6556361564404117e-05,0.0
Ø§Ù„Ø³ÙˆÙ‚ÙŠÙ‡,1.6539470943520785e-05,269,66,1.6539470943520785e-05,0.0
ÙˆØ®ÙØ¶Øª,1.6532305603630462e-05,30,24,1.6532305603630462e-05,0.0
Ø§Ø³ØªÙŠØ¹Ø§Ø¨,1.6530844838675474e-05,6,4,1.6530844838675474e-05,0.0
ÙˆØ§Ù„Ù…Ø´Ø±ÙˆØ¹Ø§Øª,1.652346935949778e-05,4,4,1.652346935949778e-05,0.0
Ø¨Ø§Ø®Ø±ÙŠ,1.6521864578641542e-05,3,3,1.6521864578641542e-05,0.0
ÙˆØ§Ù„ØªØ¹Ø±Ù,1.6520100149217377e-05,3,3,1.6520100149217377e-05,0.0
ÙˆÙ…ØµØ§Ø¯Ø±,1.6507846096822013e-05,7,5,1.6507846096822013e-05,0.0
Ù„Ù…Ø³ØªÙˆÙŠØ§Øª,1.6502285842597824e-05,28,20,1.6502285842597824e-05,0.0
Ù…ØªÙ†ÙˆØ¹,1.649589721924172e-05,3,3,1.649589721924172e-05,0.0
Ø§Ù„ÙˆÙ‚Ù,1.648306227120422e-05,11,4,1.648306227120422e-05,0.0
Ù„Ø§ÙƒÙ…Ø§Ù„,1.648209548397151e-05,21,17,1.648209548397151e-05,0.0
Ø±Ø¦Ø§Ø³ØªÙ‡,1.6452648264350394e-05,8,4,1.6452648264350394e-05,0.0
Ø§Ù„Ø¬Ù…Ø¹ÙŠÙ‡ÙŠÙƒÙˆÙ†,1.644347403111294e-05,10,10,1.644347403111294e-05,0.0
ÙˆØ§ØºØ°ÙŠÙ‡,1.6437719346896298e-05,10,10,1.6437719346896298e-05,0.0
Ù…ØªØ§Ø¬Ø±,1.6432602708336724e-05,6,4,1.6432602708336724e-05,0.0
ÙˆØ§Ù„Ø­ÙŠØ§Ø¯,1.64319584626884e-05,7,5,1.64319584626884e-05,0.0
Ø±Ø¤ÙˆØ³,1.6428431793898647e-05,11,6,1.6428431793898647e-05,0.0
Ø§Ù„Ø¨Ø§Ù‚ÙŠÙ‡,1.6426150371704605e-05,8,3,1.6426150371704605e-05,0.0
Ù„Ø§ØµØ­Ø§Ø¨,1.6417310809329576e-05,14,6,1.6417310809329576e-05,0.0
ÙˆØ§Ø²Ø¯Ù‡Ø§Ø±,1.6414424097673716e-05,5,5,1.6414424097673716e-05,0.0
Ø§Ù„Ù…Ø²Ø¯Ù‡Ø±,1.6412507753191758e-05,5,5,1.6412507753191758e-05,0.0
ÙØ¹Ø§Ù„ÙŠØ§ØªÙ‡,1.6395338295446596e-05,8,8,1.6395338295446596e-05,0.0
ÙŠÙ†Øµ,1.638496616913368e-05,3,3,1.638496616913368e-05,0.0
Ø·ÙˆØ§Ù„,1.6384962209976492e-05,23,21,1.6384962209976492e-05,0.0
Ù‡Ø¯ÙŠÙ‡,1.638309029692298e-05,4,3,1.638309029692298e-05,0.0
Ù…Ø¤Ù‚Øª,1.6365592462686448e-05,21,11,1.6365592462686448e-05,0.0
Ù…ÙØªÙˆØ­Ø§,1.636297831963479e-05,7,6,1.636297831963479e-05,0.0
Ù…Ù…ÙŠØ²Ø§Øª,1.635922371414533e-05,7,6,1.635922371414533e-05,0.0
ØªÙ†Ø¸ÙŠÙ…ÙŠÙ‡,1.635365402509752e-05,7,7,1.635365402509752e-05,0.0
Ø¨Ù…Ø¬Ù…ÙˆØ¹,1.63495471412606e-05,6,6,1.63495471412606e-05,0.0
Ù„Ù…Ø±Ø§Ø¬Ø¹ØªÙ‡Ø§,1.6346138191820016e-05,32,3,1.6346138191820016e-05,0.0
Ø§Ù„Ø¨ÙŠØ¦Ø§Øª,1.6328005484363337e-05,5,3,1.6328005484363337e-05,0.0
Ø§Ù„Ù…Ø¹ÙŠÙ†Ø§Ù„Ø§Ø³ØªØ§Ø°,1.6325127944275776e-05,8,6,1.6325127944275776e-05,0.0
ÙˆØ§Ù„Ù†ÙØ·,1.63248426714178e-05,11,4,1.63248426714178e-05,0.0
Ø®Ù„Ù„,1.6292171358109613e-05,8,6,1.6292171358109613e-05,0.0
Ø¹Ù‚ÙˆØ¨Ø§Øª,1.628250876818102e-05,11,3,1.628250876818102e-05,0.0
Ø·ÙØ±Ù‡,1.6280020572929485e-05,7,6,1.6280020572929485e-05,0.0
ÙˆØ§Ù„Ø±Ø¯,1.6268855662967283e-05,5,3,1.6268855662967283e-05,0.0
Ø§Ù„ÙØ§Ù„Ø­,1.6265870091845057e-05,38,19,1.6265870091845057e-05,0.0
Ø§ØµØ¯Ø±,1.624591520066363e-05,29,14,1.624591520066363e-05,0.0
Ø¸Ù„Øª,1.6222041605741372e-05,11,7,1.6222041605741372e-05,0.0
Ø§Ù„Ù‚Ø§Ø¯Ù…Ù‡Ø§Ù„Ø§Ø­Ù‚ÙŠÙ‡,1.6210951229984143e-05,3,3,1.6210951229984143e-05,0.0
Ø§Ù„Ø²ÙŠØ§Ø¯Ù‡Ø³ØªØªÙ…,1.6210951229984143e-05,3,3,1.6210951229984143e-05,0.0
Ù…Ø¨ÙƒÙˆ,1.6204120270675942e-05,344,104,1.6204120270675942e-05,0.0
Ø§Ù„ÙØ§Ø¦Ø²,1.619038515431127e-05,6,5,1.619038515431127e-05,0.0
Ø§ÙŠØ¯Ù‡Ù…Ø§,1.6190051936616702e-05,3,3,1.6190051936616702e-05,0.0
Ø´ÙƒØ§ÙˆÙŠ,1.617952780487237e-05,62,21,1.617952780487237e-05,0.0
ÙˆØ§Ù„Ù…Ø¹Ù„ÙˆÙ…Ø§Øª,1.6163537902987923e-05,16,13,1.6163537902987923e-05,0.0
ÙˆØ­Ø¯ÙˆØ«,1.616196270920996e-05,5,4,1.616196270920996e-05,0.0
ÙˆØ§Ù„Ø°Ù‡Ø¨,1.6152442098320437e-05,11,8,1.6152442098320437e-05,0.0
Ø§Ø³ØªØ«Ù…Ø§Ø±ÙŠÙ‡,1.6149908149278926e-05,100,61,1.6149908149278926e-05,0.0
Ø§Ù„Ù…ØªØ­Ù‚Ù‚Ù„Ø§,1.6146182278664365e-05,6,5,1.6146182278664365e-05,0.0
ÙˆÙ…ÙˆØ¸ÙÙŠ,1.6124914969432786e-05,12,8,1.6124914969432786e-05,0.0
Ù„Ù…Ø­Ø·Ù‡,1.6091454274838092e-05,3,3,1.6091454274838092e-05,0.0
ÙˆØ§ÙŠÙ‡,1.6069379553304955e-05,7,4,1.6069379553304955e-05,0.0
Ø§Ù†Ø´Ø§Ø¦ÙŠÙ‡,1.606894993628716e-05,8,5,1.606894993628716e-05,0.0
Ø®Ø·Ø§Ø¨Ø§Øª,1.6063539363911873e-05,9,7,1.6063539363911873e-05,0.0
Ø§Ù„ÙˆÙ‚Ø§Ø¦ÙŠ,1.6056069623375035e-05,7,3,1.6056069623375035e-05,0.0
Ø§Ù„Ù…Ø±ÙƒØ¨Ù‡,1.605492730927315e-05,41,15,1.605492730927315e-05,0.0
saØªØ§Ø±ÙŠØ®,1.6054378766551258e-05,10,10,1.6054378766551258e-05,0.0
Ø§Ù„Ø¨Ø±Ù‚Ø§Ù†,1.6052033993876322e-05,12,7,1.6052033993876322e-05,0.0
ÙˆÙ‚Ø·Ø§Ø¹Ø§Øª,1.605085689009483e-05,13,5,1.605085689009483e-05,0.0
Ù…Ø¹Ø§Ù…Ù„Ù‡,1.6028901631629522e-05,5,3,1.6028901631629522e-05,0.0
ÙƒØ±Ø¦ÙŠØ³,1.601973278825799e-05,20,17,1.601973278825799e-05,0.0
Ø§Ù„ÙÙˆØ±ÙŠÙ‡,1.6015476010386332e-05,57,29,1.6015476010386332e-05,0.0
ÙˆØªØ¹Ø²ÙŠØ²Ø§,1.6004448903108114e-05,5,3,1.6004448903108114e-05,0.0
Ù„Ø­Ù…Ø§ÙŠÙ‡,1.6002889723596434e-05,24,19,1.6002889723596434e-05,0.0
Ù‡ÙˆÙŠØªÙ‡,1.598294026297959e-05,10,9,1.598294026297959e-05,0.0
ÙˆÙÙŠØ§Øª,1.5981900469557532e-05,5,5,1.5981900469557532e-05,0.0
Ù„Ø¯Ø®Ù„,1.5966077600008514e-05,15,15,1.5966077600008514e-05,0.0
Ù…Ø­Ø±ÙƒØ§,1.5956718734635556e-05,6,4,1.5956718734635556e-05,0.0
Ø¨ØªØ¯Ø§ÙˆÙ„Ø§ØªÙŠ,1.5953806155009987e-05,43,41,1.5953806155009987e-05,0.0
Ø¨Ø­ÙˆØ§Ù„ÙŠ,1.595254599152823e-05,53,32,1.595254599152823e-05,0.0
Ø§Ù„Ø§Ø³Ø¨Ø§Ø¨,1.593659057418986e-05,7,7,1.593659057418986e-05,0.0
ÙŠØ­ØªØ°ÙŠ,1.5932319174545035e-05,8,6,1.5932319174545035e-05,0.0
Ø§Ø´Ø§Ø±Ù‡,1.5932074498315512e-05,16,13,1.5932074498315512e-05,0.0
Ø§Ù„Ø«Ø§Ù„Ø«Ø§Ù„Ù…ÙˆØ¬ÙˆØ¯Ø§Øª,1.5924132470776382e-05,14,6,1.5924132470776382e-05,0.0
petrorabigh,1.59171497902198e-05,10,9,1.59171497902198e-05,0.0
Ø§Ù„Ø³Ø¹Ø¯ÙˆÙ†,1.590417581038165e-05,75,26,1.590417581038165e-05,0.0
Ø§Ù„Ù…Ø²Ø§Ø¯Ø§Ù„ØªØºÙŠØ±Ù‡Ø±ÙÙŠ,1.5904018023503553e-05,26,11,1.5904018023503553e-05,0.0
Ø§Ù„Ù…Ù…Ø§Ù†Ø¹Ù‡,1.5898851881158204e-05,14,6,1.5898851881158204e-05,0.0
Ø§Ù„Ø§Ø®Ø¶Ø±,1.5897369325357508e-05,7,3,1.5897369325357508e-05,0.0
Ø§Ù„Ù…Ø²Ø§Ø¯Ø§Ù„ØªØºÙŠØ±Ø²Ø¬Ø§Ø¬,1.5895794723305206e-05,12,5,1.5895794723305206e-05,0.0
Ù‚Ø±Ø§Ø±Ø§Øª,1.5881028584722526e-05,33,18,1.5881028584722526e-05,0.0
Ø¨Ø§Ù„Ù…Ø±ÙˆÙ†Ù‡,1.5866358407625674e-05,7,4,1.5866358407625674e-05,0.0
ÙƒÙ…ÙˆØ§Ø¯,1.5845702014907074e-05,6,4,1.5845702014907074e-05,0.0
Ø§Ù„Ø´Ù…Ø±Ø§Ù†ÙŠ,1.5833570725632606e-05,8,5,1.5833570725632606e-05,0.0
Ø§Ù„Ø§ÙŠØ±Ø§Ø¯,1.583163846394664e-05,11,6,1.583163846394664e-05,0.0
Ø§Ù„Ø§Ø³Ø±,1.5829759072035168e-05,32,11,1.5829759072035168e-05,0.0
Ø§Ù„Ù†Ø§Ø´Ø¦Ù‡Ù…ØµØ±Ù,1.5821732511376378e-05,29,3,1.5821732511376378e-05,0.0
Ø¯Ø§Ø±ÙŠÙ†,1.581268876886307e-05,20,11,1.581268876886307e-05,0.0
Ø§Ù„ØªØµÙ…ÙŠÙ…,1.5796532509780285e-05,32,15,1.5796532509780285e-05,0.0
Ø§Ù„ÙØªØ±Ù‡Ù…Ø³Ø¨Ù‚Ù‡,1.5793584099746702e-05,4,4,1.5793584099746702e-05,0.0
Ù„Ù„Ø±ÙŠØ§Ø¶Ù‡,1.5782152767258085e-05,32,12,1.5782152767258085e-05,0.0
Ø¨Ø§Ù„ØµÙŠÙ†,1.5771044881904957e-05,5,3,1.5771044881904957e-05,0.0
Ø§Ù„ÙˆØ§Ø¬Ø¨,1.5769474972697584e-05,13,8,1.5769474972697584e-05,0.0
ØªÙˆØ¬Ù‡Ù‡Ø§,1.5753867772415905e-05,3,3,1.5753867772415905e-05,0.0
Ø§Ù„Ù†Ø´Ø±Ù‡,1.574900174465568e-05,224,88,1.574900174465568e-05,0.0
Ø§Ù„Ø§Ø¶Ø­ÙŠ,1.573073892061091e-05,99,7,1.573073892061091e-05,0.0
Ø§Ù„ÙÙŠØµÙ„,1.5719422955898515e-05,44,26,1.5719422955898515e-05,0.0
Ø§Ù…ÙƒØ§Ù†Ø§Øª,1.5709559797659787e-05,22,14,1.5709559797659787e-05,0.0
Ø¬ÙˆÙŠ,1.5703900361410436e-05,9,5,1.5703900361410436e-05,0.0
Ù„Ù…Ø­ÙØ¸Ù‡,1.5697995036090926e-05,8,4,1.5697995036090926e-05,0.0
Ø§Ù„Ø³Ø¹ÙˆØ¯ÙŠØªÙ…Øª,1.569077994615221e-05,79,52,1.569077994615221e-05,0.0
Ø§Ù„Ù…Ø¨Ø±Ù…,1.5686779669744685e-05,6,4,1.5686779669744685e-05,0.0
Ø§Ù„Ù…Ù‚Ø±Ù‡,1.5674969516811586e-05,8,3,1.5674969516811586e-05,0.0
Ø¨Ù…Ø¹Ø§ÙŠÙŠØ±,1.56738233339515e-05,12,11,1.56738233339515e-05,0.0
ÙˆØ§Ù„Ø§Ù†Ø´Ø·Ù‡,1.5665811108802302e-05,16,9,1.5665811108802302e-05,0.0
Ø³ØªØ³Ø§Ø¹Ø¯,1.5663784780430872e-05,16,15,1.5663784780430872e-05,0.0
ØªÙØµÙŠÙ„ÙŠÙ‡,1.566150507082485e-05,22,13,1.566150507082485e-05,0.0
Ù…Ø§Ù„ÙŠÙŠÙ†,1.565818546774433e-05,9,9,1.565818546774433e-05,0.0
Ù…ØµÙØ§Ù‡,1.565761300673924e-05,27,10,1.565761300673924e-05,0.0
Ø§Ø³ÙƒØ§Ù†,1.5650821745629216e-05,5,5,1.5650821745629216e-05,0.0
Ø§Ù„ØªÙˆØªØ±Ø§Øª,1.564705695353541e-05,7,5,1.564705695353541e-05,0.0
Ù…ÙˆØ§Ø±Ø¯,1.5640090347151062e-05,33,30,1.5640090347151062e-05,0.0
ÙˆÙ„ÙŠØ³Øª,1.562962379338087e-05,6,5,1.562962379338087e-05,0.0
Ø¹Ø§Ø¦Ø¯Ø§Øª,1.5628391811317203e-05,5,4,1.5628391811317203e-05,0.0
Ù„Ù„ÙƒÙŠÙ…ÙŠØ§Ø¦ÙŠØ§Øª,1.562743039923913e-05,11,4,1.562743039923913e-05,0.0
Ø§Ù„Ù†ÙˆÙˆÙŠÙ‡,1.560762466178061e-05,3,3,1.560762466178061e-05,0.0
Ø§Ø³Ø±Ù‡,1.5604717588155728e-05,15,9,1.5604717588155728e-05,0.0
ÙˆØ¨Ø¯Ø§,1.5594627945907806e-05,21,19,1.5594627945907806e-05,0.0
ÙˆØªØ´ØºÙŠÙ„,1.55932110475701e-05,121,63,1.55932110475701e-05,0.0
Ù…Ø®Ø·Ø·,1.5590571975658597e-05,17,12,1.5590571975658597e-05,0.0
Ù„ØªÙˆØ­ÙŠØ¯,1.557757175081122e-05,5,4,1.557757175081122e-05,0.0
ØªØºÙŠØ±Øª,1.5556246600831946e-05,13,10,1.5556246600831946e-05,0.0
Ø§Ù„Ø§Ø³Ø¨Ø§Ø¨Ù„Ø§,1.555127415836368e-05,7,6,1.555127415836368e-05,0.0
Ù„Ù„Ø·Ù†,1.554286681940353e-05,217,44,1.554286681940353e-05,0.0
Ù†Ø§Ø¬Ù…Ù‡,1.5541620957390663e-05,4,3,1.5541620957390663e-05,0.0
Ø§Ù„Ø­ÙƒÙŠÙ…Ù‡,1.5536385615080915e-05,16,11,1.5536385615080915e-05,0.0
Ø¨Ù…Ø¬Ù„Ø³,1.5533317642068917e-05,34,25,1.5533317642068917e-05,0.0
Ø³ØªØ­Ø¯Ø¯,1.553297412644378e-05,9,4,1.553297412644378e-05,0.0
ÙˆÙ…Ø¯ÙŠØ±Ø§,1.5530557577136425e-05,5,4,1.5530557577136425e-05,0.0
Ø§Ù„Ø±ÙˆØ§Ø¨Ø·,1.5529977668422063e-05,10,3,1.5529977668422063e-05,0.0
Ù„Ù„Ù…Ø¤ØªÙ…Ø±,1.551294186850366e-05,21,15,1.551294186850366e-05,0.0
Ø¨Ø§Ù„Ø´Ø¨ÙƒÙ‡,1.5505014675401815e-05,30,18,1.5505014675401815e-05,0.0
ÙˆØªØ´Ù…Ù„,1.5474208187674587e-05,95,56,1.5474208187674587e-05,0.0
Ø§Ù„ØªÙ‚Ø¯ÙŠÙ…ÙŠ,1.547220474509416e-05,49,36,1.547220474509416e-05,0.0
Ù…Ø³ØªØ«Ù…Ø±ÙŠÙ‡Ø§,1.5471908230700938e-05,5,5,1.5471908230700938e-05,0.0
Ø§Ù„Ù…Ø²Ø§Ø¯Ø§Ù„ØªØºÙŠØ±Ø¨ÙˆØ§Ù†,1.5458909124598597e-05,9,3,1.5458909124598597e-05,0.0
Ø§Ù„Ø§ÙØµØ§Ø­,1.5458305616163466e-05,59,39,1.5458305616163466e-05,0.0
Ø§Ù„Ù…ÙƒØ§Ù„Ù…Ø§Øª,1.543093188425768e-05,16,11,1.543093188425768e-05,0.0
ÙˆØ§Ù„Ø®Ø§Øµ,1.5425224622965626e-05,103,71,1.5425224622965626e-05,0.0
ÙØ§ÙƒØ«Ø±,1.5422361157472993e-05,4,4,1.5422361157472993e-05,0.0
Ø§Ù„Ù…ÙŠØ«Ø§Ù†ÙˆÙ„,1.5413177281984092e-05,237,67,1.5413177281984092e-05,0.0
ÙˆÙ„Ø¶Ù…Ø§Ù†,1.540937427318335e-05,4,4,1.540937427318335e-05,0.0
Ø¨Ù„Ø¯Ø§,1.5395433618103135e-05,5,4,1.5395433618103135e-05,0.0
Ø§Ø¹ØªØ¨Ø§Ø±ÙŠÙ‡,1.538644648727833e-05,34,28,1.538644648727833e-05,0.0
ØªÙ…Ø¯Ø¯,1.537983809157995e-05,10,8,1.537983809157995e-05,0.0
Ù„Ù†Ø¯Ù†,1.5376587638684427e-05,11,10,1.5376587638684427e-05,0.0
Ø¨Ø§Ù„Ø¹Ù‚ÙˆØ¯,1.535283132138843e-05,22,7,1.535283132138843e-05,0.0
ÙˆÙ‡Ø¨ÙˆØ·Ø§,1.5348432907849084e-05,3,3,1.5348432907849084e-05,0.0
Ù…Ù…Ù„ÙˆÙƒØ§,1.5345287920144482e-05,7,5,1.5345287920144482e-05,0.0
Ù…Ù‚Ø§Ø±,1.5343936886637632e-05,9,4,1.5343936886637632e-05,0.0
Ø§Ø³ØªØ±Ø´Ø§Ø¯ÙŠÙ‡,1.5325463937371477e-05,4,4,1.5325463937371477e-05,0.0
ÙˆØªÙ†ÙÙŠØ°Ù‡Ø§,1.5294016204361566e-05,7,5,1.5294016204361566e-05,0.0
Ù…ÙƒØ¹Ø¨,1.5288852408481416e-05,16,7,1.5288852408481416e-05,0.0
Ø¨Ø´Ø¨ÙƒÙ‡,1.5266415705646832e-05,14,10,1.5266415705646832e-05,0.0
ÙƒØ§Ø³Ù‡Ù…,1.5256745789282695e-05,61,13,1.5256745789282695e-05,0.0
Ø§Ù„Ø­ÙŠÙ‡,1.5250162759944246e-05,11,6,1.5250162759944246e-05,0.0
Ø¹Ø¯Ø¯Ù‡Ù…,1.5248249298038697e-05,25,16,1.5248249298038697e-05,0.0
Ø§Ù„Ø¹Ù…ÙŠØ±,1.5241347760599675e-05,15,8,1.5241347760599675e-05,0.0
ÙˆØ³ÙŠØªÙŠ,1.5231037886162466e-05,4,3,1.5231037886162466e-05,0.0
ÙˆÙƒØ±ÙŠØ¯ÙŠØª,1.5231037886162466e-05,4,3,1.5231037886162466e-05,0.0
Ø³ÙŠØ±ÙØ¹,1.5227814212183488e-05,8,8,1.5227814212183488e-05,0.0
Ù…Ø´Ø¹Ø±,1.521613383792969e-05,27,5,1.521613383792969e-05,0.0
ÙØ§Ù†Ù‡,1.520525459567077e-05,76,54,1.520525459567077e-05,0.0
ÙˆØªØ§Ø«Ø±Øª,1.5170813608318542e-05,11,11,1.5170813608318542e-05,0.0
ÙˆÙ‚ÙŠØ§Ø¯Ù‡,1.5168128561687762e-05,5,5,1.5168128561687762e-05,0.0
Ø¨Ø¹ÙŠÙ†,1.5167656323645643e-05,13,11,1.5167656323645643e-05,0.0
Ø³Ø±ÙŠÙ‡,1.5153472790655117e-05,6,4,1.5153472790655117e-05,0.0
Ø¨ØªØ­Ù„ÙŠÙ„,1.5150482388890159e-05,6,6,1.5150482388890159e-05,0.0
Ù„Ø§Ø³ØªØ«Ù…Ø§Ø±Ø§Øª,1.5149749284093503e-05,36,9,1.5149749284093503e-05,0.0
ÙˆØ§Ù„ØªÙ‚Ù„Ø¨Ø§Øª,1.5146862061382963e-05,3,3,1.5146862061382963e-05,0.0
ØªÙˆÙ„ÙŠÙ‡,1.5141029717610416e-05,13,10,1.5141029717610416e-05,0.0
ÙˆØ­Ù„ÙˆÙ„Ø§,1.5129184756685503e-05,4,4,1.5129184756685503e-05,0.0
Ø¯ÙˆÙ„Ø§Ø±Ø§,1.5126743409968532e-05,118,38,1.5126743409968532e-05,0.0
Ø§Ù„Ø±Ø¨ÙŠØ¹,1.5118233648204918e-05,3,3,1.5118233648204918e-05,0.0
Ø®Ù„Ø§Øª,1.5116894644381612e-05,32,12,1.5116894644381612e-05,0.0
Ù…Ù†ØªØ¯Ø¨Ø§,1.5116405796897653e-05,9,6,1.5116405796897653e-05,0.0
Ù„Ø¶ÙŠÙˆÙ,1.5113358108360739e-05,17,7,1.5113358108360739e-05,0.0
Ø³Ø¯ÙƒÙˆ,1.511034367037981e-05,133,49,1.511034367037981e-05,0.0
Ù„Ù„Ø§Ø¬ØªÙ…Ø§Ø¹,1.5092112075538387e-05,21,16,1.5092112075538387e-05,0.0
Ø¨Ø§Ù†Ø¶Ù…Ø§Ù…,1.5078348606281407e-05,14,4,1.5078348606281407e-05,0.0
ÙˆØ§Ø®Ø±ÙŠØªÙƒØ§Ù„ÙŠÙ,1.5078112590688812e-05,4,4,1.5078112590688812e-05,0.0
Ù…ÙƒØ§Ø³Ø¨,1.5068421730914507e-05,329,138,1.5068421730914507e-05,0.0
Ù…ÙƒØ§Ø³Ø¨Ù‡,1.506239894122849e-05,712,265,1.506239894122849e-05,0.0
Ø§Ù„ØªØ¶Ø®Ù…,1.5056844701787209e-05,6,4,1.5056844701787209e-05,0.0
Ø§Ù„Ø¹Ù‚ÙˆØ¯,1.504639150537193e-05,314,87,1.504639150537193e-05,0.0
Ø§Ù„Ø²Ø§Ù…Ù„,1.5042474759260738e-05,419,139,1.5042474759260738e-05,0.0
ÙˆØ¨Ù…Ø¨Ù„Øº,1.5034139640235346e-05,13,10,1.5034139640235346e-05,0.0
Ø¨ØªÙˆÙÙŠØ±,1.5029166481177437e-05,48,28,1.5029166481177437e-05,0.0
ÙˆØ¹Ø±ÙØ§Øª,1.5028520038972763e-05,5,3,1.5028520038972763e-05,0.0
ØªÙ…Ø¯ÙŠØ¯,1.502491479951052e-05,132,46,1.502491479951052e-05,0.0
ØªØ±ÙƒÙŠ,1.501504647789626e-05,23,15,1.501504647789626e-05,0.0
Ø¬Ø²Ø¦ÙŠ,1.5014322282006777e-05,24,16,1.5014322282006777e-05,0.0
Ù„Ù„Ø§Ø³ØªØ´Ø§Ø±Ø§Øª,1.5012715007094193e-05,4,4,1.5012715007094193e-05,0.0
Ù†ÙØª,1.5007640923335443e-05,8,6,1.5007640923335443e-05,0.0
Ø¯Ø§ÙŠÙÙŠØ³,1.5004081077525702e-05,4,3,1.5004081077525702e-05,0.0
Ø§Ù„ÙØªØ±Ù‡Ø§Ù„Ù…Ù†ØªØ¬Ø§Øª,1.4999275697209301e-05,30,15,1.4999275697209301e-05,0.0
ÙˆØ§Ù„Ø¶Ø±Ø§Ø¦Ø¨Ø§Ø³ØªØ«Ù…Ø§Ø±Ø§Øª,1.4999275697209301e-05,15,15,1.4999275697209301e-05,0.0
ÙØ±ÙˆØ¹Ù‡Ø§,1.4994336310981758e-05,35,10,1.4994336310981758e-05,0.0
Ø§Ù„ØªØ¨Ø§Ø·Ø¤,1.4983969876072097e-05,19,12,1.4983969876072097e-05,0.0
Ø¶ÙŠÙˆÙ,1.4966220248888663e-05,28,13,1.4966220248888663e-05,0.0
Ø³ÙŠÙ‚Ø¯Ù…,1.4959845968922952e-05,10,9,1.4959845968922952e-05,0.0
Ø§ÙˆÙ„ÙŠØ§,1.4958985850281428e-05,3,3,1.4958985850281428e-05,0.0
Ù„Ù„ØªÙ…ÙˆÙŠÙ„,1.495893619180124e-05,90,26,1.495893619180124e-05,0.0
Ø§Ù„Ø¨Ù†Ø²ÙŠÙ†,1.4955628237025902e-05,19,11,1.4955628237025902e-05,0.0
Ø§Ù„Ø«ÙˆØ±Ù‡,1.4930280524268676e-05,16,14,1.4930280524268676e-05,0.0
ØªÙˆØ¬Ù‡Ø§Øª,1.492134882839417e-05,22,19,1.492134882839417e-05,0.0
Ø¶Ø¦ÙŠÙ„,1.491948825697663e-05,3,3,1.491948825697663e-05,0.0
Ø§Ù„Ù…ÙŠÙƒØ§Ù†ÙŠÙƒÙŠÙ‡,1.4915282950973422e-05,16,11,1.4915282950973422e-05,0.0
Ø´Ù‡Ø±ÙŠØ§,1.4898712756948027e-05,56,29,1.4898712756948027e-05,0.0
Ø§Ù„Ø­Ù‚Ø¨Ø§Ù†ÙŠ,1.4896074607546899e-05,6,5,1.4896074607546899e-05,0.0
Ø§Ù„ØªØ³Ø¹ÙŠØ±,1.4887596101089364e-05,13,9,1.4887596101089364e-05,0.0
Ø§Ù„Ø¨Ø§Ù‚Ø§Øª,1.4884412673628622e-05,17,10,1.4884412673628622e-05,0.0
Ø¨Ø¨ÙŠØ¹,1.487068680579929e-05,27,15,1.487068680579929e-05,0.0
ÙˆØ­Ø§Ù„ÙŠØ§,1.4861476209373545e-05,4,4,1.4861476209373545e-05,0.0
ÙˆØ§Ù„Ø¨ØªØ±ÙˆÙƒÙŠÙ…Ø§ÙˆÙŠÙ‡,1.485882716396859e-05,10,8,1.485882716396859e-05,0.0
Ø§Ù„ÙƒØ§ÙˆÙŠÙ‡,1.4856571432530603e-05,12,7,1.4856571432530603e-05,0.0
ÙˆØ§Ù„Ø¹Ù…Ø§Ù†ÙŠ,1.4853923120399724e-05,7,3,1.4853923120399724e-05,0.0
Ø§Ù„ØªØ§ÙƒØ¯,1.4848162340919283e-05,22,16,1.4848162340919283e-05,0.0
ÙˆØªØ²Ø§ÙŠØ¯,1.4839286191373322e-05,4,4,1.4839286191373322e-05,0.0
corporateac,1.483401866031119e-05,3,3,1.483401866031119e-05,0.0
ÙˆØªÙ†Ø§ÙˆÙ„,1.4826648808627048e-05,7,7,1.4826648808627048e-05,0.0
Ø´Ø¨ÙƒØ§ØªÙ‡Ø§,1.4819631286714579e-05,5,5,1.4819631286714579e-05,0.0
ÙˆØ§Ø¨Ø±Ø²,1.4818179401613364e-05,21,19,1.4818179401613364e-05,0.0
Ø§Ù„Ø§Ø³ØªÙ‡Ù„Ø§ÙƒÙŠ,1.4803297516741614e-05,13,8,1.4803297516741614e-05,0.0
ÙŠØ³ØªØ·ÙŠØ¹,1.4797576403912995e-05,10,9,1.4797576403912995e-05,0.0
Ø§Ù„Ø§Ø±Ø¨Ø¹Ø§Ø¡,1.4783810953606226e-05,873,264,1.4783810953606226e-05,0.0
Ù…Ù†ØµÙˆØ±,1.478362152513447e-05,34,24,1.478362152513447e-05,0.0
Ø§Ù„Ù…ÙˆØ§ØµÙ„Ø§Øª,1.478197343246417e-05,12,3,1.478197343246417e-05,0.0
Ø§Ù„Ù…Ø¯Ø±ÙÙ„Ù‡,1.477173817929468e-05,12,10,1.477173817929468e-05,0.0
Ø§Ù„Ø§Ø«ÙŠÙ„ÙŠÙ†,1.4770406537467953e-05,57,26,1.4770406537467953e-05,0.0
Ø§Ù„Ø§Ø¯Ø§Ø±ÙŠÙŠÙ†,1.4766152809874592e-05,13,8,1.4766152809874592e-05,0.0
ÙˆÙ‡Ø¬,1.47580082511952e-05,11,4,1.47580082511952e-05,0.0
ØªØ®ØµÙŠØµÙ‡Ø§,1.4749089159471915e-05,64,19,1.4749089159471915e-05,0.0
Ø§Ù„Ø§ØºÙ„Ø§Ù‚Ø§Ù„Ø´Ø±ÙƒÙ‡Ø³Ø¹Ø±,1.4741098230462123e-05,17,4,1.4741098230462123e-05,0.0
Ø§Ù„Ù…Ø¯Ù…Ø¬Ù‡,1.4730202228414534e-05,4,4,1.4730202228414534e-05,0.0
ÙˆÙƒÙŠÙ„,1.4727844294928038e-05,44,34,1.4727844294928038e-05,0.0
ÙˆØ§Ù„Ø§Ù„ØªØ²Ø§Ù…,1.472552925771989e-05,36,27,1.472552925771989e-05,0.0
Ø¨ØªØ«Ø¨ÙŠØª,1.4720703112239356e-05,8,8,1.4720703112239356e-05,0.0
ÙˆØ´Ø§Ø±Ùƒ,1.471484447650231e-05,12,11,1.471484447650231e-05,0.0
Ø§Ù„Ø±Ø§Ø¬Ø­ÙŠØ³Ø§Ø¨ÙƒØ§Ø³,1.4713662679703574e-05,88,9,1.4713662679703574e-05,0.0
Ø§Ù„Ù‚ØµÙŠÙ…Ø¨Ø¯Ø¬ØªÙ…Ù‡Ø§Ø±Ù‡Ø§Ù„Ø®Ø¯Ù…Ø§Øª,1.4713662679703574e-05,88,9,1.4713662679703574e-05,0.0
Ø§Ù„Ø§Ø±Ø¶ÙŠÙ‡Ø¬Ø¯ÙˆÙŠ,1.4713662679703574e-05,88,9,1.4713662679703574e-05,0.0
Ø§Ù„Ø³Ø¹ÙˆØ¯ÙŠÙ‡Ø§Ù„Ù…ØªÙ‚Ø¯Ù…Ù‡Ù…ØµØ±Ù,1.4713662679703574e-05,88,9,1.4713662679703574e-05,0.0
Ø³ÙŠØ¨Ù†Ùƒ,1.4713662679703574e-05,88,9,1.4713662679703574e-05,0.0
Ø§Ù„ÙˆØ·Ù†ÙŠØ§Ø³ÙˆØ§Ù‚,1.4713662679703574e-05,88,9,1.4713662679703574e-05,0.0
Ø§Ù„Ø³Ø¹ÙˆØ¯ÙŠÙ‡ÙƒÙŠØ§Ù†ØµØ§ÙÙˆÙ„Ø§ÙŠÙ†Ø³Ø§Ø¨Ø§Ù„Ø¹Ø±Ø¨ÙŠ,1.4713662679703574e-05,88,9,1.4713662679703574e-05,0.0
Ø­Ù‚ÙŠÙ‚ÙŠÙ‡,1.4712604512019448e-05,3,3,1.4712604512019448e-05,0.0
Ø¨Ø¨Ø±Ø´Ù„ÙˆÙ†Ù‡,1.4704986424769885e-05,4,3,1.4704986424769885e-05,0.0
Ù„Ù„Ø¬Ù…Ø¹ÙŠØ§Øª,1.4704188696461654e-05,3,3,1.4704188696461654e-05,0.0
ØªØªÙˆØ§ÙƒØ¨,1.4674468954303747e-05,5,5,1.4674468954303747e-05,0.0
Ù…Ø´ØªØ±ÙƒØ§,1.4660189695484696e-05,6,6,1.4660189695484696e-05,0.0
Ø¬Ø¯Ø§,1.4652986231925134e-05,70,50,1.4652986231925134e-05,0.0
Ø§ÙŠØ¬Ø§Ø¨ÙŠØ§Øª,1.4650553302580538e-05,4,3,1.4650553302580538e-05,0.0
Ø§Ù„Ù…Ø§Ù„ÙŠØ²ÙŠÙ‡,1.4649123996580712e-05,4,4,1.4649123996580712e-05,0.0
ÙˆØ§Ù„Ø®Ø·Ø·,1.464877943022517e-05,8,8,1.464877943022517e-05,0.0
ØªØ®ÙÙŠÙ,1.4643944666546219e-05,20,19,1.4643944666546219e-05,0.0
Ø§Ù„Ø§Ù…Ø§Ù…ÙŠÙ‡,1.4639326404122663e-05,10,5,1.4639326404122663e-05,0.0
ÙŠØ§Ù…Ù„,1.4637450909940946e-05,13,13,1.4637450909940946e-05,0.0
ÙˆÙŠÙ†ØªÙ‡ÙŠ,1.4624576751782585e-05,35,32,1.4624576751782585e-05,0.0
Ø§ÙØ§Ø¯,1.4623473626114824e-05,14,13,1.4623473626114824e-05,0.0
ÙˆØ§Ù„Ø¨Ø­ÙˆØ«,1.4607368413401764e-05,7,4,1.4607368413401764e-05,0.0
Ø§Ù„Ø³Ø¹ÙˆØ¯Ù‡,1.4598582295461462e-05,19,13,1.4598582295461462e-05,0.0
Ø¹Ù…ÙŠÙ„,1.4598490001441188e-05,18,12,1.4598490001441188e-05,0.0
Ø§Ù„ØªØ§Ø«Ø±,1.4598176720914398e-05,5,5,1.4598176720914398e-05,0.0
Ù…Ø¹Ù‡,1.4595559773819643e-05,29,24,1.4595559773819643e-05,0.0
ÙÙŠÙ†ÙŠÙ„,1.4592301977849082e-05,36,16,1.4592301977849082e-05,0.0
Ø¨Ø§Ù„Ù…Ø§Ø¦Ù‡,1.4580833749433535e-05,7,5,1.4580833749433535e-05,0.0
Ø¨Ø§Ù„ØªØ³Ø¬ÙŠÙ„,1.4572733888143746e-05,9,7,1.4572733888143746e-05,0.0
Ø§Ù„Ø²Ù‡Ø±Ø§Ù†ÙŠ,1.4571136439475815e-05,14,7,1.4571136439475815e-05,0.0
Ù…Ø¤ØªÙ…Ø±Ø§Øª,1.4560301324097018e-05,10,4,1.4560301324097018e-05,0.0
Ø¨Ø§Ù„ØªÙˆØµÙŠÙ‡,1.4553113930440378e-05,16,11,1.4553113930440378e-05,0.0
ÙˆØ¯Ø®ÙˆÙ„,1.45511281502277e-05,4,4,1.45511281502277e-05,0.0
Clariant,1.4549291017230553e-05,28,8,1.4549291017230553e-05,0.0
Ø§Ø³ØªØ±Ø§,1.4548193445031385e-05,336,104,1.4548193445031385e-05,0.0
Ù„Ù†Ø¬Ø§ÙˆÙŠ,1.4541274620994334e-05,3,3,1.4541274620994334e-05,0.0
Ø¨ÙŠØ±ØªØ§Ù…ÙŠÙ†ÙŠ,1.4540416961704765e-05,11,6,1.4540416961704765e-05,0.0
Ù…Ù„ØªÙ‚ÙŠ,1.4531864595542679e-05,23,14,1.4531864595542679e-05,0.0
ØªÙ‚ÙˆØ¯Ù‡Ø§,1.452937891671443e-05,8,7,1.452937891671443e-05,0.0
Ø§Ù„Ø¹Ù…Ø±Ø§Ù†ÙŠ,1.4524825198830107e-05,4,3,1.4524825198830107e-05,0.0
Ù„Ù„Ù…Ø§Ø¯Ù‡,1.4523936727630858e-05,98,53,1.4523936727630858e-05,0.0
Ø§Ù„Ø§Ø®Ø±Ù‡,1.4520678811922132e-05,4,3,1.4520678811922132e-05,0.0
ØªÙ…ØªÙ„ÙƒÙ‡Ø§,1.451550691816123e-05,8,8,1.451550691816123e-05,0.0
Ø®ÙŠØ§Ø±,1.4515281638408129e-05,24,14,1.4515281638408129e-05,0.0
Ø´ÙƒÙˆÙŠ,1.450980158897041e-05,83,24,1.450980158897041e-05,0.0
ÙˆØºÙŠØ±Ù‡Ù…Ø§,1.450910849834545e-05,7,7,1.450910849834545e-05,0.0
ÙˆØ§Ø³ØªØ±Ø§ØªÙŠØ¬ÙŠÙ‡,1.4507057344902142e-05,9,8,1.4507057344902142e-05,0.0
YrTqXBwmXsM,1.4498251216757894e-05,4,4,1.4498251216757894e-05,0.0
ÙˆØ³Ø§Ø¦Ø±,1.4480331761225463e-05,3,3,1.4480331761225463e-05,0.0
Ø¬Ù†Ø¨Ø§,1.4477580218304979e-05,6,6,1.4477580218304979e-05,0.0
Ø§Ù„Ø§ÙŠØ²Ùˆ,1.4474714632539191e-05,6,4,1.4474714632539191e-05,0.0
ÙÙŠØ³Ø¨ÙˆÙƒ,1.4469163461976561e-05,3,3,1.4469163461976561e-05,0.0
Ù†ÙŠØªÙ‡Ø§,1.4455434881586793e-05,5,4,1.4455434881586793e-05,0.0
Ø§Ù„Ù…Ø°ÙƒØ±Ø§Øª,1.4454858787898217e-05,17,4,1.4454858787898217e-05,0.0
Ø§Ù„Ø§ØµÙˆØ§ØªØ·Ø±ÙŠÙ‚Ù‡,1.444897461073626e-05,16,16,1.444897461073626e-05,0.0
Ø§Ù„ØºØ°Ø§Ø¡,1.4448349174286937e-05,33,13,1.4448349174286937e-05,0.0
Ø¹Ù…Ù„Ø§Ø¡,1.4447705644102548e-05,64,41,1.4447705644102548e-05,0.0
Ø§Ù„Ù„Ø¬Ù†Ù‡,1.4446905862688587e-05,190,97,1.4446905862688587e-05,0.0
ÙˆØ³Ø¨ÙƒÙŠÙ…,1.4445060619314235e-05,10,3,1.4445060619314235e-05,0.0
ÙˆØ§Ù„Ø¨Ø±ÙŠØ¯,1.444415666465244e-05,9,9,1.444415666465244e-05,0.0
Ø³Ù„Ø·Ø§Ù†,1.4441395584574535e-05,107,30,1.4441395584574535e-05,0.0
Ø§Ù„Ù‚Ø±Ù†ÙŠ,1.4427753212038577e-05,27,14,1.4427753212038577e-05,0.0
Ø¨Ø§Ù‡Ø¯Ø§Ù,1.4427262251242311e-05,11,4,1.4427262251242311e-05,0.0
Ø§Ù…Ù„Ø§Ùƒ,1.4423913116496505e-05,78,20,1.4423913116496505e-05,0.0
Ø§Ù„Ø·Ø§Ù‚Ø§Øª,1.4414605801328087e-05,13,12,1.4414605801328087e-05,0.0
ÙˆØ§Ù„ØªØ·ÙˆØ±,1.4410595783896706e-05,7,6,1.4410595783896706e-05,0.0
Ù„ØªØ³ÙˆÙŠÙ‡,1.4404456215178909e-05,24,8,1.4404456215178909e-05,0.0
Ù…Ø¬Ù…Ø¹Ø§,1.439805087190359e-05,11,11,1.439805087190359e-05,0.0
Ø§Ù„ØªØµÙ†ÙŠÙØ§Øª,1.4395133965319598e-05,37,8,1.4395133965319598e-05,0.0
Ø§Ù„ØªÙˆØ¬ÙŠÙ‡Ø§Øª,1.439512795289122e-05,5,5,1.439512795289122e-05,0.0
Ø¨Ø§Ù„ØªØ§Ù„ÙŠ,1.439405693788739e-05,31,8,1.439405693788739e-05,0.0
Ø¨ØªØ±Ùˆ,1.4382501677153479e-05,810,162,1.4382501677153479e-05,0.0
Ø§Ù†Ø¸Ø§Ø±,1.4370296060125708e-05,3,3,1.4370296060125708e-05,0.0
Ø­Ø§Ù…Ø¶,1.4355173395829939e-05,14,6,1.4355173395829939e-05,0.0
ÙƒÙŠÙ…Ø§Ù†ÙˆÙ„,1.4347044059495446e-05,467,131,1.4347044059495446e-05,0.0
Ø§Ù„Ù†Ù‚Øµ,1.4345184442914125e-05,23,8,1.4345184442914125e-05,0.0
ÙˆØ§Ø³ØªÙ‚Ø¨Ø§Ù„,1.4344433397110662e-05,12,4,1.4344433397110662e-05,0.0
Ø§Ù„Ù…Ù‡Ù†Ø§,1.4340791640680285e-05,22,7,1.4340791640680285e-05,0.0
Ø§Ù„Ø¶Ø±ÙŠØ¨Ù‡,1.433304674658079e-05,20,11,1.433304674658079e-05,0.0
ØªØ¯Ø§Ø¨ÙŠØ±,1.4324404847913694e-05,8,7,1.4324404847913694e-05,0.0
Ø§Ù„Ù…Ù„ÙØ§Øª,1.4321438539926402e-05,58,56,1.4321438539926402e-05,0.0
Ù†Ø¬Ø­Ù†Ø§,1.4317828382768663e-05,3,3,1.4317828382768663e-05,0.0
Ø¹Ø·Ø§Ø¡,1.4297699933566891e-05,222,76,1.4297699933566891e-05,0.0
ÙˆÙ…Ø±Ø§Ù‚Ø¨ØªÙ‡Ø§,1.4290038970847318e-05,5,4,1.4290038970847318e-05,0.0
Ø§Ù„Ù…Ø­Ø§Ø¯Ø«Ø§Øª,1.4259255510251966e-05,16,12,1.4259255510251966e-05,0.0
Ø¨Ø§Ù„Ø§Ø³ÙˆØ§Ù‚,1.4258418996046796e-05,7,3,1.4258418996046796e-05,0.0
ØªÙØ§Ø¤Ù„Ù‡,1.4257921682003187e-05,6,6,1.4257921682003187e-05,0.0
Ø§ÙŠØ§Ù†,1.4257294426609433e-05,113,40,1.4257294426609433e-05,0.0
Ø¨Ø§ØªÙ…Ø§Ù…,1.4256540941566023e-05,30,20,1.4256540941566023e-05,0.0
Ø§Ù†ØªØ¹Ø§Ø´,1.4248982562266086e-05,15,12,1.4248982562266086e-05,0.0
ÙˆØ§Ù„Ù…ØµÙ…Ù…ÙŠÙ†,1.4245663493371964e-05,3,3,1.4245663493371964e-05,0.0
ÙˆØ§Ø¨ØªÙƒØ§Ø±Ø§ØªÙ‡Ù…,1.4245663493371964e-05,3,3,1.4245663493371964e-05,0.0
ÙˆØ³Ù„Ø·Øª,1.4244493557084245e-05,4,4,1.4244493557084245e-05,0.0
Ù…Ø¯Ø±Ù‡,1.42441434428287e-05,3,3,1.42441434428287e-05,0.0
ÙˆØ§Ù„ØªÙ†Ø¸ÙŠÙ…Ø§Øª,1.4239410356155655e-05,12,3,1.4239410356155655e-05,0.0
ÙˆØ´Ø¤ÙˆÙ†,1.4238589273426753e-05,7,7,1.4238589273426753e-05,0.0
Ø§Ù„Ø¹Ø§Ø¦Ø¯Ø§Øª,1.4233749285002482e-05,14,9,1.4233749285002482e-05,0.0
Ø§Ù„Ø§ØµØ¯Ø§Ø±ØµÙƒÙˆÙƒ,1.4231901479330134e-05,6,5,1.4231901479330134e-05,0.0
ÙˆØªÙ„Ùƒ,1.4229400536623237e-05,13,9,1.4229400536623237e-05,0.0
Ø°ÙƒÙŠÙ‡,1.422847078567044e-05,17,16,1.422847078567044e-05,0.0
Ø§ØªÙŠØ­Øª,1.4219875545671593e-05,3,3,1.4219875545671593e-05,0.0
Ø§Ù„Ø³Ø§Ø¨Ø¹Ù‡,1.4218633836468663e-05,49,35,1.4218633836468663e-05,0.0
Ù…Ø¯Ø¹ÙˆÙ…Ø§,1.419616420487679e-05,55,30,1.419616420487679e-05,0.0
ÙˆØ§Ù„Ø¬Ù…Ø¹ÙŠØ§Øª,1.419588896651802e-05,5,5,1.419588896651802e-05,0.0
Ø§Ù„Ø§Ù†Ø³Ø§Ù†,1.4187803676153057e-05,14,13,1.4187803676153057e-05,0.0
ØªØ·Ø¨ÙŠÙ‚ÙŠÙ‡,1.4183634497600456e-05,4,4,1.4183634497600456e-05,0.0
Ø§Ù„ØªØ³ÙˆÙŠÙ‚ÙŠÙ‡,1.4183526333862881e-05,29,18,1.4183526333862881e-05,0.0
ÙˆØ§Ø¹Ø¯Ø§,1.418145525090611e-05,10,3,1.418145525090611e-05,0.0
ÙˆØªÙ‡ÙŠØ¦Ù‡,1.4175257713949538e-05,5,5,1.4175257713949538e-05,0.0
Ø¨Ù…Ø«Ø§Ø¨Ù‡,1.4174678632257836e-05,53,27,1.4174678632257836e-05,0.0
ØªØ¹ÙŠØ´Ù‡Ø§,1.4161312658843696e-05,5,5,1.4161312658843696e-05,0.0
ÙƒØ§Ø¨ÙŠØªØ§Ù„Ø´Ø±Ø§Ø¡Ø´Ø±Ø§Ø¡,1.4161113004773926e-05,5,5,1.4161113004773926e-05,0.0
Ø§Ù†ØªØ§Ø¬Ù‡,1.4137971603980363e-05,7,7,1.4137971603980363e-05,0.0
Ù„Ù„Ù…Ø§Ù„ÙŠÙ‡,1.4136660628960202e-05,14,13,1.4136660628960202e-05,0.0
Ø¹Ø¯ÙŠØ¯,1.4127534760015377e-05,4,4,1.4127534760015377e-05,0.0
Ø§Ù„Ø¯Ù„ÙŠÙ„,1.4127172165121993e-05,10,4,1.4127172165121993e-05,0.0
Ø¨Ø­Ø±,1.4117785943452723e-05,195,63,1.4117785943452723e-05,0.0
Ø³Ù‡Ù…Ù†Ø³Ø¨Ù‡,1.4112467657535562e-05,19,19,1.4112467657535562e-05,0.0
Ø°ÙŠØ¨,1.410346562899917e-05,36,15,1.410346562899917e-05,0.0
Ø§Ù„Ø¬Ù‡Ø§Ø²,1.4066583542306548e-05,6,5,1.4066583542306548e-05,0.0
ÙˆØ§Ù…Ø§Ù†,1.4059801065400876e-05,8,8,1.4059801065400876e-05,0.0
ÙƒØ§ÙÙŠØ§,1.4058495729845254e-05,3,3,1.4058495729845254e-05,0.0
Ø§ÙÙ„Ø§Ù…,1.4057238279283404e-05,26,10,1.4057238279283404e-05,0.0
ÙˆØªÙƒØ±ÙŠÙ…,1.4048949769640939e-05,3,3,1.4048949769640939e-05,0.0
Ø¨Ø·Ø¡,1.4040633399290343e-05,3,3,1.4040633399290343e-05,0.0
Ù„Ù„ØªÙ‚Ù†ÙŠØ§Øª,1.4040134475502458e-05,11,8,1.4040134475502458e-05,0.0
ØªÙ†ÙˆØ±Ù‡,1.403434246867408e-05,6,3,1.403434246867408e-05,0.0
Ø§Ù„ÙˆØ­Ø¯Ù‡,1.4030699342147858e-05,68,22,1.4030699342147858e-05,0.0
Ø¬Ø§Ù†Ø¨Ù‡Ø§,1.401080746603413e-05,11,11,1.401080746603413e-05,0.0
ÙŠØ¹ØªØ²Ù…,1.39910710575892e-05,16,14,1.39910710575892e-05,0.0
Ù„Ù„ØªØ¹Ù„ÙŠÙ…Ø§Øª,1.398884818891854e-05,7,5,1.398884818891854e-05,0.0
Ø§Ù„Ø¹Ù…Ø±ÙŠÙ‡,1.3987621844270343e-05,7,5,1.3987621844270343e-05,0.0
Ø§Ù„Ø­Ø¬Ø§Ø¬,1.3987582378203086e-05,20,13,1.3987582378203086e-05,0.0
ØªØªØ¹Ù„Ù‚,1.3982917226748707e-05,64,49,1.3982917226748707e-05,0.0
Ø§Ù„Ø¹ÙˆÙ‡Ù„ÙŠ,1.3981579838512835e-05,112,41,1.3981579838512835e-05,0.0
ØªØµØ±ÙŠØ­Ø§Øª,1.3971452007298765e-05,33,27,1.3971452007298765e-05,0.0
Ø§Ù„ØªÙˆØ§Ø²Ù†,1.3969324629336326e-05,8,6,1.3969324629336326e-05,0.0
Ù†Ø¸ÙŠÙÙ‡,1.3951498197938401e-05,4,4,1.3951498197938401e-05,0.0
Ø²ÙŠØ§Ø¯Ø§Øª,1.3949030987974568e-05,3,3,1.3949030987974568e-05,0.0
Ø§Ù„Ù…ØªÙˆØ§ØµÙ„Ù‡,1.3945781199745801e-05,38,36,1.3945781199745801e-05,0.0
Ø³ÙŠØ³ØªÙÙŠØ¯ÙˆÙ†,1.3945211575269526e-05,6,3,1.3945211575269526e-05,0.0
Ø§Ù„Ø§Ø³ØªÙ‚Ø¨Ø§Ù„,1.3944089863979762e-05,4,3,1.3944089863979762e-05,0.0
ÙˆØªØ³Ø¹ÙŠ,1.3942999629882474e-05,26,26,1.3942999629882474e-05,0.0
Ù…Ø¬Ù…Ø¹,1.393948272213295e-05,148,62,1.393948272213295e-05,0.0
ÙˆØ§Ù„Ø±ÙŠØ§Ø­,1.3935564888474626e-05,4,3,1.3935564888474626e-05,0.0
Ø¨Ù‚Ø±Ø¶,1.3935321504202682e-05,4,4,1.3935321504202682e-05,0.0
ÙˆØ·Ù„Ø¨Øª,1.3924575526150955e-05,4,3,1.3924575526150955e-05,0.0
Ù…Ø³ØªØ´Ø§Ø±,1.391859945633772e-05,21,17,1.391859945633772e-05,0.0
ÙˆÙ…Ø²Ø¯Ù„ÙÙ‡,1.391290248070985e-05,5,3,1.391290248070985e-05,0.0
Ø¨Ø§Ù„ØªÙˆØ§ØµÙ„,1.3894217381569101e-05,17,15,1.3894217381569101e-05,0.0
Ù„ÙŠØ¨Ù„Øº,1.388995506163944e-05,150,34,1.388995506163944e-05,0.0
Ø§ØµÙˆÙ„Ù‡Ø§,1.387760537204867e-05,32,22,1.387760537204867e-05,0.0
Ù„Ù„Ø¨ÙˆÙ„ÙŠ,1.3875725699295343e-05,10,8,1.3875725699295343e-05,0.0
Ø§Ù„Ù…Ø®Ø²ÙˆÙ†,1.3874026407830947e-05,23,10,1.3874026407830947e-05,0.0
Ø®Ø§ØµØªØ§Ù†,1.3873758315557628e-05,72,31,1.3873758315557628e-05,0.0
Ù…ØªÙƒØ§Ù…Ù„,1.38703266506822e-05,52,37,1.38703266506822e-05,0.0
ØµØ¨Ø§Ø­Ø§,1.386697141943305e-05,104,81,1.386697141943305e-05,0.0
Ù„Ù„Ø¨Ø¯Ø¡,1.386136485344562e-05,13,10,1.386136485344562e-05,0.0
Ø¨Ù…Ø³Ù…ÙŠ,1.3852410749931755e-05,8,6,1.3852410749931755e-05,0.0
Ø§Ù„Ø³Ø¹ÙˆØ¯ÙŠÙŠÙ†,1.385123019674606e-05,84,51,1.385123019674606e-05,0.0
Ø­Ø¬Ù…Ù‡Ø§,1.3838455065631731e-05,29,11,1.3838455065631731e-05,0.0
ÙˆØ§ØºÙ„Ù‚,1.3835080328824093e-05,79,37,1.3835080328824093e-05,0.0
ÙˆØ§Ø®ØªÙ„Ø§Ù,1.3828908616067833e-05,6,6,1.3828908616067833e-05,0.0
ÙˆÙ‚ÙˆØ¯,1.3828221694784077e-05,15,13,1.3828221694784077e-05,0.0
Ù†Ø´Ø±ØªÙ‡,1.3826012559883918e-05,16,8,1.3826012559883918e-05,0.0
Ø³ØªØµØ¯Ø±,1.3824495185111631e-05,8,6,1.3824495185111631e-05,0.0
Ø¨Ù†Ø¯ØªÙˆØ¶ÙŠØ­ØªÙØ§ØµÙŠÙ„,1.3818108485281575e-05,80,70,1.3818108485281575e-05,0.0
ØªØ­Ù…Ù„,1.3814001207274783e-05,40,27,1.3814001207274783e-05,0.0
ÙˆØ§Ù„Ù…Ø®ØªØµÙŠÙ†,1.3812585021495324e-05,4,4,1.3812585021495324e-05,0.0
ÙØ§Ø±Ù‚,1.380712596092606e-05,3,3,1.380712596092606e-05,0.0
Ø§Ù„Ù…Ø¹Ø±ÙˆÙÙ‡,1.3805128160230201e-05,4,4,1.3805128160230201e-05,0.0
Ù…Ø¶Øª,1.3792057957711917e-05,3,3,1.3792057957711917e-05,0.0
Ø§Ù„Ù‚Ø§Ø¯Ù…,1.3791903851260273e-05,97,74,1.3791903851260273e-05,0.0
Ù…Ù„ÙŠØ¦Ù‡,1.3787179068148625e-05,3,3,1.3787179068148625e-05,0.0
Ù…Ø±Ø§Ø­Ù„Ù‡Ø§,1.3783155016437517e-05,6,6,1.3783155016437517e-05,0.0
Ø§Ù…Ø±Ø§,1.3769872763129694e-05,14,7,1.3769872763129694e-05,0.0
Ù„Ø­Ø¬,1.3768067788383924e-05,14,5,1.3768067788383924e-05,0.0
Ø§Ù„Ù…Ø´ØªØ±ÙƒÙˆÙ†,1.375876822965348e-05,14,12,1.375876822965348e-05,0.0
ÙˆØªØ·Ù„Ø¹Ø§Øª,1.3756645767308173e-05,6,6,1.3756645767308173e-05,0.0
Ø§Ù„Ù…Ø®Ù„ÙØ§Øª,1.3753541748901187e-05,9,5,1.3753541748901187e-05,0.0
Ø§Ù„ØªÙˆÙ„ÙŠØ¯,1.3747303560945106e-05,66,38,1.3747303560945106e-05,0.0
Ø§Ù„Ø·Ø§Ø¦Ù,1.373249469298489e-05,15,7,1.373249469298489e-05,0.0
ØªÙˆÙ‚Ø¹Ø§ØªÙ‡,1.3732387816699478e-05,9,7,1.3732387816699478e-05,0.0
Ù„ÙƒØ§Ø¨Ù„Ø§Øª,1.3731855936870154e-05,4,3,1.3731855936870154e-05,0.0
Ø§Ù„Ù…Ø±Ø¦ÙŠ,1.3726899601060527e-05,3,3,1.3726899601060527e-05,0.0
ØªØ­ÙˆÙ„Ø§,1.3717586098852696e-05,12,5,1.3717586098852696e-05,0.0
ÙÙŠÙ„Ù…,1.3717096246644858e-05,9,4,1.3717096246644858e-05,0.0
Ù„Ø³Ø§Ø¨,1.3703139706205808e-05,6,3,1.3703139706205808e-05,0.0
ØªÙˆÙ‚ÙØ§Øª,1.3700621375183926e-05,4,3,1.3700621375183926e-05,0.0
Ø§Ù„Ù…Ø­ÙØ²Ø§Øª,1.369046858440676e-05,11,9,1.369046858440676e-05,0.0
Ø¨Ø·Ø±Ù‚,1.3690300911215868e-05,3,3,1.3690300911215868e-05,0.0
Ù†Ø´Ø§Ø·Ù‡Ø§,1.3688068616822582e-05,18,14,1.3688068616822582e-05,0.0
Ø§Ù„ØªØ³ÙˆÙŠÙ‚,1.3685141000277093e-05,217,82,1.3685141000277093e-05,0.0
ÙˆØ§Ù„Ø¨Ø±ÙˆØ¨ÙŠÙ„ÙŠÙ†,1.3682703862627571e-05,5,5,1.3682703862627571e-05,0.0
ØªØ­ØªÙØ¸,1.3665418356538445e-05,14,10,1.3665418356538445e-05,0.0
Ù…Ø¨ØªÙƒØ±,1.3658107752035818e-05,9,7,1.3658107752035818e-05,0.0
Ø­Ø°Ù,1.3655328834251159e-05,9,3,1.3655328834251159e-05,0.0
Ù…ØªÙ†Ù‚Ù„,1.3654479760672919e-05,4,4,1.3654479760672919e-05,0.0
Ø§Ù„Ù…Ø±Ø®ØµÙŠÙ†,1.364201410491315e-05,3,3,1.364201410491315e-05,0.0
ÙƒÙŠÙ…Ø§ÙˆÙŠØ§Øª,1.3639274127481293e-05,26,12,1.3639274127481293e-05,0.0
Ù…Ø±Ø§Ø¹ÙŠÙ‡,1.3638692022188404e-05,4,4,1.3638692022188404e-05,0.0
ØªÙ„Ù‚ÙŠÙ‡Ø§,1.3617665676828115e-05,12,9,1.3617665676828115e-05,0.0
Ø±Ø§Ø¦Ø¯Ø§,1.3616345298312085e-05,9,9,1.3616345298312085e-05,0.0
Ù…Ø±Ø§Øª,1.360353619673294e-05,41,26,1.360353619673294e-05,0.0
Ø§Ù„Ø¬Ø¨Ø±,1.3599133604985934e-05,8,5,1.3599133604985934e-05,0.0
Ø§Ù„Ø§Ø¨Ø­Ø§Ø«ØªÙˆÙ‚Ø¹Ø§Øª,1.3599063968319824e-05,7,7,1.3599063968319824e-05,0.0
Ø§Ù„Ù…ÙˆØ«ÙˆÙ‚ÙŠÙ‡,1.3595942695358867e-05,61,27,1.3595942695358867e-05,0.0
Ø§Ù„Ø¹Ø³ÙƒØ±ÙŠ,1.3595647644005788e-05,5,3,1.3595647644005788e-05,0.0
ÙˆÙ…Ø¯ÙŠØ±Ùˆ,1.3591345225836564e-05,3,3,1.3591345225836564e-05,0.0
ÙˆØ§Ù„Ø§Ø±Ø¨Ø¹ÙˆÙ†,1.3590460866314252e-05,8,4,1.3590460866314252e-05,0.0
ÙˆØ¹Ù„Ø§Ù…ØªÙ‡Ø§,1.358427777052945e-05,4,3,1.358427777052945e-05,0.0
Ø§Ù„Ù…Ø®ÙŠØ¨Ù‡,1.3575332714778935e-05,3,3,1.3575332714778935e-05,0.0
Ù„Ù„Ø²ÙƒØ§Ù‡,1.3567793824286711e-05,34,14,1.3567793824286711e-05,0.0
saØ§Ø­Ù‚ÙŠÙ‡,1.3554512986679998e-05,16,15,1.3554512986679998e-05,0.0
Ù…Ù‡Ù†Ø¯Ø³ÙŠÙ†,1.3550636826692793e-05,10,8,1.3550636826692793e-05,0.0
ÙˆØ§Ù„Ø¨Ù„Ø§Ø³ØªÙŠÙƒ,1.3550418763174018e-05,4,3,1.3550418763174018e-05,0.0
Ù‚Ø±Ø§Ø±,1.3548532144222337e-05,323,136,1.3548532144222337e-05,0.0
Ø¨Ø¨Ø¯Ø¡,1.354509938280874e-05,4,3,1.354509938280874e-05,0.0
Ø³ØªØªÙˆØ§ØµÙ„,1.3542674179257656e-05,3,3,1.3542674179257656e-05,0.0
ÙˆÙ…Ø¬Ù…Ø¹,1.3516318855840383e-05,21,20,1.3516318855840383e-05,0.0
Ø§Ù„ÙØ¹Ø§Ù„ÙŠØ§Øª,1.3513160160408953e-05,22,19,1.3513160160408953e-05,0.0
Relations,1.3501620284810603e-05,7,6,1.3501620284810603e-05,0.0
Ù…ÙˆØ¶Ø­Ù‡,1.3466053670200104e-05,19,16,1.3466053670200104e-05,0.0
Ø§Ù„ÙƒÙ„ÙŠÙ‡,1.34628854245575e-05,10,10,1.34628854245575e-05,0.0
ØªÙˆØ²ÙŠØ¹Ù‡Ø§,1.3462061564418186e-05,32,21,1.3462061564418186e-05,0.0
Ø§ØµØ§Ø¨Ø§Øª,1.3461476187274227e-05,8,5,1.3461476187274227e-05,0.0
Ù„Ù‚Ø§Ø¦Ù‡,1.3443771041640498e-05,5,3,1.3443771041640498e-05,0.0
Ø§Ù„Ù…Ø²Ø§Ø¯Ø§Ù„ØªØºÙŠØ±Ø³Ù„ÙŠÙ…Ø§Ù†,1.343503186196816e-05,19,9,1.343503186196816e-05,0.0
ÙˆØ§Ù„Ù‡ÙˆØ§Ù…Ø´,1.3427257368450316e-05,12,9,1.3427257368450316e-05,0.0
Ø±Ø§Ø¨Øº,1.342608310212461e-05,1006,220,1.342608310212461e-05,0.0
Ø§Ù„ØªØ¬Ø±ÙŠØ¨ÙŠÙ‡,1.341864498378994e-05,19,9,1.341864498378994e-05,0.0
ÙˆØ§Ù„ØªØ¹Ø¯ÙŠÙ†,1.3417619906002865e-05,17,9,1.3417619906002865e-05,0.0
Ù…ØµØ±ÙÙŠÙ‡,1.3415829599560946e-05,55,45,1.3415829599560946e-05,0.0
Ù„Ø¹Ù…Ù„ÙŠØ§ØªÙ‡Ø§,1.3410445524155095e-05,4,4,1.3410445524155095e-05,0.0
Ù…ØªØ±Ø§Ø¬Ø¹Ø§,1.3404013657228669e-05,6,4,1.3404013657228669e-05,0.0
ÙˆØ±Ø¦Ø§Ø³Ù‡,1.3399760781157617e-05,13,3,1.3399760781157617e-05,0.0
Ø§Ù„Ù…ØµØ¯Ø±Ù‡Ø§Ø³ØªØ«Ù…Ø§Ø±,1.3399657722180163e-05,31,5,1.3399657722180163e-05,0.0
ÙˆÙ…Ù„ÙƒÙŠØªÙ‡Ø§,1.3399657722180163e-05,31,5,1.3399657722180163e-05,0.0
Ø§Ø®Ø±ÙŠØ§Ø¬Ù…Ø§Ù„ÙŠ,1.3399657722180163e-05,31,5,1.3399657722180163e-05,0.0
ØªØ§Ø¨Ø¹,1.3396095736827662e-05,8,5,1.3396095736827662e-05,0.0
ÙˆØ§Ù„Ø³ÙŠØ§Ø³ÙŠÙ‡,1.3385143449654556e-05,4,4,1.3385143449654556e-05,0.0
ÙˆØ§Ù„Ù…Ø­Ø§Ø¶Ø±Ø§Øª,1.3382311609180558e-05,3,3,1.3382311609180558e-05,0.0
Ø¹Ø§Ø±Ø¶,1.3382311609180558e-05,3,3,1.3382311609180558e-05,0.0
ÙˆØ§Ù„Ù…ÙˆØ¶ÙˆØ¹Ø§Øª,1.3382311609180558e-05,3,3,1.3382311609180558e-05,0.0
Ø§Ø³ØªÙ‡Ù„ØªÙ‡Ø§,1.3382311609180558e-05,3,3,1.3382311609180558e-05,0.0
Ù„Ø§Ø·Ø§Ø±,1.3382103955627301e-05,4,3,1.3382103955627301e-05,0.0
Ø®ØµÙŠØµØ§,1.33808910680896e-05,5,5,1.33808910680896e-05,0.0
ÙˆÙ„ÙƒÙ„,1.3361251419965001e-05,3,3,1.3361251419965001e-05,0.0
ÙÙˆØ±ÙŠ,1.3354256710046176e-05,15,6,1.3354256710046176e-05,0.0
ÙˆØ§Ù„Ù…ÙƒØ³ÙŠÙƒ,1.3351071964939683e-05,3,3,1.3351071964939683e-05,0.0
ÙƒÙ„Ù…Ø§,1.3327945918019983e-05,8,4,1.3327945918019983e-05,0.0
Ù…Ø¸Ù„Ù‡,1.3325807271199958e-05,33,30,1.3325807271199958e-05,0.0
Ø§Ù„Ù…Ø¬Ø§Ù„,1.3325444238433674e-05,119,83,1.3325444238433674e-05,0.0
Ø§Ø³ØªÙ…Ø±Ø§Ø±Ù‡Ø§,1.332070652959795e-05,12,6,1.332070652959795e-05,0.0
ÙˆØªÙ†ØªÙ‡ÙŠ,1.3315076624069798e-05,87,30,1.3315076624069798e-05,0.0
Ù†ÙØ§Ø°,1.3306965664244896e-05,83,28,1.3306965664244896e-05,0.0
Ù„Ø§Ø³Ù‡Ù…Ù‡Ø§,1.3306391897311909e-05,187,8,1.3306391897311909e-05,0.0
ÙˆØ¨Ù…ØªÙˆØ³Ø·,1.3303170588727768e-05,6,4,1.3303170588727768e-05,0.0
Ù„Ù„Ø´Ø±ÙƒØªÙŠÙ†,1.3302577034776175e-05,9,5,1.3302577034776175e-05,0.0
ÙˆØ³ÙƒÙ†ÙŠÙ‡,1.3295448066225806e-05,7,5,1.3295448066225806e-05,0.0
Ù„Ù„ØªØ¹Ù‚ÙŠØ¨,1.3295202794545981e-05,5,4,1.3295202794545981e-05,0.0
AG,1.3289037533507543e-05,26,8,1.3289037533507543e-05,0.0
Ù„Ù„Ù…ÙˆØ¸ÙÙŠÙ†,1.3288706899341431e-05,55,28,1.3288706899341431e-05,0.0
Ø·Ø§Ù‚Ø§ØªÙ‡Ø§,1.3274502342470803e-05,6,5,1.3274502342470803e-05,0.0
ÙˆØ²Ø§Ø¯Øª,1.3266956339624762e-05,14,7,1.3266956339624762e-05,0.0
ÙˆÙ…Ø²Ø§Ø±Ø¹,1.3264226417729e-05,5,3,1.3264226417729e-05,0.0
ÙˆÙŠØ¯Ø®Ù„,1.3254131697590483e-05,3,3,1.3254131697590483e-05,0.0
ÙŠØªÙ…ÙŠØ²,1.3253304891557337e-05,4,4,1.3253304891557337e-05,0.0
ÙˆØªÙ‚Ø¯ÙŠÙ…Ù‡Ø§,1.3252676614042927e-05,6,6,1.3252676614042927e-05,0.0
Ø§Ù„Ù‡ÙŠØ¦Ø§Øª,1.32469632905556e-05,4,4,1.32469632905556e-05,0.0
Ø§Ù„ÙˆÙ‚Ø§Ø¦ÙŠÙ‡,1.3241772716718425e-05,102,54,1.3241772716718425e-05,0.0
Ù…Ø§Ø³Ø§ØªØ´ÙˆØ³ØªØ³,1.3240672427873532e-05,11,4,1.3240672427873532e-05,0.0
ÙŠÙ†ØªØ¬,1.3239124406625448e-05,24,17,1.3239124406625448e-05,0.0
ØªØ®Ø±Ø¬Ù‡,1.322566414097808e-05,4,3,1.322566414097808e-05,0.0
Ø¨Ø§Ù„ØªØ­ÙˆÙ„,1.3215394346732103e-05,3,3,1.3215394346732103e-05,0.0
Ø³ØªÙˆÙ‚Ø¹,1.3198958013073686e-05,6,6,1.3198958013073686e-05,0.0
Ù…Ø­Ø§Ø¯Ø«Ø§Øª,1.319334979571824e-05,31,19,1.319334979571824e-05,0.0
ÙˆØ§Ù„Ù…ÙˆØ¬Ù‡,1.3191755408480148e-05,7,4,1.3191755408480148e-05,0.0
ÙˆØªÙ…Ù†Ø­,1.3176186481095291e-05,3,3,1.3176186481095291e-05,0.0
Ø§Ø¹ÙØ§Ø¡,1.3172008175240558e-05,15,6,1.3172008175240558e-05,0.0
Ø±ÙŠØ§Ø¶,1.3162305675682361e-05,22,16,1.3162305675682361e-05,0.0
ÙˆØ§Ù„Ø§Ø³ØªØ¹Ø¯Ø§Ø¯,1.3152851713219912e-05,7,6,1.3152851713219912e-05,0.0
Ù„ØªÙ‚ÙŠÙŠÙ…,1.3141835807915887e-05,12,10,1.3141835807915887e-05,0.0
Ù„Ù„ØµÙ†Ø§Ø¹Ù‡,1.3122603311286389e-05,421,151,1.3122603311286389e-05,0.0
Ø§Ø¶Ø§ÙÙŠØ§,1.3121349378982217e-05,17,11,1.3121349378982217e-05,0.0
ÙˆØªÙ…Ù„Ùƒ,1.310160093565438e-05,18,14,1.310160093565438e-05,0.0
Ø¬ÙŠØ¬Ø§ÙˆØ§Øª,1.3099938204228577e-05,12,7,1.3099938204228577e-05,0.0
Ø§Ù„ØªØ­Ø¯ÙŠ,1.3097267340010264e-05,9,8,1.3097267340010264e-05,0.0
Ø§Ù„Ù…ØªØ¶Ø±Ø±ÙŠÙ†,1.308704472512953e-05,9,5,1.308704472512953e-05,0.0
Ø¨Ù…ÙˆØ§Ù‚Ø¹,1.308585358123895e-05,4,3,1.308585358123895e-05,0.0
Ø§Ù„ØµØ­ÙŠØ­,1.3070921269014492e-05,11,10,1.3070921269014492e-05,0.0
ÙˆÙŠÙ‚ÙˆÙ…,1.3069740606237207e-05,27,25,1.3069740606237207e-05,0.0
Ø§Ù„Ù…Ø´Ù…ÙˆÙ„Ù‡,1.3040777989098061e-05,8,6,1.3040777989098061e-05,0.0
ÙˆÙ…Ø¤Ø³Ø³Ù‡,1.3033360156866082e-05,38,25,1.3033360156866082e-05,0.0
Ø­ÙˆØ§ÙØ²,1.303217117268065e-05,53,11,1.303217117268065e-05,0.0
ÙˆØªØ®ØµÙŠØµÙ‡Ø§,1.302423054315585e-05,31,19,1.302423054315585e-05,0.0
ÙˆØ§Ù„Ù…Ø¨ØªÙƒØ±ÙŠÙ†,1.3023576801433763e-05,8,6,1.3023576801433763e-05,0.0
ÙˆØ¹Ù†Ø¯,1.3020811647773236e-05,28,18,1.3020811647773236e-05,0.0
Ù…ÙˆØ¸ÙÙŠÙ‡,1.3020682415778726e-05,36,9,1.3020682415778726e-05,0.0
Ø§Ù„Ù…Ø´Ø§Ø±Ùƒ,1.3014611216838043e-05,6,6,1.3014611216838043e-05,0.0
Ø¨Ø§Ø¬Ø§Ù„,1.300617240437214e-05,3,3,1.300617240437214e-05,0.0
Ù„Ø­ØµØªÙ‡Ø§,1.2994317680329763e-05,4,4,1.2994317680329763e-05,0.0
Ù…ÙˆØ²Ø§ÙŠÙŠÙƒ,1.2988457348748914e-05,7,6,1.2988457348748914e-05,0.0
Ø§Ù„Ø®Ø¨Ø±Ø§Ø¡,1.2987626353972026e-05,18,13,1.2987626353972026e-05,0.0
Full,1.2985193948196306e-05,5,4,1.2985193948196306e-05,0.0
ÙˆÙÙ†ÙŠ,1.2985115457352656e-05,7,5,1.2985115457352656e-05,0.0
Ø§Ø±ØªÙØ§Ø¹Ù‡Ø§,1.2963732563434826e-05,11,10,1.2963732563434826e-05,0.0
ÙˆØ§Ø¨Ø¯Ø§Ø¹Ø§ØªÙ‡Ù…,1.2961095301724547e-05,4,3,1.2961095301724547e-05,0.0
ØªØ±ØµØ¯,1.2960662445266837e-05,94,33,1.2960662445266837e-05,0.0
Ø§Ø³Ù…ÙŠÙ‡,1.29563906427525e-05,15,12,1.29563906427525e-05,0.0
ØµÙ†Ø¯ÙˆÙ‚Ø§,1.2956050440286448e-05,5,3,1.2956050440286448e-05,0.0
ÙˆÙÙ†ÙŠÙŠÙ†,1.2950334362828943e-05,11,9,1.2950334362828943e-05,0.0
Ù…Ø¨Ø§Ø­Ø«Ø§Øª,1.294646869740042e-05,8,6,1.294646869740042e-05,0.0
Ù„ØªÙ„Ù‚ÙŠ,1.2935359283016999e-05,18,8,1.2935359283016999e-05,0.0
ÙˆØªØ´ÙƒÙ„,1.2930968544219913e-05,10,8,1.2930968544219913e-05,0.0
Ø´Ù‡Ø±ÙŠÙ‡,1.2927221809633942e-05,27,10,1.2927221809633942e-05,0.0
Ø§Ø¦ØªÙ…Ø§Ù†,1.2917969443063727e-05,11,5,1.2917969443063727e-05,0.0
ØªØ·Ø¨ÙŠÙ‚Ø§Øª,1.2916023595621086e-05,39,20,1.2916023595621086e-05,0.0
Ø§Ù„Ø§Ø­ÙŠØ§Ø¡,1.2908424642312977e-05,7,6,1.2908424642312977e-05,0.0
Ù„Ø§ÙŠÙ‚Ø§Ù,1.2905778185735107e-05,6,5,1.2905778185735107e-05,0.0
Ø§Ù„Ù…ØªØ­Ø¯ÙˆÙ†,1.2902565121152911e-05,27,5,1.2902565121152911e-05,0.0
ØªÙ†Ø§Ù…ÙŠ,1.2899981187165862e-05,4,4,1.2899981187165862e-05,0.0
Ø§Ù„Ø§Ø±Ø¨Ø¹Ù‡,1.2883920678482044e-05,36,19,1.2883920678482044e-05,0.0
Ø¨Ø§Ø®Ø°,1.288124272057282e-05,3,3,1.288124272057282e-05,0.0
ØªØ±Ø§ÙƒÙ…ÙŠ,1.2868461528359588e-05,14,6,1.2868461528359588e-05,0.0
Ø§Ø®ÙˆØ§Ù†Ø§Ù„Ø§Ø³Ù…Ø§ÙƒØ§Ù…Ù„Ø§Ùƒ,1.2864771938165053e-05,78,8,1.2864771938165053e-05,0.0
Ø§Ù„Ø¹Ø«ÙŠÙ…Ø§Ù„Ø­Ø¨ÙŠØ¨,1.2864771938165053e-05,78,8,1.2864771938165053e-05,0.0
Ø§Ù„Ø³Ø¹ÙˆØ¯ÙŠÙ‡Ø§Ù„Ù„Ø¬ÙŠÙ†,1.2864771938165053e-05,78,8,1.2864771938165053e-05,0.0
Ø§Ù„Ù„ÙŠØ§Ù‚Ù‡Ø§Ù„Ø¹Ù‚Ø§Ø±ÙŠÙ‡Ø§ÙƒØ³ØªØ±Ø§Ø³ÙŠØ±Ø§,1.2864771938165053e-05,78,8,1.2864771938165053e-05,0.0
Ø§Ù„Ù‚Ø§Ø¨Ø¶Ù‡Ø­Ù„ÙˆØ§Ù†ÙŠ,1.2864771938165053e-05,78,8,1.2864771938165053e-05,0.0
Ø·Ù„Ø§Ø¨,1.28623281829823e-05,5,3,1.28623281829823e-05,0.0
Ø§Ù„Ù†ÙˆØ¹ÙŠÙ‡,1.285059757804173e-05,28,20,1.285059757804173e-05,0.0
ÙˆØ§Ø±Ø§Ù…ÙƒÙˆ,1.2841157708471632e-05,8,5,1.2841157708471632e-05,0.0
Ø§Ù„Ù…Ø±Ø¬ÙˆÙ‡,1.2841004003267242e-05,11,7,1.2841004003267242e-05,0.0
Ø§Ù†ÙƒÙ…Ø§Ø´,1.2839512708579734e-05,8,7,1.2839512708579734e-05,0.0
Ù„Ù„Ù…Ù†ØªØ¬,1.2838337818951394e-05,7,4,1.2838337818951394e-05,0.0
Ù„ØªØ¹Ù„ÙŠÙ…Ø§Øª,1.2822761649366119e-05,26,8,1.2822761649366119e-05,0.0
ÙŠØ®Ù„Ù‚,1.2822743194384725e-05,3,3,1.2822743194384725e-05,0.0
ÙˆØ§Ù‚ØªØµØ§Ø¯ÙŠÙ‡,1.2806387570797752e-05,3,3,1.2806387570797752e-05,0.0
Ø§Ù„Ø§Ø¹Ù„Ø§Ù…ÙŠ,1.2804090989988527e-05,6,3,1.2804090989988527e-05,0.0
ÙˆØªÙ…Ø¯ÙŠØ¯,1.2798353530161084e-05,41,7,1.2798353530161084e-05,0.0
ÙˆØ¯ÙˆØ±,1.2794873305606541e-05,12,8,1.2794873305606541e-05,0.0
Ø±Ø§Ø¨Ø¹,1.2792491651818953e-05,14,11,1.2792491651818953e-05,0.0
Ø¹Ø¨Ø¯,1.2788262120295975e-05,600,208,1.2788262120295975e-05,0.0
ÙˆØ§Ù„Ø¹Ø´Ø±ÙˆÙ†,1.2785429601679907e-05,20,16,1.2785429601679907e-05,0.0
ØªÙØ§ÙˆØªØª,1.278378669344747e-05,3,3,1.278378669344747e-05,0.0
ÙˆØ¯Ø§Ø¹Ù…Ø§,1.2783249712339197e-05,4,3,1.2783249712339197e-05,0.0
Ø¨Ø§ÙŠØ±Ø§Ø¯Ø§Øª,1.2758453782013402e-05,5,5,1.2758453782013402e-05,0.0
Ø§Ø¨,1.2757825954097397e-05,8,6,1.2757825954097397e-05,0.0
Ø³ØªÙ†Ø·Ø¨Ù‚,1.2756637857762541e-05,7,7,1.2756637857762541e-05,0.0
ÙˆØ§Ù„Ø§ÙƒØªÙØ§Ø¡,1.2749399978839349e-05,10,7,1.2749399978839349e-05,0.0
Ù„Ø¯Ø±Ø§Ø³Ù‡,1.2749029853252626e-05,60,31,1.2749029853252626e-05,0.0
ÙˆÙ„Ø¯ÙŠÙ‡,1.2741660998960786e-05,8,6,1.2741660998960786e-05,0.0
Ø§Ù„Ù†Ø§Ø¬Ù…Ù‡,1.2739277903222769e-05,30,15,1.2739277903222769e-05,0.0
ØªÙ‚ÙˆÙŠÙ‡,1.2737071726513655e-05,8,5,1.2737071726513655e-05,0.0
ÙˆØ§Ù‡ØªÙ…Ø§Ù…,1.272633872322684e-05,6,6,1.272633872322684e-05,0.0
Ø§Ù„Ø¨ÙˆÙ„ÙŠÙ…Ø±Ø§Øª,1.2715560932555671e-05,88,39,1.2715560932555671e-05,0.0
Ø§Ù„Ù…ØµØ§Ø­Ø¨,1.270927877216758e-05,12,11,1.270927877216758e-05,0.0
Ø³Ø¹ÙˆØ¯ÙŠÙ‡,1.2709235398172463e-05,379,136,1.2709235398172463e-05,0.0
Ø§Ø³ØªØ¦Ù†Ø§Ù,1.2701942013292062e-05,21,9,1.2701942013292062e-05,0.0
ÙˆØµÙŠØ§Ù†Ù‡,1.269880571848846e-05,50,20,1.269880571848846e-05,0.0
Ø¨Ù…Ù‡Ø§Ù…,1.2698640421494345e-05,13,9,1.2698640421494345e-05,0.0
ÙŠØ´Ù…Ù„,1.2691731519788911e-05,77,50,1.2691731519788911e-05,0.0
Ø§Ù„Ù…Ù†ØªØ¬Ù‡,1.2690807384462176e-05,98,50,1.2690807384462176e-05,0.0
Ø¨Ù†Ø¯,1.2680892482564467e-05,24,21,1.2680892482564467e-05,0.0
Ø¨Ø§Ù„Ø§Ù…Ø§Ø±Ù‡,1.2680861962155247e-05,5,4,1.2680861962155247e-05,0.0
Ù…ÙÙŠØ¯Ù‡,1.2678244231643244e-05,4,4,1.2678244231643244e-05,0.0
Ù…Ø§Ù„ÙŠØ²ÙŠØ§,1.2676358920969098e-05,17,7,1.2676358920969098e-05,0.0
Ø§Ù„ØºØ¨ÙŠÙ†ÙŠ,1.267564486256619e-05,22,13,1.267564486256619e-05,0.0
ÙˆØªØ­Ø±Øµ,1.26647856211446e-05,11,10,1.26647856211446e-05,0.0
Ù…Ø´Ø§Ø±ÙƒØªÙ‡Ø§,1.2660647408489524e-05,31,25,1.2660647408489524e-05,0.0
ÙÙˆØ±Ø§,1.2645510862684875e-05,8,5,1.2645510862684875e-05,0.0
Ø§Ù„ÙØ±Ø¬,1.264120993506767e-05,9,7,1.264120993506767e-05,0.0
Ø§Ù„Ù…ØµØ§Ø­Ø¨Ù‡,1.2641150158054549e-05,4,4,1.2641150158054549e-05,0.0
Ø³ÙƒÙ†ÙŠ,1.2635636079497676e-05,85,31,1.2635636079497676e-05,0.0
Ø§Ù„Ù…Ù„ÙƒÙŠÙ‡Ø¹Ø¯Ø¯,1.2634681452602966e-05,5,5,1.2634681452602966e-05,0.0
Ø§Ù„Ø§Ø«Ù†ÙŠÙ†,1.2621555323090013e-05,866,243,1.2621555323090013e-05,0.0
Ø§Ù„ÙÙ†Ø§Ø±,1.2619337291895525e-05,4,4,1.2619337291895525e-05,0.0
ÙˆØ§Ù„Ø´Ø±Ù‚ÙŠ,1.2619337291895525e-05,4,4,1.2619337291895525e-05,0.0
Ù„Ù„Ø§Ù†Ø´Ø§Ø¡Ø§Øª,1.2619337291895525e-05,4,4,1.2619337291895525e-05,0.0
ÙˆØ§Ù„Ø¬Ù†ÙˆØ¨ÙŠ,1.2619337291895525e-05,4,4,1.2619337291895525e-05,0.0
Ø§ÙƒÙˆÙŠØ¨Ù…Ù†Øª,1.2619337291895525e-05,4,4,1.2619337291895525e-05,0.0
ØªØ´Ø§ÙŠÙ†Ø§,1.2619337291895525e-05,4,4,1.2619337291895525e-05,0.0
Ù…ØªÙ…Ø§Ø´ÙŠÙ‡,1.2614488369910674e-05,17,15,1.2614488369910674e-05,0.0
Ù„Ù…ØµÙØ§Ù‡,1.2611930855164834e-05,18,17,1.2611930855164834e-05,0.0
Ù…Ø®ØªØµÙŠ,1.2604414836951257e-05,3,3,1.2604414836951257e-05,0.0
Ø¨Ù†Ø¯ØªÙˆØ¶ÙŠØ­Ù…Ù‚Ø¯Ù…Ù‡Ø§Ù„Ø­Ø§Ù‚Ø§,1.259852271337914e-05,9,9,1.259852271337914e-05,0.0
Ø¬Ùˆ,1.2590718932085576e-05,12,12,1.2590718932085576e-05,0.0
Ø§Ù„Ù…Ø·Ù„Ù‚,1.2586007668015096e-05,4,3,1.2586007668015096e-05,0.0
Ø¹Ø«Ù…Ø§Ù†,1.2583094381597345e-05,54,26,1.2583094381597345e-05,0.0
Ù†Ù‚Ø¯Ù…,1.2576556247654076e-05,4,4,1.2576556247654076e-05,0.0
ÙˆØ§Ù„Ø§ØªÙØ§Ù‚ÙŠØ§Øª,1.257101920760839e-05,4,4,1.257101920760839e-05,0.0
ÙˆØ§Ù„ØªØ¬Ø§Ø±,1.257032101050189e-05,5,3,1.257032101050189e-05,0.0
ÙˆÙŠØ¸Ù‡Ø±,1.2569506481668923e-05,5,3,1.2569506481668923e-05,0.0
ÙˆØ®Ø¯Ù…ØªÙ‡Ù…,1.256769941468823e-05,3,3,1.256769941468823e-05,0.0
Ø§Ù„Ù…Ù†Ø·Ù„Ù‚,1.256639972013632e-05,4,4,1.256639972013632e-05,0.0
Ø§Ù„Ø§Ø³Ù…,1.2565281054389039e-05,10,8,1.2565281054389039e-05,0.0
ÙŠØ±ÙŠ,1.2555658923306086e-05,17,12,1.2555658923306086e-05,0.0
Ø¹ÙŠØ¯ÙŠ,1.2551246632943659e-05,116,3,1.2551246632943659e-05,0.0
ØªØ±Ø§ÙƒÙ…ÙŠÙ‡,1.2548317045865409e-05,18,4,1.2548317045865409e-05,0.0
Ø§Ù„Ù†Ø´Ø§Ø·,1.254739059625322e-05,85,48,1.254739059625322e-05,0.0
Ø¨Ø¹Ø§Ù…,1.2546366841645287e-05,49,22,1.2546366841645287e-05,0.0
Ø¨Ø¯Ù…Ø¬,1.2523413549145502e-05,8,7,1.2523413549145502e-05,0.0
ØµÙÙ‚ØªØ§Ù†,1.2519554298331344e-05,76,33,1.2519554298331344e-05,0.0
ØªØ®Ù„Ù‚,1.2518082699320674e-05,8,7,1.2518082699320674e-05,0.0
ÙˆØ§Øª,1.2502513284180867e-05,15,7,1.2502513284180867e-05,0.0
Ø¨ØªÙˆØ§Ø±ÙŠØ®,1.249426756803158e-05,4,4,1.249426756803158e-05,0.0
Ù‚Ø¯Ù…Ù‡Ø§,1.248693395622857e-05,10,7,1.248693395622857e-05,0.0
ÙˆØ§Ù„Ù„ÙˆØ§Ø¦Ø­Ø§Ù„Ù†ØµØ§Ø¨,1.248587410595418e-05,5,5,1.248587410595418e-05,0.0
Ø§Ù„ÙØ±Ø¯ÙŠÙ‡,1.247786474740138e-05,24,17,1.247786474740138e-05,0.0
Ø­Ø¶Ø±Ù‡,1.2475068238290921e-05,41,33,1.2475068238290921e-05,0.0
Ø¨Ù‚Ø¶Ø§ÙŠØ§,1.2474363930891543e-05,3,3,1.2474363930891543e-05,0.0
Ù„Ø§Ù…Ø±,1.2468784468620668e-05,27,22,1.2468784468620668e-05,0.0
Ù„Ø¯ÙˆØ±,1.2465907562109905e-05,15,13,1.2465907562109905e-05,0.0
ÙˆØµÙ†Ø¯ÙˆÙ‚,1.2463342038859318e-05,51,29,1.2463342038859318e-05,0.0
ÙˆØªØ­Ù‚Ù‚,1.2455055355927409e-05,12,10,1.2455055355927409e-05,0.0
Ù…ÙˆØ¸Ù,1.243592313966136e-05,60,24,1.243592313966136e-05,0.0
Ø¨Ø±Ø´Ù„ÙˆÙ†Ù‡,1.2433758742667505e-05,4,3,1.2433758742667505e-05,0.0
Ø¨Ø§Ù„Ø³Ù†Ø¯Ø§Øª,1.2425989457312696e-05,3,3,1.2425989457312696e-05,0.0
Ù„Ù…Ù„ØªÙ‚ÙŠ,1.2421728915485756e-05,4,3,1.2421728915485756e-05,0.0
Ù…ØªÙˆØ§Ø²Ù†Ù‡,1.2419720176678125e-05,9,7,1.2419720176678125e-05,0.0
ÙˆÙ…Ø­Ø§ÙØ¸,1.2418272406134163e-05,7,5,1.2418272406134163e-05,0.0
Ø¹ÙˆØ¶,1.2408750445572699e-05,10,9,1.2408750445572699e-05,0.0
Ø§Ù„Ù…Ø±Ø¨Ø­Ù‡,1.2408495351978869e-05,4,3,1.2408495351978869e-05,0.0
Ù„Ù„Ø´Ø±Ø§ÙƒÙ‡,1.2407833335500315e-05,14,9,1.2407833335500315e-05,0.0
Ø·Ø±ÙŠÙ‚Ù‡Ø§,1.2403454594845425e-05,5,5,1.2403454594845425e-05,0.0
ÙˆØªØ·Ù„Ø¹Ù‡,1.2396996303669798e-05,4,3,1.2396996303669798e-05,0.0
ÙŠÙÙˆØ¶Ù‡,1.2393392851282309e-05,16,11,1.2393392851282309e-05,0.0
ÙˆØ§Ù„Ø§Ø³ØªØ§Ø°Ù‡,1.2387227846222184e-05,3,3,1.2387227846222184e-05,0.0
Ù†Ù‚Ù„Ø§,1.2384581642436668e-05,45,37,1.2384581642436668e-05,0.0
ØªØµØ¨,1.2382099868276007e-05,18,12,1.2382099868276007e-05,0.0
Ø§Ù„Ù…Ø§Ù„Ùƒ,1.2366318769276317e-05,35,23,1.2366318769276317e-05,0.0
Ø¯Ø§Ùˆ,1.2357440682347017e-05,35,7,1.2357440682347017e-05,0.0
Ø§Ù„Ø´Ø§ÙŠØ¹,1.235154061828608e-05,10,7,1.235154061828608e-05,0.0
Ø§ØªØ¨Ø§Ø¹,1.2347839831835024e-05,13,11,1.2347839831835024e-05,0.0
Ù…Ø®Ø²ÙˆÙ†,1.2332535290499084e-05,32,15,1.2332535290499084e-05,0.0
Ø§Ù„Ù…Ù„ÙˆØ«Ù‡,1.2331886298647229e-05,6,4,1.2331886298647229e-05,0.0
Ø§Ù„ØªÙ†ÙÙŠØ°ÙŠÙŠÙ†,1.2331780923344795e-05,291,64,1.2331780923344795e-05,0.0
Ø§Ù„Ø§Ø¶Ø§ÙÙŠÙ‡,1.2330857622804024e-05,88,38,1.2330857622804024e-05,0.0
Ø¨Ù…Ù‚Ø¯Ù…ÙŠ,1.2329525425844968e-05,3,3,1.2329525425844968e-05,0.0
Ù„Ø¯ÙŠÙ‡Ù…Ø§,1.2317912802049728e-05,13,5,1.2317912802049728e-05,0.0
Ù„ÙƒÙŠ,1.2315179440154001e-05,9,9,1.2315179440154001e-05,0.0
ÙˆØ§Ù„ÙÙˆØ³ÙØ§Øª,1.2310151159343283e-05,6,5,1.2310151159343283e-05,0.0
Ø³Ù†Ø¯,1.2302349554379469e-05,20,17,1.2302349554379469e-05,0.0
Ø§Ù„Ø¬Ù…Ù‡ÙˆØ±,1.2294863907856466e-05,11,7,1.2294863907856466e-05,0.0
ÙˆØ§Ù„Ø§Ù‡Ù„ÙŠÙ‡,1.2292059730333327e-05,6,5,1.2292059730333327e-05,0.0
ÙˆØ§Ù„Ù…Ø¯ÙŠØ±,1.2285318101396039e-05,4,4,1.2285318101396039e-05,0.0
Ø¹Ù‚Ø§Ø±Ø§Øª,1.227047236508348e-05,34,14,1.227047236508348e-05,0.0
Ù…Ø¹Ø±Ø¨Ø§,1.2267529591574034e-05,9,7,1.2267529591574034e-05,0.0
Ø·Ø±Ø­Ù‡Ø§,1.2257820613401951e-05,17,7,1.2257820613401951e-05,0.0
Ø·Ø¨ÙŠØ¹ÙŠØ§,1.2254817919408082e-05,6,5,1.2254817919408082e-05,0.0
ØªØ­Ø§ÙˆÙ„,1.224841151796542e-05,7,5,1.224841151796542e-05,0.0
ÙØ§Ø¹Ù„ÙŠØªÙ‡Ø§,1.224773992390194e-05,3,3,1.224773992390194e-05,0.0
ÙŠÙ†Ø·ÙˆÙŠ,1.2246436454363733e-05,10,7,1.2246436454363733e-05,0.0
ØªØ§Ø¨Ø¹ØªÙŠÙ†,1.2245569574019816e-05,3,3,1.2245569574019816e-05,0.0
ÙˆÙ…Ù…Ù„ÙˆÙƒØªÙŠÙ†,1.2245569574019816e-05,3,3,1.2245569574019816e-05,0.0
Ø¨ØµÙØªÙ‡Ù…Ø§,1.2245569574019816e-05,3,3,1.2245569574019816e-05,0.0
Ù‚Ø·Ø¹Ù‡,1.2243491854565248e-05,7,4,1.2243491854565248e-05,0.0
ÙˆØªØ­ÙƒÙ…,1.2239176127340694e-05,4,3,1.2239176127340694e-05,0.0
Ù„Ù„Ø´Ø­Ù†,1.2236732057531056e-05,11,5,1.2236732057531056e-05,0.0
ÙˆØ³Ø¨Ø¹Ù‡,1.2218871736590483e-05,6,4,1.2218871736590483e-05,0.0
ÙŠØªØ·Ù„Ø¨Ù‡Ø§,1.221883472089443e-05,12,3,1.221883472089443e-05,0.0
Ù…Ø¹ØªÙ…Ø¯Ù‡,1.2217705659125903e-05,11,10,1.2217705659125903e-05,0.0
ØªÙ…ÙˆÙŠÙ„Ù‡Ø§,1.2210670705508156e-05,6,6,1.2210670705508156e-05,0.0
COVID,1.2206149489179705e-05,56,42,1.2206149489179705e-05,0.0
Ø§ÙƒÙˆØ§,1.219782822551321e-05,39,14,1.219782822551321e-05,0.0
ÙˆØªÙƒÙ„ÙŠÙ,1.2193577721759958e-05,13,11,1.2193577721759958e-05,0.0
Ù…Ø§Ù„ÙŠØ§,1.2193457907807187e-05,30,24,1.2193457907807187e-05,0.0
almarai,1.2192337441956769e-05,17,11,1.2192337441956769e-05,0.0
Ø§ÙŠØµØ§Ù„,1.2190864624220783e-05,65,43,1.2190864624220783e-05,0.0
Ø§Ù„Ù…Ø³ØªÙˆÙŠÙŠÙ†,1.2186254136615503e-05,7,7,1.2186254136615503e-05,0.0
Ø±Ø­Ù„ØªÙ†Ø§,1.2183695842973611e-05,4,4,1.2183695842973611e-05,0.0
Ù†ØµØ¨Ø­,1.2182565841024545e-05,4,3,1.2182565841024545e-05,0.0
Ø§Ù„Ù…ØªÙ†Ø§Ù…ÙŠ,1.21749593334075e-05,15,14,1.21749593334075e-05,0.0
Ø§Ù„ØªÙ‚ÙŠÙŠÙ…,1.2165126852106235e-05,57,35,1.2165126852106235e-05,0.0
Ø¨ØªÙ‚Ù†ÙŠÙ‡,1.2162202252761768e-05,33,23,1.2162202252761768e-05,0.0
Ø§Ù„Ø«Ø±ÙˆÙ‡,1.216105037362799e-05,7,7,1.216105037362799e-05,0.0
Ø¨Ø§Ù„ØªÙˆÙ‚ÙŠØ¹,1.2155021708481619e-05,7,3,1.2155021708481619e-05,0.0
Ø¨Ù…Ø¬Ø±Ø¯,1.2149699984083614e-05,9,7,1.2149699984083614e-05,0.0
ÙˆØ§Ù„Ù‚Ø±Ø§Ø±Ø§Øª,1.2146477414438058e-05,18,9,1.2146477414438058e-05,0.0
ÙŠÙ‚ÙˆÙ…ÙˆÙ†,1.2145792003149636e-05,4,4,1.2145792003149636e-05,0.0
ÙˆØ§Ù„Ù…Ø¹Ø§Ø¯Ù†,1.2137103922365162e-05,37,29,1.2137103922365162e-05,0.0
Ø§Ø³ØªØ®Ø±Ø§Ø¬,1.213519001608745e-05,4,4,1.213519001608745e-05,0.0
Ø§Ù„Ù…ØªØ³Ø§Ø±Ø¹,1.2125861881913698e-05,16,13,1.2125861881913698e-05,0.0
Ø§Ù„Ù…Ø­ÙÙ„,1.2120582400875579e-05,5,5,1.2120582400875579e-05,0.0
Ù…Ù†Ø§ÙØ¹,1.2119569136879539e-05,10,7,1.2119569136879539e-05,0.0
Ø§Ù„Ø±Ø¦Ø§Ø³Ù‡,1.2115513104227431e-05,3,3,1.2115513104227431e-05,0.0
Ø¨ØªÙˆØµÙŠØªÙ‡Ø§,1.210270919001827e-05,6,4,1.210270919001827e-05,0.0
ÙˆØªÙˆØ¸ÙŠÙ,1.2097014032773715e-05,21,15,1.2097014032773715e-05,0.0
Ø§Ø¨Ø§,1.2096789381454716e-05,25,17,1.2096789381454716e-05,0.0
Ø¨Ø§Ù„Ø®Ø¯Ù…Ù‡,1.2079515768417481e-05,12,11,1.2079515768417481e-05,0.0
Ø§Ù„Ø«Ù„Ø§Ø«Ù‡,1.2077061625261368e-05,75,42,1.2077061625261368e-05,0.0
Ø§Ù†ØªØ´Ø§Ø±Ù‡Ø§,1.2071985390471016e-05,8,7,1.2071985390471016e-05,0.0
Ø¨ØªØ­ÙÙŠØ²,1.2067471621762583e-05,4,4,1.2067471621762583e-05,0.0
Ø§ØªÙ…ØªÙ‡,1.2066070714138534e-05,9,8,1.2066070714138534e-05,0.0
Ø¨Ø«Ù‡,1.2054561674640881e-05,4,4,1.2054561674640881e-05,0.0
Ù„Ø§Ø¯Ù†ÙŠ,1.2050060678104185e-05,13,6,1.2050060678104185e-05,0.0
ÙˆØªØ­Ù…ÙŠÙ„,1.2048525311940066e-05,4,4,1.2048525311940066e-05,0.0
Ø®Ø§Ø±Ø¬ÙŠØ§,1.2048087773999326e-05,5,5,1.2048087773999326e-05,0.0
Ø§Ù„ØªØºÙŠØ±Ø§Ù„Ø±ÙŠØ§Ø¶,1.2046686082195018e-05,7,3,1.2046686082195018e-05,0.0
ÙˆØ¶ÙˆØ­Ø§,1.2038980598421752e-05,3,3,1.2038980598421752e-05,0.0
ÙˆØ§Ù„ØªØ­Ù‚Ù‚,1.2036972724349578e-05,6,3,1.2036972724349578e-05,0.0
Ø§Ù„ØªÙƒÙ†ÙˆÙ„ÙˆØ¬ÙŠ,1.2036865073272101e-05,5,5,1.2036865073272101e-05,0.0
Ø­Ø¯Ø«Ø§,1.2036724992223836e-05,4,4,1.2036724992223836e-05,0.0
HD,1.2035325382997257e-05,6,5,1.2035325382997257e-05,0.0
Ù†Ø¯ÙˆÙ‡,1.2034930499619552e-05,5,4,1.2034930499619552e-05,0.0
Ø§Ù„Ù…ØµØ¯Ø±Ù‡Ø¹Ø¯Ø¯,1.2030852802734658e-05,72,5,1.2030852802734658e-05,0.0
ÙˆØ§Ù„Ù‚Ø¯Ø±Ù‡,1.2026755498732344e-05,16,14,1.2026755498732344e-05,0.0
ÙŠØ´ØºÙ„Ù‡Ø§,1.2026481594988243e-05,3,3,1.2026481594988243e-05,0.0
Ù„Ù„ØµÙŠØ§Ù†Ù‡,1.2022247848497632e-05,34,23,1.2022247848497632e-05,0.0
Ø¯Ø±Ø§Ø³Ø§Øª,1.2017149350359135e-05,27,21,1.2017149350359135e-05,0.0
Ù…Ø±ÙƒØ¨,1.200504191709971e-05,9,6,1.200504191709971e-05,0.0
Ù…Ø³ØªØ­Ù‚Ù‡,1.1984163329496567e-05,10,4,1.1984163329496567e-05,0.0
Ø¨Ø§Ø­Ø¯,1.1983405018677578e-05,8,4,1.1983405018677578e-05,0.0
ÙˆØ³ÙŠØ±ÙƒØ²,1.1978791527342176e-05,4,3,1.1978791527342176e-05,0.0
Ø§Ù„Ø¨ÙŠÙˆØªØ§Ø¯ÙŠÙŠÙ†,1.1974502478246677e-05,7,4,1.1974502478246677e-05,0.0
Ù…ÙŠØ¬Ø§Ø¨Ø§ÙŠØª,1.1969689783521402e-05,19,6,1.1969689783521402e-05,0.0
ØµÙ†Ù,1.1962100343009097e-05,4,4,1.1962100343009097e-05,0.0
ÙˆØ§Ù„ØµÙ†Ø§Ø¹Ù‡,1.196066598982916e-05,63,38,1.196066598982916e-05,0.0
ÙˆØ¨ØªÙƒÙ„ÙÙ‡,1.1959564772651023e-05,9,7,1.1959564772651023e-05,0.0
Ø³ÙŠØªÙ…ÙƒÙ†,1.195360734710178e-05,17,8,1.195360734710178e-05,0.0
Ø§Ù„Ù‡Ø¯Ù,1.194671706378202e-05,57,48,1.194671706378202e-05,0.0
Ø§Ù„Ø­Ù‚ÙŠÙ‚ÙŠÙ‡,1.1946675737141365e-05,5,5,1.1946675737141365e-05,0.0
ÙˆØ§Ø¶Ø­,1.1939512707448327e-05,16,12,1.1939512707448327e-05,0.0
Ø³ÙŠØ³ÙƒÙˆ,1.193003516093169e-05,422,136,1.193003516093169e-05,0.0
Ø§ÙŠØ·Ø§Ù„ÙŠØ§,1.1925332295384995e-05,3,3,1.1925332295384995e-05,0.0
ÙˆØ§Ù„Ù…Ø±ÙƒØ²,1.192378757894414e-05,13,7,1.192378757894414e-05,0.0
ÙƒØ§Ù„ØªØ§Ù„ÙŠ,1.1921824004847235e-05,21,15,1.1921824004847235e-05,0.0
ÙˆÙ…Ù‡Ù†Ø¯Ø³ÙŠ,1.1918481820523205e-05,4,3,1.1918481820523205e-05,0.0
Ø­Ø±ÙŠÙ‚,1.1914475600573886e-05,16,9,1.1914475600573886e-05,0.0
Ø§Ù„Ø¯Ø±Ø§Ø¬Ø§Øª,1.1913100847870393e-05,3,3,1.1913100847870393e-05,0.0
Ø§ØºÙ„Ø¨,1.1911983820222573e-05,52,24,1.1911983820222573e-05,0.0
Ø§Ø¹Ù„Ø§Ù…ÙŠÙ‡,1.1910177714088804e-05,10,4,1.1910177714088804e-05,0.0
Ù„Ù„Ø¨ÙˆÙ„ÙŠÙ…Ø±Ø§Øª,1.1902553191714349e-05,27,12,1.1902553191714349e-05,0.0
Ø³Ø§Ù…Ø§Ø¨ÙƒÙˆ,1.1902298275959586e-05,37,12,1.1902298275959586e-05,0.0
ØªØªØ­Ù‚Ù‚,1.189900429548851e-05,7,7,1.189900429548851e-05,0.0
Ø¨Ø¯Ø¬Øª,1.1898721602514816e-05,583,170,1.1898721602514816e-05,0.0
Ø¨Ø±Ø¤ÙŠÙ‡,1.1897357248931494e-05,5,5,1.1897357248931494e-05,0.0
Ø¹Ø§Ù…Ø±,1.189063735529427e-05,24,16,1.189063735529427e-05,0.0
Ù…Ø¹Ù†ÙˆÙŠØ§Øª,1.188916237648427e-05,5,4,1.188916237648427e-05,0.0
ÙˆØ±Ø¦ÙŠØ³Ø§,1.1884174292119127e-05,6,4,1.1884174292119127e-05,0.0
ØªØªØ¨Ø¹Ù‡Ø§,1.1881212048971173e-05,5,4,1.1881212048971173e-05,0.0
Ø´Ù‡Ø¯Ù‡Ø§,1.188075531036657e-05,4,3,1.188075531036657e-05,0.0
ÙˆØ§Ù„Ù…Ø´Ø§Ø¹Ø±,1.187988956024446e-05,48,15,1.187988956024446e-05,0.0
Ø§Ù„ØªØ¬ÙˆÙ„,1.187523033782551e-05,10,5,1.187523033782551e-05,0.0
Ø§Ù„Ù…Ø¬Ø§ÙˆØ±Ù‡,1.1873041694761313e-05,9,8,1.1873041694761313e-05,0.0
Ø§Ù„Ø±Ø¨Ø­Ø§Ù„Ø±Ø¨Ø¹,1.1872386713197893e-05,3,3,1.1872386713197893e-05,0.0
Ø§Ù„Ø¯ÙŠÙˆÙ†ØµØ§ÙÙŠ,1.1872386713197893e-05,3,3,1.1872386713197893e-05,0.0
Ø§Ù„Ø³Ø¹ÙˆØ¯ÙŠÙ‡Ø§Ù„Ø­ÙŠØ§Ø¯Ø§Ù„Ø­ÙŠØ§Ø¯,1.1865220510855404e-05,30,4,1.1865220510855404e-05,0.0
ÙˆØ­Ù„ÙŠØ¨,1.1860294689146086e-05,7,4,1.1860294689146086e-05,0.0
Ø§Ù„ØªØ¬ÙˆØ§Ù„,1.1857880570545112e-05,28,9,1.1857880570545112e-05,0.0
Ø§Ù„Ù…Ø³ØªØ¬Ø¯Ø§Øª,1.185445429366116e-05,14,12,1.185445429366116e-05,0.0
Ø§Ø³Ù‡Ù…Ù‡,1.1852616731209116e-05,66,24,1.1852616731209116e-05,0.0
Ø§Ù„Ø§Ù‚ØªØµØ§Ø¯Ø§Øª,1.1851972410069093e-05,7,6,1.1851972410069093e-05,0.0
Ø§Ù„Ø§ÙØ±Ø§Ø¯Ø­ØµÙ‡,1.185144071081586e-05,12,4,1.185144071081586e-05,0.0
Ø§Ù„ØªÙ…ÙˆÙŠÙ„ØªÙ…ÙˆÙŠÙ„,1.185144071081586e-05,12,4,1.185144071081586e-05,0.0
Ø³ÙŠÙ‚ÙˆÙ…,1.1848204864682736e-05,30,27,1.1848204864682736e-05,0.0
Ø´Ø¹Ø§Ø±Ø§,1.1841809745061292e-05,28,25,1.1841809745061292e-05,0.0
ÙˆÙ…ÙˆÙ‚Ø¹,1.18273799541192e-05,6,6,1.18273799541192e-05,0.0
Ø¬Ù„ÙˆÙŠ,1.1822175304670804e-05,17,13,1.1822175304670804e-05,0.0
Ø§Ù„Ø§Ø³ØªØ´Ø§Ø±Ù‡,1.1814171923249053e-05,6,4,1.1814171923249053e-05,0.0
Ù‚Ù„ÙŠÙ„Ù‡,1.1805693540416618e-05,10,9,1.1805693540416618e-05,0.0
Ù„ØªØ´Ø¬ÙŠØ¹,1.1804636223107756e-05,8,7,1.1804636223107756e-05,0.0
Ø§Ø³ØªÙ…Ø±Ø§Ø±Ù‡,1.1803606119880278e-05,4,4,1.1803606119880278e-05,0.0
Ø§Ù„Ù…Ù‚Ø¨Ù„,1.1798245409605551e-05,137,77,1.1798245409605551e-05,0.0
Ù„Ù†ÙˆØ¹,1.1795410240496648e-05,6,3,1.1795410240496648e-05,0.0
Ø§Ù„ØªØ±ÙÙŠÙ‡ÙŠ,1.1786763202639152e-05,4,3,1.1786763202639152e-05,0.0
ÙˆØ§Ù„Ø§Ù„Ø¨Ø§Ù†,1.1778136415342223e-05,5,5,1.1778136415342223e-05,0.0
Ù…Ø¯ÙŠØ±Ø§,1.177488310785529e-05,12,9,1.177488310785529e-05,0.0
ØªØªØ·Ù„Ø¹,1.177032595885658e-05,28,18,1.177032595885658e-05,0.0
Ø§Ù„Ø§Ø³ØªÙØ³Ø§Ø±,1.1768006893931342e-05,6,6,1.1768006893931342e-05,0.0
Ø§Ù„Ø°Ø±ÙŠÙ‡,1.1765121406430809e-05,7,3,1.1765121406430809e-05,0.0
Ø§Ù„Ø¯Ø±ÙŠØ³ÙˆÙ‚Øª,1.1757997296093994e-05,68,7,1.1757997296093994e-05,0.0
Ù†ÙØ°Øª,1.1757395271440188e-05,7,7,1.1757395271440188e-05,0.0
Ù…Ø¹ÙŠØ´Ù‡,1.174940114035737e-05,20,4,1.174940114035737e-05,0.0
ØªØ³ØªÙÙŠØ¯,1.1748987302485298e-05,31,15,1.1748987302485298e-05,0.0
Ù…Ø³Ø§Ù‡Ù…ÙˆÙ†,1.1731780398955946e-05,43,35,1.1731780398955946e-05,0.0
Ù…ØµÙ†ÙÙ‡,1.1728167841279016e-05,3,3,1.1728167841279016e-05,0.0
Ø§Ù„Ù…Ø³Ø¦ÙˆÙ„ÙŠÙ‡,1.1725428005657558e-05,8,6,1.1725428005657558e-05,0.0
ÙˆÙ„ÙŠÙƒÙˆÙ†,1.1724059928069594e-05,3,3,1.1724059928069594e-05,0.0
Ø§Ù„Ø¹Ù…Ø±Ù‡,1.17213058540407e-05,6,6,1.17213058540407e-05,0.0
Ø¬Ù…Ø¹Ù‡,1.1717674690137389e-05,11,6,1.1717674690137389e-05,0.0
Ù…Ù†Ù‡Ø¬,1.1712312260414942e-05,4,3,1.1712312260414942e-05,0.0
Ø§Ù†Ø´Ø§Ø¦Ù‡,1.1708726971640814e-05,6,6,1.1708726971640814e-05,0.0
Ù„Ù‚Ø§Ø¡Ù‡Ø§,1.1708366213517438e-05,29,27,1.1708366213517438e-05,0.0
Ù„ØªØ¹Ø¯ÙŠÙ„,1.1702965331000817e-05,4,4,1.1702965331000817e-05,0.0
ÙˆØ§Ù„ØªÙ†Ø§ÙØ³ÙŠÙ‡,1.1687687981547345e-05,16,11,1.1687687981547345e-05,0.0
ÙˆØ§Ù„ØªØ³ÙˆÙŠÙ‚Ø¨ØªØ±ÙˆÙƒÙŠÙ…Ø²ÙŠÙ†,1.1679264841577098e-05,49,5,1.1679264841577098e-05,0.0
Ø§Ù„Ù…Ù†Ø³Ø¬Ù…Ù‡,1.1677439838394312e-05,3,3,1.1677439838394312e-05,0.0
Ù…ØºØ§Ø¯Ø±Ù‡,1.1669614308593185e-05,5,5,1.1669614308593185e-05,0.0
Ø¨Ø¬Ø§Ø¦Ø­Ù‡,1.166090183922292e-05,8,4,1.166090183922292e-05,0.0
ØµØ§ÙÙŠÙ‡,1.1660602842211783e-05,20,17,1.1660602842211783e-05,0.0
Ø²ÙŠØ§Ø±ØªÙ‡,1.1659134681986466e-05,13,9,1.1659134681986466e-05,0.0
Ø§Ù„Ø§Ø³Ù‡Ù…ÙƒÙ†Ø³Ø¨Ù‡,1.1655339948727484e-05,113,5,1.1655339948727484e-05,0.0
ØªØªÙ…Ø§Ø´ÙŠ,1.165505156450697e-05,19,18,1.165505156450697e-05,0.0
Ø§Ù„ØªØºÙŠÙŠØ±Ø§Øª,1.1648724211166037e-05,117,28,1.1648724211166037e-05,0.0
Ø§Ù„Ù…Ø´Ø§Ù‡Ø¯ÙŠÙ†,1.1646832605194972e-05,3,3,1.1646832605194972e-05,0.0
ÙˆØ§Ù„ØªØ­ÙˆÙŠÙ„,1.1637630614741275e-05,6,4,1.1637630614741275e-05,0.0
Ø§Ù„Ø®Ø¶ÙŠØ±ÙŠ,1.1627670951336942e-05,57,22,1.1627670951336942e-05,0.0
Ø±ÙŠØ§Ø¯ØªÙ‡Ø§,1.1627154404310827e-05,9,9,1.1627154404310827e-05,0.0
Ø§Ù„Ù…ÙƒØ§Ø³Ø¨,1.1615355850349584e-05,8,6,1.1615355850349584e-05,0.0
Ù„ØªØ­Ø¯ÙŠØ¯,1.1611509876734271e-05,36,32,1.1611509876734271e-05,0.0
Ø¨ÙŠØª,1.1605988284277146e-05,29,14,1.1605988284277146e-05,0.0
ÙŠØªØ·Ù„Ø¹,1.1599991599456612e-05,6,4,1.1599991599456612e-05,0.0
Ø¨Ø­Ù‚Ù‡Ø§,1.1599473364423251e-05,6,4,1.1599473364423251e-05,0.0
Ø§Ù„Ù†Ù‚Ø¯ÙŠÙ‡Ø±Ø§Ø³,1.1591314965204144e-05,3,3,1.1591314965204144e-05,0.0
Ø§Ù„Ù…Ù…ØªÙ„ÙƒØ§Øª,1.1589754255438506e-05,19,6,1.1589754255438506e-05,0.0
Ù„Ù„Ø§Ø³ØªÙ‡Ù„Ø§Ùƒ,1.1583288747127744e-05,7,7,1.1583288747127744e-05,0.0
Ø¨Ù„ÙˆØº,1.1576855907925723e-05,6,6,1.1576855907925723e-05,0.0
Ø¨ØªØµØ­ÙŠØ­,1.1573287003981642e-05,9,5,1.1573287003981642e-05,0.0
Ø§Ù‚Ø¨Ø§Ù„,1.1573286614327872e-05,6,4,1.1573286614327872e-05,0.0
Ù„Ù„Ø´ÙƒØ§ÙˆÙŠ,1.1565057545111952e-05,9,7,1.1565057545111952e-05,0.0
Ù„Ø´Ù‡Ø±,1.1549472289027737e-05,179,51,1.1549472289027737e-05,0.0
Ø¨ÙƒÙ„,1.154755791347666e-05,54,45,1.154755791347666e-05,0.0
ÙˆØªØ±Ø§Ø³,1.1544834939483598e-05,3,3,1.1544834939483598e-05,0.0
Ø§Ù„Ø§Ø³ØªØ´Ø§Ø±ÙŠÙ‡,1.1542759845503672e-05,15,11,1.1542759845503672e-05,0.0
Ø®Ø§Ø±Ø¬ÙŠ,1.1525359062136554e-05,7,6,1.1525359062136554e-05,0.0
Ø´Ø§Ù†,1.1521654131321372e-05,26,14,1.1521654131321372e-05,0.0
Ø¨Ø§Ù„Ø¹Ù…Ù„Ù‡,1.1520012569521236e-05,4,4,1.1520012569521236e-05,0.0
Ø§Ø³ØªØ±Ø§ØªÙŠØ¬ÙŠØ§ØªÙ‡Ø§,1.1517442525226415e-05,8,3,1.1517442525226415e-05,0.0
Ù…Ø­Ø¶Ø±,1.15172504896205e-05,8,5,1.15172504896205e-05,0.0
Ø§Ù…Ù†,1.1513407940633001e-05,23,19,1.1513407940633001e-05,0.0
Ø§Ù„ØªØ­ÙÙŠØ²ÙŠÙ‡,1.1490396297036631e-05,6,6,1.1490396297036631e-05,0.0
ÙŠØ³ØªÙ‚Ø±,1.1489558211339678e-05,4,4,1.1489558211339678e-05,0.0
ÙˆØ§Ù„Ø´Ø¨Ø§Ø¨,1.1484173550898803e-05,3,3,1.1484173550898803e-05,0.0
Ù„ÙƒÙ†Ù‡Ø§,1.1484105189326698e-05,11,10,1.1484105189326698e-05,0.0
Ù‚Ø·Ø±,1.1481075672833978e-05,150,35,1.1481075672833978e-05,0.0
Ø§Ù„Ø´Ø±ÙƒÙ‡Ø§ØºÙ„Ø§Ù‚,1.1463842388368613e-05,62,27,1.1463842388368613e-05,0.0
ÙˆÙ‡ÙŠØ¦Ù‡,1.1462441975101082e-05,51,26,1.1462441975101082e-05,0.0
ÙŠÙ†Ø·Ù„Ù‚,1.1461185260757706e-05,5,5,1.1461185260757706e-05,0.0
Ø§Ù„Ù…ØºÙ„Ù‚Ù‡Ø§Ù„Ø§Ù‡Ù„ÙŠ,1.1450337816265159e-05,18,6,1.1450337816265159e-05,0.0
Ø±ÙŠØ§Ø¯ÙŠØ§,1.144387770525803e-05,5,5,1.144387770525803e-05,0.0
ÙˆØ«Ù„Ø§Ø«,1.14428700214832e-05,3,3,1.14428700214832e-05,0.0
ÙŠÙ‚ÙŠØ³,1.1425043859512691e-05,14,4,1.1425043859512691e-05,0.0
ÙˆØ§Ù„Ù†Ù…Ùˆ,1.1421850381309841e-05,48,35,1.1421850381309841e-05,0.0
Ù„ØµØ¹ÙˆØ¨Ù‡,1.1417447949216294e-05,16,9,1.1417447949216294e-05,0.0
Ø§Ù„Ù…Ø¹Ù„Ù†,1.141614510622317e-05,36,28,1.141614510622317e-05,0.0
Ø¨Ø±Ø§Ø³,1.1415258806389177e-05,23,17,1.1415258806389177e-05,0.0
ØªØ³Ù‡ÙŠÙ„Ø§Øª,1.1406079705973642e-05,103,46,1.1406079705973642e-05,0.0
Ù„Ù„Ù…ØºØ°ÙŠØ§Øª,1.1405739834487705e-05,581,119,1.1405739834487705e-05,0.0
Ø¨Ø§Ù„Ø³Ø¯Ø§Ø¯,1.1385794469743723e-05,11,8,1.1385794469743723e-05,0.0
ÙˆØªÙˆØ²ÙŠØ¹,1.1379770025456615e-05,41,36,1.1379770025456615e-05,0.0
Ù†Ø·Ù…Ø­,1.1379356677662858e-05,7,7,1.1379356677662858e-05,0.0
Ø§Ù„ØªÙ†Ø¸ÙŠÙ,1.1374227699625863e-05,3,3,1.1374227699625863e-05,0.0
ØµØ¹ÙˆØ¨Ù‡,1.1368641872934937e-05,17,6,1.1368641872934937e-05,0.0
ÙˆØ¨Ø¬ÙˆØ¯Ù‡,1.1367611316065185e-05,3,3,1.1367611316065185e-05,0.0
Ø§Ù„Ù…Ù†ØªØ¬ÙŠÙ†,1.136680590951484e-05,16,12,1.136680590951484e-05,0.0
Ø§Ù„ØªÙ†Ø§ÙØ³ÙŠ,1.1356956916688073e-05,15,9,1.1356956916688073e-05,0.0
Ø§Ù„ØªØ¯Ø§Ø¨ÙŠØ±,1.135520315461922e-05,31,29,1.135520315461922e-05,0.0
ÙˆØ¹Ù‚Ø¯,1.1353539640435285e-05,7,6,1.1353539640435285e-05,0.0
Ø¨Ø§Ø³ØªØ«Ù…Ø§Ø±Ø§Øª,1.1353312949965438e-05,21,11,1.1353312949965438e-05,0.0
ÙŠØ­ÙØ²,1.1336993304580731e-05,7,6,1.1336993304580731e-05,0.0
Ø§Ù„ÙƒØ¨ÙŠØ±,1.1329973439129637e-05,147,63,1.1329973439129637e-05,0.0
Ø§Ù„Ø§Ø®Ø°,1.1328817218826854e-05,20,17,1.1328817218826854e-05,0.0
Ø¬ÙˆØ±Ø¬ÙŠØ³,1.1325954854725708e-05,9,5,1.1325954854725708e-05,0.0
Ù†Ø¸Ù…Øª,1.1325312266981669e-05,26,23,1.1325312266981669e-05,0.0
Ø±Ø§Ø³Ù…Ø§Ù„ÙŠ,1.1322243960391782e-05,11,10,1.1322243960391782e-05,0.0
Ø§Ù„Ø²Ù…Ù†ÙŠ,1.1321312392212198e-05,40,24,1.1321312392212198e-05,0.0
Ù„ØªØ®ÙÙŠØ¶,1.1321033849171301e-05,16,12,1.1321033849171301e-05,0.0
ØªØ±ØªÙ‚ÙŠ,1.1320017907633538e-05,6,4,1.1320017907633538e-05,0.0
ÙˆØ±Ø´,1.1306804270716877e-05,50,22,1.1306804270716877e-05,0.0
ÙˆØ³Ù‡Ù…,1.1301861665706728e-05,5,5,1.1301861665706728e-05,0.0
Ù…ØªÙ†Ø§Ù…ÙŠÙ‡,1.1301009036746095e-05,3,3,1.1301009036746095e-05,0.0
Ù…Ø³Ø§ÙÙ‡,1.1257720786538729e-05,4,4,1.1257720786538729e-05,0.0
Ø§Ù„Ù…Ø§Ù„ÙŠÙˆÙ†,1.1256720662510076e-05,3,3,1.1256720662510076e-05,0.0
ÙˆØ´ÙƒÙ„,1.1252562077825825e-05,16,8,1.1252562077825825e-05,0.0
Ø§Ù„Ø¹Ø§Ø´Ø±Ù‡,1.1246358591381104e-05,95,71,1.1246358591381104e-05,0.0
Ø«Ø§Ù†ÙŠØ§,1.1241208306457649e-05,105,40,1.1241208306457649e-05,0.0
Ø¨Ø§ÙØªØªØ§Ø­,1.1232570353614683e-05,17,7,1.1232570353614683e-05,0.0
Ø±ØµØ¯Øª,1.1231643596442507e-05,10,10,1.1231643596442507e-05,0.0
Ø§Ù„ÙˆØ²Ø§Ø±ÙŠ,1.123152164941072e-05,7,3,1.123152164941072e-05,0.0
ÙˆØºÙ„Ù‚,1.1231365151192984e-05,30,7,1.1231365151192984e-05,0.0
Ù„Ù‚Ø§Ø¡,1.1231326827393944e-05,73,60,1.1231326827393944e-05,0.0
ÙŠÙˆØªÙŠÙˆØ¨,1.1228398223085087e-05,17,11,1.1228398223085087e-05,0.0
Ù…ÙˆØ§Ù‚Ù,1.1214814311697606e-05,6,3,1.1214814311697606e-05,0.0
ÙˆØ§Ù„ØµÙÙ‚Ù‡,1.1213373747986025e-05,3,3,1.1213373747986025e-05,0.0
Ø§Ù„ÙƒØ¨Ø±ÙŠØª,1.1212427278629877e-05,16,9,1.1212427278629877e-05,0.0
ØªØ¬Ø§Ø±Ø¨,1.1208368779953667e-05,9,8,1.1208368779953667e-05,0.0
Ø³ÙŠØªØ®ÙÙŠØ¶,1.1203898547492416e-05,5,5,1.1203898547492416e-05,0.0
Ù…Ù„ÙŠØ§Ø±Ø§,1.1198461147521994e-05,8,5,1.1198461147521994e-05,0.0
ØªØ¬Ø±ÙŠ,1.1196202085966231e-05,29,19,1.1196202085966231e-05,0.0
ÙˆÙ…Ù†ØµØ¨,1.1191552362824564e-05,3,3,1.1191552362824564e-05,0.0
Ø§Ù„Ù‚Ø§Ø¶ÙŠÙ‡,1.1181920436909273e-05,9,3,1.1181920436909273e-05,0.0
Ø§Ù„ÙˆÙ‚ÙÙ‡,1.1181259013302023e-05,5,4,1.1181259013302023e-05,0.0
Ù…Ø±Ø§ÙƒØ²ØªØ®ÙÙŠØ¶,1.1175882518495901e-05,5,5,1.1175882518495901e-05,0.0
ØªÙ‚ØªØ¶ÙŠ,1.1169952163547466e-05,3,3,1.1169952163547466e-05,0.0
Ù„Ø¨Ø¯Ø¡,1.1164687137965375e-05,22,19,1.1164687137965375e-05,0.0
ÙˆØ´ÙƒÙ„Øª,1.1158910994303779e-05,45,11,1.1158910994303779e-05,0.0
Ù„Ù„Ø¬Ø¨ÙŠÙ„,1.1156474464578675e-05,16,7,1.1156474464578675e-05,0.0
Ø§Ù„Ø¯Ø§Ø¦Ù…Ù‡,1.114925708523486e-05,15,14,1.114925708523486e-05,0.0
Ø§Ø³Ø¦Ù„Ù‡,1.1146932665239737e-05,14,14,1.1146932665239737e-05,0.0
Ø¬ÙˆØ§Ø²,1.1134335771239448e-05,10,8,1.1134335771239448e-05,0.0
ÙˆØ¬Ù‡ÙˆØ¯Ù‡Ø§,1.1130528319808952e-05,4,4,1.1130528319808952e-05,0.0
Ø¨Ø§Ø³ØªÙ‚Ø±Ø§Ø±,1.1127738511785773e-05,4,4,1.1127738511785773e-05,0.0
Ù‡Ø¯ÙØ§,1.1122270395377493e-05,3,3,1.1122270395377493e-05,0.0
ØªØ¬Ø³ÙŠØ¯Ø§,1.1117211434084796e-05,7,7,1.1117211434084796e-05,0.0
Ù…ÙŠØ§Ø¯ÙŠÙ†,1.1115603789533405e-05,4,4,1.1115603789533405e-05,0.0
ÙˆÙ†Ø­Ùˆ,1.111344581002843e-05,14,6,1.111344581002843e-05,0.0
Ø¨Ù‚Ø·Ø§Ø¹Ø§Øª,1.1105492853013736e-05,24,16,1.1105492853013736e-05,0.0
Ø§Ù„Ù…Ø§Ù„ÙŠÙ‡Ø§Ø­ØªÙØ§Ø¸Ø§Ø­ØªÙØ§Ø¸,1.1101645094762955e-05,5,4,1.1101645094762955e-05,0.0
Ø§Ù„ØªÙˆØ§Ø±ÙŠØ®,1.1099812575285822e-05,12,8,1.1099812575285822e-05,0.0
Ø§Ù„ØªØ§Ù‡ÙŠÙ„,1.1097920600394894e-05,13,7,1.1097920600394894e-05,0.0
Ø¨Ù…Ø±Ø§Ø¬Ø¹Ù‡,1.1095346910196497e-05,19,15,1.1095346910196497e-05,0.0
Ø§Ù‚ÙŠÙ…Øª,1.1093683171988104e-05,8,5,1.1093683171988104e-05,0.0
Ø¹Ø§Ø¦Ø¯Ø§,1.108587090558966e-05,17,8,1.108587090558966e-05,0.0
Ù„Ù„Ø§Ù‡Ø¯Ø§Ù,1.1085334891407408e-05,7,5,1.1085334891407408e-05,0.0
ÙˆØ§Ø­Ù‚ÙŠÙ‡,1.1085032227998956e-05,12,11,1.1085032227998956e-05,0.0
Ù„Ù„Ù…ØµØ¯Ø±ÙŠÙ†,1.1077194209703992e-05,11,4,1.1077194209703992e-05,0.0
Ø§Ù„Ø¹Ø§Ù…Ù‡Ø¹Ù†,1.1070425491943859e-05,13,13,1.1070425491943859e-05,0.0
Ø§Ø³Ù‡Ù…,1.1070348656117509e-05,4014,874,1.1070348656117509e-05,0.0
Ø§Ù„Ù…Ø®Ø·Ø·,1.106815191426724e-05,35,20,1.106815191426724e-05,0.0
Ø§Ù„ØºØ§Ø¡,1.1068062756433698e-05,64,38,1.1068062756433698e-05,0.0
Ù„Ù†Ø³Ø¨Ù‡,1.106580456185757e-05,6,3,1.106580456185757e-05,0.0
Ø§Ù„Ù…Ù†Ø§ÙØ³Ø§Øª,1.1063767584769311e-05,4,4,1.1063767584769311e-05,0.0
Ø§Ù„Ø§ØµÙ„Ø§Ø­Ø§Øª,1.1062050334952118e-05,67,26,1.1062050334952118e-05,0.0
Ø³Ù„Ù‡,1.1059302250893885e-05,18,3,1.1059302250893885e-05,0.0
Ø§Ù„Ù…Ù‡Ù†ÙŠ,1.1055627674093572e-05,6,4,1.1055627674093572e-05,0.0
ÙˆØ´Ù„,1.1054490943912813e-05,15,13,1.1054490943912813e-05,0.0
ÙˆÙ…ÙŠØ¬Ù„ÙˆØ¨Ù„,1.1054490943912813e-05,15,13,1.1054490943912813e-05,0.0
ÙØ§Ø¦Ø¶,1.1051955884802977e-05,16,13,1.1051955884802977e-05,0.0
Ø§Ù„Ø¯ÙˆØ§Ù…,1.1051839918068533e-05,29,29,1.1051839918068533e-05,0.0
ÙˆØ§Ù„Ù…Ø¨ÙŠØ¹Ø§Øª,1.1051634339417577e-05,49,30,1.1051634339417577e-05,0.0
Ø§Ù„Ù†ÙŠØªØ±ÙˆØ¬ÙŠÙ†,1.1050557088794416e-05,22,8,1.1050557088794416e-05,0.0
ÙˆØ§Ù„Ù…Ø¬Ù…ÙˆØ¹Ù‡,1.1031856230221891e-05,16,4,1.1031856230221891e-05,0.0
ÙƒÙŠÙ„ÙˆÙ…ØªØ±Ø§,1.103156840567712e-05,16,4,1.103156840567712e-05,0.0
Ù„Ù„Ø³Ø¹ÙˆØ¯ÙŠÙ‡,1.10314428457147e-05,18,9,1.10314428457147e-05,0.0
Ø¨Ø§ÙˆØ±,1.103033511222654e-05,47,20,1.103033511222654e-05,0.0
Ù„ØªØ³Ù‡Ù…,1.1027994839474735e-05,4,3,1.1027994839474735e-05,0.0
ÙˆØªØ¶Ù…ÙŠÙ†,1.1021466201343953e-05,7,3,1.1021466201343953e-05,0.0
ÙˆØ§Ù„Ø·Ø¨Ø§Ø¹Ù‡,1.1019118632464904e-05,8,8,1.1019118632464904e-05,0.0
Ù„Ù„ÙƒÙˆØ§Ø¯Ø±,1.1017695589503294e-05,6,6,1.1017695589503294e-05,0.0
Ù…ØµØ§Ø¯Ø±,1.1016574879098712e-05,229,110,1.1016574879098712e-05,0.0
Ù„Ø¹Ø¯Ù…,1.1014404792393154e-05,64,25,1.1014404792393154e-05,0.0
Ø§Ù„Ù…Ø²Ø§Ø¯Ø§Ù„ØªØºÙŠØ±ÙØªÙŠØ­ÙŠ,1.101387847394282e-05,29,7,1.101387847394282e-05,0.0
Ø·Ø§Ø±Ù‚,1.1009293221756724e-05,23,16,1.1009293221756724e-05,0.0
Ø§Ù„Ø¹Ø´ÙˆØ§Ø¦ÙŠ,1.100860926697628e-05,4,4,1.100860926697628e-05,0.0
Ù…ÙƒØ§Ù†Ù‡,1.1007942312569864e-05,31,30,1.1007942312569864e-05,0.0
Ø³Ù…Ùˆ,1.1001237047225345e-05,112,39,1.1001237047225345e-05,0.0
Ø§Ù„Ù‚Ø±ÙŠØ¨Ù‡,1.1001229411688533e-05,5,5,1.1001229411688533e-05,0.0
Ø¬Ù…Ø¹ÙŠØ§Øª,1.1000564347308133e-05,15,13,1.1000564347308133e-05,0.0
ÙˆÙŠØ³ØªØ®Ø¯Ù…,1.0997194728921283e-05,5,5,1.0997194728921283e-05,0.0
ØªØ§Ø®Ø±,1.0994459124265509e-05,15,10,1.0994459124265509e-05,0.0
Ø§Ù„ÙˆØ§ÙØ¯Ù‡,1.0983992271387323e-05,13,9,1.0983992271387323e-05,0.0
Ø§Ù†Ø·Ù„Ø§Ù‚Ø§,1.0978706953170463e-05,34,23,1.0978706953170463e-05,0.0
Ø§Ù„Ù†Ù‚Ø§Ø´,1.0976511682939867e-05,11,9,1.0976511682939867e-05,0.0
ÙˆØ¨Ù…Ø§,1.0968850474386615e-05,48,34,1.0968850474386615e-05,0.0
Ù…Ø¬Ù„Ø³Ø§,1.096819523470946e-05,14,3,1.096819523470946e-05,0.0
ÙˆØ§Ø¯Ø§Ø¦Ù‡Ø§,1.0963001564965742e-05,17,6,1.0963001564965742e-05,0.0
Ø±ÙŠØ§Ù„Ø§Ù„Ø¨Ù†Ùƒ,1.0959261982533386e-05,9,3,1.0959261982533386e-05,0.0
Ù…ÙŠØºØ§ÙˆØ§Øª,1.0942180470876097e-05,8,4,1.0942180470876097e-05,0.0
ÙˆÙ…ØªÙƒØ§Ù…Ù„Ù‡,1.0925828347185921e-05,3,3,1.0925828347185921e-05,0.0
Ø§Ù„Ù…Ø³ØªØ´ÙÙŠØ§Øª,1.0924006652133011e-05,8,3,1.0924006652133011e-05,0.0
ÙÙˆØ³ÙØ§Øª,1.0920993655477177e-05,58,25,1.0920993655477177e-05,0.0
Ø¹Ø²Ø²,1.0918018161906177e-05,5,5,1.0918018161906177e-05,0.0
Ø³Ø§Ù†,1.0914232931464297e-05,17,7,1.0914232931464297e-05,0.0
ØªÙ‚Ø¯ÙŠØ±Ù‡,1.0912671861699672e-05,5,5,1.0912671861699672e-05,0.0
Ø§Ù„Ø®Ù…ÙŠØ³,1.0907712482734028e-05,938,256,1.0907712482734028e-05,0.0
ÙˆØ³Ø§Ø¨Ùƒ,1.0906158685257604e-05,43,18,1.0906158685257604e-05,0.0
Ø§Ù†ÙˆØ§Ø¹,1.0902491862904644e-05,14,13,1.0902491862904644e-05,0.0
Investor,1.0896416875000578e-05,8,7,1.0896416875000578e-05,0.0
Ù…Ù†ØªØ¬,1.088852424496759e-05,190,105,1.088852424496759e-05,0.0
ØªØ­Ù…ÙŠ,1.0880082390335744e-05,3,3,1.0880082390335744e-05,0.0
Ù‡Ø°ÙŠÙ†,1.0851222475408833e-05,3,3,1.0851222475408833e-05,0.0
ØªØ·Ø±Ø­Ù‡Ø§,1.0846201195083611e-05,5,4,1.0846201195083611e-05,0.0
Ø§Ù„Ø§Ø³Ù‡Ù…,1.0843057392873338e-05,4505,847,1.0843057392873338e-05,0.0
Ø¨ÙˆØ³Ø·Ù†,1.0840694874022237e-05,7,3,1.0840694874022237e-05,0.0
Ø§Ù„Ø±ÙŠØ§Ø¶ØªØ§Ø±ÙŠØ®,1.0837013301476858e-05,10,10,1.0837013301476858e-05,0.0
ÙˆØ°ÙƒØ±Øª,1.0828120884803061e-05,133,107,1.0828120884803061e-05,0.0
ØªØªÙˆÙØ±,1.0827344091179145e-05,11,10,1.0827344091179145e-05,0.0
Ø¨Ø§Ù„ØªØ²Ø§Ù…Ù†,1.0826571359680144e-05,27,21,1.0826571359680144e-05,0.0
ÙˆØ§Ù„Ø³ÙƒÙ†ÙŠÙ‡,1.082388044229694e-05,10,7,1.082388044229694e-05,0.0
Ø§Ù„ØªÙˆØ³Ø¹Ù‡,1.0822407169996084e-05,45,19,1.0822407169996084e-05,0.0
ÙˆØªØ¹Ø¯ÙŠÙ„,1.0816997609745558e-05,29,16,1.0816997609745558e-05,0.0
Ù„Ù„Ø³Ø§Ø¯Ù‡,1.0816245755945626e-05,13,13,1.0816245755945626e-05,0.0
Ø§Ù‚Ø³Ø§Ø·,1.081520581588324e-05,111,19,1.081520581588324e-05,0.0
Ø­Ø¬Ø§Ø¬,1.081358665711958e-05,21,8,1.081358665711958e-05,0.0
Ø§Ø³Ù‡Ù…Ù‡Ø§Ø¹Ø¯Ø¯,1.081085864325291e-05,26,4,1.081085864325291e-05,0.0
Ø§Ù„Ù…ÙˆØ¸ÙÙŠÙ†Ø§Ù„Ù…Ù„ÙƒÙŠÙ‡,1.081085864325291e-05,26,4,1.081085864325291e-05,0.0
Ø§Ù„Ø´Ø±ÙƒÙ‡Ø§Ù„Ù…Ù„ÙƒÙŠÙ‡,1.081085864325291e-05,26,4,1.081085864325291e-05,0.0
Ø§Ù„Ù…Ø¨Ø¯Ø¦ÙŠÙ‡,1.0810833554456299e-05,12,8,1.0810833554456299e-05,0.0
Ø§Ù„Ù…Ù†Ù‡Ø¬ÙŠÙ‡,1.0808980923818859e-05,18,3,1.0808980923818859e-05,0.0
ÙˆØ¨Ù…Ø´Ø§Ø±ÙƒÙ‡,1.0806931258512136e-05,6,6,1.0806931258512136e-05,0.0
ØªØ´ÙƒÙŠÙ„,1.0799644459679437e-05,85,54,1.0799644459679437e-05,0.0
ÙˆÙˆØ¬Ù‡ØªÙ‡Ø§,1.0788143357807632e-05,6,3,1.0788143357807632e-05,0.0
ØªØ±ØªØ¨Ø·,1.0782871356364956e-05,8,7,1.0782871356364956e-05,0.0
Ù‚Ø§Ø¦Ù…Ø§,1.0780846086302838e-05,8,4,1.0780846086302838e-05,0.0
Ù„Ù„Ø¹Ø³ÙƒØ±ÙŠÙŠÙ†,1.077638040971402e-05,7,3,1.077638040971402e-05,0.0
ÙˆÙŠÙˆØ§ÙƒØ¨,1.0776022240977643e-05,3,3,1.0776022240977643e-05,0.0
ÙˆÙ…Ù†ØªØ¬Ø§ØªÙ‡Ø§,1.0767377963649765e-05,9,7,1.0767377963649765e-05,0.0
Ø§Ù„Ù‚Ø§Ø¦Ù…,1.0767213721064953e-05,38,20,1.0767213721064953e-05,0.0
ØªÙ…ØªØ¯,1.0750085354429916e-05,41,24,1.0750085354429916e-05,0.0
ÙˆÙŠØ¹ØªØ¨Ø±,1.0748513806483037e-05,70,36,1.0748513806483037e-05,0.0
Ø¨Ù…Ø­Ø§ÙØ¸Ù‡,1.0743396401877081e-05,27,18,1.0743396401877081e-05,0.0
Ø§Ù„Ù…ØªÙ…ÙŠØ²,1.0742794922821402e-05,18,15,1.0742794922821402e-05,0.0
Ø§Ù„Ø§Ù†ØªØ´Ø§Ø±,1.0742027431170569e-05,9,7,1.0742027431170569e-05,0.0
Ø§Ù„Ù†Ø§ÙŠÙØ§Øª,1.0740828775261749e-05,14,3,1.0740828775261749e-05,0.0
ÙˆØ¨Ø°Ù„,1.0736331499086318e-05,3,3,1.0736331499086318e-05,0.0
Ø§Ù„Ù†Ø§ÙÙŠ,1.0727954470360063e-05,13,7,1.0727954470360063e-05,0.0
ÙˆØ§Ù„Ø±Ø³ÙˆÙ…,1.0725808937896135e-05,6,6,1.0725808937896135e-05,0.0
Ø§Ù„Ù‚ÙŠÙ…,1.0723383619128578e-05,17,8,1.0723383619128578e-05,0.0
Ø§Ù„ØºØ±Ø¨ÙŠ,1.0713260303395565e-05,41,18,1.0713260303395565e-05,0.0
Ø§Ù„Ø¶ÙˆØ¡,1.0708300769652299e-05,90,57,1.0708300769652299e-05,0.0
ØªØ§Ø®Ø°,1.0707609630360722e-05,6,6,1.0707609630360722e-05,0.0
Ù„ØªØ§ÙƒÙŠØ¯,1.0706446311010822e-05,3,3,1.0706446311010822e-05,0.0
Ù„ÙƒÙˆØ±ÙˆÙ†Ø§,1.0702642503187949e-05,4,4,1.0702642503187949e-05,0.0
ÙˆØ´Ø±Ø§Ø¡,1.0702510722498267e-05,47,31,1.0702510722498267e-05,0.0
ÙØ§ÙŠØ²,1.0701600473084248e-05,7,6,1.0701600473084248e-05,0.0
Ø§Ù„Ø¹Ø·Ø§Ø¡,1.070063973481597e-05,9,8,1.070063973481597e-05,0.0
Ù…Ù†Ø§ÙØ³Ø§Øª,1.0699455641216415e-05,4,3,1.0699455641216415e-05,0.0
ÙŠØ³ØªØ®Ø¯Ù…,1.0699140930497802e-05,11,10,1.0699140930497802e-05,0.0
Ø§Ù„Ù…Ø±ÙƒØ²Ù‡,1.069595621542166e-05,3,3,1.069595621542166e-05,0.0
Ø¹Ù…Ø§Ø¯,1.0686874715416536e-05,5,5,1.0686874715416536e-05,0.0
Ø§Ù„Ù‚Ø¨ÙˆÙ„,1.0686809244415132e-05,5,3,1.0686809244415132e-05,0.0
Ø¯Ø¨ÙŠ,1.0679761021505784e-05,243,57,1.0679761021505784e-05,0.0
ÙˆÙ…Ø¶Ø§Ø¹ÙØ§Øª,1.0675026780404763e-05,5,4,1.0675026780404763e-05,0.0
Ø§Ù„Ø¯Ø§Ø®Ù„Ù‡,1.0672114094498227e-05,14,4,1.0672114094498227e-05,0.0
ÙˆØ§Ù„ØªØµÙˆÙŠØª,1.0672051188289447e-05,137,72,1.0672051188289447e-05,0.0
ØªØ§Ø³ÙŠØ³Ù‡Ø§,1.0664661946414098e-05,25,16,1.0664661946414098e-05,0.0
Ø§Ù„Ø§Ø¹Ø§Ù‚Ù‡,1.065775327312517e-05,9,4,1.065775327312517e-05,0.0
Ø¨Ø§Ù„Ù…Ø¤ØªÙ…Ø±,1.0657072373493944e-05,5,3,1.0657072373493944e-05,0.0
Ø§Ù„Ø­ÙˆØ³Ø¨Ù‡,1.065336533579317e-05,37,17,1.065336533579317e-05,0.0
Ø³Ø¹ÙŠØ¯,1.0648505781752835e-05,58,36,1.0648505781752835e-05,0.0
ÙˆØ«ÙŠÙ‚Ù‡,1.0645154457793703e-05,37,15,1.0645154457793703e-05,0.0
ØªØ¯ÙˆÙŠØ±Ù‡,1.0643243754094464e-05,6,4,1.0643243754094464e-05,0.0
Ø§Ù„Ø­Ø§Ø¯,1.0642703541045907e-05,23,11,1.0642703541045907e-05,0.0
Ø§Ù„Ø¹Ø§Ù…Ù‡Ø§Ù„Ù…Ø¨Ù†ÙŠ,1.0639178406746048e-05,3,3,1.0639178406746048e-05,0.0
Ø§Ù„Ø³Ø¬Ù„,1.063820239188507e-05,26,16,1.063820239188507e-05,0.0
Ù‚Ø±Ø§Ø±Ù‡,1.0636209995174672e-05,7,6,1.0636209995174672e-05,0.0
Ø§Ù„Ø¨Ø¯Ù„Ø§Øª,1.0632983138777178e-05,16,5,1.0632983138777178e-05,0.0
Ù…Ø¹ÙŠÙ†,1.0629175869898803e-05,9,4,1.0629175869898803e-05,0.0
ÙˆØªØµÙ„,1.0625979254367454e-05,5,5,1.0625979254367454e-05,0.0
Ù…ÙØ§ÙˆØ¶Ø§Øª,1.0625961949128183e-05,20,15,1.0625961949128183e-05,0.0
Ø­ÙŠÙˆÙŠÙ‡,1.0618084042091844e-05,13,10,1.0618084042091844e-05,0.0
Ø§Ø¯Ø±Ø§Ø¬Ø§Øª,1.0613269535405032e-05,8,3,1.0613269535405032e-05,0.0
Ø§Ø³ØªÙ‚Ø§Ù„ØªÙ‡,1.060735786850132e-05,3,3,1.060735786850132e-05,0.0
ØªØ®Ø·Ø·,1.0604729430765811e-05,21,21,1.0604729430765811e-05,0.0
Ù„Ø§Ø³ØªØ¹Ø§Ø¯Ù‡,1.0602893903880807e-05,8,7,1.0602893903880807e-05,0.0
Ø§Ù„ØºÙŠØ±,1.0600436790668938e-05,39,30,1.0600436790668938e-05,0.0
Ø®Ø¯Ù…Ø§ØªÙ‡Ù…,1.0594041613015143e-05,6,5,1.0594041613015143e-05,0.0
ÙŠØ³ØªØ­ÙˆØ°,1.0590019671993828e-05,7,7,1.0590019671993828e-05,0.0
ÙˆÙ…ØµØ§Ù„Ø­,1.058972753374574e-05,6,3,1.058972753374574e-05,0.0
Ù„Ø§Ù†Ø¶Ù…Ø§Ù…,1.058865846811003e-05,15,3,1.058865846811003e-05,0.0
Ø¨ÙŠØ¨Ø§Ù†,1.0586113947081693e-05,6,3,1.0586113947081693e-05,0.0
ÙˆØ§Ù„Ø§Ø³ØªØ¬Ø§Ø¨Ù‡,1.0585175987517553e-05,7,6,1.0585175987517553e-05,0.0
Ø´Ø±Ø§ÙƒÙ‡,1.0584611180128763e-05,83,56,1.0584611180128763e-05,0.0
Ø§Ù„Ù…Ø¹Ø¯Ù„,1.0580508083639777e-05,42,25,1.0580508083639777e-05,0.0
Ø­Ø¯Ø§,1.057806413968893e-05,11,3,1.057806413968893e-05,0.0
Ø§Ù„ØªØ¬Ø²Ø¦Ù‡,1.057293648488799e-05,70,34,1.057293648488799e-05,0.0
ÙˆÙÙˆØ±Ø§Øª,1.0567914515487198e-05,11,9,1.0567914515487198e-05,0.0
ÙˆØ§Ù„Ø§Ù‚Ù„ÙŠÙ…ÙŠ,1.0565072042008613e-05,7,7,1.0565072042008613e-05,0.0
ÙˆØªØ³Ø±ÙŠØ¹,1.0557507545498835e-05,20,17,1.0557507545498835e-05,0.0
Ù…Ø­Ø¯Ø«Ù‡,1.0554867243066993e-05,100,18,1.0554867243066993e-05,0.0
Ù…Ù„ÙŠØ¦Ø§,1.0541970762721132e-05,4,4,1.0541970762721132e-05,0.0
Ø¯Ø§Ø¦Ø±Ù‡,1.0537056179537158e-05,7,7,1.0537056179537158e-05,0.0
ÙƒØ¯Ø¹Ù…,1.0533910762729933e-05,9,9,1.0533910762729933e-05,0.0
ÙˆÙ…Ø­Ø§ÙØ¸Ø§Øª,1.0532938108174774e-05,12,12,1.0532938108174774e-05,0.0
Ø§ØµØ¯Ø±ØªÙ‡Ø§,1.0532028526805179e-05,41,13,1.0532028526805179e-05,0.0
Ù„Ù„Ø¬Ù…ÙŠØ¹,1.0529960967445221e-05,10,9,1.0529960967445221e-05,0.0
Ù„Ù‡ÙŠØ¦Ù‡,1.052946631451756e-05,45,28,1.052946631451756e-05,0.0
Ø§ÙˆÙ‚Ø§Øª,1.0515503994480697e-05,51,33,1.0515503994480697e-05,0.0
Ø§Ù„Ø­Ø¨ÙˆØ¨,1.0513060774266012e-05,4,3,1.0513060774266012e-05,0.0
Ø§Ù„Ù…ØªÙÙ‚,1.051132635547202e-05,12,11,1.051132635547202e-05,0.0
ÙˆØ§Ø¹ØªÙ…Ø¯,1.0505140315688786e-05,3,3,1.0505140315688786e-05,0.0
ÙŠØªÙˆØ¬Ø¨,1.0493929044969225e-05,4,4,1.0493929044969225e-05,0.0
ØªØ¹Ø§Ù…Ù„Ø§ØªÙ‡Ø§,1.0492482398676335e-05,4,4,1.0492482398676335e-05,0.0
Ù„Ù„ØµÙŠØºÙ‡,1.0489039542594038e-05,9,4,1.0489039542594038e-05,0.0
Ø§Ù„Ø§ØºØ°ÙŠÙ‡,1.0481267283508616e-05,82,31,1.0481267283508616e-05,0.0
Ù„Ù…ØµØ§Ù†Ø¹Ù‡Ø§,1.0474393154198948e-05,8,7,1.0474393154198948e-05,0.0
Ø´Ø±ÙƒØªØ§,1.0462614496386564e-05,41,28,1.0462614496386564e-05,0.0
Ø§Ù„Ù…Ø²Ø§Ø¯Ø§Ù„ØªØºÙŠØ±Ø§Ù„Ø¨Ù„Ø§Ø¯,1.0455398790811731e-05,22,7,1.0455398790811731e-05,0.0
ÙÙŠÙ‡Ù…Ø§,1.045145279999612e-05,4,4,1.045145279999612e-05,0.0
Ù„Ø§Ù†Ø¸Ù…Ù‡,1.0449900193577208e-05,105,20,1.0449900193577208e-05,0.0
Ø§Ù„Ø§Ø³ØªÙƒØ´Ø§ÙÙŠÙ‡,1.044898640077961e-05,3,3,1.044898640077961e-05,0.0
Ø§Ù„Ù…ØªÙ†Ù‚Ù„Ù‡,1.0442595029286425e-05,153,75,1.0442595029286425e-05,0.0
Ø­Ø§ØµÙ„,1.0440875298904009e-05,36,29,1.0440875298904009e-05,0.0
ÙØ±Ù†Ø³Ø§,1.0439755639894397e-05,3,3,1.0439755639894397e-05,0.0
Ø·Ù„Ø¨Ø§Øª,1.0437414659725066e-05,127,77,1.0437414659725066e-05,0.0
Ø§Ù‚ØªØµØ§Ø¯ÙŠØ§,1.0433065322444643e-05,14,10,1.0433065322444643e-05,0.0
ØªØ¶Ù…,1.0432961797772664e-05,110,62,1.0432961797772664e-05,0.0
Ø§Ù„Ø¬Ù…Ø±ÙƒÙŠÙ‡,1.0431321824248773e-05,13,7,1.0431321824248773e-05,0.0
Ø§Ù„ØªÙ…ÙƒÙŠÙ†,1.0428892914607294e-05,10,9,1.0428892914607294e-05,0.0
Ø³Ø±ÙŠØ§Ù†,1.0427804302088478e-05,23,19,1.0427804302088478e-05,0.0
ØªØºÙŠØ±Ø§,1.0423783442611468e-05,63,6,1.0423783442611468e-05,0.0
ÙˆØ±Ø§Ø¡,1.0416792708794046e-05,14,7,1.0416792708794046e-05,0.0
Ø¨ØµÙŠØºÙ‡,1.0413300597812404e-05,9,4,1.0413300597812404e-05,0.0
Ø´Ù‡Ø±Ø§,1.0399959866492995e-05,237,136,1.0399959866492995e-05,0.0
Ø§Ù„Ø¯ÙˆÙ„ÙŠÙŠÙ†,1.0395356806925216e-05,18,12,1.0395356806925216e-05,0.0
Ù…ØªÙƒØ§Ù…Ù„Ø§,1.0394165438410217e-05,5,5,1.0394165438410217e-05,0.0
Ø«Ø§Ù„Ø«ÙŠ,1.039383050252002e-05,11,8,1.039383050252002e-05,0.0
ÙˆÙ…Ø¤Ø´Ø±,1.0384593854078415e-05,12,4,1.0384593854078415e-05,0.0
Ø§Ù„Ù‚ÙˆÙŠÙ‡,1.0382162565179762e-05,35,26,1.0382162565179762e-05,0.0
Ø¨Ø§Ø´Ù†ÙŠÙ†ÙŠ,1.0379984204681954e-05,5,4,1.0379984204681954e-05,0.0
Ø´Ù„,1.0377004563582055e-05,17,9,1.0377004563582055e-05,0.0
ÙˆØ§Ù„Ù…ÙˆØ§ÙÙ‚Ù‡,1.0374950855761852e-05,9,7,1.0374950855761852e-05,0.0
Ø§Ù„Ø®Ø§Ù…Ø³,1.0374247452181729e-05,267,87,1.0374247452181729e-05,0.0
Ø§Ù„ÙØªØ±Ù‡Ø§Ù„Ù‚ÙŠÙ…Ù‡,1.0371666448800661e-05,9,3,1.0371666448800661e-05,0.0
Ø§Ù„Ø§Ø­ØªÙŠØ§Ø¬Ø§Øª,1.0370664081663189e-05,29,19,1.0370664081663189e-05,0.0
ÙˆÙƒØ§Ø³,1.0369612502568987e-05,4,3,1.0369612502568987e-05,0.0
Ø¨Ù…Ù†Ø·Ù‚Ù‡,1.0367170376686101e-05,52,35,1.0367170376686101e-05,0.0
ÙˆØ¹Ù†Ø¯Ù…Ø§,1.0366213666801471e-05,4,3,1.0366213666801471e-05,0.0
ØªÙ‚Ù„Ù„,1.0362731160169263e-05,15,6,1.0362731160169263e-05,0.0
ÙˆÙ…Ø®ØµØµØ§Øª,1.0360682337671471e-05,7,3,1.0360682337671471e-05,0.0
Ø§Ù„Ù…Ø­Ø±Ø²,1.0351065900358661e-05,3,3,1.0351065900358661e-05,0.0
ÙˆØªÙ…Øª,1.0346213628313817e-05,107,20,1.0346213628313817e-05,0.0
ÙŠØ¹Ø·ÙŠÙ‡,1.0342703690676411e-05,7,3,1.0342703690676411e-05,0.0
ÙˆØ§Ù„Ø§Ø¹Ù„Ø§Ù…ÙŠÙŠÙ†,1.0341551694073561e-05,5,3,1.0341551694073561e-05,0.0
ÙˆÙŠØ´Ø§Ø±Ùƒ,1.0337832212726869e-05,5,5,1.0337832212726869e-05,0.0
Ø§Ù„ØªØ­Ù…Ù„,1.0329072860537606e-05,12,4,1.0329072860537606e-05,0.0
Ø±Ø§Ù…ÙˆØ³,1.0328049697918956e-05,9,6,1.0328049697918956e-05,0.0
Ù†ØµØª,1.0326835059236214e-05,10,6,1.0326835059236214e-05,0.0
Ø§Ø¶Ø§ÙÙŠ,1.0320847209408078e-05,22,16,1.0320847209408078e-05,0.0
Ø®Ù„Ù,1.031923406624192e-05,5,4,1.031923406624192e-05,0.0
Ø·Ù„Ø¨Ø§,1.0316543543129535e-05,6,5,1.0316543543129535e-05,0.0
Ø¨Ù†Ø´Ø±,1.0310544713141166e-05,37,12,1.0310544713141166e-05,0.0
ØªØ¹Ø¯Ù„,1.030706855308561e-05,4,4,1.030706855308561e-05,0.0
Ø§Ù„Ø§Ù†Ø¬Ø§Ø²,1.0294541168614719e-05,58,37,1.0294541168614719e-05,0.0
Ø¨Ø§Ø¹Øª,1.0293877276958695e-05,10,4,1.0293877276958695e-05,0.0
Ø±Ø¨ÙŠØ¹,1.0293284090607184e-05,26,15,1.0293284090607184e-05,0.0
ÙˆØ¹Ù„Ù‚Øª,1.029169851574783e-05,10,7,1.029169851574783e-05,0.0
ØªØ­ØªØ§Ø¬Ù‡Ø§,1.0288483287199037e-05,3,3,1.0288483287199037e-05,0.0
Ø§Ù„Ø­Ø¯ÙŠØ¯ÙŠÙ‡,1.0287998690863165e-05,59,18,1.0287998690863165e-05,0.0
Ø´ÙŠÙ‚Ù…ÙˆØ±ÙŠ,1.028701383910009e-05,7,4,1.028701383910009e-05,0.0
Ø§Ù„ØªÙŠØ³ÙŠØ±,1.0283636532697217e-05,11,6,1.0283636532697217e-05,0.0
Ø¨ØªØ´ØºÙŠÙ„,1.0281277873937986e-05,10,6,1.0281277873937986e-05,0.0
Ù„Ù†Ø§,1.0280744575476305e-05,17,16,1.0280744575476305e-05,0.0
Ù†Ø§Ø¦ÙŠÙ‡,1.0279620072900899e-05,3,3,1.0279620072900899e-05,0.0
Ø§Ù„Ø¨Ù†Ø¯,1.0275631064041544e-05,37,22,1.0275631064041544e-05,0.0
Ø§Ù„Ø¨Ù†ÙƒÙŠÙ‡,1.026847614665946e-05,158,59,1.026847614665946e-05,0.0
Ø§Ù„Ù…ÙƒØ±Ø±Ù‡,1.0262006550095746e-05,63,25,1.0262006550095746e-05,0.0
ØªÙ„ÙŠÙ‡Ø§,1.0257724728461244e-05,18,8,1.0257724728461244e-05,0.0
Ø§Ù„Ù…Ø±ÙÙ‚Ø§Øª,1.0256348084722712e-05,6,4,1.0256348084722712e-05,0.0
Ø§Ù„Ø«Ø§Ù„Ø«ØµØ§ÙÙŠ,1.0248882554031107e-05,6,6,1.0248882554031107e-05,0.0
Ø¯ÙˆÙ„Ø§Ø±ÙŠÙ‡,1.0238340857501063e-05,7,5,1.0238340857501063e-05,0.0
Ø§Ù„Ù…ÙƒØ±Ù…Ù‡,1.0230123560421723e-05,243,62,1.0230123560421723e-05,0.0
Ù„Ø­Ø¬Ø§Ø¬,1.0225521058427595e-05,7,4,1.0225521058427595e-05,0.0
Ø®Ø§Ø±Ø¬Ù‡Ø§,1.0223258069889255e-05,8,8,1.0223258069889255e-05,0.0
Ø­Ø¯ÙŠØ«Ø§,1.0220965756715205e-05,30,16,1.0220965756715205e-05,0.0
Ø§Ù„Ø§Ø¹Ù„Ø§Ù†Ù†Ø¸Ù…Øª,1.0219926161172606e-05,14,14,1.0219926161172606e-05,0.0
Ø·ÙŠÙ„Ù‡,1.0203170048895502e-05,15,11,1.0203170048895502e-05,0.0
ÙˆÙ…Ø³ØªØ¯Ø§Ù…,1.0197677217602443e-05,5,4,1.0197677217602443e-05,0.0
ÙˆØ¹Ù…Ù„Ø§Ø¡,1.0191966285934459e-05,12,10,1.0191966285934459e-05,0.0
ØªØ·Ø±Ø­,1.019179394050824e-05,12,11,1.019179394050824e-05,0.0
Ø§Ù„Ø§Ù‚ÙˆÙŠ,1.0189267450917475e-05,4,3,1.0189267450917475e-05,0.0
ÙˆØ§Ù„ØªØµÙ†ÙŠØ¹,1.0185785072979224e-05,293,88,1.0185785072979224e-05,0.0
Ù„Ø®Ø·ÙˆØ·,1.0173532952449671e-05,4,3,1.0173532952449671e-05,0.0
Ù…Ø³Ø¤ÙˆÙ„ÙŠÙ†,1.0170459748201732e-05,6,4,1.0170459748201732e-05,0.0
Ø³Ø¨ÙƒÙŠÙ…,1.0167775160224547e-05,2384,371,1.0167775160224547e-05,0.0
ÙˆØªÙ†Ù…ÙŠØªÙ‡Ø§,1.0158646930567454e-05,7,5,1.0158646930567454e-05,0.0
Ù…Ø±Ø¬Ø¹Ø§,1.0148018588312015e-05,6,3,1.0148018588312015e-05,0.0
Ø§Ø¯Ø§Ø±ØªÙŠ,1.0139280845431094e-05,15,3,1.0139280845431094e-05,0.0
Ù„Ù„Ø¨Ø±Ù†Ø§Ù…Ø¬,1.0138463698364332e-05,42,13,1.0138463698364332e-05,0.0
Ù„Ù„Ø¨Ù„Ø§Ø³ØªÙŠÙƒÙŠØ§Øª,1.0128955346072493e-05,4,4,1.0128955346072493e-05,0.0
Ø§Ù„Ø§Ø³ØªØ±Ø§ØªÙŠØ¬ÙŠØªÙŠÙ†,1.0128955346072493e-05,4,4,1.0128955346072493e-05,0.0
Ù…Ø®Ø±Ø¬,1.0113418139167896e-05,4,3,1.0113418139167896e-05,0.0
Ø§Ù„Ø¹Ø¯Ø¯,1.0110270278880053e-05,36,21,1.0110270278880053e-05,0.0
Ø¨Ø§Ù„Ø§Ø¨ØªÙƒØ§Ø±,1.0102016642804706e-05,7,6,1.0102016642804706e-05,0.0
Ù„Ù…Ø¤Ø³Ø³Ø§Øª,1.0099937297666627e-05,3,3,1.0099937297666627e-05,0.0
Ø§Ù„Ø´ÙƒØ§ÙˆÙŠ,1.0093009409436397e-05,92,32,1.0093009409436397e-05,0.0
Ù…ØªØ³Ø§Ø±Ø¹,1.0091591361124439e-05,5,5,1.0091591361124439e-05,0.0
ÙŠØ³Ø±,1.0090374077237255e-05,52,44,1.0090374077237255e-05,0.0
Ø§Ù„Ø§Ø±ÙƒØ§Ù†Ø§Ø¹Ù…Ø§Ø±,1.008940137502163e-05,127,13,1.008940137502163e-05,0.0
Ø§Ù„ÙØ±Ù†Ø³ÙŠØ¨ÙˆØ¨Ø§,1.008940137502163e-05,127,13,1.008940137502163e-05,0.0
Ø§Ù„Ø§Ù‚ØªØµØ§Ø¯ÙŠÙ‡Ù…ÙˆØ¨Ø§ÙŠÙ„ÙŠØ¬Ø±ÙŠØ±Ø§Ù„Ø§Ù‡Ù„ÙŠ,1.008940137502163e-05,127,13,1.008940137502163e-05,0.0
Ø§Ù„Ø§Ù†Ù…Ø§Ø¡Ø§Ù„Ù…Ø±Ø§Ø¹ÙŠØ¨Ù†Ùƒ,1.008940137502163e-05,127,13,1.008940137502163e-05,0.0
Ù„Ù„ØªØ§Ù…ÙŠÙ†Ø§Ù„ØªØ¹Ø§ÙˆÙ†ÙŠÙ‡,1.008940137502163e-05,127,13,1.008940137502163e-05,0.0
Ù„Ù„ØªØ§Ù…ÙŠÙ†Ø¯Ø§Ø±,1.008940137502163e-05,127,13,1.008940137502163e-05,0.0
Ù…Ù„Ø­ÙˆØ¸Ø§,1.0082879998619663e-05,17,10,1.0082879998619663e-05,0.0
Ø¨Ø§Ø¨Ø§,1.0076362619007727e-05,11,3,1.0076362619007727e-05,0.0
Ø§Ù„Ù…Ø§Ù„ÙŠÙ‡Ø³Ø¹Ø±,1.0074031623043116e-05,13,13,1.0074031623043116e-05,0.0
Ø¯Ø§Ø¹Ù…,1.0063498691411992e-05,18,10,1.0063498691411992e-05,0.0
ØªÙ†ÙÙŠØ°ÙŠ,1.0062914108298925e-05,183,62,1.0062914108298925e-05,0.0
Ù‚Ø¯Ù…,1.0056822760798739e-05,39,28,1.0056822760798739e-05,0.0
Ø§Ø³Ø§Ù…Ù‡,1.0043172707668869e-05,14,10,1.0043172707668869e-05,0.0
Ø§Ù„ØµØ­Ø±Ø§Ø¡,1.0038852389822479e-05,635,145,1.0038852389822479e-05,0.0
Ù…Ø³ØªÙ‚Ù„ÙŠÙ†,1.003827998186425e-05,8,7,1.003827998186425e-05,0.0
Ø§Ø±Ø³Ø§Ø¡,1.003740662599474e-05,3,3,1.003740662599474e-05,0.0
Ù„Ù„Ù…Ø­Ø·Ù‡,1.0018728174482212e-05,7,6,1.0018728174482212e-05,0.0
Ø¨Ø§ÙŠÙ‚Ø§Ù,1.0016599808820012e-05,15,13,1.0016599808820012e-05,0.0
ÙˆØ§Ø¹ØªØ°Ø±,1.0014033170218189e-05,8,8,1.0014033170218189e-05,0.0
Ø­Ø±ÙŠØµÙ‡,1.0011170994825602e-05,6,6,1.0011170994825602e-05,0.0
Ø¨Ø§Ø±Ø¨Ø§Ø­Ù‡Ø§,1.0007792922379185e-05,22,6,1.0007792922379185e-05,0.0
Ø§Ø³ÙŠØ¬,9.993094861076746e-06,316,121,9.993094861076746e-06,0.0
Ø³Ø¬Ù„ØªÙ‡Ø§,9.98933981007874e-06,15,6,9.98933981007874e-06,0.0
Ø§Ù„Ø¨Ø§Ù‚Ù‡,9.986573074553519e-06,4,4,9.986573074553519e-06,0.0
Ù†ÙÙ‚Ø§Øª,9.984599833286419e-06,13,12,9.984599833286419e-06,0.0
Ø­Ø¶ÙˆØ±ÙŠØ§,9.982580573984394e-06,19,16,9.982580573984394e-06,0.0
ØªØ§ÙƒÙŠØ¯,9.979158443170307e-06,28,19,9.979158443170307e-06,0.0
Ù…ÙˆØ¸ÙØ§,9.976342367700861e-06,140,29,9.976342367700861e-06,0.0
Ø¨Ø´Ø§Ø±Ø¹,9.973257591201842e-06,12,10,9.973257591201842e-06,0.0
Ø§Ù„Ø®Ø·ÙˆØ·,9.97261655172943e-06,76,32,9.97261655172943e-06,0.0
Ø§Ù„Ù…Ø²Ø§Ø¯Ø§Ù„ØªØºÙŠØ±ÙˆÙ‚Øª,9.967483942612022e-06,18,8,9.967483942612022e-06,0.0
Ø§Ø¬Ø§Ø²ØªÙŠ,9.966344033535807e-06,102,3,9.966344033535807e-06,0.0
ÙˆØ§Ù„ÙƒÙØ§Ø¡Ø§Øª,9.965719854662695e-06,8,8,9.965719854662695e-06,0.0
Ø²ÙŠØ§Ø¯,9.96069029248736e-06,50,34,9.96069029248736e-06,0.0
Ø§Ù„ØªÙƒØ±ÙŠØ±,9.96066946075714e-06,43,26,9.96066946075714e-06,0.0
ÙØ§Ù†Ù†Ø§,9.960565393569783e-06,6,6,9.960565393569783e-06,0.0
Ø§Ù„Ø±ÙŠØ§Ø¯Ù‡,9.953328038721891e-06,25,20,9.953328038721891e-06,0.0
Ù„Ø¯ÙˆØ±Ù‡,9.951093031361686e-06,16,12,9.951093031361686e-06,0.0
ØªØ³ØªÙ‚Ø¨Ù„,9.941467398619334e-06,5,5,9.941467398619334e-06,0.0
Ù„Ù„ÙˆÙ„Ø§ÙŠØ§Øª,9.93709699448946e-06,4,3,9.93709699448946e-06,0.0
Ø§Ù„ØªØµØ­Ø±,9.927626358730136e-06,3,3,9.927626358730136e-06,0.0
Ù„Ù„Ø§Ø­ØµØ§Ø¡,9.924155670502634e-06,4,3,9.924155670502634e-06,0.0
Ù…Ø«Ø§Ù„Ø§,9.920419923697965e-06,4,4,9.920419923697965e-06,0.0
Ø§Ù„Ø§Ø¨ØªÙƒØ§Ø±Ø§Øª,9.917912389333725e-06,14,11,9.917912389333725e-06,0.0
Ø§Ù„Ø­Ø±Ø¨ÙŠ,9.917710505864086e-06,34,13,9.917710505864086e-06,0.0
Ù„Ù„Ù…ÙˆØ§ÙÙ‚Ù‡,9.914483576898138e-06,23,13,9.914483576898138e-06,0.0
Ù‡ÙŠØ«Ù…,9.910986462713263e-06,10,10,9.910986462713263e-06,0.0
Ø¨Ø§Ù„Ø§Ø·Ù„Ø§Ø¹,9.907380882097322e-06,5,3,9.907380882097322e-06,0.0
Ø§Ù„Ø§Ø³Ø¨ÙˆØ¹ÙŠ,9.905324789931057e-06,118,19,9.905324789931057e-06,0.0
Ø´ÙƒÙ„,9.904822251540576e-06,36,20,9.904822251540576e-06,0.0
ØªØ¹Ø§Ù„ÙŠ,9.894039906346538e-06,56,51,9.894039906346538e-06,0.0
ÙˆØ§Ø¹Ù„Ù†,9.893730518543293e-06,15,14,9.893730518543293e-06,0.0
ÙˆØªØ±ÙØ¹,9.892662948095469e-06,22,20,9.892662948095469e-06,0.0
ØµØ¯Ù,9.889601806407337e-06,24,8,9.889601806407337e-06,0.0
Ù„Ù„Ø­Ø¶ÙˆØ±,9.88626558000639e-06,5,4,9.88626558000639e-06,0.0
ÙˆØ§ÙŠØ¬Ø§Ø¯,9.87272086845685e-06,29,26,9.87272086845685e-06,0.0
ÙˆØªÙ‚Ù†ÙŠØ§Øª,9.869660482263953e-06,19,17,9.869660482263953e-06,0.0
Ø¨Ø¶Ø®,9.86853715821751e-06,16,7,9.86853715821751e-06,0.0
Ø§Ù„Ø­Ø³Ø¨Ø§Ù†,9.865111269424712e-06,5,3,9.865111269424712e-06,0.0
ØªØ¯Ø§ÙˆÙ„,9.86507805394043e-06,5629,809,9.86507805394043e-06,0.0
ØªØºØ·ÙŠ,9.862817032332621e-06,10,10,9.862817032332621e-06,0.0
Ù…Ø¬Ø¯ÙˆÙ„Ù‡,9.860310982719782e-06,9,7,9.860310982719782e-06,0.0
ØªÙ‚Ø¯ÙŠØ±,9.850350579179147e-06,26,14,9.850350579179147e-06,0.0
ÙƒÙ…Ø§Ø¯Ù‡,9.828178578993095e-06,3,3,9.828178578993095e-06,0.0
Ø¶Ø±ÙˆØ±ÙŠØ§,9.826577826776096e-06,9,4,9.826577826776096e-06,0.0
Ù„Ø¬Ù‡ÙˆØ¯,9.822672191120127e-06,26,19,9.822672191120127e-06,0.0
Ø¨ÙŠÙ†Ù‡Ù…Ø§,9.820217124244766e-06,73,40,9.820217124244766e-06,0.0
Ø§Ù„Ø³ÙƒØ±,9.820190549693741e-06,18,6,9.820190549693741e-06,0.0
Ø¨Ø·Ø¨ÙŠØ¹Ù‡,9.809128440579834e-06,3,3,9.809128440579834e-06,0.0
SABIC,9.807931351708677e-06,5,4,9.807931351708677e-06,0.0
Ø¨Ø¬Ø§Ù†Ø¨,9.80466126655535e-06,28,22,9.80466126655535e-06,0.0
Ø§Ù„Ù…Ù†Ø·Ù‚Ù‡,9.80241348985125e-06,344,146,9.80241348985125e-06,0.0
Ù…Ø³ØªÙ†Ø¯Ø§Øª,9.8005929429349e-06,15,7,9.8005929429349e-06,0.0
Ø§Ù„ØµÙˆØªÙŠÙ‡,9.799834816133448e-06,33,16,9.799834816133448e-06,0.0
Ø¨Ø¬Ø§Ø¦Ø²Ù‡,9.795979663289171e-06,7,7,9.795979663289171e-06,0.0
ÙˆØ§Ù„ØªÙ…ÙŠØ²,9.795065948573392e-06,9,8,9.795065948573392e-06,0.0
Ù„Ù„Ù…Ø¤Ø´Ø±,9.793331358325741e-06,200,27,9.793331358325741e-06,0.0
ÙˆØµÙ„Øª,9.784517414866376e-06,61,45,9.784517414866376e-06,0.0
ÙˆØªÙ‚Ø¯ÙŠØ±,9.780316163050595e-06,5,3,9.780316163050595e-06,0.0
Ø§Ù„Ø§ÙØ±ÙŠÙ‚ÙŠ,9.780217757774851e-06,3,3,9.780217757774851e-06,0.0
Ø§Ù„ØºÙÙŠÙ„ÙŠ,9.773826269146973e-06,10,4,9.773826269146973e-06,0.0
Ù„ÙƒØ§ÙÙ‡,9.771477491665846e-06,73,44,9.771477491665846e-06,0.0
Ø¨Ù…Ø´ÙŠØ¦Ù‡,9.771275666684228e-06,66,64,9.771275666684228e-06,0.0
Ù„Ù…Ø³ØªÙ‚Ø¨Ù„,9.767306142234898e-06,12,12,9.767306142234898e-06,0.0
ÙÙ†ÙŠØ§,9.761738787899999e-06,3,3,9.761738787899999e-06,0.0
Ø§Ù„Ù…Ø¹Ø·ÙŠØ§Øª,9.758147054135996e-06,7,6,9.758147054135996e-06,0.0
Bm,9.756698930885976e-06,3,3,9.756698930885976e-06,0.0
Ù‡ÙˆÙŠØªÙ‡Ù…,9.756698930885976e-06,3,3,9.756698930885976e-06,0.0
Ø§Ù„Ø·Ø§Ø¨Ù‚,9.756698930885976e-06,3,3,9.756698930885976e-06,0.0
Arhiyj,9.756698930885976e-06,3,3,9.756698930885976e-06,0.0
Ù…ÙˆÙƒÙ„ÙŠÙ‡Ù…,9.756698930885976e-06,3,3,9.756698930885976e-06,0.0
Ù„Ù„Ù…ÙˆÙƒÙ„ÙŠÙ†,9.756698930885976e-06,3,3,9.756698930885976e-06,0.0
Ø§Ù„Ø²Ø¬Ø§Ø¬ÙŠÙ‡,9.755793963071784e-06,7,3,9.755793963071784e-06,0.0
ÙˆØ§Ù„Ù„Ù‡,9.753334495920674e-06,25,25,9.753334495920674e-06,0.0
ØªØ·Ø±Ø§,9.75191106458306e-06,7,3,9.75191106458306e-06,0.0
Ù„Ø®Ø·Ù‡,9.75008129283675e-06,5,3,9.75008129283675e-06,0.0
Ø§Ù„ØªÙŠ,9.74707061079714e-06,8308,907,9.74707061079714e-06,0.0
ÙˆØ¹Ù„Ù‚,9.742134083715742e-06,4,3,9.742134083715742e-06,0.0
Ù„Ø±Ø¤ÙŠÙ‡,9.740995379409683e-06,41,34,9.740995379409683e-06,0.0
Ø§ÙƒØ¯Øª,9.739262502608666e-06,106,70,9.739262502608666e-06,0.0
Ø§Ù„Ø­ØµØ±ÙŠ,9.737496569331439e-06,7,5,9.737496569331439e-06,0.0
ÙˆÙ‚ÙŠØ§Ø¯ØªÙ‡,9.733770749966454e-06,3,3,9.733770749966454e-06,0.0
Ù‚ÙŠØ§Ø³ÙŠØ§,9.729557700357634e-06,16,11,9.729557700357634e-06,0.0
Ø³Ù„Ø§Ù…,9.725140212407181e-06,13,9,9.725140212407181e-06,0.0
Ø§Ø±Ù†ÙˆÙ†,9.723594500956147e-06,24,4,9.723594500956147e-06,0.0
ÙˆØ±Ø¹Ø§ÙŠØªÙ‡Ø§,9.722117085179347e-06,4,4,9.722117085179347e-06,0.0
Ø¨Ø§Ù„Ø§Ø¹ØªØ¨Ø§Ø±,9.711907855693209e-06,18,10,9.711907855693209e-06,0.0
ÙˆØ´Ø±ÙƒØ§Ø¦Ù‡Ø§,9.711641552379381e-06,6,6,9.711641552379381e-06,0.0
Ø³ØªÙ„ØºÙŠ,9.708492050700407e-06,8,3,9.708492050700407e-06,0.0
Ù„Ù…ÙˆØ¸ÙÙŠ,9.703745545804482e-06,27,13,9.703745545804482e-06,0.0
Ù„ØªÙØ§Ø¯ÙŠ,9.696107746391556e-06,14,10,9.696107746391556e-06,0.0
Ø§Ù„Ù‚Ø§Ø¨Ø¶Ù‡ØªÙƒØ§ÙÙ„,9.695850086060807e-06,117,12,9.695850086060807e-06,0.0
Ø¨Ù†ÙŠÙ‡,9.69459091525764e-06,22,17,9.69459091525764e-06,0.0
Ø§Ù„Ø±ÙŠØ§Ø¯ÙŠ,9.688405450175183e-06,27,22,9.688405450175183e-06,0.0
Ù„Ù…ÙƒØ§ÙØ­Ù‡,9.685833688806776e-06,32,16,9.685833688806776e-06,0.0
Ø³ØªÙ†Ø¹ÙƒØ³,9.677743493211203e-06,32,15,9.677743493211203e-06,0.0
Ø§Ù„Ø¹Ù‚Ø¯ÙŠÙ†,9.677239725267158e-06,11,5,9.677239725267158e-06,0.0
Ø§Ø·Ø±Ø§Ù,9.673510391432042e-06,53,46,9.673510391432042e-06,0.0
Ù…Ù†Ø§ÙØ³ÙŠÙ†,9.67325435598189e-06,5,5,9.67325435598189e-06,0.0
Ø¯ÙˆÙ„ÙŠ,9.66565645449812e-06,19,13,9.66565645449812e-06,0.0
Ø³Ø§Ø±ÙŠÙ‡,9.663698400542643e-06,15,8,9.663698400542643e-06,0.0
ÙˆÙƒÙØ§Ø¡Ù‡,9.652675401504196e-06,56,41,9.652675401504196e-06,0.0
Ø§Ø¶Ø§ÙØªÙ‡,9.651286336906257e-06,6,3,9.651286336906257e-06,0.0
Ø§Ù„Ø®ØµÙˆØµ,9.643789026282249e-06,34,29,9.643789026282249e-06,0.0
ÙˆØ³Ù‡ÙˆÙ„Ù‡,9.642970036859428e-06,18,15,9.642970036859428e-06,0.0
Ø±ÙŠØ§Ù„Ø§Ù„ØªØºÙŠØ±Ø³Ø§Ø¨Ù‚Ù‡Ø­Ø§Ù„ÙŠÙ‡Ø§Ù„Ø­Ø§Ù„ÙŠØ§Ù„Ù…Ø³ØªÙ‡Ø¯Ù,9.641909502142684e-06,3,3,9.641909502142684e-06,0.0
ØªØªØ®Ø°,9.64141565151634e-06,8,8,9.64141565151634e-06,0.0
ÙˆØ¯ÙŠØ¹Ù‡,9.633658484776806e-06,14,9,9.633658484776806e-06,0.0
Ù…Ø¯Ù‚Ù‚Ù‡,9.631241108133496e-06,11,5,9.631241108133496e-06,0.0
Ø§Ù„Ù…Ø¤Ù‚ØªÙ‡,9.622046467079098e-06,6,5,9.622046467079098e-06,0.0
Ù„Ù„Ø¯Ø±Ø§Ø³Ø§Øª,9.61845921304613e-06,8,4,9.61845921304613e-06,0.0
Ø§Ù„Ø²Ø±Ø§Ø¹ÙŠÙ‡Ù…Ø¹Ø§Ø¯Ù†Ø³Ø§Ø¨Ø§Ø³Ù…Ù†Øª,9.617407273831484e-06,68,7,9.617407273831484e-06,0.0
ÙƒÙˆÙ†Ù‡,9.614676920723374e-06,23,17,9.614676920723374e-06,0.0
Ø§Ù„Ø³Ù…Ù‡,9.611778419191449e-06,26,5,9.611778419191449e-06,0.0
Ø§Ù„Ø§Ø³Ø¦Ù„Ù‡,9.608497808550192e-06,12,10,9.608497808550192e-06,0.0
Ù„Ù‚Ø§Ø¹Ø¯Ù‡,9.604357378641166e-06,10,10,9.604357378641166e-06,0.0
Ù…ÙÙŠØ¯Ø§,9.603602473816447e-06,13,10,9.603602473816447e-06,0.0
Ø§Ù„ØªØ¬Ø§Ø±Ø¨,9.603496390375242e-06,15,12,9.603496390375242e-06,0.0
ÙˆÙ…ÙˆØ¸ÙÙŠÙ‡Ø§,9.59625305502617e-06,7,7,9.59625305502617e-06,0.0
Ø§Ù„Ù†ÙˆØ±,9.58719802991155e-06,3,3,9.58719802991155e-06,0.0
ÙˆØ§Ù„Ù…Ø®ØµØµÙ‡,9.587099886706636e-06,3,3,9.587099886706636e-06,0.0
Ø§Ù„Ø´Ø±ÙƒÙ‡Ø¹Ø¯Ø¯,9.586494101960403e-06,12,4,9.586494101960403e-06,0.0
Ù„Ù„Ø§Ø¬Ù‡Ø²Ù‡,9.585668450280078e-06,9,7,9.585668450280078e-06,0.0
ÙˆØ¬Ù…ÙŠØ¹Ù‡Ù…,9.578598279592443e-06,4,4,9.578598279592443e-06,0.0
Ø§Ù„Ù…ÙÙ‡ÙˆÙ…,9.557620498356294e-06,4,3,9.557620498356294e-06,0.0
Ø§Ù„Ù…Ø¯Ø±Ø¨Ù‡,9.55578989748473e-06,6,6,9.55578989748473e-06,0.0
Ø¨Ø§Ù„Ù…Ø´Ø§Ø±ÙƒÙ‡,9.552415232172887e-06,14,11,9.552415232172887e-06,0.0
Ù„Ø«Ù„Ø§Ø«Ù‡,9.552224425113846e-06,9,5,9.552224425113846e-06,0.0
ÙÙÙŠ,9.55052553131838e-06,16,10,9.55052553131838e-06,0.0
Ø§Ù„Ø§Ø®ØªØ¨Ø§Ø±Ø§Øª,9.546397193908534e-06,10,7,9.546397193908534e-06,0.0
arabic,9.545846699396553e-06,3,3,9.545846699396553e-06,0.0
wcm,9.545846699396553e-06,3,3,9.545846699396553e-06,0.0
connect,9.545846699396553e-06,3,3,9.545846699396553e-06,0.0
wps,9.545846699396553e-06,3,3,9.545846699396553e-06,0.0
Ù„ØªÙˆØ²ÙŠØ¹,9.54551290831501e-06,14,14,9.54551290831501e-06,0.0
Ù„Ù…Ø¹Ø¯Ù„,9.545197452083239e-06,3,3,9.545197452083239e-06,0.0
ÙˆØ§Ù„Ù…ØªØºÙŠØ±Ø§Øª,9.540904474993825e-06,3,3,9.540904474993825e-06,0.0
Ø¨ÙˆØªÙŠÙ„,9.539805719929496e-06,11,8,9.539805719929496e-06,0.0
Ø§Ù„ØªÙ†Ø¸ÙŠÙ…,9.539714797909659e-06,10,7,9.539714797909659e-06,0.0
Ø³Ø§Ù„Ù…,9.539659476695542e-06,23,18,9.539659476695542e-06,0.0
ÙˆÙŠØ´ØºÙ„,9.539512705227108e-06,19,14,9.539512705227108e-06,0.0
ÙˆØµØ§ÙÙŠ,9.53410230782518e-06,151,66,9.53410230782518e-06,0.0
ÙˆØ§Ù„Ù…Ø±ÙˆÙ†Ù‡,9.53334296215675e-06,7,6,9.53334296215675e-06,0.0
Ù„Ù„Ø´Ø¤ÙˆÙ†,9.530416855794622e-06,16,11,9.530416855794622e-06,0.0
Ø§Ù†Ù‡Ø§Ø¡,9.528899794104127e-06,54,16,9.528899794104127e-06,0.0
ÙˆØ§Ø³ØªØ¹Ø±Ø¶,9.516464250337643e-06,14,13,9.516464250337643e-06,0.0
Ø¨ÙØ±Ø¹,9.511557224754282e-06,10,4,9.511557224754282e-06,0.0
Ø§Ù„Ù…Ø§Ù„Ø±Ø§Ø³,9.508847715569043e-06,16,16,9.508847715569043e-06,0.0
ÙˆÙ…Ù†ØªØ¬Ø§Øª,9.507945300597852e-06,42,34,9.507945300597852e-06,0.0
Ø³ÙŠØ³ØªÙ…Ø±,9.502518695911141e-06,19,13,9.502518695911141e-06,0.0
ØºØ¯Ø§,9.494742902789935e-06,39,18,9.494742902789935e-06,0.0
ÙˆÙ…Ø±Ø§ÙÙ‚,9.494107995161219e-06,9,7,9.494107995161219e-06,0.0
Ø§Ù„ØªØ§Ø¬ÙŠØ±,9.493621045743075e-06,12,3,9.493621045743075e-06,0.0
Ù„Ù„Ø¬Ù‡Ø§Ù„Ù‡,9.485755081864322e-06,14,8,9.485755081864322e-06,0.0
Ø§Ù„Ø®ÙŠØ±,9.485569436605013e-06,57,28,9.485569436605013e-06,0.0
ÙˆÙ„Ø¬Ù†Ù‡,9.483872017215046e-06,7,6,9.483872017215046e-06,0.0
ÙÙ‡Ùˆ,9.477927526804659e-06,19,14,9.477927526804659e-06,0.0
ÙˆØ§Ù„Ø³Ù„Ø§Ù…Ù‡,9.476287180599981e-06,53,30,9.476287180599981e-06,0.0
Ø³Ù…ØªÙ‡Ø§,9.460871385861988e-06,6,3,9.460871385861988e-06,0.0
Ø§Ù†Ø¯ÙŠØ§,9.458352112042704e-06,24,5,9.458352112042704e-06,0.0
Ø§Ù„Ù†Ø·Ø§Ù‚Ø§Øª,9.456569172173135e-06,14,7,9.456569172173135e-06,0.0
Ø§Ù„Ø§Ø¬Ù…Ø§Ù„ÙŠØ§Ù„Ø±Ø§Ø¬Ø­ÙŠ,9.456287747919083e-06,15,5,9.456287747919083e-06,0.0
Ø¨Ø§Ù„Ø¨Ù†Ùƒ,9.453746417416562e-06,61,35,9.453746417416562e-06,0.0
Ø§Ù„ØªÙ…ÙˆÙŠÙ„ÙŠ,9.451993742430883e-06,59,24,9.451993742430883e-06,0.0
ÙˆÙŠØ±Ø§Ø¹ÙŠ,9.451562494517217e-06,7,4,9.451562494517217e-06,0.0
Ø§Ù„Ù…Ù„Ù,9.447953513469136e-06,6,3,9.447953513469136e-06,0.0
Ø­ØµÙˆÙ„,9.443836501376312e-06,35,27,9.443836501376312e-06,0.0
Ø§Ù„Ù…Ù„ÙƒÙŠÙ‡,9.434858052846748e-06,228,91,9.434858052846748e-06,0.0
ÙˆØªØ¨Ø§ÙŠÙ†,9.43338833837883e-06,8,4,9.43338833837883e-06,0.0
Ù„Ù„Ø§Ø¹Ù„Ø§Ù,9.425794316334667e-06,10,6,9.425794316334667e-06,0.0
Ø¨Ø¬ÙˆØ¯Ù‡,9.425767365011234e-06,31,23,9.425767365011234e-06,0.0
Ø§Ù„Ù†Ø´Ø¡,9.425482248605741e-06,4,4,9.425482248605741e-06,0.0
ÙˆØ·Ù†Ù†Ø§,9.422227313214508e-06,7,7,9.422227313214508e-06,0.0
ÙˆØ®Ø§Ø±Ø¬Ù‡Ø§,9.421232439883498e-06,81,60,9.421232439883498e-06,0.0
ÙŠÙˆØ§Ø¬Ù‡,9.415167633087489e-06,6,4,9.415167633087489e-06,0.0
ÙˆØ§Ù„Ø¹Ø±ÙˆØ¶,9.405082921325746e-06,15,10,9.405082921325746e-06,0.0
Ø§Ù„Ù…Ø²Ø§Ø¯Ø§Ù„ØªØºÙŠØ±Ø§Ù„ØªØ§Ù…ÙŠÙ†,9.402937977070942e-06,35,16,9.402937977070942e-06,0.0
Ø§Ù„ÙŠÙˆÙ…,9.392647081099431e-06,5904,941,9.392647081099431e-06,0.0
Ø§Ù„Ù…Ø¹Ø±ÙÙ‡,9.391928818126905e-06,330,116,9.391928818126905e-06,0.0
ØªÙ…ÙƒÙ†Ù‡Ù…,9.390798512044228e-06,3,3,9.390798512044228e-06,0.0
ÙˆØªØªØ®Ø°,9.383600012759356e-06,6,3,9.383600012759356e-06,0.0
Ù…ÙƒØ§Ù„Ù…Ù‡,9.383340719536311e-06,11,9,9.383340719536311e-06,0.0
ÙˆØ´Ø¨Ù‡,9.382414269527227e-06,42,19,9.382414269527227e-06,0.0
Ø³ØªØ¤Ø«Ø±,9.379333494662895e-06,8,7,9.379333494662895e-06,0.0
Ø§Ù„ØªØ´ØºÙŠÙ„ÙŠ,9.376591585377588e-06,173,114,9.376591585377588e-06,0.0
Ø¹Ø¯Ø§Ø¯Ø§,9.363930207098807e-06,3,3,9.363930207098807e-06,0.0
Ø¹Ø§Ù„Ù…ÙŠÙ‡,9.357904229873698e-06,107,72,9.357904229873698e-06,0.0
Ù…ØªÙˆØ§ØµÙ„Ù‡,9.355564828580716e-06,6,5,9.355564828580716e-06,0.0
Ø¨Ù…ÙÙ‡ÙˆÙ…,9.35460488990572e-06,4,4,9.35460488990572e-06,0.0
Ù„Ù„ØµØ­Ø§ÙÙ‡,9.352466379455732e-06,3,3,9.352466379455732e-06,0.0
Ù…Ø¶ÙŠÙÙ‡,9.348731289048117e-06,65,44,9.348731289048117e-06,0.0
Ø§Ù„ØªØ§Ø±ÙŠØ®Ø´Ø±ÙƒÙ‡,9.346694836015158e-06,11,11,9.346694836015158e-06,0.0
SH,9.340245749067367e-06,8,6,9.340245749067367e-06,0.0
Ø§Ù„ÙƒÙ‡Ø±Ø¨Ø§Ø¦ÙŠ,9.33842521512894e-06,70,36,9.33842521512894e-06,0.0
Ù„Ù„Ù…Ù†ØªØ¬Ø§Øª,9.334631972951657e-06,93,54,9.334631972951657e-06,0.0
ØªØ¬Ø§ÙˆØ²,9.331308153455424e-06,46,31,9.331308153455424e-06,0.0
Ø§Ù„Ù…Ù‡Ø§Ø´ÙŠØ±,9.326702845418874e-06,27,9,9.326702845418874e-06,0.0
ÙˆÙŠØ³Ø§Ù‡Ù…,9.311099689158552e-06,6,4,9.311099689158552e-06,0.0
Ø§Ù„Ø¹Ø§Ù„Ù…ÙŠÙ‡,9.310685131663626e-06,2656,571,9.310685131663626e-06,0.0
ÙˆØ§Ø¹Ù„Ø§Ù†,9.307529819367534e-06,7,5,9.307529819367534e-06,0.0
Ù…Ø´Ø¯Ø¯Ø§,9.307385842882893e-06,23,18,9.307385842882893e-06,0.0
Ø§Ù„Ù…Ù†Ø´ÙˆØ¯,9.30410335861249e-06,5,5,9.30410335861249e-06,0.0
Ù„ØªØ­Ù‚Ù‚,9.29969326638219e-06,8,6,9.29969326638219e-06,0.0
Ø§Ø±ÙŠÙƒØ³ÙˆÙ†,9.299294908291823e-06,8,6,9.299294908291823e-06,0.0
Ø³ØªØµÙˆØª,9.294284438467128e-06,12,7,9.294284438467128e-06,0.0
ÙˆØ§Ù„ÙƒÙŠÙ…Ø§ÙˆÙŠØ§Øª,9.294011443027396e-06,41,27,9.294011443027396e-06,0.0
ÙˆØªØ­ÙˆÙ„,9.287290507676203e-06,14,3,9.287290507676203e-06,0.0
Ø§Ù„Ø³ÙŠØ§Ø­ÙŠÙ‡,9.2869384678049e-06,20,7,9.2869384678049e-06,0.0
Ù„Ù…Ø±Ø§Ø¹Ø§Ù‡,9.283056682630861e-06,5,5,9.283056682630861e-06,0.0
Ø§Ù„Ø¨Ø´Ø§ÙŠØ±,9.280481143495159e-06,5,5,9.280481143495159e-06,0.0
Ø¯ÙŠÙˆÙ†,9.27976605112813e-06,90,32,9.27976605112813e-06,0.0
Ø§Ù„Ø®Ø§Ø±Ø¬,9.273543962851094e-06,26,18,9.273543962851094e-06,0.0
Ø¨ØªØºØ·ÙŠÙ‡,9.273504686911134e-06,12,9,9.273504686911134e-06,0.0
ÙŠØ³ØªÙ‡Ù„Ùƒ,9.265578527691465e-06,3,3,9.265578527691465e-06,0.0
Ø¹Ù‚ÙˆØ¯,9.259364275452871e-06,257,96,9.259364275452871e-06,0.0
Ø¨Ø´Ø¯Ù‡,9.256818848814376e-06,6,5,9.256818848814376e-06,0.0
Ø§Ù„Ù…Ù‡ØªÙ…ÙŠÙ†,9.253081902040362e-06,6,6,9.253081902040362e-06,0.0
Ø§Ù„Ø§Ù‚Ø§Ù…Ù‡,9.248687399671572e-06,9,8,9.248687399671572e-06,0.0
Ø¨Ø§Ù‚Ø§Øª,9.244013958051286e-06,20,16,9.244013958051286e-06,0.0
Ø¨Ø¯ÙˆÙ„Ù‡,9.237151837497214e-06,16,11,9.237151837497214e-06,0.0
Ø§Ù„Ù…Ø²Ø§Ø¯Ø§Ù„ØªØºÙŠØ±Ø¯Ù„Ù‡,9.233749687142697e-06,16,6,9.233749687142697e-06,0.0
Ù…Ø³Ø¨ÙˆÙ‚Ù‡,9.229066195539841e-06,15,8,9.229066195539841e-06,0.0
Ø¨Ø§Ø¬Ø±Ù‡,9.22569504584827e-06,5,3,9.22569504584827e-06,0.0
Ù„Ù„Ø¯Ø®Ù„,9.225688639292743e-06,7,5,9.225688639292743e-06,0.0
Ø§Ù„Ø§Ø±Ø¨Ø§Ø­ÙˆØ§Ù„Ù„Ù‡,9.221872277006461e-06,4,4,9.221872277006461e-06,0.0
ÙÙ†Ø¯Ù‚ÙŠ,9.220143985255003e-06,9,3,9.220143985255003e-06,0.0
Ù…Ø®ØµØµÙ‡,9.219295697033471e-06,18,17,9.219295697033471e-06,0.0
Ø¨Ø·Ø§Ù‚Ø§Øª,9.203338454004697e-06,110,25,9.203338454004697e-06,0.0
ÙˆØºÙŠØ±Ù‡Ù…,9.201330933474916e-06,5,5,9.201330933474916e-06,0.0
Ø§Ù„Ù‚ØµÙˆÙŠ,9.190326320854829e-06,26,19,9.190326320854829e-06,0.0
Ø§Ù„Ø§ÙŠØ«Ø±,9.189988335252062e-06,13,9,9.189988335252062e-06,0.0
Ø³ÙƒØ§Ù†Ù‡Ø§,9.185962181058938e-06,6,3,9.185962181058938e-06,0.0
Ø§Ù„ØµÙ…ÙˆØ¯,9.18589103616102e-06,7,4,9.18589103616102e-06,0.0
Ø§Ù„Ø³ÙˆÙ‚,9.18460530825485e-06,15850,953,9.18460530825485e-06,0.0
Ø§Ù„Ø°Ù…Ù‡,9.184177180514862e-06,4,3,9.184177180514862e-06,0.0
Ù„Ù„Ø§Ø³ØªØ±Ø¯Ø§Ø¯,9.180623315784865e-06,12,8,9.180623315784865e-06,0.0
Ø§Ù„Ø¨Ù„Ø§Ø¯Ø§Ù„Ø³Ø¹ÙˆØ¯ÙŠ,9.168543826524877e-06,147,15,9.168543826524877e-06,0.0
Ø³Ù‡Ù…Ø§Ù„Ø§Ø±Ø¨Ø§Ø­,9.168495211853982e-06,4,4,9.168495211853982e-06,0.0
Ø§Ù„Ø±Ø¨Ø¹ÙŠ,9.16638242088893e-06,59,34,9.16638242088893e-06,0.0
Ù„Ø§Ø¨ØªÙƒØ§Ø±,9.165519930512905e-06,4,3,9.165519930512905e-06,0.0
Ù‡ÙˆØ§Ø¡,9.161591630656329e-06,3,3,9.161591630656329e-06,0.0
Ø¨Ø­ØµØªÙ‡Ø§,9.160507049394153e-06,9,4,9.160507049394153e-06,0.0
ÙˆØ§Ø­Ø¯Ø§Ø«,9.157727455187604e-06,4,4,9.157727455187604e-06,0.0
Ø§Ù„Ø¯ÙØ¹Ø§Øª,9.157507135353098e-06,25,15,9.157507135353098e-06,0.0
Ù„Ù„Ù…Ø±ÙƒØ²,9.156457927100351e-06,34,8,9.156457927100351e-06,0.0
ØªØ¹Ø¯ÙŠÙ„Ù‡Ø§,9.148229726310413e-06,14,7,9.148229726310413e-06,0.0
Ù…Ø¨Ø§Ø¯Ø¦,9.147644827216582e-06,43,15,9.147644827216582e-06,0.0
Ù„Ù„Ø§ÙŠØ±Ø§Ø¯Ø§Øª,9.145712874556137e-06,18,18,9.145712874556137e-06,0.0
Ø®Ø§Ø¶Ø¹Ù‡,9.14221519468154e-06,12,9,9.14221519468154e-06,0.0
Ø¨ØµÙÙ‚Ù‡,9.139745509869527e-06,78,21,9.139745509869527e-06,0.0
Ø§Ù„Ø­Ø§ØµÙ„Ù„Ø§,9.138502525944075e-06,26,25,9.138502525944075e-06,0.0
Ù„Ù„Ù…Ù†Ø§Ø·Ù‚,9.138058697972648e-06,12,6,9.138058697972648e-06,0.0
ÙˆØ§Ù„Ø®ÙŠØ±ÙŠ,9.13579160836788e-06,3,3,9.13579160836788e-06,0.0
Ù„Ù„Ø¶ØºÙˆØ·,9.128091877778566e-06,4,3,9.128091877778566e-06,0.0
Ø§Ù„Ø¬Ù„Ø³Ø§Øª,9.126661429349358e-06,42,10,9.126661429349358e-06,0.0
ØªØ±Ø¨Ø·,9.125383562209756e-06,9,8,9.125383562209756e-06,0.0
Ù…Ø¬Ù…Ø¹Ù‡,9.116380577450639e-06,9,5,9.116380577450639e-06,0.0
Ø³Ù„Ø§Ø³Ù‡,9.111256431892621e-06,6,5,9.111256431892621e-06,0.0
Ù„Ø§ØºØ±Ø§Ø¶,9.103393624855877e-06,85,18,9.103393624855877e-06,0.0
Ø§Ù„Ù…Ù„ÙŠØ§Ø±,9.102589999139332e-06,7,5,9.102589999139332e-06,0.0
comØ§Ùˆ,9.102421989789715e-06,9,9,9.102421989789715e-06,0.0
Ù†Ø´Ø§Ø·Ø§,9.099847722807284e-06,245,24,9.099847722807284e-06,0.0
Ø§Ù„Ø¬Ø²Ø¦ÙŠ,9.0969048541373e-06,6,4,9.0969048541373e-06,0.0
ÙˆØ§Ù„Ø¨ÙŠØ¹,9.09301084394301e-06,50,7,9.09301084394301e-06,0.0
ÙˆØ§Ø®ØªØ¨Ø§Ø±,9.088008887125778e-06,5,4,9.088008887125778e-06,0.0
ÙˆÙŠØ¹Ù…Ù„,9.087996881968319e-06,12,11,9.087996881968319e-06,0.0
Ø§Ù„Ù‚ÙŠÙ…Ù‡,9.083908852121704e-06,1051,322,9.083908852121704e-06,0.0
Ù…Ø¹ØªØ¨Ø±Ø§,9.08046708713816e-06,8,6,9.08046708713816e-06,0.0
Ù…ÙˆØ±Ù‚Ø§Ù†,9.074357195809785e-06,5,3,9.074357195809785e-06,0.0
Ù†ÙƒÙˆÙ†,9.072682686198871e-06,10,10,9.072682686198871e-06,0.0
Ù…Ù†Ø·Ù‚ØªÙŠ,9.06865692853341e-06,10,8,9.06865692853341e-06,0.0
Ø­Ø§Ù…Ø¯,9.06186337617506e-06,8,7,9.06186337617506e-06,0.0
Ø³ÙŠÙˆØ§ØµÙ„,9.054367325050334e-06,7,6,9.054367325050334e-06,0.0
Ù…ÙƒØ¹Ø¨Ù‡,9.051569735503069e-06,11,4,9.051569735503069e-06,0.0
Ø¨Ø´Ø±Ø§ÙƒÙ‡,9.048008800959499e-06,4,4,9.048008800959499e-06,0.0
Ø§Ø±Ø§Ø¶ÙŠ,9.044105067465572e-06,7,4,9.044105067465572e-06,0.0
Ø§Ù„Ø¹ÙˆÙ†,9.030109498908725e-06,4,4,9.030109498908725e-06,0.0
Ø§Ù„Ø­Ø§Ù„,9.02559229133729e-06,10,9,9.02559229133729e-06,0.0
Ù…Ø±ØªÙŠÙ†,9.022793810367878e-06,9,6,9.022793810367878e-06,0.0
Ø§Ù„Ø·Ù„Ø¨Ø§Øª,9.020195978123234e-06,37,25,9.020195978123234e-06,0.0
Ù†Ø¶Ø¹,9.017948771249802e-06,4,4,9.017948771249802e-06,0.0
Ù„Ù…Ø´Ø±ÙˆØ¹,9.015534235052922e-06,90,57,9.015534235052922e-06,0.0
Ø§Ù†Ø¶Ù…Ø§Ù…Ù‡Ø§,9.013935080844102e-06,8,6,9.013935080844102e-06,0.0
Ø¨Ø§ØªØ®Ø§Ø°,9.010590888998867e-06,9,6,9.010590888998867e-06,0.0
tadawulaty,9.010056997411694e-06,109,84,9.010056997411694e-06,0.0
Ø¨Ø§Ù…ÙƒØ§Ù†,9.008439021697315e-06,34,29,9.008439021697315e-06,0.0
Ø§Ù„ØªÙ‚Ù„ÙŠÙ„,9.006905293937792e-06,3,3,9.006905293937792e-06,0.0
Ù†Ø³Ø®,9.005903108994949e-06,8,4,9.005903108994949e-06,0.0
ÙˆØ§Ø¹Ù„Ù†Øª,9.00391018082484e-06,84,36,9.00391018082484e-06,0.0
Ø¨Ø¬Ù…ÙŠØ¹,9.00105158952212e-06,49,37,9.00105158952212e-06,0.0
Ø§Ù†Ø¯Ù…Ø§Ø¬Ù‡Ø§,8.999556471713377e-06,5,4,8.999556471713377e-06,0.0
ÙˆØ§Ù„ØªØµÙˆÙŠØªØ§Ø­Ù‚ÙŠÙ‡,8.999536153214815e-06,35,34,8.999536153214815e-06,0.0
ÙˆØªØ§Ø«Ø±,8.998391349734461e-06,7,5,8.998391349734461e-06,0.0
Ù„Ù„Ø§Ø±Ø¨Ø§Ø­,8.993745159953934e-06,32,22,8.993745159953934e-06,0.0
Ø§Ù„ØªØ­Ø±Ùƒ,8.993210339766985e-06,3,3,8.993210339766985e-06,0.0
Ø¨Ø§Ù†Ø´Ø·Ù‡,8.9931439521237e-06,5,5,8.9931439521237e-06,0.0
Ø§Ù„Ù…ÙŠØ²Ù‡,8.985497178166847e-06,8,6,8.985497178166847e-06,0.0
Ø§Ø³ØªÙØ³Ø§Ø±Ø§Øª,8.984908358969711e-06,24,22,8.984908358969711e-06,0.0
Ø§Ù„Ù…Ø¹Ø§Ø¯Ù†,8.983546293620107e-06,76,36,8.983546293620107e-06,0.0
ÙˆØ§Ù„ØªÙŠØ³ÙŠØ±,8.983328293545484e-06,4,4,8.983328293545484e-06,0.0
Ø§Ù„Ø°ÙƒØ±ÙŠ,8.974895557524403e-06,4,3,8.974895557524403e-06,0.0
Ø§Ø³Ø§Ù„ÙŠØ¨,8.970643924656533e-06,11,9,8.970643924656533e-06,0.0
Ù†Ø§Ù…Ù„,8.970434370021862e-06,26,26,8.970434370021862e-06,0.0
Ù„Ù…Ø­ØªÙˆÙŠ,8.968254915335452e-06,5,5,8.968254915335452e-06,0.0
ÙˆØ§Ù†Ø³ØªÙ‚Ø±Ø§Ù…,8.968254915335452e-06,5,5,8.968254915335452e-06,0.0
ØªÙŠÙ…Ø²,8.968254915335452e-06,5,5,8.968254915335452e-06,0.0
Ø¨Ø§Ù„Ø§Ø¹ÙˆØ§Ù…,8.96622563847292e-06,3,3,8.96622563847292e-06,0.0
Ø§Ù„ØµÙ†Ø§Ø¹ÙŠÙ‡Ø±Ø§Ø¨Ø·,8.963104318358138e-06,3,3,8.963104318358138e-06,0.0
XDJxySgr,8.963104318358138e-06,3,3,8.963104318358138e-06,0.0
Ù„Ù„Ø§ØºØ°ÙŠÙ‡,8.959725273917907e-06,410,133,8.959725273917907e-06,0.0
Ø§Ù„Ù…Ø­ØªÙ…Ù„,8.952280563568919e-06,109,50,8.952280563568919e-06,0.0
Ù„Ù„ØªÙˆØ³Ø¹,8.946400879807401e-06,32,26,8.946400879807401e-06,0.0
Ø¨Ù…Ù†ØµØ¨,8.943838720707061e-06,4,4,8.943838720707061e-06,0.0
ÙˆØ§Ù„ØªÙƒÙ†ÙˆÙ„ÙˆØ¬ÙŠØ§,8.942553573657723e-06,7,7,8.942553573657723e-06,0.0
Ø¨ÙŠØ§Ù†ÙŠÙ†,8.937348213959162e-06,23,20,8.937348213959162e-06,0.0
ÙˆØªØ¹ÙŠÙŠÙ†,8.930279170111652e-06,57,42,8.930279170111652e-06,0.0
ØµØ­ÙŠÙÙ‡,8.926646287851277e-06,97,54,8.926646287851277e-06,0.0
investor,8.919207583377012e-06,28,23,8.919207583377012e-06,0.0
Ø§Ù„Ù…Ø²Ø§Ø¯Ø§Ù„ØªØºÙŠØ±ÙƒÙŠØ§Ù†,8.918353226027881e-06,10,3,8.918353226027881e-06,0.0
Ø§Ù„Ù…Ø²Ø§Ø¯Ø§Ù„ØªØºÙŠØ±Ø§Ù„Ø¨Ø§Ø¨Ø·ÙŠÙ†,8.9157416484187e-06,3,3,8.9157416484187e-06,0.0
Ù„Ù„ØªØµÙˆÙŠØª,8.911637811117755e-06,31,27,8.911637811117755e-06,0.0
Ø§ÙˆØ§Ø¦Ù„,8.903408145046713e-06,17,14,8.903408145046713e-06,0.0
Ø·Ø±Ø­Øª,8.898860213542067e-06,18,17,8.898860213542067e-06,0.0
ÙˆØ®Ø§Ø±Ø¬,8.897917046523139e-06,57,22,8.897917046523139e-06,0.0
Ù…Ø§Ø¯Ù‡,8.8975717053377e-06,175,79,8.8975717053377e-06,0.0
Ù‡ÙŠØ±Ù…ÙŠØ³,8.892041133049797e-06,16,11,8.892041133049797e-06,0.0
ÙˆØªØ³Ø§Ø±Ø¹,8.890438024402085e-06,4,4,8.890438024402085e-06,0.0
ØªØºÙŠÙŠØ±Ø§Øª,8.889720765983951e-06,29,12,8.889720765983951e-06,0.0
ÙˆØ§Ù„Ø§Ù„ÙˆÙ…ÙŠÙ†Ø§,8.889157695873394e-06,26,12,8.889157695873394e-06,0.0
Ø§Ù„Ø§Ø¬ØªÙ…Ø§Ø¹Ø±Ø§Ø¨Ø·,8.888866808912442e-06,5,5,8.888866808912442e-06,0.0
Ø§Ù„Ø§Ø¬ØªÙ…Ø§Ø¹ØªØ§Ø±ÙŠØ®,8.888866808912442e-06,5,5,8.888866808912442e-06,0.0
Ø§Ù„Ù„ÙˆØ§Ø¦Ø­,8.887601053445579e-06,13,11,8.887601053445579e-06,0.0
Ø±ÙŠØ§Ù„Ø§Ù„Ù‚Ø·Ø§Ø¹,8.885030679282828e-06,25,17,8.885030679282828e-06,0.0
Ø§Ù„Ø­Ø±ÙƒÙ‡,8.881492595124357e-06,22,14,8.881492595124357e-06,0.0
Ø§Ù…Ù†ÙŠÙ‡,8.877724143794856e-06,3,3,8.877724143794856e-06,0.0
Ø§Ù„Ø§Ø³ØªØ²Ø±Ø§Ø¹,8.877414834516264e-06,6,3,8.877414834516264e-06,0.0
ØªØ§Ø³ÙŠØ³,8.877326536153727e-06,93,69,8.877326536153727e-06,0.0
Ø¨Ø§Ù„ØªØ­Ø¯ÙŠØ§Øª,8.876852446622645e-06,8,8,8.876852446622645e-06,0.0
Ù‚ÙˆØªÙ‡Ø§,8.876792964239574e-06,3,3,8.876792964239574e-06,0.0
Ù…Ø­Ø¯ÙˆØ¯Ù‡,8.869818420969546e-06,40,28,8.869818420969546e-06,0.0
Ù…Ù„Ø§Ø­Ø¸Ù‡,8.868629476719753e-06,10,8,8.868629476719753e-06,0.0
Ø§Ù„Ø±Ø§Ø¨Ø¹ØµØ§ÙÙŠ,8.858514930115043e-06,3,3,8.858514930115043e-06,0.0
Ù„Ø§ÙØ¶Ù„,8.856951038946208e-06,31,24,8.856951038946208e-06,0.0
ØªØ­Ø¯Ø¯,8.847962130394749e-06,102,54,8.847962130394749e-06,0.0
ØªØ§Ø«ÙŠØ±Ù‡,8.847462566528047e-06,3,3,8.847462566528047e-06,0.0
Ø§Ù„Ø´Ø±ÙŠØ­Ù‡,8.846497955455947e-06,28,16,8.846497955455947e-06,0.0
Ù„Ù„ØªØºÙŠÙŠØ±,8.843069357684933e-06,6,6,8.843069357684933e-06,0.0
ÙˆØ¨Ø§Ù„Ø§Ø¶Ø§ÙÙ‡,8.838467135699725e-06,12,7,8.838467135699725e-06,0.0
Ù„Ù„Ø§Ø³ØªÙ…Ø±Ø§Ø±,8.825117747724148e-06,3,3,8.825117747724148e-06,0.0
Ø§Ù„Ù‚Ø§Ø¦Ù…Ù‡,8.824564314196092e-06,343,112,8.824564314196092e-06,0.0
ØªØ¨Ø¹Ù‡,8.820091021743303e-06,27,11,8.820091021743303e-06,0.0
ØªØ®Ø·ÙŠ,8.819452561609693e-06,4,4,8.819452561609693e-06,0.0
ÙˆØ§Ù„Ù…Ù‚ÙŠÙ…ÙŠÙ†,8.815270758985454e-06,22,16,8.815270758985454e-06,0.0
ÙˆÙ…ØµØ±,8.812954354542712e-06,7,6,8.812954354542712e-06,0.0
Ø­ÙŠ,8.812205321780165e-06,103,60,8.812205321780165e-06,0.0
Ø¨Ø§ØµÙˆÙ„,8.811896183175461e-06,10,6,8.811896183175461e-06,0.0
ÙˆØ§Ù„Ø§Ù†ØªØ±Ù†Øª,8.808664661017145e-06,22,17,8.808664661017145e-06,0.0
Ø§Ù„Ø¯ÙˆÙ„,8.805965767437779e-06,112,72,8.805965767437779e-06,0.0
Ø§Ù„ØªØ­Ø³ÙŠÙ†Ø§Øª,8.805454216376841e-06,6,5,8.805454216376841e-06,0.0
Ø§Ù„ØªØ¹Ø¯ÙŠÙ„Ø§Øª,8.804337055946202e-06,83,38,8.804337055946202e-06,0.0
Ø§Ø¨Ø±Ø²Øª,8.80041413805369e-06,6,6,8.80041413805369e-06,0.0
Ù„Ù„Ù…Ø³ØªØ´ÙÙŠ,8.79856357871658e-06,6,3,8.79856357871658e-06,0.0
ÙƒØ¨Ø§Ø±,8.796015605510289e-06,437,73,8.796015605510289e-06,0.0
Ø§Ù„Ù…Ø´Ø±Ù,8.786891047234729e-06,38,15,8.786891047234729e-06,0.0
ØªÙ‚Ø±Ø±,8.784725801378531e-06,30,22,8.784725801378531e-06,0.0
ÙƒÙŠØ§Ù†,8.780822178301072e-06,1200,235,8.780822178301072e-06,0.0
SEC,8.780293596256753e-06,9,7,8.780293596256753e-06,0.0
Ø´Ø§Øª,8.778888821241387e-06,7,7,8.778888821241387e-06,0.0
Ù„Ù„Ù…Ø¬Ù…Ø¹,8.774425086933072e-06,8,3,8.774425086933072e-06,0.0
Ø³Ø§Ù„Ùƒ,8.773529957344133e-06,19,4,8.773529957344133e-06,0.0
Ø´Ù…Ø³ÙŠÙ‡,8.7709570446513e-06,6,4,8.7709570446513e-06,0.0
Ø¨Ø§Ù„Ø­ØµÙˆÙ„,8.768024084713126e-06,26,22,8.768024084713126e-06,0.0
ÙŠØªØ¬Ø§ÙˆØ²,8.767162009600785e-06,75,50,8.767162009600785e-06,0.0
ÙˆØ§Ù„Ù†Ù…Ø§Ø°Ø¬,8.760323555982648e-06,5,5,8.760323555982648e-06,0.0
Ø§Ù„Ø±Ø¨Ø·,8.756582340561283e-06,89,27,8.756582340561283e-06,0.0
ÙØ±ÙŠÙ‚Ø§,8.7548464529327e-06,6,6,8.7548464529327e-06,0.0
ÙˆØªØ³ØªØ¹Ù…Ù„,8.7469275128928e-06,13,13,8.7469275128928e-06,0.0
Ø§Ù„Ù…Ø²Ø§Ø¯Ø§Ù„ØªØºÙŠØ±ØªØ´Ø¨,8.746182973912987e-06,26,12,8.746182973912987e-06,0.0
Ù†Ø§Ø¯Ùƒ,8.744932953034029e-06,395,94,8.744932953034029e-06,0.0
ØªÙ…ÙˆÙŠÙ„Ø§Øª,8.742426575661225e-06,105,10,8.742426575661225e-06,0.0
Ù„ØªØ±Ø³ÙŠØ®,8.73001710025052e-06,4,3,8.73001710025052e-06,0.0
Ù„Ù„ÙˆÙØ§Ø¡,8.729495260507705e-06,13,5,8.729495260507705e-06,0.0
ØµÙØ§Ø¦Ø­,8.727823656313182e-06,23,9,8.727823656313182e-06,0.0
Ø¨Ø±Ø¨Ø·,8.72755378511942e-06,7,7,8.72755378511942e-06,0.0
Ø§Ù‚Ù„ÙŠÙ…ÙŠØ§,8.725280262815792e-06,12,12,8.725280262815792e-06,0.0
Ø¹Ø¶ÙˆÙŠØªÙ‡,8.723254934892091e-06,28,22,8.723254934892091e-06,0.0
Ù„Ù„Ø·Ø±Ø­,8.716463256208082e-06,26,17,8.716463256208082e-06,0.0
Ø¨Ø±Ø¦Ø§Ø³Ù‡,8.708425311362206e-06,27,21,8.708425311362206e-06,0.0
Ø§Ù„ØªØ±ÙƒÙŠØ¨,8.706936698684142e-06,7,6,8.706936698684142e-06,0.0
ÙˆØ§Ù„Ø§ÙƒØ«Ø±,8.705281653911594e-06,29,10,8.705281653911594e-06,0.0
Ø¬Ù„,8.702045379397999e-06,3,3,8.702045379397999e-06,0.0
ÙˆÙ†Ø¸Ø±Ø§,8.698732104463223e-06,7,5,8.698732104463223e-06,0.0
Ø§Ø­Ù„Ø§Ù„,8.697547149783173e-06,9,7,8.697547149783173e-06,0.0
ÙŠØªØ¹ÙŠÙ†,8.695878014948148e-06,12,8,8.695878014948148e-06,0.0
ØªÙ‚Ø¯ÙŠØ±Ù‡Ø§,8.69327436580185e-06,5,3,8.69327436580185e-06,0.0
ÙˆÙƒØ¨ÙŠØ±,8.688775294483448e-06,40,30,8.688775294483448e-06,0.0
ÙˆØ§Ù„Ø¬ÙˆØ§Ù„,8.686640250967489e-06,3,3,8.686640250967489e-06,0.0
Ø§Ù„ØªØºÙŠØ±Ù†Ø³Ø¨Ù‡,8.686264445196163e-06,26,5,8.686264445196163e-06,0.0
ØªÙ„Ø§Ù‡Ø§,8.685372828351193e-06,37,21,8.685372828351193e-06,0.0
Ø¨Ù‚Ø±Ø§Ø±,8.675249514494335e-06,27,19,8.675249514494335e-06,0.0
Ø§Ø¹Ù…Ø§Ù„Ù†Ø§,8.669778243574428e-06,19,16,8.669778243574428e-06,0.0
Ø§Ù„ØªØ±ÙˆÙŠØ¬ÙŠÙ‡,8.668705731837912e-06,18,15,8.668705731837912e-06,0.0
Ø§Ù„Ù…Ø¹Ø±Ø¶,8.666349046554128e-06,51,24,8.666349046554128e-06,0.0
ÙˆÙƒÙŠØ§Ù†,8.665747746526436e-06,10,3,8.665747746526436e-06,0.0
Ø§Ù„Ù‡Ø§ØªÙ,8.659534890218307e-06,137,82,8.659534890218307e-06,0.0
Ø§Ù„Ø±Ø³Ø§Ø¦Ù„,8.64394553658657e-06,27,15,8.64394553658657e-06,0.0
relations,8.640044280780962e-06,26,21,8.640044280780962e-06,0.0
ØªÙƒØ³ÙŠØ±,8.63849970243775e-06,18,7,8.63849970243775e-06,0.0
Ø´Ø¹Ø§Ø±Ù‡Ø§,8.637379663942556e-06,12,12,8.637379663942556e-06,0.0
Ù„Ø§ÙˆÙ„,8.63401056870511e-06,88,34,8.63401056870511e-06,0.0
ÙˆÙ‚Ø±Ø±Øª,8.633696347381443e-06,10,5,8.633696347381443e-06,0.0
ÙˆØ§Ù„Ù…Ù‡Ù†ÙŠÙ‡,8.632175283048716e-06,33,9,8.632175283048716e-06,0.0
ÙˆØ§Ø®ØªÙŠØ§Ø±,8.631230321954713e-06,12,9,8.631230321954713e-06,0.0
Ø§Ù„ÙØ§,8.628262678716956e-06,25,14,8.628262678716956e-06,0.0
Ø§Ø´Ø±Ø§Ù,8.627325218787854e-06,13,9,8.627325218787854e-06,0.0
Ù…Ø±ØªÙƒØ²Ø§Øª,8.615294822680622e-06,12,7,8.615294822680622e-06,0.0
Ø§Ù„Ø³ÙØ§Ø±Ø§Øª,8.614788449640218e-06,19,4,8.614788449640218e-06,0.0
ØªÙ†Ø®ÙØ¶,8.6144178853329e-06,26,17,8.6144178853329e-06,0.0
ÙˆÙ„Ù„Ù‡,8.612275258745432e-06,18,17,8.612275258745432e-06,0.0
Ø§Ù„Ø§Ø¯Ø®Ø§Ø±,8.607414779489983e-06,5,3,8.607414779489983e-06,0.0
Ø¯Ø¹ÙˆÙ‡,8.607288709959118e-06,103,78,8.607288709959118e-06,0.0
ØªØ¹ÙˆØ¶,8.606670686173054e-06,3,3,8.606670686173054e-06,0.0
Ø§Ù„Ø§Ø­Ø§Ø¯ÙŠ,8.60544017371354e-06,21,16,8.60544017371354e-06,0.0
Ø¨ØªØ±ÙˆÙƒÙŠÙ…,8.604480103581559e-06,721,189,8.604480103581559e-06,0.0
Ø¹Ø§Ù…Ø§,8.602108935090862e-06,156,91,8.602108935090862e-06,0.0
ÙˆØ§Ù„ØªÙ…ÙˆÙŠÙ†,8.601747831197608e-06,11,4,8.601747831197608e-06,0.0
Ù†Ø¸Ø±ØªÙ‡Ø§,8.59574544240305e-06,44,29,8.59574544240305e-06,0.0
Ø§Ù„Ø¨Ø§Ø±Ø²Ù‡,8.595303241030773e-06,4,4,8.595303241030773e-06,0.0
Ø´Ø±ÙŠÙƒ,8.58793656957435e-06,59,24,8.58793656957435e-06,0.0
Ø§Ù„ÙØ±ÙŠØ¯Ù‡,8.58036762769877e-06,4,4,8.58036762769877e-06,0.0
ÙˆØ§Ù„Ø§Ø­ÙƒØ§Ù…,8.579995916276385e-06,4,4,8.579995916276385e-06,0.0
ÙˆÙ…Ø³ØªÙˆÙŠ,8.574567212576442e-06,11,8,8.574567212576442e-06,0.0
Ù‚ÙˆØ§Ø¦Ù…,8.572007914245196e-06,27,11,8.572007914245196e-06,0.0
Ø§Ù„Ø¹Ø§Ø±Ø¶,8.564149330084615e-06,6,6,8.564149330084615e-06,0.0
ÙˆØ§Ù„Ù…ØµØ§Ø±Ù,8.563594213447342e-06,396,76,8.563594213447342e-06,0.0
Ø§Ù„Ø§Ù„ÙƒØªØ±ÙˆÙ†ÙŠØ³ÙŠÙƒÙˆÙ†,8.5604669558557e-06,16,16,8.5604669558557e-06,0.0
Ø§Ø®ØªØµØ§ØµØ§Øª,8.559928226953716e-06,3,3,8.559928226953716e-06,0.0
Ø§Ù„Ø§Ø¯Ø§Ø±ÙŠ,8.558193976859203e-06,18,12,8.558193976859203e-06,0.0
Ù„Ù„Ø®Ø§Ø±Ø¬,8.554669149004032e-06,6,6,8.554669149004032e-06,0.0
Ø§Ù„Ø±Ø§Ø¦Ø¹,8.550392133028462e-06,5,4,8.550392133028462e-06,0.0
Ù…Ø¹Ø§Ø±Ø¶Ù‡Ø§,8.550160057569576e-06,8,4,8.550160057569576e-06,0.0
Ù„Ù„Ø§Ø³Ù…Ø¯Ù‡,8.547212188903519e-06,51,21,8.547212188903519e-06,0.0
ÙˆÙ‚Ø±ÙˆØ¶,8.54350522266886e-06,48,19,8.54350522266886e-06,0.0
ÙˆØ§Ù‚Ù„ÙŠÙ…ÙŠØ§,8.541024821243664e-06,8,6,8.541024821243664e-06,0.0
ØªØ³Ù„ÙŠØ·,8.525478988307087e-06,8,8,8.525478988307087e-06,0.0
ÙŠØªØ¯Ø§ÙˆÙ„,8.523320176674164e-06,28,17,8.523320176674164e-06,0.0
ÙˆØ§Ù„Ø§Ø³ØªØ§Ø°,8.522686115135163e-06,42,28,8.522686115135163e-06,0.0
Ø§Ù„Ø¯Ø§Ø¦Ø±Ù‡,8.516812065082977e-06,6,3,8.516812065082977e-06,0.0
ØªØ¹Ø§Ù…Ù„,8.511271447116036e-06,10,8,8.511271447116036e-06,0.0
Ø§Ù„Ù…ÙˆØ§ØªÙŠÙ‡,8.50620813861474e-06,6,6,8.50620813861474e-06,0.0
ÙÙˆØªØ³ÙŠ,8.501028247260725e-06,242,24,8.501028247260725e-06,0.0
ØªØ·Ø¨Ù‚,8.497633837271421e-06,14,13,8.497633837271421e-06,0.0
Ù„ÙŠ,8.497471216613618e-06,3,3,8.497471216613618e-06,0.0
Ù„Ù„Ø¬Ù‡ÙˆØ¯,8.487579453380073e-06,41,35,8.487579453380073e-06,0.0
ÙˆØ´Ù‡Ø±,8.487351473077432e-06,4,4,8.487351473077432e-06,0.0
Ù…Ø·Ø±ÙˆØ­Ù‡,8.482709629204378e-06,3,3,8.482709629204378e-06,0.0
ÙˆØ§Ù„Ø·Ø±ÙŠÙ‚,8.47685946053907e-06,5,4,8.47685946053907e-06,0.0
ÙˆØ³ÙŠÙƒÙˆÙ†,8.469625375204292e-06,92,73,8.469625375204292e-06,0.0
Ø§Ù„ØªØ­Ù‚Ù‚,8.467600036189737e-06,21,10,8.467600036189737e-06,0.0
Ø§Ù„Ø§ØªÙØ§Ù‚ÙŠØ§Øª,8.466200277362248e-06,123,62,8.466200277362248e-06,0.0
ÙˆÙƒÙ…,8.463729394143471e-06,15,15,8.463729394143471e-06,0.0
Ù„ØªÙ‚Ø±ÙŠØ±,8.455786418348637e-06,43,15,8.455786418348637e-06,0.0
ÙˆØªØ·Ø±Ù‚,8.453415686187513e-06,5,4,8.453415686187513e-06,0.0
Ø§Ù„ØªØ­Ø³ÙŠÙ†,8.452047075356452e-06,11,11,8.452047075356452e-06,0.0
Ø§Ù„Ù†Ù‚ØµØ§Ù†,8.450611961258529e-06,5,5,8.450611961258529e-06,0.0
ÙˆØ§Ø­ØªØ³Ø§Ø¨,8.450611961258529e-06,5,5,8.450611961258529e-06,0.0
Ø¹Ù‚Ø§Ø±ÙŠØ§,8.445166035849538e-06,3,3,8.445166035849538e-06,0.0
ÙˆÙ†Ø¬Ø­Øª,8.44231196991915e-06,5,5,8.44231196991915e-06,0.0
Ø§Ù„Ù…Ø²Ø§Ø¯Ø§Ù„ØªØºÙŠØ±Ø§Ù„ÙŠÙ…Ø§Ù…Ù‡,8.441947862732718e-06,10,5,8.441947862732718e-06,0.0
ÙˆØ§Ù„Ø®Ø¨Ø±Ø§Ø¡,8.44026445586344e-06,4,4,8.44026445586344e-06,0.0
Ù†Ù…Ø§,8.438458582640885e-06,8,8,8.438458582640885e-06,0.0
Ø§Ù„Ø±Ø§Ø¨Ø¹Ø±Ø§Ø³,8.433488111227685e-06,3,3,8.433488111227685e-06,0.0
ÙˆØªØ®ÙØ¶,8.432553104254732e-06,5,4,8.432553104254732e-06,0.0
ÙŠØ±ØªÙØ¹,8.428939267109666e-06,200,56,8.428939267109666e-06,0.0
Ø§Ù„Ø±ÙŠØ§Ø¶ÙƒÙ‡Ø±Ø¨Ø§Ø¡,8.420493128196572e-06,58,6,8.420493128196572e-06,0.0
Ø§Ù„Ù…Ø¹Ù„ÙˆÙ…Ø§ØªØ§Ù„Ù…ØµØ§ÙÙŠØ§Ù„ØªÙ…ÙˆÙŠÙ†Ø§Ø³Ù…Ù†Øª,8.420493128196572e-06,58,6,8.420493128196572e-06,0.0
Ø§Ù„Ø²Ø±Ø§Ø¹ÙŠÙ‡Ø§Ù„Ù…Ø¹Ù…Ø±,8.420493128196572e-06,58,6,8.420493128196572e-06,0.0
Ø§Ù„Ø³Ø¹ÙˆØ¯ÙŠØ§Ù„ØªØµÙ†ÙŠØ¹Ø¨ØªØ±ÙˆØ±Ø§Ø¨ØºØ³Ø§Ø¨Ùƒ,8.420493128196572e-06,58,6,8.420493128196572e-06,0.0
Ø§Ù„Ø¹Ø§Ù„Ù…ÙŠÙ‡Ø³ÙŠØ³ÙƒÙˆØ§Ù„Ø¬ÙˆÙ,8.420493128196572e-06,58,6,8.420493128196572e-06,0.0
Ø§Ù„Ø­ÙƒÙŠØ±Ø§Ù„Ø­Ù…Ø§Ø¯ÙŠØ§Ø³Ù…Ù†Øª,8.420493128196572e-06,58,6,8.420493128196572e-06,0.0
Ø§Ù„Ø·Ø¨ÙŠÙ‡Ø¨ØªØ±ÙˆÙƒÙŠÙ…Ø§Ù„Ù…ÙˆØ§Ø³Ø§Ù‡,8.420493128196572e-06,58,6,8.420493128196572e-06,0.0
Ø§Ù„Ø¹Ù„ÙˆÙ…,8.414516034723224e-06,11,9,8.414516034723224e-06,0.0
Ø§Ù„Ø­ÙˆØ§Ù„Ø§Øª,8.401310039109421e-06,17,4,8.401310039109421e-06,0.0
Ø§Ù„Ø¹ØµØ±ÙŠÙ‡,8.400113992850884e-06,7,6,8.400113992850884e-06,0.0
Ø§Ø¹Ù…Ø§Ù„Ø§,8.39835349451143e-06,11,10,8.39835349451143e-06,0.0
Ø§Ù„ØªØ¹Ø§Ù‚Ø¯ÙŠÙ‡,8.394680849097476e-06,16,8,8.394680849097476e-06,0.0
Ø¨Ø±ÙØ¹,8.393326717819487e-06,37,19,8.393326717819487e-06,0.0
Ø§Ù„Ø³Ø¹ÙˆØ¯ÙŠÙ‡Ù…ØµØ±Ù,8.39309930405951e-06,98,10,8.39309930405951e-06,0.0
Ø§Ù„Ø¬Ù†ÙˆØ¨ÙŠÙ‡Ø§Ù„Ø´Ø±Ù‚,8.39309930405951e-06,98,10,8.39309930405951e-06,0.0
ÙˆØ§Ù„ÙˆØ³ÙŠØ·Ù‡,8.391471560387853e-06,7,7,8.391471560387853e-06,0.0
Ù„ÙŠØ¨Ø§Ø±Ø§,8.387855150818165e-06,15,12,8.387855150818165e-06,0.0
Ø§Ù„Ù…Ø¶Ø§ÙÙ‡,8.386390619835718e-06,114,77,8.386390619835718e-06,0.0
Ø¨Ø§Ø­Ù…Ø¯Ø§Ù†,8.386351078535025e-06,47,18,8.386351078535025e-06,0.0
ÙˆØ§Ù„Ù…ØªÙˆØ§ÙÙ‚Ù‡,8.383928450137551e-06,6,4,8.383928450137551e-06,0.0
ØªØ¶Ø±Ø±,8.380064494077472e-06,7,3,8.380064494077472e-06,0.0
ÙˆØ§ÙØªØªØ­,8.379293615206847e-06,26,16,8.379293615206847e-06,0.0
Ù„Ø³Ø¨ÙƒÙŠÙ…,8.378805396512364e-06,37,23,8.378805396512364e-06,0.0
ÙˆØªØµØ¯Ø±,8.378602401600694e-06,303,59,8.378602401600694e-06,0.0
Ù„ÙˆØ²ÙŠØ±,8.373048559971773e-06,8,6,8.373048559971773e-06,0.0
ØªØ¯Ø§ÙˆÙ„Ø§ØªÙŠ,8.359669229133111e-06,223,83,8.359669229133111e-06,0.0
Ø¨Ø³ÙˆÙŠØ³Ø±Ø§,8.358083778159034e-06,6,4,8.358083778159034e-06,0.0
Ø§Ù„ÙƒØ§ÙÙŠÙ‡,8.34622998579351e-06,15,8,8.34622998579351e-06,0.0
Ù„Ù„Ù‚Ø§Ø¦Ù…Ù‡,8.34433636177975e-06,40,5,8.34433636177975e-06,0.0
Ø§Ù„ÙØªØ±Ù‡Ø³Ø¨ØªÙ…Ø¨Ø±,8.340082708808304e-06,24,3,8.340082708808304e-06,0.0
ÙˆØ§Ø³ØªÙŠØ¹Ø§Ø¨,8.3313040972902e-06,5,5,8.3313040972902e-06,0.0
ÙˆØ§Ø³ÙˆØ§Ù‚,8.3288304718793e-06,12,5,8.3288304718793e-06,0.0
ØªØ¯Ø¹Ùˆ,8.328041656868697e-06,67,63,8.328041656868697e-06,0.0
Ø§Ù‚ØªØµØ§Ø¯ÙŠØ§Øª,8.32756317337825e-06,12,10,8.32756317337825e-06,0.0
ÙˆØªÙˆØµÙŠ,8.32521102570448e-06,14,12,8.32521102570448e-06,0.0
Ù„Ø¯Ø®ÙˆÙ„,8.324611504220656e-06,57,14,8.324611504220656e-06,0.0
Ù‚Ø±Ø¶Ø§,8.32243166404242e-06,7,6,8.32243166404242e-06,0.0
ÙˆØ§Ù„Ù…ÙƒØ§Ù†Ù‡,8.313788277814811e-06,8,5,8.313788277814811e-06,0.0
Ù„ØªÙˆØ²ÙŠØ¹Ø§Øª,8.3134958603612e-06,12,5,8.3134958603612e-06,0.0
Ù„Ù„Ø§Ø³ÙˆØ§Ù‚,8.304102908037095e-06,339,66,8.304102908037095e-06,0.0
Ø¨Ù„Ø§Ø²Ø§,8.302229410217104e-06,8,6,8.302229410217104e-06,0.0
ØªÙ†Ù‚Ø³Ù…,8.298087203192617e-06,7,3,8.298087203192617e-06,0.0
Ø¨Ø§Ù„ØªØ­Ø³Ù†,8.294490135313638e-06,7,6,8.294490135313638e-06,0.0
Ø§Ù„Ù…ÙˆØ³Ø¹,8.293101960656543e-06,3,3,8.293101960656543e-06,0.0
Ø·Ù…ÙˆØ­Ù‡,8.281473335456595e-06,8,8,8.281473335456595e-06,0.0
ÙˆØªØªØ§Ø«Ø±,8.271059130284908e-06,8,4,8.271059130284908e-06,0.0
Ø§Ù„ØªÙˆØµÙŠØ§Øª,8.26798112925599e-06,34,16,8.26798112925599e-06,0.0
Ø§Ù„Ø§Ù…Ø±ÙŠÙƒÙŠØªÙŠÙ†,8.264795630017001e-06,11,6,8.264795630017001e-06,0.0
ÙˆØ§Ù„Ø§Ø³ØªØºÙ†Ø§Ø¡,8.260587243726561e-06,3,3,8.260587243726561e-06,0.0
Ø§Ø·ÙˆÙ„,8.256628391890482e-06,11,10,8.256628391890482e-06,0.0
ÙˆØªØ´Ù‡Ø¯,8.256555126818832e-06,8,5,8.256555126818832e-06,0.0
Ù†Ø§ØªÙŠÙƒØ³ÙŠØ³,8.255098344943454e-06,5,4,8.255098344943454e-06,0.0
ÙƒÙŠÙ…ÙŠÙƒØ§Ù„Ø²,8.2545267249064e-06,18,16,8.2545267249064e-06,0.0
Ø§Ù„Ø¨Ø·Ø§Ù„Ù‡,8.254137982433438e-06,4,3,8.254137982433438e-06,0.0
Ø§Ù„Ù‚Ø·Ø§Ø¹Ø§Ù„Ø¨Ù†ÙˆÙƒ,8.253732033463119e-06,25,4,8.253732033463119e-06,0.0
Ø§Ù„ÙØªØ±Ù‡Ø§Ù„Ø§Ø±Ø¨Ø§Ø­,8.253732033463119e-06,25,4,8.253732033463119e-06,0.0
Ø§Ù„Ø­ØµÙŠÙ„Ù‡,8.253732033463119e-06,25,4,8.253732033463119e-06,0.0
Ø§Ù„Ø¹Ù…Ø§Ù†ÙŠÙ‡,8.251560716356026e-06,5,4,8.251560716356026e-06,0.0
ÙˆØ§Ù„ØªÙØ§Ø¹Ù„,8.237832340970167e-06,7,5,8.237832340970167e-06,0.0
Ø²ÙŠØ§Ø±Ø§Øª,8.236631679722439e-06,5,5,8.236631679722439e-06,0.0
Ù„Ø¯ÙˆÙ„,8.23520535509772e-06,13,9,8.23520535509772e-06,0.0
Ù…Ø¬Ù‡Ø²Ù‡,8.230780975098399e-06,5,5,8.230780975098399e-06,0.0
Ù„Ø¸Ø±ÙˆÙ,8.22005711762995e-06,24,17,8.22005711762995e-06,0.0
Ø¹Ø§Ù„,8.21973208649943e-06,33,17,8.21973208649943e-06,0.0
Ø§Ù…Ø§Ù…Ù‡Ø§,8.215627808828895e-06,3,3,8.215627808828895e-06,0.0
Ø­Ø§ÙØ¸,8.215417438428591e-06,123,23,8.215417438428591e-06,0.0
Ø³Ø¹ÙˆØ¯,8.213948792160009e-06,240,120,8.213948792160009e-06,0.0
ÙƒØ§Ø¹Ù„ÙŠ,8.212591359480598e-06,56,20,8.212591359480598e-06,0.0
ÙˆÙ…Ø¨ÙŠØ¹Ø§Øª,8.212282793003834e-06,25,13,8.212282793003834e-06,0.0
ÙˆÙØ±Ø¹ÙŠÙ†,8.205904885034684e-06,8,3,8.205904885034684e-06,0.0
Ø¹ÙˆØ¶Øª,8.20233385546855e-06,3,3,8.20233385546855e-06,0.0
ØµØ¯Ø§Ø±Ù‡,8.20184219288534e-06,52,13,8.20184219288534e-06,0.0
Ø³ÙŠØ§Ø­ØªÙØ§Ø¸Ø§Ø­ØªÙØ§Ø¸,8.201789396646439e-06,3,3,8.201789396646439e-06,0.0
Ù„Ù„Ù…Ø¬Ù„Ø³,8.197003191223864e-06,24,17,8.197003191223864e-06,0.0
Ø³ØªØ­Ù‚Ù‚,8.19582113159147e-06,16,12,8.19582113159147e-06,0.0
Ø¨Ø§ÙŠ,8.195580131635575e-06,66,30,8.195580131635575e-06,0.0
ÙˆØ§Ø³ØªØ¹Ø±Ø§Ø¶,8.193852876981706e-06,3,3,8.193852876981706e-06,0.0
Ø§Ù„Ù‚ÙŠØ§Ø³ÙŠ,8.19147229914608e-06,516,19,8.19147229914608e-06,0.0
Ø§ØºÙ„ÙŠ,8.189309798045806e-06,3,3,8.189309798045806e-06,0.0
Ø§Ù„MEG,8.188221976729168e-06,16,14,8.188221976729168e-06,0.0
Ø¬Ù‡Ø¯,8.179755024450397e-06,61,32,8.179755024450397e-06,0.0
Ø§Ù„Ø³Ø¹ÙˆØ¯ÙŠÙ†Ø´Ø±Øª,8.172030396395733e-06,36,6,8.172030396395733e-06,0.0
Ø§ÙŠØ¬Ø§Ø¯,8.170104518581039e-06,61,50,8.170104518581039e-06,0.0
ÙˆÙŠØµØ¹Ø¨,8.159157190159556e-06,6,3,8.159157190159556e-06,0.0
Ø§Ø¯Ø§Ø¦Ù‡Ø§,8.15540889626712e-06,92,38,8.15540889626712e-06,0.0
Ø±Ø¦ÙŠØ³Ø§,8.154682264653007e-06,122,59,8.154682264653007e-06,0.0
Ø³Ø¹Ø±,8.15029870679982e-06,21200,914,8.15029870679982e-06,0.0
ÙŠØ­Ø¯,8.147441988866642e-06,5,5,8.147441988866642e-06,0.0
ÙŠØ³ØªÙ†Ø¯,8.141314548335497e-06,7,3,8.141314548335497e-06,0.0
ÙŠØ³ØªØ«Ù†ÙŠ,8.139003231680097e-06,42,14,8.139003231680097e-06,0.0
Ø§Ù„Ø§Ø¦ØªÙ…Ø§Ù†Ø§Ù„ÙØªØ±Ù‡Ø§Ù„Ø§Ø¬Ù…Ø§Ù„ÙŠ,8.139003231680097e-06,42,14,8.139003231680097e-06,0.0
ÙˆÙ‚Ø±ÙˆØ¶Ø§,8.139003231680097e-06,42,14,8.139003231680097e-06,0.0
ÙˆØ§Ù„ØªØ§Ø¬ÙŠØ±,8.139003231680097e-06,42,14,8.139003231680097e-06,0.0
Ø§Ù„ÙØªØ±Ù‡ØªØ±Ù…ÙŠÙ…,8.139003231680097e-06,42,14,8.139003231680097e-06,0.0
Ø§Ù„ÙØªØ±Ù‡Ø§Ù„Ø§ÙØ±Ø§Ø¯,8.139003231680097e-06,42,14,8.139003231680097e-06,0.0
ÙˆØ§Ø«Ø§Ø«,8.139003231680097e-06,42,14,8.139003231680097e-06,0.0
ÙˆØ³ÙŠØ§Ø­Ù‡,8.139003231680097e-06,42,14,8.139003231680097e-06,0.0
Ù…Ø¨Ø¯Ø¦ÙŠÙ‡,8.13796738188628e-06,18,16,8.13796738188628e-06,0.0
Ø§Ù„ØªØºÙŠØ±Ø§Ù„Ø­ØµÙ‡,8.137519808310677e-06,18,6,8.137519808310677e-06,0.0
Ø§Ù„Ù…Ø¹Ø§ÙŠÙŠØ±,8.137006305183176e-06,69,53,8.137006305183176e-06,0.0
Ù„Ù„Ø±Ø¨Ø·,8.135910787000056e-06,7,5,8.135910787000056e-06,0.0
Ù„ØªØ¹ÙŠÙŠÙ†Ù‡,8.134119439711878e-06,4,4,8.134119439711878e-06,0.0
Ø§Ø¬ØªÙŠØ§Ø²,8.125940975333562e-06,14,5,8.125940975333562e-06,0.0
Ø³ØªØ³ØªÙÙŠØ¯,8.124752001118039e-06,15,9,8.124752001118039e-06,0.0
Ù…ØªØ§Ø­,8.122476764455963e-06,84,68,8.122476764455963e-06,0.0
ÙˆØ§Ø­ÙƒØ§Ù…Ù‡Ø§,8.115660309311614e-06,8,7,8.115660309311614e-06,0.0
ÙˆØ§Ù„Ø·Ù„Ø¨,8.10850192579426e-06,42,22,8.10850192579426e-06,0.0
Ø§Ù„ØºØ§Ù…Ø¯ÙŠ,8.106494299329475e-06,94,42,8.106494299329475e-06,0.0
Ø§Ù„Ù„Ø¬ÙŠÙ†,8.104644736603272e-06,393,106,8.104644736603272e-06,0.0
Ø§Ù„Ø§Ø´Ø±Ø§Ù,8.103434082222034e-06,39,14,8.103434082222034e-06,0.0
Ø§Ù„Ø§Ø±ØµØ¯Ù‡,8.101815298102641e-06,22,9,8.101815298102641e-06,0.0
Ø§Ù„Ø±Ø³,8.092880474115117e-06,7,4,8.092880474115117e-06,0.0
Ø­Ø±ÙƒÙ‡,8.090009844362637e-06,41,23,8.090009844362637e-06,0.0
Ø§Ù„Ø§Ø¹Ù„Ø§Ù†ØªØ¹Ù„Ù†,8.086339571673057e-06,17,16,8.086339571673057e-06,0.0
Ù„Ù„Ø­Ø¬Ø§Ø¬,8.08220906701063e-06,5,4,8.08220906701063e-06,0.0
ÙˆØ®Ø¨Ø±Ø§Øª,8.081642177950115e-06,10,10,8.081642177950115e-06,0.0
Ø§Ù„ÙˆØ²Ù†,8.0789399856847e-06,41,5,8.0789399856847e-06,0.0
Ø³ÙŠØ¹Ù‚Ø¯,8.078474145684965e-06,29,27,8.078474145684965e-06,0.0
Ø§Ù„Ù…Ø­ØµÙ„Ù‡,8.07581080032294e-06,8,3,8.07581080032294e-06,0.0
Ø¨Ù…Ù‚Ø±,8.073841810240756e-06,76,61,8.073841810240756e-06,0.0
ÙˆØ§Ù„Ù…Ø±Ø§ÙƒØ²,8.07129514425689e-06,15,7,8.07129514425689e-06,0.0
Ø®ØµÙˆÙ…,8.070359099215105e-06,5,3,8.070359099215105e-06,0.0
Ù„Ù„Ø­Ø§Ø¶Ø±ÙŠÙ†,8.06653177747974e-06,49,46,8.06653177747974e-06,0.0
ØªØ­Ù‚ÙŠÙ‚Ù‡,8.064458869900864e-06,10,9,8.064458869900864e-06,0.0
Ù„ØªØ´ÙŠÙŠØ¯,8.050834391927172e-06,8,5,8.050834391927172e-06,0.0
Ø§Ù„Ø§Ù„ÙƒØªØ±ÙˆÙ†ÙŠØ¨Ø§Ù…ÙƒØ§Ù†,8.048954012776494e-06,23,23,8.048954012776494e-06,0.0
Ø§Ù„Ø¨Ø­Ø«ÙŠ,8.047304848982833e-06,6,5,8.047304848982833e-06,0.0
Ø§Ù„ØªØ±ÙƒÙŠ,8.045355304023026e-06,68,26,8.045355304023026e-06,0.0
Ø§Ù„Ù…Ø³Ø¨Ù‚Ù‡,8.045111888551292e-06,18,4,8.045111888551292e-06,0.0
Ø§Ù†Ù‚Ø·Ø§Ø¹Ø§Øª,8.043810198672708e-06,15,9,8.043810198672708e-06,0.0
Ø§Ù„Ø²Ø±Ø§Ø¹ÙŠÙ‡,8.035388683288417e-06,1162,284,8.035388683288417e-06,0.0
Ø§Ù†ÙØ§Ù‚,8.034494755487445e-06,26,15,8.034494755487445e-06,0.0
Ø§Ù„Ù…Ù„Ø²,8.03416883998835e-06,6,4,8.03416883998835e-06,0.0
Ø¨Ø§Ù„Ù…Ù‚Ø§Ø¨Ù„,8.029854405276295e-06,7,5,8.029854405276295e-06,0.0
UFHC,8.020305990493812e-06,13,3,8.020305990493812e-06,0.0
ÙŠØ¹Ù„Ù†Ø´Ø±Ø§Ø¡,8.019018109638071e-06,12,3,8.019018109638071e-06,0.0
ÙˆØªÙ…,8.015283468201061e-06,338,160,8.015283468201061e-06,0.0
Ø§Ù„ØµØ¯Ø§Ø±Ù‡,8.013749716933115e-06,4,4,8.013749716933115e-06,0.0
ÙˆÙÙˆØ±,8.009577636551144e-06,7,3,8.009577636551144e-06,0.0
Ù†Ø®Ø·Ø·,8.008246251675333e-06,4,4,8.008246251675333e-06,0.0
ÙØ±ØµØ§,8.007180559662551e-06,35,27,8.007180559662551e-06,0.0
Ù„ØªØ§Ù‡ÙŠÙ„,8.006216512748583e-06,12,9,8.006216512748583e-06,0.0
goo,8.004924927696372e-06,46,41,8.004924927696372e-06,0.0
gl,8.004924927696372e-06,46,41,8.004924927696372e-06,0.0
Ø§Ù„Ø¹Ù…Ø±ÙŠ,8.002621060739494e-06,33,10,8.002621060739494e-06,0.0
Ù…Ø³Ø§Ù‡Ù…ØªÙ‡,8.002096643070912e-06,31,9,8.002096643070912e-06,0.0
Ø§Ù†Ù‡ÙŠ,8.0016759667586e-06,27,6,8.0016759667586e-06,0.0
ÙˆØ§Ø­Ø¯Ø§,7.997537132464883e-06,71,29,7.997537132464883e-06,0.0
Ø§Ø³ØªÙ‚Ø±,7.997297608677775e-06,10,8,7.997297608677775e-06,0.0
Ø¬Ù†ÙŠ,7.995071958205611e-06,13,7,7.995071958205611e-06,0.0
Ø®Ø·Ø§Ø¨,7.991493804202317e-06,21,13,7.991493804202317e-06,0.0
Ø§Ù„Ø®Ø·ÙŠ,7.989504907849594e-06,9,8,7.989504907849594e-06,0.0
ØªÙ‚Ù„Ø¯,7.988623051883261e-06,7,6,7.988623051883261e-06,0.0
Ø§Ù„Ø´Ø§Ù…Ù„Ù‡,7.986748055681792e-06,41,29,7.986748055681792e-06,0.0
Ø§Ù„ØªÙˆÙŠØ¬Ø±ÙŠ,7.983712089136381e-06,8,6,7.983712089136381e-06,0.0
Ø§Ù„Ø®Ø·Ø§Ø¨,7.982407442078725e-06,6,5,7.982407442078725e-06,0.0
ÙŠÙ…Ø«Ù„ÙˆÙ†,7.979935325998392e-06,84,63,7.979935325998392e-06,0.0
Ø§Ù‡Ø§Ù„ÙŠ,7.975986392872617e-06,6,4,7.975986392872617e-06,0.0
Ù…Ø¹Ø¸Ù…Ù‡,7.97434509107718e-06,5,5,7.97434509107718e-06,0.0
Ø§Ù„ØªØ¹Ø¯ÙŠÙ†ÙŠÙ‡,7.963248721544123e-06,14,12,7.963248721544123e-06,0.0
Ø§Ù„Ù…Ù„Ø­Ù‚Ù‡,7.960327599020241e-06,113,100,7.960327599020241e-06,0.0
Ø§Ù„Ø§Ù‡ØªÙ…Ø§Ù…,7.959887453438103e-06,31,23,7.959887453438103e-06,0.0
ÙƒÙ„Ù‡,7.95916840215371e-06,3,3,7.95916840215371e-06,0.0
ØªØ³Ø§Ù‡Ù…,7.949795308653787e-06,53,36,7.949795308653787e-06,0.0
Ø§Ù„Ø¹Ø§Ù…Ù‡ÙÙ†Ø¯Ù‚,7.945965019635954e-06,4,4,7.945965019635954e-06,0.0
Ø§Ù„Ø¨Ø·Ø§Ù‚Ø§Øª,7.9450160833414e-06,53,22,7.9450160833414e-06,0.0
ÙˆÙƒØ´Ù,7.939958031471101e-06,31,26,7.939958031471101e-06,0.0
Ø§Ù„Ø´Ø¨ÙƒØ§Øª,7.933986348566071e-06,47,36,7.933986348566071e-06,0.0
Ø¨Ø§Ù„Ø¹Ù…Ù„ÙŠØ§Øª,7.931796680300636e-06,6,3,7.931796680300636e-06,0.0
Ø¨Ø¬Ø²ÙŠÙ„,7.91994807529787e-06,3,3,7.91994807529787e-06,0.0
Ù„ØªØ¬Ø¯ÙŠØ¯,7.913643746996355e-06,10,7,7.913643746996355e-06,0.0
Ø¨Ø§Ù„Ù…Ø¦Ù‡,7.912725092727068e-06,49,18,7.912725092727068e-06,0.0
Ø§Ù„Ø«Ù„Ø§Ø«,7.90778515026364e-06,63,37,7.90778515026364e-06,0.0
Ø§Ù„ØªØ®Ù„Øµ,7.899651744892147e-06,7,3,7.899651744892147e-06,0.0
Ø§Ù„Ù†Ù‚Ù„Ù‡,7.898399069767953e-06,3,3,7.898399069767953e-06,0.0
Ù‚Ø±Ø·Ø¨Ù‡,7.896191277405687e-06,3,3,7.896191277405687e-06,0.0
Ø¹Ø¨Ø¯Ø§Ù„ÙˆØ§Ø­Ø¯,7.894657364173501e-06,16,9,7.894657364173501e-06,0.0
Ø§Ù„Ø°Ø§ØªÙŠÙ‡,7.894157197989639e-06,110,74,7.894157197989639e-06,0.0
ÙØ±ÙŠØ¯Ù‡,7.890232426793863e-06,9,8,7.890232426793863e-06,0.0
Ø¨Ø§Ù„ÙˆÙ„Ø§ÙŠØ§Øª,7.888857737938908e-06,11,10,7.888857737938908e-06,0.0
Ø±ÙŠØ§Ù„Ù…ÙƒØ±Ø±,7.887423345245882e-06,6,6,7.887423345245882e-06,0.0
ÙˆØªÙ†Ø¸ÙŠÙ…,7.885528519455846e-06,11,11,7.885528519455846e-06,0.0
Ø¨Ø§Ù„Ù†ØµÙ,7.88527685601017e-06,5,5,7.88527685601017e-06,0.0
Ø³Ø¯ÙŠØ±,7.881505468643985e-06,17,5,7.881505468643985e-06,0.0
Ù„Ù…Ø²Ø§ÙˆÙ„Ù‡,7.879003431025894e-06,15,3,7.879003431025894e-06,0.0
Ø³Ø±ÙŠØ¹Ø§,7.876822230653867e-06,3,3,7.876822230653867e-06,0.0
ÙˆÙ…Ø±Ø®Øµ,7.876285769151161e-06,4,3,7.876285769151161e-06,0.0
Ø§Ù„Ø±Ø§Ù‡Ù†Ù‡,7.874763803830177e-06,8,8,7.874763803830177e-06,0.0
ÙˆÙŠØ¹Ø²Ø²,7.86843362262279e-06,16,14,7.86843362262279e-06,0.0
Ø§Ù…ÙƒØ§Ù†,7.86768547638381e-06,5,3,7.86768547638381e-06,0.0
Ø§Ù„ØªØ¹Ø§Ù…Ù„Ø§Øª,7.86574414314329e-06,32,13,7.86574414314329e-06,0.0
Ø¨Ù…Ù‡Ø§Ù…Ù‡,7.860203981054095e-06,7,7,7.860203981054095e-06,0.0
Ø¨Ø´Ø±Ø§Ø¡,7.857738694965952e-06,50,27,7.857738694965952e-06,0.0
Ø§Ù„Ø¬Ù…Ø¹ÙŠØ§Øª,7.857404555082337e-06,32,19,7.857404555082337e-06,0.0
Ø§Ù„ØºØ§Ù„ÙŠ,7.85555171193869e-06,13,9,7.85555171193869e-06,0.0
Ø§Ù„Ù…Ù‡Ù†Ø¯Ø³ÙŠÙ†,7.853802787211552e-06,16,10,7.853802787211552e-06,0.0
Ø§Ù„Ù„Ù‚Ø§Ø¡,7.853047012151495e-06,95,55,7.853047012151495e-06,0.0
Ø§Ø¹Ø¯Ø§Ø¯,7.84952706620721e-06,107,62,7.84952706620721e-06,0.0
Ø§Ù…ØªØ«Ø§Ù„Ø§,7.848143728660773e-06,11,3,7.848143728660773e-06,0.0
Ø§Ù„Ù…Ø³ØªÙ‚Ø¨Ù„ÙŠÙ‡,7.8465564373087e-06,300,126,7.8465564373087e-06,0.0
Ø§Ù„Ù…Ø´ÙˆØ±Ù‡,7.84321478796074e-06,19,15,7.84321478796074e-06,0.0
Ø§Ù„Ø­Ø¯Ø«Ù„Ø§,7.837216397815435e-06,4,3,7.837216397815435e-06,0.0
ÙŠÙ†Ø·Ø¨Ù‚Ø§Ù„ØªÙƒØ§Ù„ÙŠÙ,7.837216397815435e-06,4,3,7.837216397815435e-06,0.0
Ù…Ù„ÙƒÙŠÙ‡,7.83506090209445e-06,557,122,7.83506090209445e-06,0.0
ÙˆØ¹Ù…Ø§Ù†,7.833967986093451e-06,3,3,7.833967986093451e-06,0.0
Ø§Ù„Ù…Ø²Ø§Ø¯Ø§Ù„ØªØºÙŠØ±Ø§Ù„ÙˆØ·Ù†ÙŠÙ‡,7.832127654610041e-06,38,14,7.832127654610041e-06,0.0
Ù…Ø·Ù„ÙˆØ¨Ù‡,7.830636521709188e-06,14,4,7.830636521709188e-06,0.0
Ø§Ù„Ù‚Ù†Ø§Ù‡,7.826507484079832e-06,5,3,7.826507484079832e-06,0.0
ÙˆØ§Ù„ØªØ²Ø§Ù…Ø§ØªÙ‡,7.825755172282806e-06,29,12,7.825755172282806e-06,0.0
ÙˆØ§Ù„Ù‡Ù†Ø¯,7.8242059129907e-06,10,10,7.8242059129907e-06,0.0
ÙˆØ§Ø³Ù‡Ù…Øª,7.821721207067147e-06,5,3,7.821721207067147e-06,0.0
Ø§Ù„Ù…Ø±ÙƒØ²ÙŠÙ†,7.819081760791242e-06,6,4,7.819081760791242e-06,0.0
ÙØ±Ø²,7.81492879042626e-06,59,50,7.81492879042626e-06,0.0
ÙˆØ§Ø¬Ù‡,7.811841713087198e-06,3,3,7.811841713087198e-06,0.0
ÙˆÙŠØªØ¹ÙŠÙ†,7.80816361545856e-06,8,4,7.80816361545856e-06,0.0
ÙƒØ¨Ø±ÙŠ,7.805598915032047e-06,49,36,7.805598915032047e-06,0.0
ØªØ³Ù„Ø·,7.804520429995989e-06,4,4,7.804520429995989e-06,0.0
Ø§Ù„Ø§Ø­ØªÙØ§Ù„,7.799249789198976e-06,9,6,7.799249789198976e-06,0.0
Ø§Ù„Ø®Ø§ØµÙ‡Ø§Ù„Ø´Ø±ÙƒÙ‡Ø³Ø¹Ø±,7.794948814135197e-06,649,226,7.794948814135197e-06,0.0
Ø§Ù„Ù…ØªØ­Ø¯Ù‡,7.790145762336527e-06,599,209,7.790145762336527e-06,0.0
ÙÙŠØ¨ÙƒÙˆ,7.788493160161893e-06,284,95,7.788493160161893e-06,0.0
Ù„Ù…Ø³Ø§Ù‡Ù…ÙŠÙ†Ø§,7.787519331166958e-06,3,3,7.787519331166958e-06,0.0
Ø¬ÙˆØ§Ù„,7.784636949378432e-06,6,6,7.784636949378432e-06,0.0
ÙˆÙˆØ¬ÙˆØ¯,7.784464441327347e-06,4,4,7.784464441327347e-06,0.0
Ø·Ø±Ø­Ø§,7.78196255818594e-06,7,6,7.78196255818594e-06,0.0
ÙŠØ­Ø¶Ø±,7.78124841290395e-06,9,5,7.78124841290395e-06,0.0
ØµØ­ÙŠØ­Ø§,7.780964938835929e-06,74,51,7.780964938835929e-06,0.0
ØªØ´ØºÙŠÙ„,7.780459855201004e-06,278,96,7.780459855201004e-06,0.0
Ø§Ù„Ù…Ø¨Ø§Ø±ÙƒÙ‡,7.771982875461182e-06,4,3,7.771982875461182e-06,0.0
Ù‚Ø¯Ø±Ø§ØªÙ‡Ø§,7.770941930069638e-06,12,10,7.770941930069638e-06,0.0
Ù†Ø´Ø±ØªÙ‡Ø§,7.7705352611182e-06,89,20,7.7705352611182e-06,0.0
Ø§Ù„ØªØ¹Ù…ÙŠØ±,7.763107378189028e-06,371,89,7.763107378189028e-06,0.0
Ù„Ø®Ù„Ù‚,7.756509032714324e-06,17,15,7.756509032714324e-06,0.0
ØªØ§ÙƒØ´ÙŠØªØ§,7.755135866309415e-06,8,6,7.755135866309415e-06,0.0
Ø¨Ù…Ø´Ø±ÙˆØ¹,7.755018569742647e-06,22,20,7.755018569742647e-06,0.0
Ø§Ø³ÙŠØ§,7.754443359600137e-06,108,61,7.754443359600137e-06,0.0
Ø§Ù„Ù…Ø¹Ø¯,7.754285870451652e-06,10,4,7.754285870451652e-06,0.0
ÙˆØ§Ù„Ù‚Ø±ÙˆÙŠÙ‡,7.75388881522679e-06,31,18,7.75388881522679e-06,0.0
ÙˆØ®Ù…Ø³ÙŠÙ†,7.751503886897062e-06,5,4,7.751503886897062e-06,0.0
ØªÙÙ‚Ø¯,7.750664946943231e-06,12,9,7.750664946943231e-06,0.0
Ø³ØªØ´Ø§Ø±Ùƒ,7.747163317815874e-06,5,3,7.747163317815874e-06,0.0
Ø§Ø¨Ø±Ø§Ù‡ÙŠÙ…,7.747033949750508e-06,252,99,7.747033949750508e-06,0.0
Ù„ØªÙˆØ¬ÙŠÙ‡Ø§Øª,7.746330218926058e-06,6,6,7.746330218926058e-06,0.0
ÙˆØ§Ù„Ù…Ø¤Ø´Ø±,7.744224746265593e-06,86,5,7.744224746265593e-06,0.0
Ù…Ø­ÙØ²Ù‡,7.738102963319499e-06,12,11,7.738102963319499e-06,0.0
ÙˆØ§Ø±Ø³Ø§Ù„Ù‡,7.73635903626721e-06,4,4,7.73635903626721e-06,0.0
ÙˆØ³ØªØ³Ù‡Ù…,7.736278991901931e-06,3,3,7.736278991901931e-06,0.0
ØªÙƒÙ†,7.735123050985411e-06,16,14,7.735123050985411e-06,0.0
Ø§Ù„Ø¨ÙŠØ§Øª,7.735027246040091e-06,14,10,7.735027246040091e-06,0.0
Ø¹Ù„ÙˆØ§Ù†,7.735027246040091e-06,14,10,7.735027246040091e-06,0.0
Ø§Ù„Ø²Ø®Ù…,7.732519116102657e-06,5,3,7.732519116102657e-06,0.0
Ø§Ù„Ù…Ø±ÙƒØ²ÙŠÙ‡,7.727966434126052e-06,24,19,7.727966434126052e-06,0.0
Ø§Ù„Ù…ÙˆØ§Ø³Ø§Ù‡,7.727265597476613e-06,793,223,7.727265597476613e-06,0.0
Ø´ÙƒØ±ÙŠ,7.725465126976222e-06,23,16,7.725465126976222e-06,0.0
Ø¹Ù…Ø§Ø±,7.721768353887645e-06,43,22,7.721768353887645e-06,0.0
Ø­ÙˆØ§Ø¯Ø«,7.718889074949785e-06,6,5,7.718889074949785e-06,0.0
Ø§Ù…Ø§Ù…,7.71328288639644e-06,84,55,7.71328288639644e-06,0.0
Ø§Ù†Ø·Ù„Ø§Ù‚Ù‡,7.711945708173506e-06,15,14,7.711945708173506e-06,0.0
ÙˆØ§Ù„Ø²ÙŠØ§Ø¯Ù‡,7.71154921752075e-06,40,14,7.71154921752075e-06,0.0
Ù„Ù„Ø¯ÙØ¹,7.706323983677196e-06,10,5,7.706323983677196e-06,0.0
Ø§Ù„ØªØºÙŠØ±Ø§Ù„Ø±Ø§Ø¬Ø­ÙŠ,7.704627797694779e-06,42,9,7.704627797694779e-06,0.0
Ù†Ø§Ø³,7.69821475861372e-06,11,4,7.69821475861372e-06,0.0
ØªÙ‚Ø¯ÙŠØ±Ø§ØªÙ†Ø§,7.697154309487456e-06,31,28,7.697154309487456e-06,0.0
Ø³Ù‡Ù…Ù‡Ø§,7.695211486463263e-06,8,6,7.695211486463263e-06,0.0
Ø¨Ø§Ù„Ø§Ø³Ù‡Ù…,7.68991191970162e-06,54,22,7.68991191970162e-06,0.0
Ø§Ù„ØªØµÙ†ÙŠØ¹,7.689549142433473e-06,1154,243,7.689549142433473e-06,0.0
Ø³ÙŠØ¹Ù„Ù†,7.689044439141183e-06,7,7,7.689044439141183e-06,0.0
Ø§Ø­Ù…Ø§Ù„,7.688298293258866e-06,18,10,7.688298293258866e-06,0.0
Ø§Ù„Ø§ÙˆÙ„Ø¬Ø¯ÙˆÙ„,7.687092744474614e-06,3,3,7.687092744474614e-06,0.0
ÙˆØ§Ù„Ù†Ø§Ø´Ø¦Ù‡,7.684010276827444e-06,3,3,7.684010276827444e-06,0.0
ÙˆØ§Ù„Ø­Ø¯ÙŠØ¯,7.682481027073749e-06,5,5,7.682481027073749e-06,0.0
Ø¨Ø§Ù„Ø´Ø±ÙˆØ·,7.680550320547304e-06,43,4,7.680550320547304e-06,0.0
Ø¹Ù…Ø§Ø±Ù‡,7.677987271546384e-06,8,4,7.677987271546384e-06,0.0
Ø§Ù„Ø³Ø§Ø¨Ù‚ÙŠÙ†,7.677658934928207e-06,23,4,7.677658934928207e-06,0.0
Ø§Ù„ÙØ§Ø¦Ø²Ù‡,7.677199711062227e-06,8,7,7.677199711062227e-06,0.0
Ø§Ù„Ø§Ø¬Ù…Ø§Ù„ÙŠÙ‡,7.675595216530879e-06,203,80,7.675595216530879e-06,0.0
ÙˆØ¨Ø­Ø¯,7.672625315221743e-06,14,10,7.672625315221743e-06,0.0
ÙŠØ¬Ø¹Ù„,7.669084826507171e-06,17,14,7.669084826507171e-06,0.0
Ø§Ù„Ø³ÙƒØ§Ù†,7.663644392595049e-06,21,19,7.663644392595049e-06,0.0
ØªØªØ§Ø«Ø±,7.661331513223496e-06,39,22,7.661331513223496e-06,0.0
Ø±Ø§Ø³Ù„,7.66033469232491e-06,141,18,7.66033469232491e-06,0.0
ÙˆØ§Ø³ØªØ¬Ø§Ø¨Ù‡,7.659831534623605e-06,3,3,7.659831534623605e-06,0.0
Ø§Ù„ÙØ±ØµÙ‡,7.656391861694671e-06,36,23,7.656391861694671e-06,0.0
ÙˆÙŠØªÙ…ÙŠØ²,7.655993315623773e-06,3,3,7.655993315623773e-06,0.0
Ø§Ù„Ø­Ø¯Ø«,7.652886032393238e-06,45,30,7.652886032393238e-06,0.0
Ø§Ù„Ø³ÙØ±,7.651747150863803e-06,23,17,7.651747150863803e-06,0.0
Ø§Ù„Ù†Ø§ÙÙˆØ±Ù‡,7.648494139000292e-06,4,4,7.648494139000292e-06,0.0
ØªÙ…ÙˆÙŠÙ†,7.648494139000292e-06,4,4,7.648494139000292e-06,0.0
Ø§Ø·Ø§Ø±Ø§,7.64802429366293e-06,3,3,7.64802429366293e-06,0.0
ÙˆØ§Ù„Ø±Ù‚Ø§Ø¨ÙŠ,7.64162175154009e-06,8,3,7.64162175154009e-06,0.0
Ø§Ù„Ø§Ø´Ø±Ø§ÙÙŠ,7.64162175154009e-06,8,3,7.64162175154009e-06,0.0
Ø§Ù„Ø¨Ø§Ø±Ø²ÙŠÙ†,7.640358125540597e-06,4,4,7.640358125540597e-06,0.0
a,7.63941213491984e-06,6,3,7.63941213491984e-06,0.0
ÙˆÙ…ÙˆØ¸ÙÙŠÙ†Ø§,7.637332730869542e-06,13,10,7.637332730869542e-06,0.0
ØµÙ„Ù‡,7.635992139680018e-06,5,5,7.635992139680018e-06,0.0
Ù…ÙˆØ±Ø¬Ø§Ù†,7.634104327679408e-06,38,19,7.634104327679408e-06,0.0
Ø§Ù„ÙƒÙŠÙ…Ø§ÙˆÙŠØ§Øª,7.63215547853116e-06,159,76,7.63215547853116e-06,0.0
Ø§ÙˆØ±Ø§ÙƒÙ„,7.632031731380341e-06,6,3,7.632031731380341e-06,0.0
Ø·ÙˆÙŠÙ„,7.629127744913746e-06,34,28,7.629127744913746e-06,0.0
Ø§Ù†Ø­Ø§Ø¡,7.628535623108896e-06,60,56,7.628535623108896e-06,0.0
Ø§Ù„Ù…Ù„ØºØ§Ù‡,7.624313746347246e-06,12,3,7.624313746347246e-06,0.0
Ù‚Ø±ÙˆØ¶Ø§,7.623726144998123e-06,29,11,7.623726144998123e-06,0.0
Corvex,7.6218898124498394e-06,10,5,7.6218898124498394e-06,0.0
Management,7.6218898124498394e-06,10,5,7.6218898124498394e-06,0.0
North,7.6218898124498394e-06,10,5,7.6218898124498394e-06,0.0
Ù„Ø·Ø±Ø­,7.621118235886881e-06,44,25,7.621118235886881e-06,0.0
ÙˆÙŠØ±ÙÙ‚,7.619655944361719e-06,3,3,7.619655944361719e-06,0.0
Ø§Ù„Ø´Ø±ÙƒØ§ØªØ§Ù„ÙØªØ±Ù‡Ø§Ø¬Ù…Ø§Ù„ÙŠ,7.6188274494818e-06,12,4,7.6188274494818e-06,0.0
Ù†Ø³Ø¨ÙŠØ§,7.6168392662182435e-06,34,15,7.6168392662182435e-06,0.0
Ø§Ù„Ù…Ø§Ù„ÙƒÙ‡,7.615378069369224e-06,6,4,7.615378069369224e-06,0.0
ÙƒØ«ÙŠÙÙ‡,7.613291945404035e-06,5,4,7.613291945404035e-06,0.0
ÙˆØ§Ù„Ù…ØºÙ„Ù‚Ù‡Ù…ØµØ±Ù,7.608839309269775e-06,9,3,7.608839309269775e-06,0.0
Ø³ØªÙŠØª,7.608839309269775e-06,18,3,7.608839309269775e-06,0.0
Ù…Ø±Ø´Ø­Ù‡,7.6087712722500525e-06,37,3,7.6087712722500525e-06,0.0
ØªØ³Ø±ÙŠ,7.605785118530043e-06,31,17,7.605785118530043e-06,0.0
Ù„ØªØ³Ø¬ÙŠÙ„,7.605373289093807e-06,18,10,7.605373289093807e-06,0.0
Ø§Ø³ØªÙƒØ´Ø§Ù,7.600735800187177e-06,23,18,7.600735800187177e-06,0.0
Ù‚Ø¨Ù„Ù‡Ø§,7.599764901895045e-06,6,5,7.599764901895045e-06,0.0
Ø§Ù†Ø´Ø§Ø¤Ù‡,7.595447492260721e-06,9,9,7.595447492260721e-06,0.0
Ù„Ù„Ø§Ø³ØªÙØ§Ø¯Ù‡,7.593370124630537e-06,78,41,7.593370124630537e-06,0.0
Ø¨Ø§Ù„Ù…Ù†ØªØ¯ÙŠ,7.5930615076796825e-06,3,3,7.5930615076796825e-06,0.0
Ø§Ù„Ø´Ø±ÙƒÙ‡Ø§Ù„Ø´Ø±ÙƒÙ‡,7.590474269971796e-06,31,4,7.590474269971796e-06,0.0
ØªØµØ¯Ø±Ù‡Ø§,7.590093381634518e-06,99,27,7.590093381634518e-06,0.0
Ù…Ø³Ø¤ÙˆÙ„ÙŠÙ‡,7.589306005917434e-06,52,38,7.589306005917434e-06,0.0
Ø§Ù„Ù…Ø°ÙƒÙˆØ±Ù‡,7.586662408050997e-06,25,18,7.586662408050997e-06,0.0
ÙŠÙ†Ø¨ØºÙŠ,7.57947517603672e-06,13,9,7.57947517603672e-06,0.0
Ø§Ù„Ø³Ø§Ù…ÙŠ,7.5752677206521365e-06,3,3,7.5752677206521365e-06,0.0
Ø¨Ø§Ù„Ù†ÙŠØ§Ø¨Ù‡,7.573246229441273e-06,11,7,7.573246229441273e-06,0.0
Ø§Ù„ØºØ§Ø²,7.5728041933108145e-06,366,113,7.5728041933108145e-06,0.0
ØªÙ‚Ø¯Ù…Øª,7.564822089772044e-06,11,6,7.564822089772044e-06,0.0
Ø§Ø®Ø±Ù‡Ø§,7.564454637050794e-06,8,8,7.564454637050794e-06,0.0
Ø¨ØµÙÙ‡,7.564090554738661e-06,28,22,7.564090554738661e-06,0.0
Ù…ØªØ§Ø­Ø§,7.559404008077929e-06,48,39,7.559404008077929e-06,0.0
Ø¹Ø¨Ø¯Ø§Ù„ÙˆÙ‡Ø§Ø¨,7.55799029422751e-06,3,3,7.55799029422751e-06,0.0
ÙˆØ³Ù„Ø³Ù„Ù‡,7.554934791400685e-06,15,11,7.554934791400685e-06,0.0
Ø¶ÙˆØ§Ø¨Ø·,7.552992434263321e-06,687,235,7.552992434263321e-06,0.0
Ø¨Ø¯Ø¡,7.551420699587319e-06,342,145,7.551420699587319e-06,0.0
ØªÙˆØ¬Ù‡,7.551293919980195e-06,91,50,7.551293919980195e-06,0.0
Ø§Ù„Ù…ØªØµÙ„Ù‡,7.549873551600508e-06,20,19,7.549873551600508e-06,0.0
Ø¹Ù†Ø§ÙŠÙ‡,7.5496755071566334e-06,321,138,7.5496755071566334e-06,0.0
Ù„Ù„Ø¸Ø±ÙˆÙ,7.548393842362731e-06,6,6,7.548393842362731e-06,0.0
Ù„ØªÙ‚Ù†ÙŠÙ‡,7.545079064678232e-06,24,15,7.545079064678232e-06,0.0
Ù„Ù„Ø¯Ø¹Ù…,7.544701311942209e-06,6,3,7.544701311942209e-06,0.0
Ø§Ù„Ø§Ø¨ØªÙƒØ§Ø±ÙŠÙ‡,7.541449763358006e-06,8,5,7.541449763358006e-06,0.0
Ù†ÙˆØ§ÙŠØ§,7.541132089244026e-06,7,5,7.541132089244026e-06,0.0
ÙˆÙØ¯,7.540910038945892e-06,18,13,7.540910038945892e-06,0.0
Ø¨Ø§Ù„Ø¯Ø¹Ù…,7.538348826496964e-06,9,7,7.538348826496964e-06,0.0
Ø¨ØºØ±Ø¶,7.535359805274737e-06,165,56,7.535359805274737e-06,0.0
Ù„Ù„Ø§Ø³ØªÙØ³Ø§Ø±Ø§Øª,7.534360787439638e-06,3,3,7.534360787439638e-06,0.0
Ø§Ù„Ø¬Ø¨Ø³,7.5270439504252746e-06,182,64,7.5270439504252746e-06,0.0
ÙˆØ§Ø¯Ø±Ø§Ø¬,7.526446019878088e-06,17,12,7.526446019878088e-06,0.0
ØªØ¯Ø§ÙˆÙ„Ø§,7.523137867396004e-06,209,27,7.523137867396004e-06,0.0
Ø§Ù„Ù…Ø³ØªØ®Ø¯Ù…Ù‡,7.522667188024543e-06,35,32,7.522667188024543e-06,0.0
ÙˆØ¨Ù…ÙˆØ¬Ø¨,7.521460962204651e-06,33,28,7.521460962204651e-06,0.0
Ø§Ù†ØªØ´Ø§Ø±Ù‡,7.5195520899310325e-06,30,29,7.5195520899310325e-06,0.0
Ø§Ù„Ø§Ù†Ø·Ù„Ø§Ù‚,7.512347912242443e-06,12,7,7.512347912242443e-06,0.0
Ø§Ù„Ù…Ø²Ø§Ø¯Ø§Ù„ØªØºÙŠØ±Ø²ÙŠÙ†,7.512290321039386e-06,20,3,7.512290321039386e-06,0.0
Ø§Ù„Ø§Ù†Ù…Ø§Ø¡,7.509560025154233e-06,2460,365,7.509560025154233e-06,0.0
ÙˆØ¹Ù„ÙŠÙ‡,7.508181912319746e-06,63,42,7.508181912319746e-06,0.0
Ø§Ù„Ø¹Ù†Ø§ÙˆÙŠÙ†,7.501103792129463e-06,5,5,7.501103792129463e-06,0.0
Ø¨Ø®Ø§Ù„Øµ,7.49931073978514e-06,6,6,7.49931073978514e-06,0.0
Ø§Ø³Ø¨ÙˆØ¹ÙŠ,7.499075175146066e-06,7,3,7.499075175146066e-06,0.0
Ù„Ø¬Ù…ÙŠØ¹,7.480762376695582e-06,356,202,7.480762376695582e-06,0.0
Ù…Ø­ØªÙ…Ù„,7.479888270482094e-06,20,17,7.479888270482094e-06,0.0
Ø§Ø¶Ø§ÙÙŠÙ‡ÙƒÙ…Ø§,7.477215893019763e-06,4,4,7.477215893019763e-06,0.0
Ø¨Ø§Ø³ØªÙ…Ø±Ø§Ø±,7.476819936362435e-06,41,33,7.476819936362435e-06,0.0
Ø§Ù„Ø¹Ø§Ù„Ù…,7.4751534090749335e-06,487,224,7.4751534090749335e-06,0.0
Ø³ØªÙ„ØªØ²Ù…,7.474698867018098e-06,10,3,7.474698867018098e-06,0.0
ÙˆØ§Ù„Ø§Ø¯Ø§Ø±Ù‡,7.471602779241323e-06,41,26,7.471602779241323e-06,0.0
Ø§Ù„Ù…Ø³ØªØ´Ø§Ø±,7.466280680186864e-06,22,14,7.466280680186864e-06,0.0
Ø§Ù„ØªÙÙˆÙ‚,7.461184759783253e-06,3,3,7.461184759783253e-06,0.0
Ø§Ù„Ù…Ø³Ø¤ÙˆÙ„,7.459202669572299e-06,48,8,7.459202669572299e-06,0.0
Ø§Ù„ÙŠÙ‡Ù…,7.45352166424264e-06,9,8,7.45352166424264e-06,0.0
Ø­ØµØµ,7.450108005435887e-06,125,35,7.450108005435887e-06,0.0
Ù…Ø´ØªØ±,7.4412345746769854e-06,676,233,7.4412345746769854e-06,0.0
Ø¨Ø§Ù„Ø´Ø±Ø§Ø¡,7.425771986980861e-06,90,41,7.425771986980861e-06,0.0
Ø§Ù„Ø´Ø­Ù†,7.425515937332132e-06,30,13,7.425515937332132e-06,0.0
Ø§Ù„Ù‡Ù…Ù‡,7.424124361000701e-06,23,3,7.424124361000701e-06,0.0
ÙˆÙ…Ø³ØªØ«Ù…Ø±,7.42235944824182e-06,675,232,7.42235944824182e-06,0.0
Ø¨Ø§Ø¦Ø¹,7.42235944824182e-06,675,232,7.42235944824182e-06,0.0
Ø§Ù„Ø­Ù„ÙŠØ¨,7.413864701992642e-06,17,11,7.413864701992642e-06,0.0
ÙˆÙ…ØµÙ†Ø¹,7.413150872901608e-06,27,18,7.413150872901608e-06,0.0
Ù…ØµØ±Ù,7.4103607097456845e-06,2652,405,7.4103607097456845e-06,0.0
Ù…Ø±ØªÙØ¹,7.406761290926565e-06,6,4,7.406761290926565e-06,0.0
Ù…ÙˆØ¹Ø¯Ù‡,7.404935609452741e-06,9,8,7.404935609452741e-06,0.0
Ø§Ù„Ù…Ø¤Ø³Ø³ÙŠÙŠÙ†,7.4016544424010594e-06,8,7,7.4016544424010594e-06,0.0
Ø§Ù„Ù…Ø²Ø§Ø¯Ø§Ù„ØªØºÙŠØ±Ø¬Ø±ÙŠØ±,7.401501210529368e-06,9,5,7.401501210529368e-06,0.0
Ù‡Ø±ÙÙŠ,7.3966567150770305e-06,388,124,7.3966567150770305e-06,0.0
Ø§Ù„Ø¹ÙŠØ¯,7.396297094818087e-06,29,5,7.396297094818087e-06,0.0
Ù„Ù„Ù…Ø¤Ø³Ø³Ø§Øª,7.3927327181414925e-06,470,64,7.3927327181414925e-06,0.0
Ø¨Ø§Ù„Ø¬Ø§Ù…Ø¹Ù‡,7.391478610036399e-06,4,3,7.391478610036399e-06,0.0
ØªØ­ØªÙŠÙ‡,7.391260303370305e-06,20,17,7.391260303370305e-06,0.0
Ø§Ù„Ø§Ù…ØªÙŠØ§Ø²,7.387422255555348e-06,21,14,7.387422255555348e-06,0.0
ÙˆØ§Ø¸Ù‡Ø±Øª,7.385968907307537e-06,62,44,7.385968907307537e-06,0.0
Shareholders,7.380198827220552e-06,11,10,7.380198827220552e-06,0.0
Ø¹Ø²Ù…Ù‡,7.377652359652343e-06,12,8,7.377652359652343e-06,0.0
ÙˆØ§Ù„Ù‚ÙˆØ§Ø¹Ø¯,7.375091489671793e-06,687,236,7.375091489671793e-06,0.0
Ø§Ù„Ø­Ù…Ø¯,7.374176932296753e-06,19,17,7.374176932296753e-06,0.0
Ø§Ù„Ù‚Ø¶Ø§Ø¡,7.3725940773468735e-06,18,9,7.3725940773468735e-06,0.0
Ø¬ØºØ±Ø§ÙÙŠÙ‡,7.371068052592123e-06,4,3,7.371068052592123e-06,0.0
Ø§ÙˆÙ,7.3700084723077194e-06,31,13,7.3700084723077194e-06,0.0
Ù…ØªØ­Ø¯Ø«ÙˆÙ†,7.369128737068114e-06,4,4,7.369128737068114e-06,0.0
Ø³ÙŠØ­ØµÙ„,7.35811793644683e-06,14,9,7.35811793644683e-06,0.0
Ø´Ø±Ø­,7.35566557762518e-06,17,14,7.35566557762518e-06,0.0
ÙˆØ¨Ø®ØµÙˆØµ,7.354245812407221e-06,129,59,7.354245812407221e-06,0.0
Ø§Ù„Ù…Ø·Ø§Ù„Ø¨Ø§Øª,7.35365450259481e-06,235,14,7.35365450259481e-06,0.0
ÙˆØ³ØªØ¹Ù…Ù„,7.351059923812352e-06,12,12,7.351059923812352e-06,0.0
ÙÙ†ÙŠ,7.349975445734786e-06,35,24,7.349975445734786e-06,0.0
ÙˆØ§Ù„Ø§Ù†Ø´Ø§Ø¡,7.346639920325862e-06,6,6,7.346639920325862e-06,0.0
Ø§Ø³Ø¹Ø§Ø±,7.345450161757472e-06,2021,440,7.345450161757472e-06,0.0
Ù…Ø¬Ø§Ù„ÙŠ,7.34234769208211e-06,10,9,7.34234769208211e-06,0.0
ÙˆØ­Ø¬Ù…,7.34123789618495e-06,25,21,7.34123789618495e-06,0.0
Ø¸Ø¨ÙŠ,7.337185192442053e-06,30,10,7.337185192442053e-06,0.0
ÙˆØ§Ù„Ø¬Ù…Ø§Ø±Ùƒ,7.336871992031098e-06,8,4,7.336871992031098e-06,0.0
ÙŠØªÙÙ‚,7.335178248918404e-06,687,242,7.335178248918404e-06,0.0
ÙˆÙ…Ù…ÙŠØ²Ø§Øª,7.3310018674977435e-06,4,4,7.3310018674977435e-06,0.0
Ø¨Ø§Ù†Ø®ÙØ§Ø¶,7.326602163459766e-06,218,95,7.326602163459766e-06,0.0
Ø§Ù„Ø¯Ù‚Ù‡,7.32320989739223e-06,5,5,7.32320989739223e-06,0.0
Ø§Ù†Ø³Ø¨Ø§ÙŠØ±ÙŠÙˆ,7.314928818223247e-06,8,3,7.314928818223247e-06,0.0
Ù„Ù„Ø¨ÙŠØ§Ù†Ø§Øª,7.308915948481485e-06,370,194,7.308915948481485e-06,0.0
ØªÙ…ØªÙ„ÙƒÙ‡,7.305908713458092e-06,18,6,7.305908713458092e-06,0.0
ØªØªÙ„Ù‚,7.296822959339066e-06,6,6,7.296822959339066e-06,0.0
Ø²ÙŠØ§Ø±Ù‡,7.291746284391755e-06,104,83,7.291746284391755e-06,0.0
Ø§Ù„ÙØ±Ø¹ÙŠÙ‡,7.291315228838887e-06,17,13,7.291315228838887e-06,0.0
ÙˆÙ…Ø¬Ø§Ù†Ø§,7.28837500067983e-06,20,18,7.28837500067983e-06,0.0
Ø¨Ù…ØªØ·Ù„Ø¨Ø§Øª,7.287931703074659e-06,5,5,7.287931703074659e-06,0.0
Ø§Ù„ÙƒÙ…ÙŠÙ‡,7.284814225840276e-06,322,29,7.284814225840276e-06,0.0
Ù„Ø§ØªÙØ§Ù‚ÙŠÙ‡,7.282960752809405e-06,37,24,7.282960752809405e-06,0.0
ÙˆØ§Ù„Ù…ØªØ¶Ù…Ù†,7.282273567929848e-06,6,6,7.282273567929848e-06,0.0
ÙˆØ§Ù„Ø­ØµÙˆÙ„,7.280776649331335e-06,30,18,7.280776649331335e-06,0.0
ÙˆØ´Ø¨ÙƒÙ‡,7.276450973910781e-06,7,7,7.276450973910781e-06,0.0
Ù…Ø³Ø¹ÙŠ,7.275919136787067e-06,4,3,7.275919136787067e-06,0.0
ØªØ­Ø¯ÙŠØ¯Ù‡Ø§,7.272793913922052e-06,5,5,7.272793913922052e-06,0.0
ØªØ­ÙƒÙ…,7.269256283803879e-06,6,6,7.269256283803879e-06,0.0
Ù„Ù„Ø§Ù†Ø·Ù„Ø§Ù‚,7.267206598689446e-06,6,3,7.267206598689446e-06,0.0
Ù‚Ø±ÙˆØ¶,7.266302585102646e-06,602,108,7.266302585102646e-06,0.0
ØªØ¨Ø§ÙŠÙ†,7.265701000928166e-06,11,11,7.265701000928166e-06,0.0
ÙˆØªØ¬Ø§ÙˆØ²Øª,7.26457909118712e-06,6,4,7.26457909118712e-06,0.0
ÙˆØªØ¹Ø¸ÙŠÙ…,7.264032097446657e-06,26,21,7.264032097446657e-06,0.0
Ø§Ø´Ø±Ø§Ùƒ,7.263202819134849e-06,9,7,7.263202819134849e-06,0.0
Ø§Ù„Ø¹Ø§Ø±Ø¶ÙŠÙ†,7.259797270498056e-06,4,3,7.259797270498056e-06,0.0
ÙˆØ±Ù‚Ù‡,7.259043525063292e-06,21,12,7.259043525063292e-06,0.0
Ù‚Ø·Ø§Ø¹Ø§ØªÙ‡Ø§,7.257130221546558e-06,10,10,7.257130221546558e-06,0.0
Ø§ÙŠØ¯Ù‡Ø§,7.2568446650591435e-06,16,13,7.2568446650591435e-06,0.0
Ù…Ø¹Ø§Ø±Ø¶,7.246711855705105e-06,13,5,7.246711855705105e-06,0.0
ÙˆØ§Ù„Ù…Ø¨ÙŠØ¹Ù‡,7.24580389756588e-06,10,3,7.24580389756588e-06,0.0
Ø¹Ù†Ø¯Ù…Ø§,7.243536144878354e-06,701,245,7.243536144878354e-06,0.0
ØªÙˆØ§Ø±ÙŠØ®,7.2292214462128715e-06,8,5,7.2292214462128715e-06,0.0
ØªØ³ØªØ­ÙˆØ°,7.2252912512653015e-06,28,14,7.2252912512653015e-06,0.0
Ø§Ù„ÙØµÙ„ÙŠ,7.22235591218041e-06,46,18,7.22235591218041e-06,0.0
Ù„Ù…Ø¨Ø§Ø´Ø±Ù‡,7.2198594068360465e-06,3,3,7.2198594068360465e-06,0.0
Ø§Ù„Ù…Ø²Ø§Ø¯Ø§Ù„ØªØºÙŠØ±Ø§Ù„Ù…Ø¬Ù…ÙˆØ¹Ù‡,7.2192866916346544e-06,39,17,7.2192866916346544e-06,0.0
Ø§Ù„Ø³Ø¨Ø¹,7.218055929435036e-06,14,8,7.218055929435036e-06,0.0
ÙˆØªØ³Ù‡ÙŠÙ„Ø§Øª,7.217601490367398e-06,5,5,7.217601490367398e-06,0.0
Ø³ÙŠÙ‚Ù„Ù„,7.217443754263163e-06,6,4,7.217443754263163e-06,0.0
Ø³ØªÙ‚ÙˆØ¯,7.216380817146441e-06,4,4,7.216380817146441e-06,0.0
Ù„Ø§Ø¬ØªÙ…Ø§Ø¹,7.216264589606086e-06,66,50,7.216264589606086e-06,0.0
Ø§Ø±Ø¨Ø§Ø­Ù‡,7.215248597099479e-06,53,28,7.215248597099479e-06,0.0
Ø§Ù†Ø³Ø¬Ø§Ù…Ø§,7.214586565795159e-06,7,7,7.214586565795159e-06,0.0
ÙˆØ®Ø·Ø·Ù‡Ø§,7.208414863279189e-06,29,23,7.208414863279189e-06,0.0
Ø¬Ø§Ø¯,7.208268451657319e-06,3,3,7.208268451657319e-06,0.0
ÙˆÙ„Ù‚Ø¯,7.207512093551587e-06,11,9,7.207512093551587e-06,0.0
Ù…Ø³Ù…ÙŠ,7.207096500847065e-06,15,9,7.207096500847065e-06,0.0
Ù…Ø¬Ø§Ù†ÙŠ,7.2056335922285185e-06,3,3,7.2056335922285185e-06,0.0
Ø­Ø§ÙÙ„Ù‡,7.201985964569854e-06,6,3,7.201985964569854e-06,0.0
Ø§Ù„Ø§ÙØªØªØ§Ø­,7.2005463377379035e-06,692,238,7.2005463377379035e-06,0.0
Ø§Ù„Ø§Ù†Ø­Ø±Ø§ÙØ§Ù„Ø¬Ø²ÙŠØ±Ù‡,7.198865946696117e-06,4,4,7.198865946696117e-06,0.0
Ù…Ù‡Ù†Ø¯Ø³,7.196443741207739e-06,6,6,7.196443741207739e-06,0.0
ÙˆØ´Ø¯Ø¯Øª,7.193122404380145e-06,11,7,7.193122404380145e-06,0.0
Ù„Ù†Ù‡Ø§ÙŠÙ‡,7.185721178893034e-06,4,4,7.185721178893034e-06,0.0
Ø§Ù„Ù…Ø¹Ø¯Ø§Øª,7.18209241824533e-06,35,27,7.18209241824533e-06,0.0
Ù…Ø§Ø±ÙŠØ§,7.171914337578497e-06,14,10,7.171914337578497e-06,0.0
Ø§Ù„Ø¹Ù‚ÙŠÙ‚,7.17093297869045e-06,18,5,7.17093297869045e-06,0.0
Ù„Ø§Ù†Ø¯Ù…Ø§Ø¬,7.170641494794858e-06,20,5,7.170641494794858e-06,0.0
Ø§Ù„Ø§Ø²Ø¯Ù‡Ø§Ø±,7.163717077649427e-06,20,18,7.163717077649427e-06,0.0
Ø§Ù‚ØªØ±Ø§Ø­,7.158602533338783e-06,5,3,7.158602533338783e-06,0.0
Ù„Ø§ÙƒØªØ´Ø§Ù,7.154652274932521e-06,11,6,7.154652274932521e-06,0.0
Ù†ØªÙˆÙ‚Ø¹,7.154608148222222e-06,26,22,7.154608148222222e-06,0.0
Ù„Ø¨Ù†Ø§Ø¡,7.149248847641074e-06,65,45,7.149248847641074e-06,0.0
Ù„ØµÙ†Ø¯ÙˆÙ‚,7.149170090853095e-06,64,36,7.149170090853095e-06,0.0
Ø§Ù„Ø¬Ù†ÙˆØ¨,7.147230376617627e-06,90,21,7.147230376617627e-06,0.0
Ø§Ù„Ù…Ø±Ø­Ù„Ù‡,7.1458942386119865e-06,439,107,7.1458942386119865e-06,0.0
Ø§Ù„Ù…Ø¤Ù‡Ù„Ø§Øª,7.145627102849023e-06,6,5,7.145627102849023e-06,0.0
ÙŠØ¹Ù‚Ø¯,7.1451918169989735e-06,24,17,7.1451918169989735e-06,0.0
Ø±Ø§Ø¹,7.1383147030172934e-06,3,3,7.1383147030172934e-06,0.0
ÙˆØ§Ù„Ø§Ù†Ø¯Ù…Ø§Ø¬Ø§Øª,7.132926871237851e-06,17,3,7.132926871237851e-06,0.0
Ø¬Ø±Øª,7.1321396478595845e-06,31,16,7.1321396478595845e-06,0.0
ØªÙƒÙˆÙŠÙ†,7.132118756044021e-06,301,100,7.132118756044021e-06,0.0
Ø§Ù„Ø§ØªÙØ§Ù‚Ø§Øª,7.126157332908075e-06,4,3,7.126157332908075e-06,0.0
ØªÙ…Ù„Ùƒ,7.121928621422541e-06,63,45,7.121928621422541e-06,0.0
Ø§ÙˆØ±Ø§Ù‚,7.121748987836605e-06,738,257,7.121748987836605e-06,0.0
Ø§Ù„Ù…Ù…ØªØ¯Ù‡,7.119423262671248e-06,54,8,7.119423262671248e-06,0.0
ÙˆØ§Ù„ØªÙ†ÙÙŠØ°,7.115925294223212e-06,6,6,7.115925294223212e-06,0.0
Ù„ØªØ­Ø¯ÙŠØ§Øª,7.115569181239717e-06,5,5,7.115569181239717e-06,0.0
Ù„Ø§ÙØªØ§,7.11462919809098e-06,52,43,7.11462919809098e-06,0.0
Ø§Ù„Ù…ØªÙˆØ§ÙØ±Ù‡,7.112359167688787e-06,46,38,7.112359167688787e-06,0.0
ÙŠØ¬Ø¹Ù„Ù‡Ø§,7.1113671761859785e-06,7,7,7.1113671761859785e-06,0.0
Ø§Ù„Ù„Ù‡,7.111090562800504e-06,467,226,7.111090562800504e-06,0.0
ØªÙ…ÙˆÙŠÙ„,7.106096010391369e-06,645,203,7.106096010391369e-06,0.0
Ù…ØªÙˆÙ‚Ø¹Ø§,7.099440412038892e-06,66,48,7.099440412038892e-06,0.0
ÙˆØ¨Ø­Ø«,7.0959844144441645e-06,8,7,7.0959844144441645e-06,0.0
Ø¨ØªØ­ÙˆÙŠÙ„,7.094752862479642e-06,20,11,7.094752862479642e-06,0.0
Ø§Ù„Ø±Ø®ÙŠÙ…ÙŠ,7.0921063119050724e-06,6,4,7.0921063119050724e-06,0.0
ÙˆØ§Ù„Ù…ÙŠØ§Ù‡,7.087912530799452e-06,37,27,7.087912530799452e-06,0.0
Ø§Ù„Ø§Ù†ÙØ§Ù‚,7.074875017706564e-06,97,40,7.074875017706564e-06,0.0
Ø§Ù„ØªØ¹Ø¯ÙŠÙ†,7.073788761811112e-06,299,143,7.073788761811112e-06,0.0
ØªÙ†Ø§ÙˆÙ„Øª,7.0731261828538045e-06,9,8,7.0731261828538045e-06,0.0
Ù…Ø¯ÙŠÙˆÙ†ÙŠÙ‡,7.072188969945199e-06,50,15,7.072188969945199e-06,0.0
Ø¨Ù„Ø³,7.067749042289617e-06,11,6,7.067749042289617e-06,0.0
Ø³Ù†ÙˆÙŠØ§,7.062152891179985e-06,618,129,7.062152891179985e-06,0.0
Ø§Ù„Ø³Ù…ÙƒÙŠÙ‡,7.061908479650018e-06,5,4,7.061908479650018e-06,0.0
ÙŠØ¯Ø¹Ùˆ,7.058838839368311e-06,24,21,7.058838839368311e-06,0.0
Ø³ÙˆÙ‚Ø§,7.056794491271572e-06,6,6,7.056794491271572e-06,0.0
Ø§Ù„Ù‚Ø§Ø±Ù‡,7.055130520544923e-06,57,29,7.055130520544923e-06,0.0
ÙŠØªÙˆØ§ÙƒØ¨,7.054532835280307e-06,6,4,7.054532835280307e-06,0.0
ØªÙ‚ÙˆØ¯Ù‡,7.052854147529604e-06,4,4,7.052854147529604e-06,0.0
Ø§Ù„Ù…Ø²Ø§Ø¯Ø§Ù„ØªØºÙŠØ±Ø§Ù„Ø§Ù‡Ù„ÙŠÙ‡,7.047902932171094e-06,23,10,7.047902932171094e-06,0.0
ÙˆØ¨Ø³Ø¹Ø±,7.044976552583166e-06,720,233,7.044976552583166e-06,0.0
Ø§Ù„Ø®Ø²Ù,7.043889168968544e-06,456,141,7.043889168968544e-06,0.0
Ø§Ù„Ø§Ø±ÙƒØ§Ù†,7.033563500579051e-06,837,140,7.033563500579051e-06,0.0
Ø±ÙŠØ§Ù„Ø§Ø±Ø¨Ø§Ø­,7.032174201172709e-06,3,3,7.032174201172709e-06,0.0
ÙˆØªÙˆÙ‚Ù,7.030125087563215e-06,14,5,7.030125087563215e-06,0.0
Ø§Ù„Ù…Ø²Ø§Ø¯Ø§Ù„ØªØºÙŠØ±Ø§Ù„Ø¬Ø¨Ø³,7.029722960198373e-06,24,8,7.029722960198373e-06,0.0
Ø¨Ù…Ø¨Ø§Ø¯Ø¦,7.02860313222957e-06,9,6,7.02860313222957e-06,0.0
Ù„Ù„Ø§Ø³ÙƒØ§Ù†,7.028498539283633e-06,11,6,7.028498539283633e-06,0.0
ØªØªØ¹Ø±Ø¶,7.028426601508682e-06,14,8,7.028426601508682e-06,0.0
Ø§Ø³Ø¨ÙˆØ¹Ø§Ø³Ø§Ø¨Ùƒ,7.027861927807428e-06,7,4,7.027861927807428e-06,0.0
ÙˆÙˆØ¶Ø¹Ù‡Ø§,7.024252496039533e-06,5,3,7.024252496039533e-06,0.0
Ø§Ù„ÙÙŠØ±ÙˆØ³,7.015701476086812e-06,10,7,7.015701476086812e-06,0.0
Ø§ØµØ·Ø­Ø§Ø¨,7.014939588054888e-06,4,4,7.014939588054888e-06,0.0
ÙˆØ§Ù„Ø³ÙŠØ§Ø­Ù‡Ù…Ø¬Ù…ÙˆØ¹Ù‡,7.014394323191363e-06,7,3,7.014394323191363e-06,0.0
Ù…Ø±ÙŠØ­,7.01129963448904e-06,3,3,7.01129963448904e-06,0.0
ÙˆÙ„Ø§,7.007888202649079e-06,845,316,7.007888202649079e-06,0.0
Ø§Ù…Ø§ÙƒÙ†,7.006022292026879e-06,10,6,7.006022292026879e-06,0.0
Ø§Ù„ØªØ¹Ø±ÙŠÙÙ‡,7.000703344336072e-06,19,7,7.000703344336072e-06,0.0
Ù„ÙƒØ±Ù‡,6.997874610484283e-06,45,15,6.997874610484283e-06,0.0
Ø§Ø¹Ù…Ø§Ù„Ù‡Ù…Ø§,6.997535185294156e-06,6,6,6.997535185294156e-06,0.0
ÙˆØ§Ù„ØªØ¬Ø§Ø±Ù‡,6.99682271858046e-06,29,19,6.99682271858046e-06,0.0
ÙˆØªØ¹Ù„ÙŠÙ‚,6.9940537579169635e-06,11,10,6.9940537579169635e-06,0.0
ÙŠÙ…ÙƒÙ†ÙƒÙ…,6.989898787589675e-06,9,9,6.989898787589675e-06,0.0
Ø§Ù„Ù†ØµÙŠÙ‡,6.985893228385752e-06,15,11,6.985893228385752e-06,0.0
Ø§Ù„ÙØ±Ø²,6.975482004626964e-06,52,48,6.975482004626964e-06,0.0
ØªÙ„Ø§Ù‡,6.973670776174267e-06,452,76,6.973670776174267e-06,0.0
ØªØ­ØªØ§Ø¬,6.972906049176232e-06,17,9,6.972906049176232e-06,0.0
Ø§Ù„Ø¬Ø¨ÙŠÙ„,6.962809351715886e-06,149,59,6.962809351715886e-06,0.0
Ù‚Ø·Ø§Ø¹ÙŠ,6.961608901966692e-06,65,46,6.961608901966692e-06,0.0
Ø¬Ù…Ø¹,6.960642014810917e-06,21,15,6.960642014810917e-06,0.0
Ø§Ù„Ø¬Ù…Ø¹Ù‡,6.960480322516104e-06,38,25,6.960480322516104e-06,0.0
ÙˆØ§Ù„Ù…ØªÙ‚Ø¯Ù…Ù‡,6.959279584564768e-06,13,5,6.959279584564768e-06,0.0
Ù„Ø¨ÙŠÙˆØª,6.9583531284357234e-06,5,5,6.9583531284357234e-06,0.0
ÙŠÙ‚Ø¹,6.957777877970841e-06,17,11,6.957777877970841e-06,0.0
Ø§Ù„Ø±Ø¬ÙˆØ¹,6.9543072273623265e-06,11,11,6.9543072273623265e-06,0.0
Ø­Ø§ØµÙ„Ù‡,6.949965530148356e-06,5,4,6.949965530148356e-06,0.0
Ø§Ù„Ø§Ø±ØªÙ‚Ø§Ø¡,6.9459446899389645e-06,17,15,6.9459446899389645e-06,0.0
Ø§Ù„Ù…ØªØ§Ø¬Ø±Ù‡,6.9433391801354655e-06,44,16,6.9433391801354655e-06,0.0
Ø§Ù„Ø¬Ø²ÙŠÙ„,6.93373297948839e-06,4,4,6.93373297948839e-06,0.0
ØªØ±ØµØ¯Ù‡Ø§,6.9306492411993056e-06,18,11,6.9306492411993056e-06,0.0
Ù„Ù„Ø§Ø«Ø±,6.926976347924431e-06,4,4,6.926976347924431e-06,0.0
Ù…Ø³ØªØ«Ù…Ø±,6.926915995196606e-06,701,240,6.926915995196606e-06,0.0
Ø¹Ø¶ÙˆØ§,6.926615094207008e-06,110,60,6.926615094207008e-06,0.0
Ù…ØµØ§Ø±Ù,6.9261631426617066e-06,16,9,6.9261631426617066e-06,0.0
Ù…Ø­Ø¯Ø¯Ù‡,6.924959487364585e-06,728,260,6.924959487364585e-06,0.0
Ø§Ù„Ù…Ø³ØªØ­ÙˆØ°,6.924364348145843e-06,29,4,6.924364348145843e-06,0.0
ØªØ¤Ø«Ø±,6.9236393856714855e-06,701,248,6.9236393856714855e-06,0.0
Ø§Ù„Ø¨Ø±ÙŠØ¯ÙŠ,6.923410180405353e-06,20,18,6.923410180405353e-06,0.0
ÙˆØ°Ø§Øª,6.919590657260452e-06,42,39,6.919590657260452e-06,0.0
Ø§Ù„Ù…ØµØ§ÙÙŠ,6.915114873981217e-06,441,117,6.915114873981217e-06,0.0
ÙŠÙˆÙØ±,6.914023108238604e-06,32,27,6.914023108238604e-06,0.0
ÙˆØ§Ù„Ø³ÙØ±,6.907872778938421e-06,58,15,6.907872778938421e-06,0.0
ØªØµÙ„,6.906790806800448e-06,264,147,6.906790806800448e-06,0.0
Ù„ØªØºØ°ÙŠÙ‡,6.9062683275788295e-06,7,7,6.9062683275788295e-06,0.0
Ø§Ù„Ù‚Ø§Ø¨Ù„Ù‡,6.903120148086397e-06,15,10,6.903120148086397e-06,0.0
ØªÙ…ÙˆÙŠÙ„ÙŠÙ‡,6.900370872787975e-06,71,32,6.900370872787975e-06,0.0
Ø§Ù„Ù…Ù†Ø¸ÙˆÙ…Ù‡,6.899871563914489e-06,31,19,6.899871563914489e-06,0.0
ØªØ¨ÙŠØ¹,6.897386867207159e-06,9,8,6.897386867207159e-06,0.0
Ù…Ù…Ø§Ø±Ø³Ù‡,6.8972888422874576e-06,42,26,6.8972888422874576e-06,0.0
ÙŠÙ…ØªØ¯,6.897198234053453e-06,6,4,6.897198234053453e-06,0.0
ÙˆÙ„Ù„Ø§Ø·Ù„Ø§Ø¹,6.889837555742871e-06,30,14,6.889837555742871e-06,0.0
Ø§Ù„Ù…ØªØ®ØµØµÙŠÙ†,6.882934166656069e-06,13,11,6.882934166656069e-06,0.0
Ø·Ø§Ù‚Ø§Øª,6.881919765405703e-06,9,7,6.881919765405703e-06,0.0
Ù„Ø§Ø³Ø¨Ø§Ø¨,6.8789319534054184e-06,9,7,6.8789319534054184e-06,0.0
Ø§Ù„Ù…Ù…ÙƒÙ„Ù‡,6.876462892532372e-06,5,3,6.876462892532372e-06,0.0
Ø¨Ø´Ø±Ù‚,6.876214778602902e-06,16,15,6.876214778602902e-06,0.0
ÙˆØ§Ù„Ø§Ø¹Ù„Ø§Ù…,6.8742828480921504e-06,216,53,6.8742828480921504e-06,0.0
Ø§Ù„Ù…ØºØ°ÙŠØ§Øª,6.873669435411632e-06,65,19,6.873669435411632e-06,0.0
Ø¯Ù‚ÙŠÙ‚,6.871363956130414e-06,11,10,6.871363956130414e-06,0.0
ÙˆÙ…Ø¹Ø§ÙŠÙŠØ±,6.865541610793086e-06,36,20,6.865541610793086e-06,0.0
Ø§Ø­Ø¯Ø§Ø«,6.862460074372097e-06,46,18,6.862460074372097e-06,0.0
Ù„Ù„Ø¹Ù„ÙˆÙ…,6.85950186586135e-06,21,8,6.85950186586135e-06,0.0
ÙˆÙ…Ø­Ø·Ù‡,6.8507323806750425e-06,31,13,6.8507323806750425e-06,0.0
Ø²ÙŠÙ†,6.848222160428149e-06,760,200,6.848222160428149e-06,0.0
Ø³ÙŠÙƒÙˆÙ†Ø§Ù†,6.839487359204209e-06,7,4,6.839487359204209e-06,0.0
Ø§Ù„ØªÙˆÙƒÙŠÙ„Ø§Ù„ØªØµÙˆÙŠØª,6.837569659027022e-06,50,48,6.837569659027022e-06,0.0
Ø§Ù„Ø±Ø§Ù…ÙŠÙ‡,6.83730412707863e-06,59,50,6.83730412707863e-06,0.0
Ù…Ø­Ù‚Ù‚Ø§,6.835325204099671e-06,35,13,6.835325204099671e-06,0.0
ÙØ¹Ø§Ù„ÙŠÙ‡,6.828562613167803e-06,9,9,6.828562613167803e-06,0.0
ÙˆØªØ­Ø¯Ø«,6.823906001266217e-06,6,6,6.823906001266217e-06,0.0
ØªØªÙˆØ§ÙÙ‚,6.821761793883037e-06,685,241,6.821761793883037e-06,0.0
Ø¨Ø§Ù„ØªØ´Ø§ÙˆØ±,6.81940744313871e-06,16,4,6.81940744313871e-06,0.0
ØªÙ…Ø§Ù…,6.818839675378692e-06,103,84,6.818839675378692e-06,0.0
Ù„Ù„Ù…ØµØ±Ù,6.816542130647303e-06,78,53,6.816542130647303e-06,0.0
ÙˆØ§Ù„ØªØ§Ø±ÙŠØ®ÙŠÙ‡,6.800685675129774e-06,11,3,6.800685675129774e-06,0.0
Ø§Ù„Ù…Ø³Ø­,6.792139124277969e-06,37,13,6.792139124277969e-06,0.0
Ø§Ù„Ø­ÙƒÙˆÙ…Ù‡,6.790641741353983e-06,123,74,6.790641741353983e-06,0.0
Ø§Ù„Ø¬ÙŠÙˆÙ„ÙˆØ¬ÙŠÙ‡,6.787216099294199e-06,6,4,6.787216099294199e-06,0.0
Ù…Ø­Ø¯Ø¯,6.783509215451764e-06,691,242,6.783509215451764e-06,0.0
ÙˆÙ…ØªØ·Ù„Ø¨Ø§ØªÙ‡Ø§,6.779876143116053e-06,3,3,6.779876143116053e-06,0.0
Ù„ØªÙˆØ³Ø¹Ù‡,6.775404303062934e-06,7,7,6.775404303062934e-06,0.0
Ø§Ù„Ø²ÙŠØ§Ø¯Ù‡,6.774946351111802e-06,195,78,6.774946351111802e-06,0.0
ÙƒØ§Ø¨ÙŠØªØ§Ù„Ø§Ø­ØªÙØ§Ø¸Ø§Ø­ØªÙØ§Ø¸,6.770752258393322e-06,4,4,6.770752258393322e-06,0.0
ØªÙˆØ§Ø¬Ø¯,6.765891118702273e-06,16,10,6.765891118702273e-06,0.0
ÙƒÙ„ÙŠ,6.765149158554929e-06,10,6,6.765149158554929e-06,0.0
ÙˆØ¹Ø²Øª,6.764264409221714e-06,13,13,6.764264409221714e-06,0.0
Ø¹Ù…Ø§Ù†,6.760529552226189e-06,19,5,6.760529552226189e-06,0.0
Ø§Ù„Ø®Ø§Ø±Ø¬ÙŠ,6.760459380039542e-06,10,9,6.760459380039542e-06,0.0
Ù„Ù…Ø¹Ø¸Ù…,6.758531139866963e-06,35,16,6.758531139866963e-06,0.0
ÙˆØ§Ù„Ù…ØªØ¹Ù„Ù‚Ù‡,6.754305146561189e-06,26,9,6.754305146561189e-06,0.0
Ø§Ù„ØµÙ†Ø§Ø¹ÙŠÙ‡,6.753733968530854e-06,747,276,6.753733968530854e-06,0.0
ÙˆØ§Ù„Ø´Ø¤ÙˆÙ†,6.749783522823203e-06,3,3,6.749783522823203e-06,0.0
Ø§Ù„Ø±Ø³Ù…ÙŠÙ‡,6.746271359131874e-06,53,41,6.746271359131874e-06,0.0
Ø§Ù„Ø¹Ù‚Ø§Ø±Ø§Øª,6.744930489102997e-06,135,36,6.744930489102997e-06,0.0
Ù…Ø¤Ù‡Ù„,6.7432072164044125e-06,7,7,6.7432072164044125e-06,0.0
Ø­ØµØªÙ‡,6.7417970192997165e-06,22,10,6.7417970192997165e-06,0.0
ÙˆØ§Ù†ØªÙ‚Ø§Ù„,6.7408476482993075e-06,7,7,6.7408476482993075e-06,0.0
Ø§Ù„Ø¨Ø±Ù…Ø¬ÙŠØ§Øª,6.740231367939024e-06,5,4,6.740231367939024e-06,0.0
Ø§Ù„Ø¹Ù‚Ø§Ø±ÙŠÙ‡,6.738886128465557e-06,811,164,6.738886128465557e-06,0.0
Ø¹Ø¯Ø¯Ù‡Ø§,6.728691480929942e-06,56,38,6.728691480929942e-06,0.0
ØªÙ†ÙÙŠØ°Ù‡Ø§,6.727847674796062e-06,742,262,6.727847674796062e-06,0.0
Ù†Ù‚ÙˆØ¯,6.722450569251225e-06,133,43,6.722450569251225e-06,0.0
Ù‚Ø±Ø±,6.720014493950666e-06,65,53,6.720014493950666e-06,0.0
Ø¨ÙŠØ§Ù†Ø§Øª,6.7166531312598e-06,263,102,6.7166531312598e-06,0.0
Ø§Ù„Ù…ØªØ¶Ù…Ù†Ù‡,6.714955964279809e-06,24,16,6.714955964279809e-06,0.0
Ø§Ø³Ø§Ø³ÙŠØ§,6.707203674196552e-06,34,24,6.707203674196552e-06,0.0
Ù„Ù†Ø¬Ø§Ø­,6.706886558469429e-06,4,4,6.706886558469429e-06,0.0
Ø§Ù„Ù‡ÙŠØ¯Ø±ÙˆÙƒØ±Ø¨ÙˆÙ†Ø§Øª,6.698587032260837e-06,4,3,6.698587032260837e-06,0.0
Ø¹Ù…ÙˆÙ„Ù‡,6.692790402567376e-06,32,11,6.692790402567376e-06,0.0
Ø§Ø¯Ø±Ø§Ø¬,6.692686363868743e-06,222,93,6.692686363868743e-06,0.0
Ù…Ù†ØªØµÙ,6.6878249134508034e-06,46,27,6.6878249134508034e-06,0.0
Ø§Ù„ØªÙˆØªØ±,6.687696787591558e-06,15,5,6.687696787591558e-06,0.0
ÙˆØ§Ù„Ø§ÙØµØ§Ø­Ø§Øª,6.687696787591558e-06,15,5,6.687696787591558e-06,0.0
Ø§Ù„ØµØ¯Ù…Ø§Øª,6.687696787591558e-06,15,5,6.687696787591558e-06,0.0
Ù‡ÙŠ,6.684469080665306e-06,980,387,6.684469080665306e-06,0.0
Ø§Ù„Ø¬Ù…Ø¹ÙŠÙ‡ÙˆÙÙ‚Ø§,6.681581369560782e-06,7,7,6.681581369560782e-06,0.0
Ù‚Ø¯Ø±Øª,6.6811035118735154e-06,8,6,6.6811035118735154e-06,0.0
org,6.675426333138977e-06,13,11,6.675426333138977e-06,0.0
Ø³ÙŠØ±Ø§,6.6750732307069756e-06,409,84,6.6750732307069756e-06,0.0
ÙˆØ§Ù„Ø§Ø³ØªØ­ÙˆØ§Ø°Ø§Øª,6.669641021813438e-06,137,63,6.669641021813438e-06,0.0
Ù‡ÙŠÙˆØ³ØªÙ†,6.66948546749573e-06,12,3,6.66948546749573e-06,0.0
Ø§Ø³Ø¨Ø§Ø¨,6.666647459281942e-06,50,35,6.666647459281942e-06,0.0
Ø¨ÙŠÙˆØª,6.665962079057092e-06,97,17,6.665962079057092e-06,0.0
ÙˆØªØ¨Ø¯Ø§,6.659392918485445e-06,30,7,6.659392918485445e-06,0.0
ØªÙ†ØªØ¬,6.6572934596005394e-06,38,32,6.6572934596005394e-06,0.0
Ù…ØªÙˆØ§ØµÙ„,6.657011677269568e-06,18,14,6.657011677269568e-06,0.0
Ø¨Ø§Ù„Ø¹Ø§Ù„Ù…,6.6561340535381245e-06,26,15,6.6561340535381245e-06,0.0
Ù„Ø¬Ù‡Ø§Øª,6.654893095291023e-06,5,4,6.654893095291023e-06,0.0
ÙˆÙ…Ø³Ø§Ù‡Ù…ÙŠÙ†Ø§,6.654656903402508e-06,7,6,6.654656903402508e-06,0.0
Ø§Ù„Ù…ØªØ§Ø­Ù‡,6.6518328363581294e-06,629,338,6.6518328363581294e-06,0.0
Ø§Ù„Ø§Ø¨Ø­Ø§Ø«Ø§Ù„ØªÙˆØµÙŠÙ‡Ø§Ù„Ø³Ø¹Ø±,6.6514240628852526e-06,7,7,6.6514240628852526e-06,0.0
Ø­Ø¯Ø¯Øª,6.648431467262174e-06,38,24,6.648431467262174e-06,0.0
Ø§Ù„Ø­Ø¨ÙŠØ¨,6.647887782823505e-06,412,99,6.647887782823505e-06,0.0
Ø¨Ø§Ù„Ø±Ø³ÙˆÙ…,6.6458533575018885e-06,11,4,6.6458533575018885e-06,0.0
ØªØ´ØºÙ„,6.642137932440921e-06,8,7,6.642137932440921e-06,0.0
Ø¨ÙØ±Øµ,6.641563408347033e-06,10,7,6.641563408347033e-06,0.0
ÙˆØ³Ø¯,6.636219708786405e-06,4,3,6.636219708786405e-06,0.0
Ù†Ù‚Ø·ØªÙŠÙ†,6.6337637572561e-06,59,31,6.6337637572561e-06,0.0
Ø­Ø³Ø§Ø¨Ø§ØªÙ‡Ù…,6.632832317174429e-06,40,21,6.632832317174429e-06,0.0
ÙˆØªØ¬Ù…Ø¹,6.626866004649687e-06,5,5,6.626866004649687e-06,0.0
Ø§ÙƒØªÙ…Ù„Øª,6.622683742065685e-06,13,8,6.622683742065685e-06,0.0
Ø¨Ø§Ù„Ø§Ø±ØªÙØ§Ø¹,6.622265708011957e-06,3,3,6.622265708011957e-06,0.0
ÙŠØ¨Ø­Ø«,6.614484393432545e-06,3,3,6.614484393432545e-06,0.0
Ø§Ù„Ø²ÙŠØ¯,6.612932273901071e-06,27,13,6.612932273901071e-06,0.0
Ø§Ù„Ø­ÙˆÙƒÙ…Ù‡,6.61287993838545e-06,54,30,6.61287993838545e-06,0.0
ÙˆØªØ³Ø§Ø¹Ø¯,6.60729703744302e-06,5,5,6.60729703744302e-06,0.0
ÙƒØ¨Ø­,6.606043233584085e-06,4,3,6.606043233584085e-06,0.0
Ù„ØªØµØ¨Ø­,6.604954003038666e-06,119,45,6.604954003038666e-06,0.0
ÙŠØªÙ‚Ø¯Ù…Ù‡Ø§,6.603600014746751e-06,44,8,6.603600014746751e-06,0.0
ÙˆØ§Ù„Ù„ÙˆØ§Ø¦Ø­,6.603304015793602e-06,802,303,6.603304015793602e-06,0.0
Ù„Ù„Ù…Ø¨Ø§Ù†ÙŠ,6.601817998950445e-06,7,3,6.601817998950445e-06,0.0
ÙˆØªØ®Ø¯Ù…,6.601784282776388e-06,5,3,6.601784282776388e-06,0.0
Ø§Ù„Ù…Ù†Ø­Ù‡,6.595990841527059e-06,14,7,6.595990841527059e-06,0.0
Ø§Ù„Ù…Ø±ÙƒØ¨Ø§Øª,6.591530091958474e-06,19,9,6.591530091958474e-06,0.0
Ø§Ù„Ø§Ù†Ø¯Ù„Ø³,6.588924602108368e-06,276,101,6.588924602108368e-06,0.0
ØªØªØ§Ø®Ø±,6.586608739154477e-06,27,10,6.586608739154477e-06,0.0
ÙˆÙ…ÙˆØ«ÙˆÙ‚ÙŠÙ‡,6.584537630395133e-06,30,21,6.584537630395133e-06,0.0
Ø§Ù„ØµÙÙ‚Ù‡,6.5825724686059224e-06,2613,327,6.5825724686059224e-06,0.0
ÙˆØ§Ù„Ø®Ø·ÙˆØ§Øª,6.5817485608552305e-06,7,4,6.5817485608552305e-06,0.0
Ø¹Ø¯ÙŠØ¯Ù‡,6.581197406663406e-06,21,17,6.581197406663406e-06,0.0
Ø§Ø±ØªÙØ¹,6.5784976328908776e-06,1507,519,6.5784976328908776e-06,0.0
Ø´ÙˆØ±Ø¯Ø±ÙŠØª,6.577328364126083e-06,11,4,6.577328364126083e-06,0.0
ÙˆØ®Ù…Ø³ÙˆÙ†,6.570503049378326e-06,6,6,6.570503049378326e-06,0.0
ÙˆØ§Ù„ØªÙˆØ³Ø¹,6.569451008431933e-06,42,29,6.569451008431933e-06,0.0
ÙˆÙˆØ­Ø¯Ù‡,6.5683461245963225e-06,16,11,6.5683461245963225e-06,0.0
Ø§Ø³ØªØ®Ø¯Ø§Ù…,6.564848842293025e-06,190,117,6.564848842293025e-06,0.0
ØªÙ†Ø¯Ø±Ø¬,6.563779309981045e-06,8,6,6.563779309981045e-06,0.0
Ø¬Ø±ÙŠØ±,6.562941287155263e-06,1302,272,6.562941287155263e-06,0.0
Ù„Ø§Ø³ØªÙ…Ø±Ø§Ø±,6.562260643765514e-06,19,16,6.562260643765514e-06,0.0
ØªØªØºÙŠØ±,6.5549718027516e-06,20,10,6.5549718027516e-06,0.0
Ø§Ù„ØµØ¹ÙˆØ¨Ø§Øª,6.554345698716037e-06,10,8,6.554345698716037e-06,0.0
ÙŠØªÙˆÙØ±,6.5521575944757825e-06,34,29,6.5521575944757825e-06,0.0
Ù…Ø¤Ø´Ø±Ø§Øª,6.549203850935714e-06,781,279,6.549203850935714e-06,0.0
ØªÙ„Ø¨ÙŠ,6.5441420084206786e-06,14,12,6.5441420084206786e-06,0.0
Ù…ÙˆØ§Ø²Ù†Ù‡,6.544121028236367e-06,3,3,6.544121028236367e-06,0.0
Ù„Ù„Ø¨ÙŠØ§Ù†,6.543973619333774e-06,4,4,6.543973619333774e-06,0.0
Ù…Ø¯Ø±Ø¬Ø§,6.5436443345654e-06,40,14,6.5436443345654e-06,0.0
Ø·Ø¨ÙŠØ¹Ù‡,6.541266479534675e-06,39,13,6.541266479534675e-06,0.0
ÙˆØ¯Ø§Ø¹Ù…,6.540971704339358e-06,5,3,6.540971704339358e-06,0.0
ÙˆØ¨Ø®Ø§ØµÙ‡,6.540390724571066e-06,8,5,6.540390724571066e-06,0.0
Ø¨Ù…ÙˆØ«ÙˆÙ‚ÙŠÙ‡,6.53771252947123e-06,13,12,6.53771252947123e-06,0.0
Ø§Ù„Ù…ÙˆØ¸ÙÙŠÙ†,6.536671448948291e-06,250,85,6.536671448948291e-06,0.0
Ø¯Ø§Ø±,6.534443517891382e-06,844,140,6.534443517891382e-06,0.0
Ù…Ù‚Ø¯Ø±Ù‡,6.5331787582998495e-06,6,5,6.5331787582998495e-06,0.0
Ø±Ø§ØªÙ†Ø¬Ø§Øª,6.526332338557049e-06,8,5,6.526332338557049e-06,0.0
Ø§Ù„Ø¯Ù…Ø¬,6.525797986847379e-06,46,25,6.525797986847379e-06,0.0
Ù„Ù„Ø²ÙŠØ§Ø¯Ù‡,6.524392960593361e-06,14,10,6.524392960593361e-06,0.0
Ù‡Ø§Ø±ÙØ§Ø±Ø¯,6.5161551464295856e-06,10,8,6.5161551464295856e-06,0.0
ÙˆØ§Ù†ØªÙ‚Ù„Øª,6.5160995657090735e-06,11,4,6.5160995657090735e-06,0.0
ÙˆØ´Ø¯Ø¯,6.514137574458368e-06,19,12,6.514137574458368e-06,0.0
ØªØ±Ù…ÙŠÙ…,6.513334678967049e-06,51,14,6.513334678967049e-06,0.0
ÙˆØ§Ù„Ø§Ø«Ø§Ø«,6.513334678967049e-06,51,14,6.513334678967049e-06,0.0
Ù…ÙˆØ§ÙÙ‚ØªÙ‡,6.511739144755013e-06,6,3,6.511739144755013e-06,0.0
ÙˆØ§Ù„Ø²Ø±Ø§Ø¹Ù‡,6.511419226724919e-06,26,19,6.511419226724919e-06,0.0
Ø§Ù„Ù…Ù„ØªÙ‚ÙŠ,6.5096135091379995e-06,18,9,6.5096135091379995e-06,0.0
ÙˆØ§Ù„Ø­ÙˆÙƒÙ…Ù‡,6.50057521774969e-06,17,12,6.50057521774969e-06,0.0
Ø§Ù„Ù‚Ø§Ù†ÙˆÙ†,6.49907148039651e-06,6,6,6.49907148039651e-06,0.0
Ø§Ù„Ø¬Ù…Ø¹ÙŠÙ‡Ø¹Ù„Ù…Ø§,6.4965988445048895e-06,4,4,6.4965988445048895e-06,0.0
Ø§Ù„ÙˆØ±Ù‚ÙŠÙ‡,6.491939493758322e-06,18,11,6.491939493758322e-06,0.0
ØªØµÙˆÙŠØª,6.489165227026412e-06,8,4,6.489165227026412e-06,0.0
Ù…ØªØ²Ø§ÙŠØ¯Ù‡,6.488235136494358e-06,3,3,6.488235136494358e-06,0.0
Ø·Ø§Ø¦Ø±Ø§Øª,6.48678094978096e-06,12,4,6.48678094978096e-06,0.0
ØªÙˆØ¬ÙŠÙ‡Ù‡Ø§,6.48434150048913e-06,7,3,6.48434150048913e-06,0.0
ÙŠØ¹ÙƒØ³,6.484329265128006e-06,99,65,6.484329265128006e-06,0.0
ÙˆÙ…Ø¯Ù†,6.481883812836618e-06,9,6,6.481883812836618e-06,0.0
Ø§Ù„ÙˆØ¹ÙŠ,6.46865210007396e-06,23,18,6.46865210007396e-06,0.0
ÙˆØ§Ù„Ø§Ø³ØªØ¹Ø¯Ø§Ø¯Ø§Øª,6.468361168917561e-06,3,3,6.468361168917561e-06,0.0
Ù„Ù„Ù…ØµÙ†Ø¹,6.465225182120048e-06,47,30,6.465225182120048e-06,0.0
Ù†Ø¬Ø±Ø§Ù†,6.462962939786917e-06,310,95,6.462962939786917e-06,0.0
Ø­Ø¬,6.45751105136218e-06,47,13,6.45751105136218e-06,0.0
Ø¨Ø§Ø®ØªÙŠØ§Ø±,6.454688340143634e-06,7,7,6.454688340143634e-06,0.0
Ø§Ù„ÙˆØ¬ÙˆØ¯,6.454377194291306e-06,17,8,6.454377194291306e-06,0.0
Ø§Ø®Ø±ÙˆÙ†,6.450153102511228e-06,16,7,6.450153102511228e-06,0.0
Ø§Ù„Ø³Ø§Ù…ÙŠÙ‡,6.449554726312355e-06,12,4,6.449554726312355e-06,0.0
Ù‡ÙˆØ§Ø¦ÙŠ,6.449354588540008e-06,6,3,6.449354588540008e-06,0.0
ÙˆØ§Ù„Ø¨Ø­Ø±ÙŠÙ‡,6.448744033119181e-06,3,3,6.448744033119181e-06,0.0
Ù„Ø¨ÙŠØ§Ù†Ø§Øª,6.445373167205069e-06,15,7,6.445373167205069e-06,0.0
ÙˆØªØ¨Ù‚ÙŠ,6.444216256801439e-06,57,10,6.444216256801439e-06,0.0
Ø§Ù„Ø§Ø¦ØªÙ…Ø§Ù†ÙŠÙ‡,6.439344791821475e-06,232,79,6.439344791821475e-06,0.0
Ø³ÙŠØ·Ø±Øª,6.437429185942537e-06,6,6,6.437429185942537e-06,0.0
Ø´Ù‡ÙŠØ±Ù‡,6.4353998208119565e-06,4,3,6.4353998208119565e-06,0.0
Ù…Ø¹ÙŠÙ†Ù‡,6.43399216481348e-06,52,23,6.43399216481348e-06,0.0
Ø§ÙŠØ«ÙŠÙ„,6.433760083289181e-06,11,5,6.433760083289181e-06,0.0
Ø§ÙÙƒØ§Ø±Ù‡Ù…,6.42766023017439e-06,11,7,6.42766023017439e-06,0.0
Ù…Ø³ØªÙ‚Ù„Ù‡,6.427448463664534e-06,41,19,6.427448463664534e-06,0.0
Ù„ÙŠØµÙ„,6.426767086277687e-06,364,154,6.426767086277687e-06,0.0
Ø§Ù„Ù‚ÙŠØ§Ø¯ÙŠÙŠÙ†,6.4256376709906825e-06,4,3,6.4256376709906825e-06,0.0
Ø§Ù„Ø®Ø·Ù‡,6.4215444337594675e-06,102,40,6.4215444337594675e-06,0.0
ØªØ¬Ø§Ø±Ù‡,6.419991986364674e-06,15,8,6.419991986364674e-06,0.0
ÙƒÙ‡Ø±Ø¨Ø§Ø¡,6.417564333250715e-06,1215,269,6.417564333250715e-06,0.0
ØªØ­Ù‚ÙŠÙ‚Ø§,6.417433224717962e-06,44,30,6.417433224717962e-06,0.0
ÙˆÙƒÙŠÙÙŠÙ‡,6.415051786789141e-06,10,9,6.415051786789141e-06,0.0
ØªØ¤Ù‡Ù„Ù‡,6.4150039529037566e-06,5,5,6.4150039529037566e-06,0.0
Ù…Ø®ØªÙ„Ù,6.411904296188362e-06,276,158,6.411904296188362e-06,0.0
Ø§Ø±Ø¶ÙŠÙ‡,6.411388071107154e-06,5,4,6.411388071107154e-06,0.0
Ù…Ø²Ø§ÙŠØ§Ù‡Ø§,6.405292125964915e-06,3,3,6.405292125964915e-06,0.0
Ù…Ù†Ø³ÙˆØ¨ÙŠ,6.404278579103234e-06,28,24,6.404278579103234e-06,0.0
Ù‚Ø§Ø¦Ù…,6.4031186967371675e-06,24,18,6.4031186967371675e-06,0.0
Ø§Ù„Ù…Ù‚Ø¯Ø±Ù‡,6.40081950512612e-06,13,5,6.40081950512612e-06,0.0
Ø¨Ø¹Ø¯Ø¯,6.399935103636869e-06,91,50,6.399935103636869e-06,0.0
Ø§Ù„Ø§Ø±Ø´Ø§Ø¯Ø§Øª,6.399827226470261e-06,7,7,6.399827226470261e-06,0.0
Ø³ÙŠØ±,6.399003819405634e-06,15,11,6.399003819405634e-06,0.0
Ù…ÙˆØ«ÙˆÙ‚Ù‡,6.3967815896025415e-06,17,12,6.3967815896025415e-06,0.0
ÙˆØ§Ù„Ø´Ø®ØµÙŠÙ‡,6.3966781999913186e-06,6,6,6.3966781999913186e-06,0.0
ØªØ§ØµÙŠÙ„,6.396347088657858e-06,67,8,6.396347088657858e-06,0.0
Ù„Ø§Ø±Ø¨Ø¹Ù‡,6.389884425027651e-06,7,5,6.389884425027651e-06,0.0
ÙˆØ§Ù„Ø¨Ù„Ø§Ø³ØªÙŠÙƒÙŠØ§Øª,6.389096857726817e-06,3,3,6.389096857726817e-06,0.0
Ù„Ø¯ÙØ¹,6.3851122817962745e-06,7,5,6.3851122817962745e-06,0.0
ØªÙ‚ÙŠÙŠÙ…Ø§ØªÙ‡Ø§,6.382829108007776e-06,6,4,6.382829108007776e-06,0.0
Ø³ÙŠØ·Ù„Ù‚,6.3798664376625735e-06,3,3,6.3798664376625735e-06,0.0
Ù„Ù„ØªØ¬Ø§Ø±Ù‡,6.377852847505438e-06,55,33,6.377852847505438e-06,0.0
ÙˆØ§ØªÙØ§Ù‚ÙŠÙ‡,6.373604376047279e-06,16,12,6.373604376047279e-06,0.0
Ø§Ù„Ù…Ø±ØµÙˆØ¯Ù‡,6.372205743096564e-06,16,13,6.372205743096564e-06,0.0
Ø§ÙƒØªÙˆØ¨Ø±,6.3678298141622595e-06,1519,305,6.3678298141622595e-06,0.0
Ù„Ù†Øµ,6.366905226455261e-06,5,5,6.366905226455261e-06,0.0
ÙˆØ§Ù†Ø¸Ù…Ù‡,6.366653887647013e-06,18,12,6.366653887647013e-06,0.0
ÙˆØ§Ù„ØªØ²Ø§Ù…Ø§ØªÙ‡Ø§,6.365486138601364e-06,27,11,6.365486138601364e-06,0.0
ØªØ­Ø³ÙŠÙ†Ø§Øª,6.364806899825209e-06,7,6,6.364806899825209e-06,0.0
Ø§Ù„Ù…Ø´ØªØ±ÙŠØ§Øª,6.3642671904187434e-06,41,30,6.3642671904187434e-06,0.0
Ø§Ù„Ø´Ø±ÙŠØ¹Ù‡,6.36008256326337e-06,155,47,6.36008256326337e-06,0.0
Ø§Ù„Ø­Ø±Ø§Ù…,6.358872372451757e-06,38,13,6.358872372451757e-06,0.0
Ø§Ù„Ø´Ù‡Ø±ÙŠÙ‡,6.3578200455274865e-06,220,76,6.3578200455274865e-06,0.0
Ø§Ù„ØªÙ‚ÙŠÙŠÙ…Ø§Øª,6.356280865484669e-06,3,3,6.356280865484669e-06,0.0
Ø§Ù„Ù…Ø¹Ù…Ø±Ù‡,6.352519680625396e-06,52,15,6.352519680625396e-06,0.0
Ø³ØªØ¨Ù„Øº,6.35223286230466e-06,3,3,6.35223286230466e-06,0.0
Ø±ÙŠØ§Ù„Ø§Ù„ÙØªØ±Ù‡Ø§Ù„Ø±Ø¨Ø¹,6.349089969984141e-06,28,7,6.349089969984141e-06,0.0
Ø§ÙˆÙ„ÙŠÙ‡,6.344234088320352e-06,53,30,6.344234088320352e-06,0.0
Ø§Ù„Ù…Ø´Ø§Ø¹Ø±,6.34095221348049e-06,54,14,6.34095221348049e-06,0.0
ÙˆØ§Ù„Ø³Ø¹Ù‡,6.340938416877889e-06,3,3,6.340938416877889e-06,0.0
Ø§Ù„Ù„ÙŠØ§Ù‚Ù‡,6.336352249117655e-06,541,157,6.336352249117655e-06,0.0
ÙÙ‡ÙŠ,6.336333439103324e-06,19,16,6.336333439103324e-06,0.0
Ø±Ù‚Ø§Ø¨Ù‡,6.333060812824003e-06,4,3,6.333060812824003e-06,0.0
Ù„Ù„ØµØ­Ø±Ø§Ø¡,6.333043082134815e-06,9,6,6.333043082134815e-06,0.0
Ø¨Ø¹Ù…Ù„,6.3285005670236175e-06,17,14,6.3285005670236175e-06,0.0
Ø³ÙŠØ§Ø¯ÙŠ,6.327233410440835e-06,5,4,6.327233410440835e-06,0.0
Ùˆ,6.326869726422907e-06,7425,739,6.326869726422907e-06,0.0
Ø¹Ø±Ù‚Ù„Ù‡,6.324332355136998e-06,3,3,6.324332355136998e-06,0.0
Ø¶Ù…Ù†Ù‡Ø§,6.322312981995607e-06,49,37,6.322312981995607e-06,0.0
Ø¨Ø§Ù…ÙƒØ§Ù†Ù‡Ø§,6.322215665992859e-06,5,3,6.322215665992859e-06,0.0
Ù…Ø­ÙØ¸ØªÙ‡,6.318797450568148e-06,14,4,6.318797450568148e-06,0.0
Ù…Ù†Ø¹,6.318704928427908e-06,15,8,6.318704928427908e-06,0.0
ÙˆÙŠØ¨Ù„Øº,6.318356877542168e-06,17,17,6.318356877542168e-06,0.0
MVNO,6.314088600351065e-06,3,3,6.314088600351065e-06,0.0
Ù„ÙƒÙ†Ù‡,6.313433913700132e-06,9,6,6.313433913700132e-06,0.0
ØªÙˆÙ‚Ù,6.313224595029828e-06,50,25,6.313224595029828e-06,0.0
ÙˆÙ†ØªÙŠØ¬Ù‡,6.3100850447005465e-06,20,10,6.3100850447005465e-06,0.0
ÙˆØªØ¬Ø§ÙˆØ²,6.306448880553031e-06,7,7,6.306448880553031e-06,0.0
Ø§Ø³ØªÙ‚Ø§Ù„,6.302089758211649e-06,19,4,6.302089758211649e-06,0.0
ÙˆØºÙŠØ±Ù‡Ø§,6.2982028398100895e-06,122,76,6.2982028398100895e-06,0.0
Ù…Ø¯ÙŠÙ†Ù‡,6.297670056580461e-06,714,279,6.297670056580461e-06,0.0
Ø¨Ø´Ø±ÙƒØ§Øª,6.297509946338457e-06,12,9,6.297509946338457e-06,0.0
ÙŠØ³ØªÙÙŠØ¯,6.296559246520489e-06,8,8,6.296559246520489e-06,0.0
Ø¨Ø¨Ù„ÙˆØºÙ‡Ø§,6.2939066322150535e-06,20,17,6.2939066322150535e-06,0.0
Ø±ÙƒÙŠØ²Ù‡,6.29061229103826e-06,11,9,6.29061229103826e-06,0.0
Ø§Ù„Ù…Ù‚Ø¯Ø³Ù‡,6.288951364779289e-06,118,19,6.288951364779289e-06,0.0
Ø§Ù„Ù…ÙŠØ²Ø§Ù†ÙŠÙ‡,6.288386486741217e-06,50,38,6.288386486741217e-06,0.0
ØªØ´Ù‡Ø¯Ù‡Ø§,6.287418251931907e-06,9,8,6.287418251931907e-06,0.0
Ø§Ù…ÙˆØ§Ù„Ù‡Ù…,6.2863832173066565e-06,8,3,6.2863832173066565e-06,0.0
Ø¨Ù†Ø¯ØªÙˆØ¶ÙŠØ­Ù…Ù‚Ø¯Ù…Ù‡ÙŠØ¹Ù„Ù†,6.278274602158162e-06,16,16,6.278274602158162e-06,0.0
Ø§Ù„ØµØ±Ù,6.277295007788187e-06,48,30,6.277295007788187e-06,0.0
Ø§Ù„Ù‡ÙˆÙ„ÙŠØ¯ÙŠ,6.276024071050686e-06,7,5,6.276024071050686e-06,0.0
Ø³ØªØªÙ…,6.274675324041527e-06,70,34,6.274675324041527e-06,0.0
Ø§Ù„ÙƒØ§Ù…Ù„,6.272893023818012e-06,51,29,6.272893023818012e-06,0.0
ÙˆØ§Ù„ØªØºÙ„Ø¨,6.272721940806604e-06,4,4,6.272721940806604e-06,0.0
Ù…ÙˆÙ‚Ø¹Ù‡,6.269767190518318e-06,12,12,6.269767190518318e-06,0.0
Ù„Ù…Ø³Ø§Ø¹Ø¯ØªÙ‡Ù…,6.265034402529953e-06,3,3,6.265034402529953e-06,0.0
ÙˆÙ…Ù„Ø­Ù‚Ø§ØªÙ‡Ø§,6.261892930854326e-06,7,6,6.261892930854326e-06,0.0
Ø§Ù„Ø¹Ù„Ø§Ù‚Ù‡,6.260547575656901e-06,925,350,6.260547575656901e-06,0.0
Ù…Ø´Ø§Ø±Ùƒ,6.258873167331413e-06,9,9,6.258873167331413e-06,0.0
Ù…Ø­Ø±Ùƒ,6.257992491722585e-06,7,7,6.257992491722585e-06,0.0
ÙˆØ¨ÙŠØ¦Ù‡,6.2546914133310955e-06,4,4,6.2546914133310955e-06,0.0
Ø¨Ø­ÙŠØ«,6.251343545804067e-06,761,276,6.251343545804067e-06,0.0
ÙˆØ§Ù„ØªØ­Ø¯ÙŠØ«,6.250872270965888e-06,3,3,6.250872270965888e-06,0.0
Ø¯Ø®Ù„Ø§,6.248829065600439e-06,33,11,6.248829065600439e-06,0.0
Ø§Ø­ÙƒØ§Ù…,6.24781693206356e-06,110,60,6.24781693206356e-06,0.0
Ø§ÙØ¶Ù„ÙŠÙ‡,6.247266465777878e-06,3,3,6.247266465777878e-06,0.0
ÙˆØ§Ù„ØªØ¹Ù„ÙŠÙ…Ø§Øª,6.2465364050098e-06,15,8,6.2465364050098e-06,0.0
Ø§Ù„Ø­Ù…ÙŠØ¯,6.2458447885862135e-06,20,9,6.2458447885862135e-06,0.0
ÙˆØ§Ù„Ø§Ù„Ù…Ù†ÙŠÙˆÙ…,6.243410486208836e-06,17,13,6.243410486208836e-06,0.0
ÙˆØ§Ù„Ø§Ø·Ø±Ø§Ù,6.2411863944535676e-06,5,5,6.2411863944535676e-06,0.0
Ø¨ÙˆØµÙÙ‡Ø§,6.240802599950727e-06,17,17,6.240802599950727e-06,0.0
ÙˆØ§Ø±Ø¨Ø¹ÙˆÙ†,6.235797329369462e-06,7,5,6.235797329369462e-06,0.0
Ù…Ø¬ØªÙ…Ø¹Ù‡,6.235615817792634e-06,35,16,6.235615817792634e-06,0.0
Ø§Ù„Ù…Ø­Ø±Ùƒ,6.23307908281224e-06,11,9,6.23307908281224e-06,0.0
Ù„Ù„ÙƒÙ‡Ø±Ø¨Ø§Ø¡Ù…Ø­Ø·Ù‡,6.22844939242562e-06,7,3,6.22844939242562e-06,0.0
ØªØ·ÙˆØ±Ù‡Ø°Ù‡,6.22844939242562e-06,7,3,6.22844939242562e-06,0.0
Ø§Ù„ØªÙ‚Ø±ÙŠØ±Ø§Ù„Ù…Ø´Ø§Ø±ÙŠØ¹,6.22844939242562e-06,7,3,6.22844939242562e-06,0.0
Ø§Ù„Ø®Ø¯Ù…ÙŠÙ‡Ø§Ù„Ø³Ø¹ÙˆØ¯ÙŠÙ‡,6.22844939242562e-06,7,3,6.22844939242562e-06,0.0
Ø¨Ø§Ù„Ø­ÙŠ,6.227718496260438e-06,11,7,6.227718496260438e-06,0.0
Ù…ÙŠØ²ÙˆÙ‡Ùˆ,6.227637588170805e-06,12,8,6.227637588170805e-06,0.0
Ù„Ù„Ø§Ø¯Ø§Ø±Ù‡,6.221176818252283e-06,10,10,6.221176818252283e-06,0.0
Ø§Ù„Ù…Ø²Ø§Ø¯Ø§Ù„ØªØºÙŠØ±Ø·Ø¨Ø§Ø¹Ù‡,6.216999640391508e-06,16,8,6.216999640391508e-06,0.0
ÙˆØ§Ù„ÙˆØ³Ø§Ø·Ù‡,6.21673594438913e-06,16,13,6.21673594438913e-06,0.0
Ù‡ÙˆÙŠØªÙ‡Ø§,6.2148371677880185e-06,6,4,6.2148371677880185e-06,0.0
ÙˆØªØ¹Ù„ÙŠÙ…,6.2139753711924915e-06,40,16,6.2139753711924915e-06,0.0
Ø±Ø§ÙŠ,6.2134655915987525e-06,10,6,6.2134655915987525e-06,0.0
Ø¬Ø§Ø²Ø§Ù†,6.211372947811655e-06,137,34,6.211372947811655e-06,0.0
Ø§Ù„Ù…Ù†Ø§ÙØ³ÙŠÙ†,6.211003738049666e-06,6,3,6.211003738049666e-06,0.0
Ø§ÙØ¶Ù„,6.210877297188709e-06,357,205,6.210877297188709e-06,0.0
ÙˆØ§Ù†Ø®ÙØ¶,6.20692532719308e-06,19,8,6.20692532719308e-06,0.0
Ø¨Ù†Ø¯ØªÙˆØ¶ÙŠØ­Ù…Ù‚Ø¯Ù…Ù‡ÙÙŠ,6.202617888446781e-06,4,4,6.202617888446781e-06,0.0
Ù„Ø®Ø³Ø§Ø¦Ø±,6.201847322976759e-06,26,7,6.201847322976759e-06,0.0
Ù…Ø±ÙÙ‚,6.200309305112985e-06,240,88,6.200309305112985e-06,0.0
Ø§Ù„Ø¬Ø²ÙŠØ±Ù‡Ø¨Ù†Ùƒ,6.197406382400641e-06,147,15,6.197406382400641e-06,0.0
Ø§Ù„Ø®Ø·Ø±,6.195653050680335e-06,7,5,6.195653050680335e-06,0.0
Ø¨Ù…Ø³ØªÙˆÙŠ,6.19563933205806e-06,23,15,6.19563933205806e-06,0.0
ÙˆØ§Ø³ØªØ¯Ø§Ù…Ù‡,6.194979296800016e-06,13,12,6.194979296800016e-06,0.0
Ø§Ù„ÙÙˆØ±,6.193138970916145e-06,8,8,6.193138970916145e-06,0.0
Ø¨Ø§Ù„Ø§Ø±Ø¨Ø§Ø­,6.189763439649524e-06,21,11,6.189763439649524e-06,0.0
ÙˆØªÙˆØ§ØµÙ„TM,6.188282843011592e-06,9,9,6.188282843011592e-06,0.0
ÙˆØ§Ù„Ø´Ù‡Ø§Ø¯Ø§Øª,6.186097153104438e-06,3,3,6.186097153104438e-06,0.0
ÙˆÙ…ØµØ¯Ù‚Ù‡,6.186097153104438e-06,3,3,6.186097153104438e-06,0.0
Ø§Ù„ØªØ´Ø±ÙŠØ¹Ø§Øª,6.185664558544947e-06,5,3,6.185664558544947e-06,0.0
Ø­ÙŠØ§ØªÙ‡Ù…,6.184422135634911e-06,4,4,6.184422135634911e-06,0.0
ÙˆØªØ®Ø²ÙŠÙ†,6.182969910618576e-06,4,4,6.182969910618576e-06,0.0
Ø¨Ø¯Ø§ÙŠÙ‡,6.182063699623847e-06,945,246,6.182063699623847e-06,0.0
ÙˆØªÙˆØ¸ÙŠÙÙ‡Ø§,6.1790133944664345e-06,3,3,6.1790133944664345e-06,0.0
Ù„Ø§Ø±ØªÙŠØ§Ø¡,6.17688850025845e-06,6,4,6.17688850025845e-06,0.0
Ø§Ø¬Ø±Øª,6.176485040521434e-06,16,7,6.176485040521434e-06,0.0
Ø§Ù„ØªØºÙŠØ±Ø³Ø§Ø¨Ùƒ,6.176409203425258e-06,22,6,6.176409203425258e-06,0.0
Ø·Ø¨Ù‚Ø§,6.172745527948893e-06,33,23,6.172745527948893e-06,0.0
Ø­Ù…Ù„Ø§,6.1709657883627265e-06,8,3,6.1709657883627265e-06,0.0
ÙƒÙ…ÙŠÙ‡,6.168295738781139e-06,840,273,6.168295738781139e-06,0.0
Ù„Ù„Ø§Ø±ØªÙ‚Ø§Ø¡,6.166626818364662e-06,20,14,6.166626818364662e-06,0.0
Ù…Ø¨Ø§Ø´Ø±Ù‡,6.162339905741312e-06,255,105,6.162339905741312e-06,0.0
Ø§Ù„Ø±Ø§Ø¹ÙŠ,6.159967142941996e-06,7,7,6.159967142941996e-06,0.0
Ø§Ù„Ø§Ù†Ø¯Ù…Ø§Ø¬,6.155846148414426e-06,792,145,6.155846148414426e-06,0.0
Ø§Ù„Ø­Ø¬,6.150845918716579e-06,71,16,6.150845918716579e-06,0.0
ÙŠÙˆØ¬Ø¯,6.150188033871178e-06,96,73,6.150188033871178e-06,0.0
Ù,6.148410053740783e-06,60,23,6.148410053740783e-06,0.0
Ø§ÙŠØ«Ù„ÙŠÙ†,6.147358526154516e-06,35,5,6.147358526154516e-06,0.0
ICMA,6.143502395986071e-06,8,7,6.143502395986071e-06,0.0
ÙˆÙŠØªØ±ØªØ¨,6.143025747961206e-06,3,3,6.143025747961206e-06,0.0
Ø§Ù„Ù‚Ù†ÙˆØ§Øª,6.141880525818151e-06,102,45,6.141880525818151e-06,0.0
ÙˆØ¨ÙŠØ¹Ù‡Ø§,6.141090192577091e-06,6,4,6.141090192577091e-06,0.0
ÙˆØ§Ù†Ø·Ù„Ø§Ù‚Ø§,6.137408601019151e-06,4,3,6.137408601019151e-06,0.0
Ø¨Ø³ÙˆÙ‚,6.129438837775977e-06,84,16,6.129438837775977e-06,0.0
Ø§Ù„ØªØ±Ø´Ø­Ø§Ù„Ù…Ù„ÙØ§Øª,6.126749987412917e-06,5,5,6.126749987412917e-06,0.0
Ø§Ù„Ù…Ø·Ù„ÙˆØ¨,6.12335202036055e-06,46,28,6.12335202036055e-06,0.0
Ù„Ù„ØªØµØ¯ÙŠ,6.12150503280412e-06,44,39,6.12150503280412e-06,0.0
g,6.119077700461404e-06,3,3,6.119077700461404e-06,0.0
ØªØ¹Ø±Ù,6.1141777758423525e-06,45,22,6.1141777758423525e-06,0.0
Ø§Ù„Ù‡Ù†Ø¯Ø³ÙŠÙ‡,6.113182850329675e-06,60,33,6.113182850329675e-06,0.0
Ù„Ø§Ø¨Ù†Ø§Ø¡,6.1128059405875886e-06,7,7,6.1128059405875886e-06,0.0
Ø§Ù„Ø³Ø¹Ø±,6.111541861743008e-06,5304,902,6.111541861743008e-06,0.0
Ø§Ù„Ù…Ù†ÙØ°Ù‡,6.110957069276091e-06,76,19,6.110957069276091e-06,0.0
Ù…Ù„ÙŠÙˆÙ†ÙŠ,6.10260943961629e-06,6,4,6.10260943961629e-06,0.0
Ø¨Ù…,6.101209220238548e-06,14,14,6.101209220238548e-06,0.0
Ù…Ø³Ø§Ù‡Ù…ØªÙ‡Ø§,6.1008359693293396e-06,6,6,6.1008359693293396e-06,0.0
Ù…Ø±Ø§Ø­Ù„,6.099827158646505e-06,142,81,6.099827158646505e-06,0.0
Ø§Ù„Ø§Ù„ÙŠØ§Øª,6.095487152829439e-06,11,8,6.095487152829439e-06,0.0
ØªØµÙˆØª,6.09286391157295e-06,33,23,6.09286391157295e-06,0.0
Ø³ÙŠØ²ÙˆÙ†Ø²,6.092621749063588e-06,3,3,6.092621749063588e-06,0.0
Ù„ØªØ­ÙÙŠØ²,6.090045382903056e-06,14,11,6.090045382903056e-06,0.0
https,6.089373736772549e-06,96,78,6.089373736772549e-06,0.0
Ø¶Ø¨Ø·,6.088760999055308e-06,14,7,6.088760999055308e-06,0.0
Ù…Ø´ØªØ±ÙŠØ§Øª,6.084702892718448e-06,11,10,6.084702892718448e-06,0.0
Ø§Ù„ØªØ¨Ø±Ø¹,6.079238067993386e-06,6,3,6.079238067993386e-06,0.0
Ù…Ø¹Ø¸Ù…Ù‡Ø§,6.078848916184926e-06,18,8,6.078848916184926e-06,0.0
ÙˆÙƒÙ„Ø§Ø¦Ù‡Ù…,6.077608264249201e-06,3,3,6.077608264249201e-06,0.0
Ù…Ø³Ø§Ù‡Ù…Ù‡,6.077592105023605e-06,176,88,6.077592105023605e-06,0.0
Ù„Ø§Ø¨Ø¯Ø§Ø¡,6.077134202681068e-06,19,7,6.077134202681068e-06,0.0
Ø¨Ø¯ÙŠÙ„,6.076550993240842e-06,9,5,6.076550993240842e-06,0.0
Ù…ÙˆØ¸ÙÙŠÙ‡Ø§,6.075301409600809e-06,49,16,6.075301409600809e-06,0.0
ÙˆØ§Ù„ØªØµØ§Ù…ÙŠÙ…,6.075097202697071e-06,7,5,6.075097202697071e-06,0.0
ÙŠØ³Ø§Ø¹Ø¯Ù‡Ø§,6.07449809026825e-06,3,3,6.07449809026825e-06,0.0
Ø§Ù„Ù…Ø®ØµØµÙ‡,6.074296575465867e-06,45,26,6.074296575465867e-06,0.0
Ù„Ù„ÙƒÙŠØ§Ù†,6.072148671022219e-06,11,8,6.072148671022219e-06,0.0
ÙŠÙ†Ø³Ø¬Ù…,6.07162418971113e-06,16,16,6.07162418971113e-06,0.0
Ø¨Ø¬Ø§Ù…Ø¹Ù‡,6.066411685411835e-06,18,15,6.066411685411835e-06,0.0
Ø§Ø«Ù†ÙŠ,6.063549180755107e-06,13,9,6.063549180755107e-06,0.0
ØªÙ…ÙˆÙŠÙ„Ù‡,6.059949174099539e-06,7,7,6.059949174099539e-06,0.0
ÙˆÙØ±Ø¶,6.043150373938881e-06,15,5,6.043150373938881e-06,0.0
Ø§Ù…Ø§Ø±Ù‡,6.042548400960007e-06,18,9,6.042548400960007e-06,0.0
Ø§Ù„Ø§Ø¶Ø±Ø§Ø±,6.039044897135892e-06,5,4,6.039044897135892e-06,0.0
ØªØªÙ„Ù‚ÙŠ,6.036249790205553e-06,9,9,6.036249790205553e-06,0.0
ÙˆÙ„Ù„Ø§Ø³ØªÙØ³Ø§Ø±,6.033689937306646e-06,12,12,6.033689937306646e-06,0.0
ÙƒØ«ÙŠØ±,6.032957329395718e-06,9,9,6.032957329395718e-06,0.0
Ø¹Ù„Ù‚Øª,6.032357775700686e-06,22,15,6.032357775700686e-06,0.0
Ù„Ø§ÙƒØ«Ø±,6.03010989201072e-06,56,47,6.03010989201072e-06,0.0
ÙˆØ¨ØªØ§Ø±ÙŠØ®,6.0263996057128356e-06,12,3,6.0263996057128356e-06,0.0
Ù„Ø§Ù†Ø¹Ù‚Ø§Ø¯,6.0258555336731825e-06,89,53,6.0258555336731825e-06,0.0
Ù„Ù„Ø¯Ø§ÙŠÙˆÙ„,6.018676989054909e-06,22,12,6.018676989054909e-06,0.0
Ù†Ø´Ø§Ø·,6.017096388444307e-06,83,48,6.017096388444307e-06,0.0
ÙˆØªØµÙ…ÙŠÙ…,6.0168244614114245e-06,9,8,6.0168244614114245e-06,0.0
ØªØ³Ø¹,6.01626653269758e-06,7,5,6.01626653269758e-06,0.0
Ø¨Ø§Ù„ØªÙˆØ³Ø¹,6.013543309412469e-06,4,4,6.013543309412469e-06,0.0
Ø§Ù„Ø¬ÙŠÙ„,6.010901996305613e-06,234,87,6.010901996305613e-06,0.0
ÙƒÙˆØ¨Ø±Ø²,6.009869846870747e-06,4,3,6.009869846870747e-06,0.0
ÙˆÙŠØªØ¶Ù…Ù†,6.00749579051938e-06,76,27,6.00749579051938e-06,0.0
Ù…Ø¹Ø±Ø¶,6.005887471252764e-06,65,34,6.005887471252764e-06,0.0
Ø§Ù„Ù…Ø³ØªÙ‚Ù„,6.005632818562671e-06,16,15,6.005632818562671e-06,0.0
Ø­Ù‚Ø¨Ù‡,6.005349959016388e-06,3,3,6.005349959016388e-06,0.0
ÙˆØ§Ù„Ù…Ø³Ø¤ÙˆÙ„ÙŠÙ‡,6.004708940596732e-06,18,12,6.004708940596732e-06,0.0
Ù„Ø§Ø³ØªØºÙ„Ø§Ù„,5.999856738889836e-06,5,3,5.999856738889836e-06,0.0
Ø§Ø³ØªØ«Ù†Ø§Ø¦ÙŠÙ‡,5.997619225907325e-06,89,26,5.997619225907325e-06,0.0
Ù„ØºØ±Ø¶,5.997325265422746e-06,96,47,5.997325265422746e-06,0.0
Ø§Ù„ØªØ­ÙˆÙŠÙ„ÙŠÙ‡,5.991947119043369e-06,85,52,5.991947119043369e-06,0.0
Ø§ØªØ®Ø§Ø°Ù‡,5.989834135978203e-06,5,4,5.989834135978203e-06,0.0
Ù„Ù„ØªØ­ÙˆÙŠÙ„,5.98879960575359e-06,15,5,5.98879960575359e-06,0.0
ÙˆØªØ§Ø¨Ø¹Øª,5.9861423106563715e-06,6,6,5.9861423106563715e-06,0.0
ÙƒØ«Ø¨,5.982731919403973e-06,12,10,5.982731919403973e-06,0.0
ÙˆØ§Ù„ÙˆØ³Ø§Ø·Ù‡Ø§Ù„Ø§Ø¬Ù…Ø§Ù„ÙŠ,5.97992563328738e-06,18,14,5.97992563328738e-06,0.0
ÙˆØ§Ù„Ù…Ù‡Ù†ÙŠ,5.976259708054153e-06,16,9,5.976259708054153e-06,0.0
Ø§Ø³ØªÙƒÙ…Ø§Ù„Ø§,5.974666990553238e-06,14,11,5.974666990553238e-06,0.0
Ø§Ù„Ù…Ù†Ø´ÙˆØ±,5.972539513211243e-06,46,41,5.972539513211243e-06,0.0
Ù…Ø¯Ù‡,5.972096701896991e-06,204,122,5.972096701896991e-06,0.0
Ø­Ø¯Ø¯Ù†Ø§,5.971406865524273e-06,4,3,5.971406865524273e-06,0.0
ÙˆÙ…Ù‡Ø§Ø±Ø§Øª,5.966655904704821e-06,3,3,5.966655904704821e-06,0.0
Ù‚Ø¨ÙˆÙ„,5.9644278881331396e-06,60,41,5.9644278881331396e-06,0.0
Ø§Ù„Ù…Ø§Ø¬Ø³ØªÙŠØ±,5.9603582181060794e-06,29,20,5.9603582181060794e-06,0.0
Ù…Ø´ØªØ±ÙƒÙŠÙ†,5.9591200064244586e-06,5,4,5.9591200064244586e-06,0.0
Ù…ÙˆØ§Ø±Ø¯Ù‡Ø§,5.959046541140091e-06,4,3,5.959046541140091e-06,0.0
Ø§Ø®Ø±,5.949498822384076e-06,1686,508,5.949498822384076e-06,0.0
ÙˆØ§Ù„Ù…ØªÙ…Ø«Ù„Ù‡,5.949218527897856e-06,10,9,5.949218527897856e-06,0.0
Ø§Ù„Ø§Ù…Ø§Ø±Ù‡,5.946476284848043e-06,15,13,5.946476284848043e-06,0.0
Ø§Ù„Ø¹ÙˆÙ„Ù‚ÙŠ,5.945076719355778e-06,9,6,5.945076719355778e-06,0.0
Ø­Ù‚Ù‚Ù‡,5.944341188931323e-06,5,5,5.944341188931323e-06,0.0
ØªØ§ÙƒÙŠØ¯Ø§,5.942978712438931e-06,20,18,5.942978712438931e-06,0.0
Ù…Ø¯Ø§Ø±Ø³,5.9416269095030496e-06,15,5,5.9416269095030496e-06,0.0
ÙˆØ§Ù„Ù…Ù‚Ø§Ø¨Ù„,5.937934154273478e-06,9,3,5.937934154273478e-06,0.0
Ø¨Ù„Ø§ØºØ§Øª,5.936489038479478e-06,13,7,5.936489038479478e-06,0.0
ÙˆÙ„ÙØª,5.932939702158635e-06,31,25,5.932939702158635e-06,0.0
ÙˆØªØ¶Ù…,5.931890706853712e-06,54,22,5.931890706853712e-06,0.0
Ø³Ø¨Ø¨Ù‡Ø§,5.931760980368117e-06,4,4,5.931760980368117e-06,0.0
ÙˆØ§Ù„Ù…Ù†Ø§ÙØ³Ù‡,5.929816246717513e-06,22,13,5.929816246717513e-06,0.0
Ø¹Ø§Ù…Ù„,5.926815840385213e-06,15,12,5.926815840385213e-06,0.0
Ø±Ø§Ø´Ø¯,5.92580373874713e-06,80,48,5.92580373874713e-06,0.0
Ø§Ù„Ù†Ø¸Ø§Ù…,5.924483851345424e-06,216,92,5.924483851345424e-06,0.0
ØªÙ‚Ø¯ÙŠÙ…Ù‡Ø§,5.919166231170096e-06,23,13,5.919166231170096e-06,0.0
Ø§Ù„Ø§Ù„Ø¨Ø§Ù†,5.918817392446584e-06,150,54,5.918817392446584e-06,0.0
Ø§Ù„Ø§Ø®ØªÙŠØ§Ø±,5.91864745965971e-06,8,8,5.91864745965971e-06,0.0
ÙˆÙŠØ´ØªØ±Ø·,5.91167277740794e-06,6,6,5.91167277740794e-06,0.0
Ø§Ù„Ù†Ù‡Ø§Ø¦ÙŠÙ‡,5.9112595155896944e-06,147,73,5.9112595155896944e-06,0.0
Ù„Ù„Ø§Ù†Ø§Ø¨ÙŠØ¨,5.905775858539046e-06,20,6,5.905775858539046e-06,0.0
Ù…Ù‡Ù…Ù‡,5.905572447580152e-06,61,49,5.905572447580152e-06,0.0
ÙˆØ«Ø¨ØªØª,5.902896418983849e-06,5,4,5.902896418983849e-06,0.0
Ø§Ø³Ù…Ù‡,5.902613935201364e-06,23,17,5.902613935201364e-06,0.0
Ø§Ù„Ù‚ÙˆÙ‡,5.899510804895444e-06,36,23,5.899510804895444e-06,0.0
Ø§Ù„ÙƒØ«ÙŠØ±,5.893128694757615e-06,32,22,5.893128694757615e-06,0.0
ÙˆØ§Ù„ØªÙ…Ù„Ùƒ,5.889837388802089e-06,5,4,5.889837388802089e-06,0.0
Ø§Ù„Ø¯Ø§Ø®Ù„,5.885963234090232e-06,4,4,5.885963234090232e-06,0.0
Ù…Ø´ÙŠØ±Ù‡,5.885561393833782e-06,292,199,5.885561393833782e-06,0.0
Ø§Ø³ØªØ­Ø¯Ø§Ø«,5.881519529218118e-06,11,6,5.881519529218118e-06,0.0
Ù„Ù„ØªØ¬Ø¯ÙŠØ¯,5.876755693247436e-06,5,3,5.876755693247436e-06,0.0
Ù„Ù…ØªØ·Ù„Ø¨Ø§Øª,5.874848710652569e-06,22,13,5.874848710652569e-06,0.0
ÙˆØ³ØªØ³ØªÙ…Ø±,5.871481412973795e-06,6,5,5.871481412973795e-06,0.0
Ø§Ù„Ø§Ø´ØªØ±Ø§Ùƒ,5.870213857784935e-06,52,24,5.870213857784935e-06,0.0
Ø§Ù„ØªÙ†Ù…ÙŠÙ‡,5.86976730141925e-06,256,102,5.86976730141925e-06,0.0
Ø§Ø¯ÙˆØ§Ø±Ø¯,5.867925152759438e-06,4,3,5.867925152759438e-06,0.0
Ø§Ù„Ù…ØªØ±ØªØ¨Ù‡,5.867632813417157e-06,25,15,5.867632813417157e-06,0.0
Ù…Ù‚ÙÙ„Ù‡,5.866449571211457e-06,11,5,5.866449571211457e-06,0.0
Ù„Ù„Ø§Ù†Ø¶Ù…Ø§Ù…,5.866002992709804e-06,74,9,5.866002992709804e-06,0.0
Ø§ØµÙ„,5.863352625870804e-06,88,52,5.863352625870804e-06,0.0
Ù„Ù…Ø¤Ø´Ø±Ø§ØªÙ‡Ø§,5.861182676187557e-06,170,18,5.861182676187557e-06,0.0
ØªÙ†Ø´Ø·,5.86088576683203e-06,8,3,5.86088576683203e-06,0.0
ÙƒÙŠÙ„Ùˆ,5.854745673300531e-06,33,23,5.854745673300531e-06,0.0
Ø§Ù„Ø³Ø¹ÙˆØ¯ÙŠÙ‡Ø§Ù„Ù…Ø¬Ù…ÙˆØ¹Ù‡,5.852938359786252e-06,167,17,5.852938359786252e-06,0.0
ÙˆØ§Ø³ØªÙ‡Ù„Ø§Ùƒ,5.8453300040865055e-06,4,4,5.8453300040865055e-06,0.0
Ø§Ù„Ù…Ø¯ÙŠÙØ±,5.844805613213705e-06,26,12,5.844805613213705e-06,0.0
Ø§Ù„Ù…Ø­Ù„Ù„ÙŠÙ†,5.841267857582804e-06,231,137,5.841267857582804e-06,0.0
Ø¨Ø±ÙŠØ¯Ù‡,5.838110041360834e-06,12,9,5.838110041360834e-06,0.0
Ø§Ù„Ù…Ø¬Ø§Ù„Ø³,5.8334986604074634e-06,4,4,5.8334986604074634e-06,0.0
Ù†Ø§Ù‚Ø´Øª,5.822034518846448e-06,4,4,5.822034518846448e-06,0.0
Ø§Ù„Ø³Ø­Ø§Ø¨ÙŠÙ‡,5.821328789040141e-06,72,36,5.821328789040141e-06,0.0
ÙˆØªØ¯Ø¹Ù…,5.82022836387419e-06,12,10,5.82022836387419e-06,0.0
ÙˆØ¨Ø­Ø³Ø¨,5.81664111111591e-06,889,341,5.81664111111591e-06,0.0
ØªÙˆØ³Ø¹Ø§Øª,5.813007441293654e-06,22,11,5.813007441293654e-06,0.0
ØªØ³Ø¹ÙŠ,5.810474161411754e-06,104,78,5.810474161411754e-06,0.0
ÙˆØ§Ù„Ù…ÙˆØ¸ÙÙŠÙ†,5.8082309821154265e-06,45,16,5.8082309821154265e-06,0.0
ÙƒÙ„ÙˆØ±ÙŠØ¯,5.8074997004976675e-06,10,6,5.8074997004976675e-06,0.0
Ù…ØªÙ‚Ø¯Ù…,5.807271781860766e-06,8,7,5.807271781860766e-06,0.0
Ø¹Ù„ÙŠÙ†Ø§,5.800812245391187e-06,5,4,5.800812245391187e-06,0.0
ØªØ¬Ø§Ø±ÙŠØ§,5.800290742718059e-06,55,21,5.800290742718059e-06,0.0
ØªÙ‚Ù„ÙŠØ¯ÙŠÙ‡,5.79793990114156e-06,10,10,5.79793990114156e-06,0.0
ÙˆÙ…Ø±Ø§Ø­Ù„Ù‡Ø§,5.7969688225472285e-06,4,4,5.7969688225472285e-06,0.0
Ù…Ø¯ØªÙ‡,5.795804577536619e-06,12,9,5.795804577536619e-06,0.0
ÙˆÙ„Ø§ÙŠÙ‡,5.7954408002088896e-06,19,13,5.7954408002088896e-06,0.0
Ø§Ø´ØªØ±Øª,5.786630776087153e-06,16,12,5.786630776087153e-06,0.0
Ø¨Ø§Ù„Ø§Ø³ØªØ«Ù…Ø§Ø±,5.784430754556967e-06,16,13,5.784430754556967e-06,0.0
Ø­ØµÙ„Øª,5.78303712971244e-06,56,44,5.78303712971244e-06,0.0
Ø§Ù„ØªØ·Ø¨ÙŠÙ‚Ø§Øª,5.782922666983324e-06,40,27,5.782922666983324e-06,0.0
Ø¯ÙØ¹Ù‡,5.781432443200369e-06,30,19,5.781432443200369e-06,0.0
Ø®Ø§Ø±Ø¬,5.7811736492936064e-06,73,42,5.7811736492936064e-06,0.0
Ø§Ù„Ø§Ù…Ù„,5.778666625201271e-06,7,3,5.778666625201271e-06,0.0
Ø¨Ø¹Ù†ÙˆØ§Ù†,5.776888357792482e-06,28,23,5.776888357792482e-06,0.0
Ø§Ù„ÙØ§Ø¦Ø¶Ù‡,5.7742020561253104e-06,4,3,5.7742020561253104e-06,0.0
Ø¨Ø§Ø³Ø¹Ø§Ø±,5.772972259359909e-06,92,60,5.772972259359909e-06,0.0
Ø¨ÙŠ,5.769327447555455e-06,851,245,5.769327447555455e-06,0.0
Ø¯Ø§Ø¦Ù†ÙŠ,5.769056658723159e-06,12,9,5.769056658723159e-06,0.0
ÙƒÙˆØ±Ø¨ÙˆØ±ÙŠØ´Ù†,5.767549965271135e-06,6,5,5.767549965271135e-06,0.0
Ù…Ù‡Ù†ÙŠÙ‡,5.7649756003397384e-06,23,17,5.7649756003397384e-06,0.0
ÙˆØ®Ù…Ø³Ù…Ø§Ø¦Ù‡,5.759227454977748e-06,6,3,5.759227454977748e-06,0.0
Ø§Ø³ØªØ±Ø¯Ø§Ø¯Ù‡Ø§,5.756057960058896e-06,8,4,5.756057960058896e-06,0.0
ÙŠÙ†Ø¨Ø¹Ø§Ø³Ù…Ù†Øª,5.755613669659522e-06,138,15,5.755613669659522e-06,0.0
Ø§Ù„ÙŠÙ…Ø§Ù…Ù‡Ø§Ø³Ù…Ù†Øª,5.755613669659522e-06,138,15,5.755613669659522e-06,0.0
Ù…ÙŠØª,5.753562100039864e-06,6,6,5.753562100039864e-06,0.0
ÙˆÙŠØ¨ÙƒØ³,5.753562100039864e-06,6,6,5.753562100039864e-06,0.0
Ø§Ù„Ù…ØªØ§Ø¨Ø¹Ù‡,5.75167713690708e-06,25,5,5.75167713690708e-06,0.0
Ù…Ø±ØªÙØ¹Ù‡,5.751575036459317e-06,373,141,5.751575036459317e-06,0.0
Ù…Ø¨ÙŠÙ†Ø§,5.749702038539441e-06,246,153,5.749702038539441e-06,0.0
ÙˆÙ…Ø¯ØªÙ‡Ø§,5.7497009447117595e-06,22,16,5.7497009447117595e-06,0.0
ÙÙ…Ù†,5.746428741182829e-06,16,12,5.746428741182829e-06,0.0
Ù†ÙØ®Ø±,5.744259014528195e-06,10,10,5.744259014528195e-06,0.0
ØªÙ‚Ù„ÙŠÙ„,5.7426163442155765e-06,42,35,5.7426163442155765e-06,0.0
Ø§Ù„Ø§Ø³Ù…Ù†Øª,5.740534923207738e-06,519,117,5.740534923207738e-06,0.0
Ù†Ø¬Ù…,5.737680227909278e-06,33,17,5.737680227909278e-06,0.0
ØºÙ„Ù‚,5.736876405816553e-06,16,4,5.736876405816553e-06,0.0
ÙˆØ§Ù„Ù…Ø±ÙƒØ¨Ù‡,5.736588394618631e-06,16,15,5.736588394618631e-06,0.0
Ø§Ù„Ø¨Ø­Ø±ÙŠÙ‡,5.735978049919543e-06,7,4,5.735978049919543e-06,0.0
Ø§ÙƒØ³ØªØ±Ø§,5.734654999428097e-06,695,170,5.734654999428097e-06,0.0
Ù„Ù„Ù…Ø¨ÙŠØ¹Ø§Øª,5.730903854554761e-06,38,25,5.730903854554761e-06,0.0
ÙˆØ§Ù„Ø³ÙŠØ§Ø­Ù‡,5.72906122264966e-06,55,17,5.72906122264966e-06,0.0
ÙˆØ§Ù„Ø§Ø²Ù…Ø§Øª,5.726635080363805e-06,8,5,5.726635080363805e-06,0.0
Ù…Ø¨Ø§Ø´Ø±,5.724398104574621e-06,97,53,5.724398104574621e-06,0.0
Ø§ÙˆØ±Ø¯Øª,5.722029556332081e-06,96,66,5.722029556332081e-06,0.0
Ø§Ù„Ø§Ù‚ØªØµØ§Ø¯ÙŠ,5.719965037139781e-06,209,106,5.719965037139781e-06,0.0
ÙƒÙ…Ø§,5.718927873954148e-06,7364,956,5.718927873954148e-06,0.0
ØªØ­Ù…Ù„Ù‡Ø§,5.7186878354421326e-06,11,4,5.7186878354421326e-06,0.0
ÙˆØ§Ù„Ø­ÙˆØ³Ø¨Ù‡,5.712207722047298e-06,20,16,5.712207722047298e-06,0.0
Ø³ÙÙ†,5.710798624285542e-06,7,4,5.710798624285542e-06,0.0
ÙŠÙˆÙ„ÙŠÙˆ,5.709534647286122e-06,1540,282,5.709534647286122e-06,0.0
ØªÙƒÙ„ÙŠÙ,5.708767169828092e-06,23,19,5.708767169828092e-06,0.0
ÙˆØ§Ù„Ø§ÙˆØ¶Ø§Ø¹,5.70830967192661e-06,7,4,5.70830967192661e-06,0.0
Ù…ÙˆÙ‚Ø¹,5.706487130997847e-06,406,242,5.706487130997847e-06,0.0
Ø¨Ø§Ø³ØªØ®Ø¯Ø§Ù…,5.703524700070542e-06,140,89,5.703524700070542e-06,0.0
Ø§Ù„ØµÙØ±,5.70311508889985e-06,7,3,5.70311508889985e-06,0.0
ØªÙ‚Ø¯Ø±,5.698014186180177e-06,89,51,5.698014186180177e-06,0.0
ØªØ³ØªØ¹Ø±Ø¶,5.697680364588674e-06,20,17,5.697680364588674e-06,0.0
Ù„Ù‡Ø°Ù‡,5.696710782763697e-06,143,88,5.696710782763697e-06,0.0
Ù‚Ø§Ø¦Ù…Ù‡,5.695360707115011e-06,1704,277,5.695360707115011e-06,0.0
Ø§Ù„Ø³Ø¹ÙˆØ¯ÙŠ,5.693318078183541e-06,12279,953,5.693318078183541e-06,0.0
Ø§Ù„Ø§Ø¬Ø±Ø§Ø¡,5.692992447524509e-06,16,13,5.692992447524509e-06,0.0
Ø§Ù„Ù…Ø²Ø§Ø¯Ø§Ù„ØªØºÙŠØ±Ø§Ù„Ø®Ø²Ù,5.691469118740252e-06,21,9,5.691469118740252e-06,0.0
Ø§Ù„Ø§Ù…Ø§Ù†,5.68910150815818e-06,3,3,5.68910150815818e-06,0.0
Ø§Ù„Ø§ÙˆÙ„ÙÙŠÙ†Ø§Øª,5.6886278826513245e-06,13,5,5.6886278826513245e-06,0.0
Ø§Ù„Ø³Ù„Ø§Ù…,5.687100078483217e-06,40,8,5.687100078483217e-06,0.0
Ø§Ù„Ù…ØªÙ‚Ø¯Ù…Ù‡,5.684055908231068e-06,1211,282,5.684055908231068e-06,0.0
Ø§Ù„Ù†Ø³Ø§Ø¦ÙŠÙ‡,5.6798615916949996e-06,6,5,5.6798615916949996e-06,0.0
Ø§Ø±Ù‚Ø§Ù…,5.6793026487103865e-06,7436,957,5.6793026487103865e-06,0.0
GMAboud,5.6759977615507546e-06,4,3,5.6759977615507546e-06,0.0
Ø§Ù„ØªÙƒÙŠÙ,5.675261520806608e-06,13,10,5.675261520806608e-06,0.0
ÙˆØ¹Ø¶Ùˆ,5.674064805192283e-06,30,17,5.674064805192283e-06,0.0
ØªØ­ÙˆÙŠÙ„Ù‡,5.673266094315251e-06,22,19,5.673266094315251e-06,0.0
Ø¬ÙˆÙ†Ø²,5.6732535075173995e-06,18,3,5.6732535075173995e-06,0.0
Ù…ÙŠØ¬Ø§ÙˆØ§Øª,5.672589723767097e-06,92,29,5.672589723767097e-06,0.0
ÙˆØªÙƒØ«ÙŠÙ,5.672432445956819e-06,6,5,5.672432445956819e-06,0.0
Ø¨Ø¯Ø±,5.6716835106948965e-06,40,20,5.6716835106948965e-06,0.0
Ù…Ø±ÙƒØ²ÙŠÙ†,5.66876415867978e-06,13,6,5.66876415867978e-06,0.0
Ø§Ù„Ø±Ø®ØµÙ‡,5.667501784128047e-06,8,5,5.667501784128047e-06,0.0
ØªØ·ÙˆØ±Ù‡Ø§,5.659394848529929e-06,20,8,5.659394848529929e-06,0.0
ÙˆØ§Ù†Ø®ÙØ§Ø¶Ø§,5.656823052452301e-06,132,41,5.656823052452301e-06,0.0
ØªÙ†Ø§ÙØ³ÙŠ,5.6565494965849135e-06,11,8,5.6565494965849135e-06,0.0
ÙˆØ²Ù†,5.652665988713021e-06,122,11,5.652665988713021e-06,0.0
Ù„Ù‡Ù…Ø§,5.649120014932878e-06,38,24,5.649120014932878e-06,0.0
Ø±ÙØ¹Ù‡Ø§,5.6487818710069525e-06,11,4,5.6487818710069525e-06,0.0
ÙˆÙ…Ø±ÙƒØ²Ø§,5.6460268641942025e-06,4,4,5.6460268641942025e-06,0.0
Ø°ÙƒØ±,5.6458949173030156e-06,42,34,5.6458949173030156e-06,0.0
Ø§Ù„Ø¬Ø¯ÙˆÙ„,5.645266992817457e-06,7314,930,5.645266992817457e-06,0.0
Ù„Ù„Ù…ØµÙ†Ø¹ÙŠÙ†,5.6426812662507935e-06,17,10,5.6426812662507935e-06,0.0
Ø§Ù„ØªØºÙŠØ±Ø§Ù„Ø±Ø¨Ø¹,5.641163362370312e-06,25,8,5.641163362370312e-06,0.0
Ø§Ù„Ù…Ù‚ØªØ±Ø­,5.639149607769941e-06,88,42,5.639149607769941e-06,0.0
ÙˆØ¹Ù…ÙˆÙ…,5.638898053528e-06,5,5,5.638898053528e-06,0.0
Ø¯Ø±Ø§ÙŠÙ‡,5.638858613986576e-06,142,42,5.638858613986576e-06,0.0
Ø§Ù„Ø§Ù„ÙƒØªØ±ÙˆÙ†ÙŠ,5.638649423666875e-06,528,207,5.638649423666875e-06,0.0
ÙˆØªÙÙˆÙŠØ¶,5.636237237461555e-06,35,22,5.636237237461555e-06,0.0
Ù„ÙÙŠØ±ÙˆØ³,5.634837462434507e-06,24,21,5.634837462434507e-06,0.0
ÙŠÙˆÙ†ÙŠÙˆÙ†,5.631834243205207e-06,9,4,5.631834243205207e-06,0.0
Ù„Ù‚Ø·Ø§Ø¹Ø§Øª,5.631751831489334e-06,30,23,5.631751831489334e-06,0.0
Ø§Ù„Ù…Ø²Ø§Ø¯Ø§Ù„ØªØºÙŠØ±ØªØ¨ÙˆÙƒ,5.625487422639753e-06,8,4,5.625487422639753e-06,0.0
Ù„Ù„Ø¹Ù‚Ø¯ÙŠÙ†,5.619648271132436e-06,7,3,5.619648271132436e-06,0.0
ÙƒØ§ÙÙ‡,5.617592025802867e-06,266,162,5.617592025802867e-06,0.0
Ù„Ù…Ø³ÙŠØ±Ù‡,5.616805846136025e-06,6,4,5.616805846136025e-06,0.0
Ù„ÙŠØªØ¬Ø§ÙˆØ²,5.614922311446067e-06,5,3,5.614922311446067e-06,0.0
Ø§Ù…Ø§Ù†Ù‡,5.614791041415201e-06,440,136,5.614791041415201e-06,0.0
ÙˆØ¨Ø§Ø³ØªØ«Ù†Ø§Ø¡,5.614067890345709e-06,22,4,5.614067890345709e-06,0.0
ÙˆØ§Ù„Ø³Ø¬Ù„,5.612619790492023e-06,12,10,5.612619790492023e-06,0.0
Ø§Ù„Ø±Ø´ÙŠØ¯Ù‡,5.609928518345494e-06,37,28,5.609928518345494e-06,0.0
Ù…ØªÙˆÙ‚Ø¹,5.609212671824296e-06,68,24,5.609212671824296e-06,0.0
ÙŠÙ†Ø·Ø¨Ù‚Ø§Ù„Ù…Ù„ÙØ§Øª,5.608317694483894e-06,3,3,5.608317694483894e-06,0.0
Ø§Ù„Ø´Ø±ÙƒÙ‡Ø§Ù„Ø§ØºÙ„Ø§Ù‚,5.60619015925895e-06,153,21,5.60619015925895e-06,0.0
Ù„Ø§Ù‚ØªØµØ§Ø¯,5.6040015596066495e-06,5,5,5.6040015596066495e-06,0.0
Ù„Ø§Ø¯Ø§Ø¡,5.597078924747782e-06,111,71,5.597078924747782e-06,0.0
Ø§Ù„Ø§Ù,5.593765683136588e-06,123,50,5.593765683136588e-06,0.0
Ø§Ù„ØªÙƒØ§Ù…Ù„ÙŠ,5.5895265863323335e-06,4,3,5.5895265863323335e-06,0.0
Ø«Ø¨Ø§Øª,5.585384821179661e-06,11,8,5.585384821179661e-06,0.0
ÙˆØ§Ù„Ù…Ø¨ØªÙƒØ±Ù‡,5.580292842318097e-06,6,6,5.580292842318097e-06,0.0
Ù…Ù‡ØªÙ…Ù‡,5.579302545205165e-06,8,3,5.579302545205165e-06,0.0
Ø§Ù„Ø´Ù…Ø§Ù„ÙŠÙ‡Ø§Ù„Ø®Ø²ÙØ§Ù„ÙƒÙŠÙ…ÙŠØ§Ø¦ÙŠÙ‡,5.577220610615047e-06,137,14,5.577220610615047e-06,0.0
Ø§Ù„ØµØ­ÙŠÙ‡Ø§Ù„ØºØ§Ø²,5.577220610615047e-06,137,14,5.577220610615047e-06,0.0
Ø§Ù„Ø´Ø±Ù‚ÙŠÙ‡Ù‡Ø±ÙÙŠØ§Ø³Ù…Ù†Øª,5.577220610615047e-06,137,14,5.577220610615047e-06,0.0
Ù„Ù„Ø¶ÙŠØ§ÙÙ‡Ø§Ø³Ù…Ù†Øª,5.577220610615047e-06,137,14,5.577220610615047e-06,0.0
Ø§Ù„Ø³Ø¹ÙˆØ¯ÙŠÙ‡Ø³Ø¯Ø§ÙÙƒÙˆØ§Ù„Ø¯ÙˆØ§Ø¦ÙŠÙ‡Ø³Ø§Ø¨ØªÙƒÙˆØ§Ø³Ù…Ù†Øª,5.577220610615047e-06,137,14,5.577220610615047e-06,0.0
ÙˆØ§Ù„ØªØµÙ†ÙŠØ¹Ø³Ø§ÙƒÙˆØ§Ø³Ù…Ù†Øª,5.577220610615047e-06,137,14,5.577220610615047e-06,0.0
Ù†Ø¬Ø±Ø§Ù†Ù†Ø§Ø¯ÙƒØ±Ø¹Ø§ÙŠÙ‡Ø§Ø³Ù…Ù†Øª,5.577220610615047e-06,137,14,5.577220610615047e-06,0.0
Ø§Ù„Ù…Ø¯ÙŠÙ†Ù‡Ø¯Ù„Ù‡Ø¯ÙˆØ±,5.577220610615047e-06,137,14,5.577220610615047e-06,0.0
Ø§Ù„Ø±Ø§Ø¬Ø­ÙŠØ§Ù„Ø§Ø¨Ø­Ø§Ø«,5.577220610615047e-06,137,14,5.577220610615047e-06,0.0
Ù„Ù„ØªØ¹Ù…ÙŠØ±Ø¹Ø³ÙŠØ±Ø§Ø³Ù…Ù†Øª,5.577220610615047e-06,137,14,5.577220610615047e-06,0.0
Ø§Ù„Ø¹Ø±Ø¨ÙŠÙ‡Ø§Ù„Ø±ÙŠØ§Ø¶,5.577220610615047e-06,137,14,5.577220610615047e-06,0.0
Ø§Ù„Ø³Ø¹ÙˆØ¯ÙŠÙ‡ÙÙˆØ§Ø²,5.577220610615047e-06,137,14,5.577220610615047e-06,0.0
Ø§Ù„Ø¨Ù„Ø¯ÙŠÙ‡,5.574184139663134e-06,43,24,5.574184139663134e-06,0.0
Ø¨Ø´Ø±ÙŠÙ‡,5.571247102134894e-06,7,6,5.571247102134894e-06,0.0
Ø§ÙØªØªØ­Øª,5.570826459314277e-06,61,21,5.570826459314277e-06,0.0
ÙˆØ±Ø¯Ø§,5.569000341240969e-06,4,4,5.569000341240969e-06,0.0
Ø§Ù„Ù…Ø®ØªÙ„ÙÙ‡,5.5681876619148535e-06,129,89,5.5681876619148535e-06,0.0
Ù„Ø§Ø³ØªÙ…Ø±Ø§Ø±ÙŠÙ‡,5.564539596204578e-06,4,4,5.564539596204578e-06,0.0
ÙˆØ§Ù„Ø¨Ø±Ø§Ù…Ø¬,5.559863944952736e-06,27,23,5.559863944952736e-06,0.0
Ø¨ØªØ·ÙˆÙŠØ±,5.5578038795755485e-06,30,25,5.5578038795755485e-06,0.0
Ø§Ù„Ø¨ÙˆÙ„ÙŠØ³ØªØ±,5.557262083703148e-06,17,14,5.557262083703148e-06,0.0
Ù…Ù†Ø²Ù„,5.546633126951636e-06,28,18,5.546633126951636e-06,0.0
Ø´Ø¹Ø§Ø±,5.54646585445316e-06,335,176,5.54646585445316e-06,0.0
Ø§Ù„ØªØ­Ø¯ÙŠØ§Øª,5.546339910490203e-06,112,74,5.546339910490203e-06,0.0
ÙŠØ¹Ø·ÙŠ,5.545535133562008e-06,10,8,5.545535133562008e-06,0.0
Ø§Ù„Ù…Ù…Ù†ÙˆØ­Ù‡,5.5452381702532595e-06,604,96,5.5452381702532595e-06,0.0
Ø§Ù„Ø§Ø¬ØªÙ…Ø§Ø¹https,5.543342446512152e-06,32,30,5.543342446512152e-06,0.0
Ø§Ù„Ù…Ø±Ù…ÙˆÙ‚Ù‡,5.542018609423644e-06,7,4,5.542018609423644e-06,0.0
Ø¨Ù…Ù†Ù‡Ø¬ÙŠÙ‡,5.5409766396891244e-06,3,3,5.5409766396891244e-06,0.0
Ø¬Ø¨Ø³ÙƒÙˆ,5.5402662569128175e-06,130,31,5.5402662569128175e-06,0.0
ÙØªØ­Ù‡Ø§,5.537572428687775e-06,8,3,5.537572428687775e-06,0.0
ÙˆØ¹ÙŠ,5.536293072603131e-06,5,3,5.536293072603131e-06,0.0
Ø´Ø±Ø§Ø¡Ù‡Ø§,5.535327099316889e-06,8,3,5.535327099316889e-06,0.0
Ù‚Ø¯Ø±,5.534321704903117e-06,23,19,5.534321704903117e-06,0.0
Ù…Ø­Ù„Ù„ÙŠÙ†,5.5315889499021385e-06,13,13,5.5315889499021385e-06,0.0
Ø§Ù„Ù…Ø²Ø§Ø¯Ø§Ù„ØªØºÙŠØ±Ø³ÙŠØ±Ø§,5.530980109732618e-06,6,3,5.530980109732618e-06,0.0
Ø§Ù„Ù…Ø¨Ø§Ø¯Ø¦,5.5280909790521595e-06,38,10,5.5280909790521595e-06,0.0
cma,5.527487698453163e-06,12,10,5.527487698453163e-06,0.0
ØªÙ†ØªØ¸Ø±,5.526817288001592e-06,6,6,5.526817288001592e-06,0.0
Ù„Ø­Ø¶ÙˆØ±,5.5262139883979e-06,104,70,5.5262139883979e-06,0.0
Ø§Ù„Ø¯Ø¹ÙˆÙ‡,5.525230764292083e-06,40,35,5.525230764292083e-06,0.0
Ù…Ø³Ø§Ø±,5.525186675066132e-06,35,24,5.525186675066132e-06,0.0
Ù„Ø¨Ø±Ù†Ø§Ù…Ø¬,5.523378507394501e-06,124,48,5.523378507394501e-06,0.0
Ø±Ø¨Ø·,5.522331481464628e-06,57,36,5.522331481464628e-06,0.0
Ø®Ø§ØµÙŠÙ‡,5.522310259060383e-06,27,23,5.522310259060383e-06,0.0
ØªÙ‚Ø±ÙŠØ±Ù‡Ø§,5.516141925775682e-06,30,22,5.516141925775682e-06,0.0
Ø§ÙˆÙ„ÙŠÙÙŠÙ†Ø§Øª,5.513436989777411e-06,9,5,5.513436989777411e-06,0.0
Ø¹ÙŠØ§Ø¯Ø§Øª,5.510882660632215e-06,8,3,5.510882660632215e-06,0.0
Ø§Ù„Ø¬Ù‡Ù†ÙŠ,5.50955028762369e-06,4,4,5.50955028762369e-06,0.0
Ø¨Ù…Ø¨ÙŠØ¹Ø§Øª,5.503588320829341e-06,11,8,5.503588320829341e-06,0.0
ØªØ¤ÙƒØ¯,5.5026349158077604e-06,75,51,5.5026349158077604e-06,0.0
Ø§Ù„Ø¯ÙƒØªÙˆØ±Ø§Ù‡,5.500938771215341e-06,6,6,5.500938771215341e-06,0.0
Ù„Ù…Ø³Ø§Ù‡Ù…ÙŠÙ‡Ø§,5.499212516856527e-06,35,33,5.499212516856527e-06,0.0
Ø°Ø±Ø§Ø¹,5.496006744543154e-06,5,4,5.496006744543154e-06,0.0
Ù„Ù„ÙƒÙŠÙ…Ø§ÙˆÙŠØ§Øª,5.493006476140381e-06,252,74,5.493006476140381e-06,0.0
Ø§Ø³ØªØºÙ„Ø§Ù„Ù‡Ø§,5.4883175122784405e-06,3,3,5.4883175122784405e-06,0.0
Ø§Ù„Ø¯ÙˆØ§Ø¦ÙŠÙ‡,5.48781328149689e-06,441,122,5.48781328149689e-06,0.0
Ø¨Ø«Ù‚Ù‡,5.48744655785649e-06,3,3,5.48744655785649e-06,0.0
ØªØ²Ø§Ù…Ù†Ø§,5.48488397548139e-06,84,36,5.48488397548139e-06,0.0
ØªÙƒØ±ÙŠÙ…,5.483874582644e-06,11,11,5.483874582644e-06,0.0
Ù„Ù…Ù†ØªØ¬Ø§Øª,5.480821140004186e-06,40,31,5.480821140004186e-06,0.0
ÙˆÙ†Ù‚Ù„Øª,5.480359881929096e-06,4,4,5.480359881929096e-06,0.0
Ø¨Ø§Ù„Ø§ÙˆØ¶Ø§Ø¹,5.477599956980441e-06,8,6,5.477599956980441e-06,0.0
ÙŠØªÙƒÙˆÙ†,5.475887555368378e-06,23,11,5.475887555368378e-06,0.0
Ù…Ø­Ø·ØªØ§,5.471862243339787e-06,4,3,5.471862243339787e-06,0.0
Ø§Ù„Ù…ØªØºÙŠØ¨ÙŠÙ†,5.4696948693328656e-06,5,4,5.4696948693328656e-06,0.0
Ø§Ù„ØµÙŠÙ†,5.461222074622368e-06,127,65,5.461222074622368e-06,0.0
Ù„Ø§ØºÙ„Ø¨,5.459597510844652e-06,12,3,5.459597510844652e-06,0.0
Ø±Ø¤ÙŠØªÙ†Ø§,5.458789719851669e-06,5,5,5.458789719851669e-06,0.0
Ø¨Ù…Ø¤Ø´Ø±Ø§Øª,5.458049369572134e-06,4,3,5.458049369572134e-06,0.0
Ù…Ø§Ù„,5.456889528096314e-06,356,138,5.456889528096314e-06,0.0
Ø§Ø«Ù†ÙŠÙ†,5.4536910752079295e-06,3,3,5.4536910752079295e-06,0.0
ØºØ§Ù„Ø¨ÙŠÙ‡,5.45227471437924e-06,37,17,5.45227471437924e-06,0.0
Ø³Ù†ØªÙŠÙ†,5.451723862361077e-06,19,9,5.451723862361077e-06,0.0
ØªÙ…Ø«Ù„Øª,5.449226864158437e-06,8,8,5.449226864158437e-06,0.0
Ø§Ù„Ø­ÙŠÙˆÙŠ,5.447484589854541e-06,28,22,5.447484589854541e-06,0.0
Ù„Ø¸Ø±ÙˆÙÙ‡,5.441731705391866e-06,18,16,5.441731705391866e-06,0.0
Ù‡Ø¯Ø±,5.436080571368854e-06,4,4,5.436080571368854e-06,0.0
ÙŠÙ„ØªÙ‚ÙŠ,5.4354595650359875e-06,6,6,5.4354595650359875e-06,0.0
Ù…Ø´ØªØ±Ùƒ,5.430736523883327e-06,236,110,5.430736523883327e-06,0.0
Ù‚Ø·Ø§Ø¹Ø§Øª,5.427888864932775e-06,230,114,5.427888864932775e-06,0.0
Ù…Ø¬Ù…Ø¹Ø§Øª,5.42751130833077e-06,12,8,5.42751130833077e-06,0.0
ÙˆØ¬Ø¹Ù„,5.425696570732618e-06,5,5,5.425696570732618e-06,0.0
Ø§ØªØ¹Ø§Ø¨,5.420325944996064e-06,26,22,5.420325944996064e-06,0.0
Ø¶Ù…Ù†Ù‡Ù…,5.4174251007706755e-06,6,3,5.4174251007706755e-06,0.0
Ø§Ù„Ø§Ù†Ø¬Ù„ÙŠØ²ÙŠÙ‡,5.413036659741312e-06,17,15,5.413036659741312e-06,0.0
ÙˆØ±ÙØ¹Øª,5.412450335356851e-06,35,27,5.412450335356851e-06,0.0
Ø¨Ø±Ø§Ù…Ø¬,5.412410338705982e-06,227,107,5.412410338705982e-06,0.0
ÙˆØ¨Ø§Ù„Ù†Ø¸Ø±,5.41080109643211e-06,15,7,5.41080109643211e-06,0.0
ÙˆØ´Ø±ÙˆØ·,5.409222699345342e-06,18,16,5.409222699345342e-06,0.0
ÙˆØ¨Ø·Ø§Ù‚Ù‡,5.408001104655825e-06,7,6,5.408001104655825e-06,0.0
Ø¨Ø§Ø¬Ù…Ø§Ù„ÙŠ,5.406985111111117e-06,71,51,5.406985111111117e-06,0.0
ØªÙ†ØªÙ‡ÙŠ,5.402871629761727e-06,210,115,5.402871629761727e-06,0.0
Ø§Ù„ÙŠÙƒØªØ±Ùƒ,5.401242979662605e-06,4,4,5.401242979662605e-06,0.0
Ø§Ù„Ø¬ÙˆÙ,5.4000239905692705e-06,554,157,5.4000239905692705e-06,0.0
ÙˆÙ„Ù‡,5.399401826967788e-06,11,10,5.399401826967788e-06,0.0
ÙˆØ±Ø´Ù‡,5.397852216015423e-06,30,19,5.397852216015423e-06,0.0
Ø§Ù„Ù…Ù‚Ø§Ù…,5.396875704169134e-06,29,26,5.396875704169134e-06,0.0
Ø¯ÙˆÙ„,5.3964437863720075e-06,167,109,5.3964437863720075e-06,0.0
Ø¨Ù‚ÙŠØ§Ø³,5.395868044463371e-06,5,3,5.395868044463371e-06,0.0
Ø§Ù…ØªØµØ§Øµ,5.393882892435308e-06,19,8,5.393882892435308e-06,0.0
Ù„Ù„Ø´Ø®Øµ,5.392850216567517e-06,14,6,5.392850216567517e-06,0.0
Ø§Ù„Ù†ÙŠÙ‡,5.390592601886686e-06,5,3,5.390592601886686e-06,0.0
ÙˆØ´Ø±ÙˆØ·Ù‡Ø§,5.390292379452532e-06,10,8,5.390292379452532e-06,0.0
ÙˆØ¯ÙˆÙ„,5.387554678996018e-06,21,15,5.387554678996018e-06,0.0
Ø±Ø¦ÙŠØ³ÙŠ,5.387532959663208e-06,91,58,5.387532959663208e-06,0.0
ÙŠØµØ¨Ø­,5.384503320326343e-06,20,17,5.384503320326343e-06,0.0
ÙØµÙ„ÙŠÙ‡,5.382018221328371e-06,58,33,5.382018221328371e-06,0.0
Ø§Ù„Ø´Ø±ÙƒØ§ØªØ§Ù„Ø§ÙØ±Ø§Ø¯Ø§Ù„Ø®Ø²ÙŠÙ†Ù‡Ø§Ù„Ø§Ø³ØªØ«Ù…Ø§Ø±,5.381933069958642e-06,20,15,5.381933069958642e-06,0.0
Ø§Ø¶Ø§ÙÙŠÙ‡ÙŠÙ†ÙˆÙ‡,5.3812294936652025e-06,3,3,5.3812294936652025e-06,0.0
ÙˆÙ†Ø¤ÙƒØ¯,5.377697702365589e-06,4,4,5.377697702365589e-06,0.0
Ø®Ø§Ø±Ø¬Ù‡,5.372089547905461e-06,7,4,5.372089547905461e-06,0.0
Ø§Ù„Ø¹Ø§Ù„Ù…ÙŠ,5.367052054919223e-06,817,172,5.367052054919223e-06,0.0
ØªØ¬Ø¹Ù„Ù‡Ø§,5.361616140309071e-06,3,3,5.361616140309071e-06,0.0
Ù…Ø¨ÙŠØ¹Ø§ØªÙ‡,5.360987941169636e-06,28,25,5.360987941169636e-06,0.0
Ø§Ù„Ù…ÙˆØ§Ù‚Ø¹,5.3597054025627115e-06,50,30,5.3597054025627115e-06,0.0
ÙˆØ§Ù„ØªÙ…ÙˆÙŠÙ„,5.357275227274905e-06,110,46,5.357275227274905e-06,0.0
ØªØ§Ø«ÙŠØ±Ù‡Ø§,5.354008110417252e-06,5,5,5.354008110417252e-06,0.0
ÙˆØ§Ù„Ø§Ø®ÙŠØ±Ù‡,5.353617884053303e-06,19,9,5.353617884053303e-06,0.0
ÙˆØªØ¹Ù…Ù„,5.352545155202578e-06,42,34,5.352545155202578e-06,0.0
Ø¨Ø¯Ø±Ø§Ø³Ø§Øª,5.3515632070662e-06,4,3,5.3515632070662e-06,0.0
Ø§Ø³ØªÙ„Ù…,5.3512537693223556e-06,3,3,5.3512537693223556e-06,0.0
Ø¨Ø­ØµÙ‡,5.350746664209809e-06,30,17,5.350746664209809e-06,0.0
Ø­ÙŠØ§ØªÙ‡,5.349450446375042e-06,4,3,5.349450446375042e-06,0.0
Ø§Ù„ÙˆØ§ÙØ¯ÙŠÙ†,5.348099979545364e-06,10,9,5.348099979545364e-06,0.0
ÙˆØ§Ù…ØªØ¯Ø§Ø¯Ø§,5.344951821954671e-06,27,27,5.344951821954671e-06,0.0
Ø§Ù„Ø§Ø­ØªÙŠØ§Ù„,5.340603746529964e-06,50,5,5.340603746529964e-06,0.0
Ù…Ù†ÙŠ,5.339926912190639e-06,36,8,5.339926912190639e-06,0.0
ØºÙŠØ±Ù‡Ø§,5.3361213898976356e-06,11,7,5.3361213898976356e-06,0.0
ÙˆØªØ³ØªÙ…Ø±,5.335159911227053e-06,21,10,5.335159911227053e-06,0.0
ÙˆØ§Ù„Ø³Ø±Ø¹Ù‡,5.324149732377964e-06,6,5,5.324149732377964e-06,0.0
ØªÙ‚Ø¯Ù…Ù‡Ø§,5.318483607686789e-06,61,35,5.318483607686789e-06,0.0
Ø³ÙŠØ¬ÙŠ,5.317251659777568e-06,12,7,5.317251659777568e-06,0.0
Ù„Ø­ÙŠÙ†,5.316123041220587e-06,8,7,5.316123041220587e-06,0.0
ÙŠØ¶Ù…Ù‡Ø§,5.315940421241048e-06,277,17,5.315940421241048e-06,0.0
Ø§Ù„Ø´Ø§Ø¨Ù‡,5.314141161027049e-06,15,11,5.314141161027049e-06,0.0
Ù„Ø´Ø±ÙˆØ·,5.312602200178776e-06,31,18,5.312602200178776e-06,0.0
ÙˆØ§Ù„ØªÙƒØ§Ù…Ù„,5.3082968425460345e-06,20,12,5.3082968425460345e-06,0.0
Ø§Ù„Ø´Ø®Øµ,5.3074207787997134e-06,37,31,5.3074207787997134e-06,0.0
ÙˆØ§Ø¨Ø±Ø§Ù…,5.306676412469537e-06,6,3,5.306676412469537e-06,0.0
Ø§Ù„ÙØ¶Ø§Ø¦ÙŠ,5.305638372230636e-06,3,3,5.305638372230636e-06,0.0
Ø§Ù„ØªÙÙ‚Ø¯ÙŠÙ‡,5.298605598584199e-06,7,5,5.298605598584199e-06,0.0
unclaimed,5.297583983434725e-06,4,4,5.297583983434725e-06,0.0
Ø§Ù„Ø«Ø§Ø¨ØªÙ‡,5.295415116063997e-06,150,58,5.295415116063997e-06,0.0
Ù…Ø¤Ø³Ø³Ø§Øª,5.293884720669016e-06,35,20,5.293884720669016e-06,0.0
Ù†Ø¬Ø§Ø­Ù†Ø§,5.291553016531688e-06,4,4,5.291553016531688e-06,0.0
ÙˆØ§Ù„Ø«Ø§Ù„Ø«Ù‡,5.288928323532098e-06,6,5,5.288928323532098e-06,0.0
ÙˆØ§Ù„Ù‡ÙŠØ¯Ø±ÙˆØ¬ÙŠÙ†,5.2857113067246555e-06,7,6,5.2857113067246555e-06,0.0
Ø¨Ø§Ù„ØªÙˆØ²ÙŠØ¹,5.279277698991376e-06,21,3,5.279277698991376e-06,0.0
ÙˆØ¨Ù„Øº,5.2770762341158985e-06,191,84,5.2770762341158985e-06,0.0
Ø§Ù„Ù…Ø²Ø§Ø¯Ø§Ù„ØªØºÙŠØ±Ø§Ù„Ø§Ø¨Ø­Ø§Ø«,5.273443764738369e-06,35,12,5.273443764738369e-06,0.0
Ø§Ù„Ù‡Ù†Ø¯,5.272451643433517e-06,24,16,5.272451643433517e-06,0.0
Ø§Ù„Ø³ÙˆÙŠØ³Ø±ÙŠÙ‡,5.271399826549401e-06,54,23,5.271399826549401e-06,0.0
ÙŠÙ†Ø³Ø§Ø¨,5.264896865810897e-06,2139,391,5.264896865810897e-06,0.0
Ø§Ù„Ù…ØªØ±Ø§Ø¬Ø¹Ù‡,5.2641964299817595e-06,48,17,5.2641964299817595e-06,0.0
Ø§Ù„Ø­ØµØµ,5.2568008206641876e-06,59,19,5.2568008206641876e-06,0.0
ÙˆØ§Ù„Ø§Ù‡Ù„Ø§Ùƒ,5.256209199888814e-06,10,10,5.256209199888814e-06,0.0
ØªÙˆØ³Ø¹Ù‡,5.255539982633415e-06,89,37,5.255539982633415e-06,0.0
Ø§Ù„Ø¨ÙŠØ¹ÙŠÙ‡,5.2530741063637715e-06,20,5,5.2530741063637715e-06,0.0
ÙˆÙŠØ³Ø§Ø¹Ø¯,5.249455920073962e-06,6,6,5.249455920073962e-06,0.0
Ø§Ù„Ù„Ø¯Ø§Ø¦Ù†,5.249039368074542e-06,18,7,5.249039368074542e-06,0.0
ÙˆØ·Ù…ÙˆØ­Ø§Øª,5.2482110032657255e-06,7,5,5.2482110032657255e-06,0.0
Ø³Ø¨ØªÙ…Ø¨Ø±,5.2471529436921415e-06,1908,310,5.2471529436921415e-06,0.0
ÙˆØ§Ù„Ù…ÙˆØ§Ù‚Ø¹,5.246224385306101e-06,14,8,5.246224385306101e-06,0.0
ÙˆØ§Ù„Ù…Ù†ØªØ¬Ø§Øª,5.242514241858355e-06,53,40,5.242514241858355e-06,0.0
ÙˆØ§Ù„ÙŠØ§Øª,5.23761666751281e-06,24,13,5.23761666751281e-06,0.0
ÙˆØ§Ø³Ù…Ø¯Ù‡,5.235846288167941e-06,4,3,5.235846288167941e-06,0.0
ÙˆÙ†Ø§Ø¦Ø¨Ù‡,5.233344613269597e-06,15,7,5.233344613269597e-06,0.0
ØªØ¹Ø§Ø¯Ù„,5.23306592095418e-06,38,17,5.23306592095418e-06,0.0
ÙˆØ·Ù†ÙŠ,5.231719101144891e-06,14,10,5.231719101144891e-06,0.0
Ù…Ø³Ø±Ù‡,5.226875995925423e-06,3,3,5.226875995925423e-06,0.0
Ù„Ù„ØªØºÙŠØ±Ø§Øª,5.225368835728673e-06,4,4,5.225368835728673e-06,0.0
ÙŠÙˆÙ†ÙŠÙˆ,5.222680090084181e-06,1993,305,5.222680090084181e-06,0.0
Ø¨ÙˆØ§Ù†,5.216449674191105e-06,340,114,5.216449674191105e-06,0.0
Ø¨Ø§Ø±ÙŠØ¨Ø§,5.212864903730184e-06,51,21,5.212864903730184e-06,0.0
Ø§Ù„Ù…ÙˆÙ‚Ø¹,5.211663731120694e-06,121,96,5.211663731120694e-06,0.0
Ù†Ø§Ø¦Ø¨Ù‡,5.211500581140708e-06,5,3,5.211500581140708e-06,0.0
ØªÙ†ÙØ°Ù‡Ø§,5.211205531597466e-06,16,13,5.211205531597466e-06,0.0
Ø®Ø§ØµÙ‡,5.207261514958806e-06,1533,320,5.207261514958806e-06,0.0
ÙÙŠÙˆØ¶Ø­,5.206897589173436e-06,21,9,5.206897589173436e-06,0.0
ÙˆØ§Ù„Ù‡Ø¯Ù,5.206345306745036e-06,4,3,5.206345306745036e-06,0.0
ÙŠØ¯Ø¹Ù…,5.2017845848419566e-06,48,43,5.2017845848419566e-06,0.0
Ø¯Ù…Ø¬,5.201138215034617e-06,145,64,5.201138215034617e-06,0.0
Ø§Ø³ØªØ«Ù…Ø§Ø±,5.197395316963682e-06,1015,177,5.197395316963682e-06,0.0
ÙˆØ¹Ù…Ù„,5.195468245452867e-06,15,12,5.195468245452867e-06,0.0
Ø¹Ù„ÙŠØ§Ù†,5.194643556784386e-06,17,9,5.194643556784386e-06,0.0
Ù…Ø¹Ø§Ø¯Ù†,5.194562381039054e-06,2819,466,5.194562381039054e-06,0.0
Ù‚Ø±Ø¨,5.19047009428565e-06,23,11,5.19047009428565e-06,0.0
Ø§Ù„ØªØ§ÙƒÙŠØ¯,5.190427531404359e-06,12,7,5.190427531404359e-06,0.0
Ù…Ù†Ø§Ø³ÙƒÙ‡Ù…,5.189152621127296e-06,4,3,5.189152621127296e-06,0.0
Ø§Ù„Ø¨ØªØ±ÙˆÙ„ÙŠÙ‡,5.188794020239938e-06,17,10,5.188794020239938e-06,0.0
Ù…ØªØ³Ø§Ø±Ø¹Ø§,5.187485962405902e-06,5,3,5.187485962405902e-06,0.0
Ø§Ù„ÙˆØ§Ø±Ø¯Ø§Øª,5.186674891186594e-06,9,5,5.186674891186594e-06,0.0
Ù„Ù„Ø¹Ù„Ø§Ù‚Ø§Øª,5.179656548038803e-06,16,8,5.179656548038803e-06,0.0
Ù…Ø³Ø±Ø¹Ù‡,5.178120154352658e-06,6,3,5.178120154352658e-06,0.0
ØªØºÙŠÙŠØ±Ø§ØªÙ‡Ø§,5.1743363660608345e-06,49,5,5.1743363660608345e-06,0.0
Ø±ÙŠØ§Ø¯Ù‡,5.173362572271254e-06,48,35,5.173362572271254e-06,0.0
Ø§Ø³Ù‡Ù…Ù‡Ø§,5.168073970218362e-06,152,51,5.168073970218362e-06,0.0
Ø´Ø§ÙƒØ±,5.165303187152635e-06,313,112,5.165303187152635e-06,0.0
Ø¨Ø§Ù„ØªÙ†Ø§ÙØ³ÙŠÙ‡,5.164132380342892e-06,8,5,5.164132380342892e-06,0.0
Ø­ÙˆÙƒÙ…Ù‡,5.162859301498361e-06,59,24,5.162859301498361e-06,0.0
Ù…Ø¹Ø§,5.157803150921828e-06,19,18,5.157803150921828e-06,0.0
Ø§Ù„Ø§Ø³Ø±Ø¹,5.155229045265132e-06,8,7,5.155229045265132e-06,0.0
Ø¨Ø®Ø¯Ù…Ø§Øª,5.1544717437040996e-06,19,18,5.1544717437040996e-06,0.0
Ø­Ø«ÙŠØ«Ù‡,5.151138557030101e-06,4,3,5.151138557030101e-06,0.0
Ø§Ù„Ù…Ø²Ø§Ø¯Ø§Ù„ØªØºÙŠØ±Ø³ÙŠØ³ÙƒÙˆ,5.150802633494891e-06,34,15,5.150802633494891e-06,0.0
Ø§Ù„Ù…ØªØ²Ø§ÙŠØ¯,5.148973521796656e-06,45,36,5.148973521796656e-06,0.0
Ø§Ù„Ø§ÙˆÙ‚Ø§Øª,5.148667257060332e-06,14,6,5.148667257060332e-06,0.0
ÙØ±Ù†,5.148605886252636e-06,6,3,5.148605886252636e-06,0.0
Ø§Ù‚Ù„ÙŠÙ…ÙŠÙ‡,5.147627078959029e-06,7,7,5.147627078959029e-06,0.0
ÙˆØ§Ù„Ø§Ù†,5.147283961934418e-06,5,5,5.147283961934418e-06,0.0
ÙƒØ§ÙÙŠÙ‡,5.144922165330692e-06,26,19,5.144922165330692e-06,0.0
ÙˆØ±Ø§Ø¦Ø¯Ø§Øª,5.14383815566303e-06,8,6,5.14383815566303e-06,0.0
ØªØ¨Ø¹Ù‡Ø§,5.142107341484968e-06,5,3,5.142107341484968e-06,0.0
Ø§Ø±ÙŠØ¯Ùˆ,5.142107341484968e-06,5,3,5.142107341484968e-06,0.0
Ø§Ù„ØªÙˆØ³Ø¹ÙŠÙ‡,5.141933016237488e-06,53,36,5.141933016237488e-06,0.0
Ø§Ù„Ø§ØªÙØ§Ù‚,5.141147321102538e-06,61,41,5.141147321102538e-06,0.0
Ù„Ø°Ø§,5.139371148193462e-06,20,18,5.139371148193462e-06,0.0
Ù‚ÙŠÙ…ØªÙ‡,5.1392758141027474e-06,58,36,5.1392758141027474e-06,0.0
Ø¹ØµØ§Ù…,5.1386439860275145e-06,17,13,5.1386439860275145e-06,0.0
Ø´Ø§Ø¡,5.133755642656458e-06,5,5,5.133755642656458e-06,0.0
ÙˆØ§Ù„Ù„Ø¬Ø§Ù†,5.132670616808151e-06,28,18,5.132670616808151e-06,0.0
ÙˆØ§Ù„Ù…Ù‚Ø§Ø±Ù†Ø§Øª,5.1312094351727555e-06,22,8,5.1312094351727555e-06,0.0
Ù†Ø³Ø¹Ø¯,5.127890726198999e-06,3,3,5.127890726198999e-06,0.0
Ø§Ø³ØªØ±Ø§Ù„ÙŠØ§,5.1235152792114815e-06,3,3,5.1235152792114815e-06,0.0
Ø³ÙŠØªÙ…,5.11965461511401e-06,562,264,5.11965461511401e-06,0.0
Ù„Ù„ØªØ±Ø¨ÙŠÙ‡,5.119260777262943e-06,89,22,5.119260777262943e-06,0.0
Ø§Ù„ØªØºÙŠØ±,5.113279774489894e-06,632,197,5.113279774489894e-06,0.0
Ø§Ù„Ø¹Ø«ÙŠÙ…,5.1131015459094375e-06,731,207,5.1131015459094375e-06,0.0
Ø§Ù„Ù…Ø±ÙƒØ²ÙŠ,5.113022471082331e-06,327,87,5.113022471082331e-06,0.0
Ù†Ù…Ø§Ø¡,5.108231996645402e-06,445,158,5.108231996645402e-06,0.0
Ø§Ù„Ø§Ø¹Ø¨Ø§Ø¡,5.1044459064331515e-06,60,23,5.1044459064331515e-06,0.0
Ø§Ù„Ù…Ø¯ÙŠÙ†Ù‡,5.102510310184664e-06,675,169,5.102510310184664e-06,0.0
Ø´Ø­,5.102299302568462e-06,8,4,5.102299302568462e-06,0.0
ÙˆØ§Ù„Ù…Ø¹Ø¯Ø§Øª,5.102128173753985e-06,62,28,5.102128173753985e-06,0.0
ÙŠ,5.101762482690496e-06,16,5,5.101762482690496e-06,0.0
Ø§Ù„Ù…Ø²Ø±Ø¹Ù‡,5.100493077162384e-06,341,117,5.100493077162384e-06,0.0
Ø§Ø±Ø§Ù…ÙƒÙˆ,5.095598549096638e-06,1414,218,5.095598549096638e-06,0.0
Ø§Ù„Ù…Ø´Ø±ÙˆØ¹ØªÙØ§ØµÙŠÙ„,5.093287582657001e-06,11,4,5.093287582657001e-06,0.0
ØªØ²ÙˆÙŠØ¯,5.092046269968877e-06,46,33,5.092046269968877e-06,0.0
Ù…ÙŠÙ†Ø§Ø¡,5.091736564656083e-06,28,7,5.091736564656083e-06,0.0
ØªØªÙ‚Ø¯Ù…,5.090905790789715e-06,12,7,5.090905790789715e-06,0.0
Ø­Ù…Ø¶,5.089687378259809e-06,16,9,5.089687378259809e-06,0.0
Ø¹Ø´Ø§Ø¡,5.0867443705093215e-06,6,3,5.0867443705093215e-06,0.0
Ø«Ø§Ø¨ØªØ§,5.084650760478688e-06,5,5,5.084650760478688e-06,0.0
Ø§Ù„Ø±Ø§Ø¬Ø­ÙŠ,5.082649805082487e-06,4914,626,5.082649805082487e-06,0.0
Ù…Ù„ÙƒÙŠØªÙ‡,5.079959894439283e-06,12,7,5.079959894439283e-06,0.0
Ø§Ù„ØªÙØ§Ø¹Ù„,5.079299653963095e-06,8,6,5.079299653963095e-06,0.0
dividends,5.07907767875758e-06,13,10,5.07907767875758e-06,0.0
Ø§Ù„ØªØ±ÙƒØ²,5.0787842013282085e-06,44,14,5.0787842013282085e-06,0.0
ÙˆØ³ÙŠÙ†Ø¹ÙƒØ³,5.074918465179041e-06,40,11,5.074918465179041e-06,0.0
Ø§Ù„Ø³Ø¹ÙˆØ¯ÙŠÙ‡Ø§Ù„Ø¨Ù†Ùƒ,5.070869254085336e-06,12,4,5.070869254085336e-06,0.0
Ø§Ù„Ø´Ø§Ø±Ù‚Ù‡,5.070349550759437e-06,5,4,5.070349550759437e-06,0.0
Ø¨Ø¹Ø¯Ù‡Ø§,5.070347039752152e-06,35,28,5.070347039752152e-06,0.0
ÙˆØ¬Ø§Ø¡Øª,5.070244137994913e-06,234,100,5.070244137994913e-06,0.0
Ø§ÙˆØ±ÙˆØ¨Ø§,5.068903674839283e-06,63,48,5.068903674839283e-06,0.0
ÙƒØ¨Ù†Ùƒ,5.068700773796415e-06,5,4,5.068700773796415e-06,0.0
Ø§Ù„ØµØ¯Ø¯,5.062989242003463e-06,14,12,5.062989242003463e-06,0.0
Ø¨Ø´Ù‡Ø±,5.058190583729106e-06,241,66,5.058190583729106e-06,0.0
ÙˆØªÙ†ÙÙŠØ°,5.057783145553557e-06,116,52,5.057783145553557e-06,0.0
Ø§Ù„Ù…Ø§Ù„Ø§Ù„Ù…ØµØ±ÙÙŠÙ‡,5.051289561102632e-06,17,13,5.051289561102632e-06,0.0
Ù…Ù„ÙƒÙŠØªÙ‡Ù…,5.047683250658102e-06,3,3,5.047683250658102e-06,0.0
Ø§Ù„ÙƒØ±Ø§Ù…,5.047345191220012e-06,207,110,5.047345191220012e-06,0.0
Ø§Ù„Ø¯Ø¨Ù„ÙˆÙ…Ø§Ø³ÙŠ,5.045571005819955e-06,9,3,5.045571005819955e-06,0.0
Ø¨Ù„Ø¯ÙŠÙ‡,5.045206791215669e-06,7,3,5.045206791215669e-06,0.0
ÙˆØ§Ø¨Ø±Ø§Ø²,5.0443694949046016e-06,10,9,5.0443694949046016e-06,0.0
ÙˆØ§Ù„Ø§Ø¬ØªÙ…Ø§Ø¹ÙŠ,5.037846522752084e-06,10,9,5.037846522752084e-06,0.0
ÙˆØ±Ø´Ø§Øª,5.036696632409144e-06,5,4,5.036696632409144e-06,0.0
Ø­Ù‚,5.029596835213421e-06,96,75,5.029596835213421e-06,0.0
Ù…Ø«Ù†ÙŠØ§,5.0287747992912444e-06,5,5,5.0287747992912444e-06,0.0
Ø§Ù„ØªØ§Ø±ÙŠØ®,5.027699529142971e-06,68,43,5.027699529142971e-06,0.0
Ø§ÙˆÙ„ÙˆÙŠØ§ØªÙ‡Ø§,5.024035731328176e-06,8,5,5.024035731328176e-06,0.0
Ø¯ÙˆØ±ÙŠÙ‡,5.0230706294595724e-06,12,5,5.0230706294595724e-06,0.0
Ø¨Ø§ØºÙ„Ø§Ù‚Ù‡,5.016191621888733e-06,30,3,5.016191621888733e-06,0.0
Ù‚Ø·Ø§Ø¹ÙŠØ§,5.01487935499088e-06,31,10,5.01487935499088e-06,0.0
Ù„Ø§Ù†Ø´Ø·Ù‡,5.0137823976007045e-06,6,5,5.0137823976007045e-06,0.0
Ø§Ù„Ø­Ø¶ÙˆØ±Ø§Ù„Ù…Ø³Ø§Ù‡Ù…ÙŠÙ†,5.0117913260219256e-06,14,14,5.0117913260219256e-06,0.0
Ù…ÙˆØ¬ÙˆØ¯Ø§Øª,5.007837734088707e-06,340,110,5.007837734088707e-06,0.0
ÙˆÙˆÙÙ‚Ø§,5.006690815037271e-06,622,273,5.006690815037271e-06,0.0
Ø¨ÙØ±Ø¹ÙŠÙ†,5.0037741710631716e-06,9,3,5.0037741710631716e-06,0.0
Ù„Ø´Ø±ÙƒØ§Øª,5.002552914514753e-06,145,54,5.002552914514753e-06,0.0
Ø§ØµØ§Ù„Ù‡,5.001500531046421e-06,23,18,5.001500531046421e-06,0.0
Ø§Ù„Ù…Ø±Ø´Ø­Ù‡,4.996241497130325e-06,27,3,4.996241497130325e-06,0.0
Ù…Ø±Ø§Ø¹Ø§Ù‡,4.995084970904386e-06,18,13,4.995084970904386e-06,0.0
Ù…Ø­Ø§Ø³Ø¨ÙŠÙ‡,4.991924268886894e-06,8,4,4.991924268886894e-06,0.0
Ø¹Ø·Ù„,4.988779765827156e-06,19,8,4.988779765827156e-06,0.0
ÙˆÙŠØ¶Ù…,4.987525931160967e-06,16,14,4.987525931160967e-06,0.0
Ø§ØµÙ„Ø§Ø­Ø§Øª,4.986660911764911e-06,9,7,4.986660911764911e-06,0.0
Ø§Ù„Ù†Ù‡ÙˆØ¶,4.984178888794657e-06,7,7,4.984178888794657e-06,0.0
ØªÙƒÙ†ÙˆÙ„ÙˆØ¬ÙŠ,4.9833473749035075e-06,16,4,4.9833473749035075e-06,0.0
Ø§Ù„Ù…Ù‡ÙŠØ¯Ø¨,4.974146115487257e-06,38,11,4.974146115487257e-06,0.0
Ø§Ù„Ø±ÙŠØ§Ø¶Ø±Ø§Ø¨Ø·,4.969318352649209e-06,13,13,4.969318352649209e-06,0.0
Ø§Ù…,4.968340736535467e-06,1928,250,4.968340736535467e-06,0.0
Ù‡ÙŠØ§ÙƒÙ„,4.966895271368613e-06,11,3,4.966895271368613e-06,0.0
Ù…Ø¶Ø·Ø±Ø¯Ø§,4.963363236175288e-06,15,5,4.963363236175288e-06,0.0
Ø§Ù„Ø§Ø³ØªØ®Ø¯Ø§Ù…Ø§Øª,4.961644531513821e-06,6,5,4.961644531513821e-06,0.0
ÙˆØ§Ù„Ù…ØªØ§Ø¨Ø¹Ù‡,4.961386568352431e-06,7,5,4.961386568352431e-06,0.0
Ù„Ø§Ø¶Ø§ÙÙ‡,4.961199261290613e-06,5,3,4.961199261290613e-06,0.0
Ù‚ÙŠØ§Ø¯ÙŠ,4.959944796920521e-06,3,3,4.959944796920521e-06,0.0
Ø§Ù„Ø§Ø­ØµØ§Ø¦ÙŠÙ‡,4.953191782354224e-06,103,20,4.953191782354224e-06,0.0
ÙˆØªÙ„ØªØ²Ù…,4.951106900503782e-06,5,4,4.951106900503782e-06,0.0
Ø¨Ø§ØµØ¯Ø§Ø±,4.945087377791483e-06,45,25,4.945087377791483e-06,0.0
Ø§Ù„Ø§Ø¯ÙˆØ§Ø±,4.940889415675609e-06,6,3,4.940889415675609e-06,0.0
Ø´Ø§Ø±Ù„Ø²,4.93852736689071e-06,5,3,4.93852736689071e-06,0.0
Ù…Ø§Ø±Ø´Ù„,4.93852736689071e-06,5,3,4.93852736689071e-06,0.0
Ø¨Ø§ÙŠÙ„ÙŠ,4.93852736689071e-06,5,3,4.93852736689071e-06,0.0
Ø§Ù„Ù…Ù…ÙƒÙ†Ù‡,4.936907766372125e-06,24,14,4.936907766372125e-06,0.0
ÙˆØ§Ù„Ø®Ø¯Ù…Ø§Øª,4.93172436574858e-06,271,142,4.93172436574858e-06,0.0
Ø§Ù†Ø°Ø§Ùƒ,4.929258231706573e-06,308,90,4.929258231706573e-06,0.0
ÙˆØ§Ø­ÙƒØ§Ù…,4.924342868253955e-06,49,28,4.924342868253955e-06,0.0
ØªØ³Ø¬ÙŠÙ„Ù‡Ø§,4.922105400358281e-06,62,30,4.922105400358281e-06,0.0
Ù„Ù„ÙÙˆØ³ÙØ§Øª,4.922015842239817e-06,124,38,4.922015842239817e-06,0.0
ÙˆÙŠØªÙˆÙ‚Ø¹,4.9201209462223284e-06,40,29,4.9201209462223284e-06,0.0
Ø¨Ø¯Ù‚Ù‡,4.912134314156221e-06,18,16,4.912134314156221e-06,0.0
Ø§Ø·Ù„Ø§Ù‚Ù‡,4.909453268833613e-06,6,4,4.909453268833613e-06,0.0
ØªØ¹Ù„ÙŠÙ‚Ù‡,4.908969829929646e-06,9,9,4.908969829929646e-06,0.0
Ø¨Ø§Ø¹Ø¸ÙŠÙ…,4.908962065337904e-06,152,68,4.908962065337904e-06,0.0
Ø§Ù„Ø«Ù‚ÙŠÙ„Ù‡,4.9041434952435585e-06,12,6,4.9041434952435585e-06,0.0
Ø­Ø§Ø¯,4.901674712844822e-06,4,3,4.901674712844822e-06,0.0
Ø§Ù…Ù†Ù‡,4.9015755375932325e-06,21,18,4.9015755375932325e-06,0.0
Ù„Ù„Ø¹Ø¶Ùˆ,4.901224586295341e-06,49,21,4.901224586295341e-06,0.0
Ø±Ø¦ÙŠØ³ÙŠÙŠÙ†,4.899547979919003e-06,11,10,4.899547979919003e-06,0.0
ÙˆØ§Ù„Ø§Ù…ÙƒØ§Ù†Ø§Øª,4.896425991129884e-06,3,3,4.896425991129884e-06,0.0
Ø¨Ù‡Ù…Ø§,4.891671515665653e-06,7,5,4.891671515665653e-06,0.0
ØµÙ†Ø§Ø¹Ù‡,4.886487535085266e-06,570,252,4.886487535085266e-06,0.0
ÙˆÙ…ÙˆØ§ÙƒØ¨Ù‡,4.88236013600476e-06,21,16,4.88236013600476e-06,0.0
Ø¨Ø§Ù„Ø¬Ø¨ÙŠÙ„,4.878272482147985e-06,24,9,4.878272482147985e-06,0.0
ÙˆØªØ¯ÙÙ‚Ø§ØªÙ‡Ø§,4.873754629129364e-06,20,12,4.873754629129364e-06,0.0
ÙˆØ§Ù„Ø¬Ù…Ø¹ÙŠÙ‡,4.873625129017231e-06,25,22,4.873625129017231e-06,0.0
ÙˆØ§Ù„Ù†Ø´Ø±,4.87335558568145e-06,5,4,4.87335558568145e-06,0.0
Ø§Ù„Ù…Ø²Ø§Ø¯Ø§Ù„ØªØºÙŠØ±Ø§Ù…ÙŠØ§Ù†ØªÙŠØª,4.8699541092784894e-06,21,7,4.8699541092784894e-06,0.0
Ø¨Ø§Ù‡Ù…,4.8667359374659365e-06,21,7,4.8667359374659365e-06,0.0
Ù„Ø§Ù†Ø´Ø§Ø¡,4.861008767885525e-06,113,54,4.861008767885525e-06,0.0
Ø§Ù„Ø³Ù‡Ù…,4.8602260699688355e-06,2058,494,4.8602260699688355e-06,0.0
Ø¨Ø´Ø·Ø¨,4.856447557379234e-06,26,6,4.856447557379234e-06,0.0
Ø¨Ø§Ù„Ø¨ÙŠØ¦Ù‡,4.852218765665279e-06,8,6,4.852218765665279e-06,0.0
ÙƒØ¬Ø²Ø¡,4.850997688913891e-06,55,40,4.850997688913891e-06,0.0
Ù„Ù„Ù†Ù‚Ù„,4.847579504799183e-06,53,22,4.847579504799183e-06,0.0
Ø§Ù„Ø´Ø±Ø§Ø¦Ø­,4.846724384971418e-06,10,6,4.846724384971418e-06,0.0
Ù…Ù†Ø­ØªÙ‡Ø§,4.845606753311167e-06,49,16,4.845606753311167e-06,0.0
ÙˆÙŠØ±Ø¬ÙŠ,4.8445621318296215e-06,5,5,4.8445621318296215e-06,0.0
Ù…Ù…Ø«Ù„Ø§,4.841613551230748e-06,20,16,4.841613551230748e-06,0.0
Ù…Ø­Ø¯ÙˆØ¯ÙŠÙ‡,4.838158121710344e-06,12,6,4.838158121710344e-06,0.0
Ø§Ø¹Ù„Ø§Ù†Ù‡ØªØ¹Ù„Ù†,4.833518709309789e-06,5,4,4.833518709309789e-06,0.0
ÙƒÙ†Ø§,4.8302468629456e-06,5,5,4.8302468629456e-06,0.0
ÙˆÙ…Ø±Ø§ÙƒØ²,4.827280156247727e-06,43,11,4.827280156247727e-06,0.0
ÙˆØ§Ù„Ø·Ø§Ù‚Ù‡,4.826355449800708e-06,66,47,4.826355449800708e-06,0.0
ÙƒØ±Ø§ÙˆÙ†,4.826344828611967e-06,5,3,4.826344828611967e-06,0.0
Ø³ÙˆØ§Ø±,4.826344828611967e-06,5,3,4.826344828611967e-06,0.0
Ø§Ù„Ø¬Ù†Ø³ÙŠÙ†,4.823116834226874e-06,6,5,4.823116834226874e-06,0.0
Ø§ØºØ³Ø·Ø³,4.820328658833424e-06,1757,256,4.820328658833424e-06,0.0
Ø§Ø®ØªÙŠØ§Ø±,4.809032367117652e-06,54,41,4.809032367117652e-06,0.0
Ø§Ù…ØªÙ„Ø§Ùƒ,4.805002828165468e-06,10,7,4.805002828165468e-06,0.0
Ø§ØªÙØ§Ù‚ÙŠÙ‡,4.798621980462563e-06,928,282,4.798621980462563e-06,0.0
Ø§Ù„Ø¯ÙŠØ²Ù„,4.798141364769713e-06,12,9,4.798141364769713e-06,0.0
Ù„ØªØ¹Ø¸ÙŠÙ…,4.797751820732723e-06,11,11,4.797751820732723e-06,0.0
Ø§Ø³Ø¨ÙˆØ¹Ø§Ø§Ù„ÙˆØ·Ù†ÙŠÙ‡,4.796798847876063e-06,6,4,4.796798847876063e-06,0.0
Ø§Ù„Ù…Ø²Ø§Ø¯Ø§Ù„ØªØºÙŠØ±Ø¨Ø§Ø¹Ø¸ÙŠÙ…,4.795279848063428e-06,6,4,4.795279848063428e-06,0.0
Ø¹Ø²Ù…,4.791603980316671e-06,8,8,4.791603980316671e-06,0.0
Ø§Ù„Ù…ØªÙ†ÙˆØ¹Ù‡,4.78814718451922e-06,34,30,4.78814718451922e-06,0.0
Ø¹Ø¨Ø¯Ø§Ù„Ù‚Ø§Ø¯Ø±,4.785266866867679e-06,11,6,4.785266866867679e-06,0.0
Ø³Ø¹ÙˆØ¯ÙŠÙ‡Ø§Ø±ØªÙØ¹Øª,4.7840778773507536e-06,33,11,4.7840778773507536e-06,0.0
Ø­Ø±ØµØ§,4.783198215901641e-06,34,27,4.783198215901641e-06,0.0
Ø¨Ø§Ù„ØªÙˆÙ‚Ù,4.782355537625077e-06,3,3,4.782355537625077e-06,0.0
ÙˆØ®Ø¨Ø±Ø§Ø¡,4.779234595088534e-06,8,7,4.779234595088534e-06,0.0
ÙƒØ±ÙŠØ³ØªÙˆÙØ±,4.7782202083674335e-06,6,4,4.7782202083674335e-06,0.0
ÙˆØªÙ‚ÙŠÙŠÙ…Ù‡Ø§,4.77820224619218e-06,5,3,4.77820224619218e-06,0.0
PDH,4.777996993654667e-06,4,3,4.777996993654667e-06,0.0
Ù„Ù„Ù…ÙƒØªØªØ¨,4.777864189440158e-06,3,3,4.777864189440158e-06,0.0
Ø§Ù„Ù…Ù†ØªØ¬,4.777534073153948e-06,148,71,4.777534073153948e-06,0.0
Ø§Ù„Ù…Ù‡Ø§Ù…,4.7757994918452745e-06,8,7,4.7757994918452745e-06,0.0
Ù„Ù†ÙØ³,4.7740043760125295e-06,23,13,4.7740043760125295e-06,0.0
Ø§Ù†Ø¹Ù‚Ø¯,4.772565737207332e-06,5,4,4.772565737207332e-06,0.0
MEG,4.770067098969118e-06,60,21,4.770067098969118e-06,0.0
Ø¬Ù†Ø§Ø­Ø§,4.7698258044791586e-06,4,3,4.7698258044791586e-06,0.0
Ø§Ù„Ù‡ÙŠÙƒÙ„,4.769111580667074e-06,4,3,4.769111580667074e-06,0.0
Ø§Ù„ØªØ·ÙˆØ±,4.766017825878503e-06,144,73,4.766017825878503e-06,0.0
Ø§Ù„Ù…ØªØ¬Ø¯Ø¯,4.761032369085755e-06,3,3,4.761032369085755e-06,0.0
Ø¨Ù…Ø±Ø§Ø¬Ø¹ØªÙ‡Ø§,4.75582316870177e-06,64,7,4.75582316870177e-06,0.0
Ø§Ù„ÙƒÙˆØ§,4.75408015477378e-06,36,6,4.75408015477378e-06,0.0
Ù†ÙˆØ±,4.751000514891629e-06,9,6,4.751000514891629e-06,0.0
ÙˆØ§Ù„Ø¨Ù†ÙˆÙƒ,4.749799288046075e-06,80,22,4.749799288046075e-06,0.0
Ø§Ø¹Ù…Ø§Ø±,4.7496733304687845e-06,689,172,4.7496733304687845e-06,0.0
Ø§Ù„Ù…Ø±Ø¬Ø­,4.748107707550383e-06,37,27,4.748107707550383e-06,0.0
Ø§Ù†ØªØ±Ù†Ø§Ø´ÙŠÙˆÙ†Ø§Ù„,4.747813370841168e-06,44,5,4.747813370841168e-06,0.0
ÙˆØ§Ø³ØªØ¯Ø§Ù…ØªÙ‡Ø§,4.74767826140325e-06,3,3,4.74767826140325e-06,0.0
Saudi,4.7462849013335564e-06,10,3,4.7462849013335564e-06,0.0
Ø¹Ù‚Ø¯Ù‡Ø§,4.7450258759127875e-06,31,28,4.7450258759127875e-06,0.0
ï»Ÿ,4.7417384151256836e-06,36,10,4.7417384151256836e-06,0.0
Ù†ÙŠÙˆÙŠÙˆØ±Ùƒ,4.737285396274946e-06,9,8,4.737285396274946e-06,0.0
ÙˆØ§Ù„Ù‚Ø·Ø§Ø¹,4.735756882488856e-06,332,84,4.735756882488856e-06,0.0
Ø§Ù„Ø¬Ù…Ø¹ÙŠÙ‡Ø·Ø¨Ù‚Ø§,4.72830803417208e-06,12,12,4.72830803417208e-06,0.0
ÙˆØªÙ…Ø´ÙŠØ§,4.722194506803874e-06,5,5,4.722194506803874e-06,0.0
Ø§Ù„ØµØ§ÙÙŠ,4.720946296034831e-06,65,32,4.720946296034831e-06,0.0
Ø§Ù„Ø­Ø¶ÙˆØ±ÙŠØ­Ù‚,4.715232282849649e-06,32,32,4.715232282849649e-06,0.0
Ù„Ù„ØªÙØµÙŠÙ„,4.714872352327865e-06,3,3,4.714872352327865e-06,0.0
Ø¨Ø§Ø±Ùƒ,4.713343209940177e-06,9,4,4.713343209940177e-06,0.0
Ø§Ù„Ù…Ø¬Ù„Ø³Ø§Ù†,4.710956535806699e-06,8,8,4.710956535806699e-06,0.0
Ø§Ø¹ØªØ±Ø§Ø¶Ø§Øª,4.707435137268227e-06,7,4,4.707435137268227e-06,0.0
Ø§Ù„Ù…Ø¬Ù…ÙˆØ¹Ù‡,4.7054050344061186e-06,1367,330,4.7054050344061186e-06,0.0
Ø§Ù„Ø´Ø±ÙƒØ§Ø¡,4.705057589150662e-06,117,46,4.705057589150662e-06,0.0
Ø­Ø§Ø¦Ù„,4.703873507303114e-06,263,93,4.703873507303114e-06,0.0
ÙˆØ§Ù„Ø§Ù†ØªØ§Ø¬ÙŠÙ‡,4.703628975028791e-06,11,10,4.703628975028791e-06,0.0
Ù„Ù„Ù…Ø¤Ø´Ø±Ø§Øª,4.703175384677705e-06,122,27,4.703175384677705e-06,0.0
Ø§Ù„ØªØ§Ù…ÙŠÙ†,4.701497407129962e-06,549,167,4.701497407129962e-06,0.0
Ø§ÙƒØ³Ø§,4.701188015069989e-06,308,115,4.701188015069989e-06,0.0
Ø§Ù„ÙˆØ§Ø­Ø¯Ù‡,4.7005764362040486e-06,190,44,4.7005764362040486e-06,0.0
Ù…Ø¹Ø¸Ù…,4.699352929949031e-06,123,61,4.699352929949031e-06,0.0
ØªÙ„Ù‚Øª,4.69485106876477e-06,100,87,4.69485106876477e-06,0.0
Ø§ØºÙ„Ù‚,4.692041217689906e-06,66,20,4.692041217689906e-06,0.0
ÙˆØªØ²Ø§Ù…Ù†Ø§,4.691775655813151e-06,12,3,4.691775655813151e-06,0.0
ÙˆØ§Ù„ØªØ¬Ù‡ÙŠØ²Ø§Øª,4.686461025783028e-06,4,3,4.686461025783028e-06,0.0
Ù…Ø®ØµØµØ§ØªÙ‡Ø§,4.685807322960961e-06,84,17,4.685807322960961e-06,0.0
ÙˆØ§Ù†Ø¸Ù…ØªÙ‡Ø§,4.6835585746049495e-06,4,4,4.6835585746049495e-06,0.0
ÙˆÙ…Ø³ØªØ«Ù…Ø±ÙŠÙ†,4.682928885266928e-06,14,14,4.682928885266928e-06,0.0
ÙŠØ¬ÙˆØ²,4.679016418432343e-06,26,15,4.679016418432343e-06,0.0
Ù„Ù…Ù†Ø¹,4.6779553840526514e-06,33,30,4.6779553840526514e-06,0.0
maps,4.6753178266027936e-06,45,41,4.6753178266027936e-06,0.0
ØµÙ†Ø§Ø¯ÙŠÙ‚,4.67520380253939e-06,38,12,4.67520380253939e-06,0.0
Ø§Ù„Ø§Ù…Ø§Ø±,4.673271922074129e-06,8,3,4.673271922074129e-06,0.0
Ù…ÙÙˆØ¶,4.672285687727977e-06,16,8,4.672285687727977e-06,0.0
Ø§Ø¯Ø§Ø±Ø§Øª,4.67131932940671e-06,23,19,4.67131932940671e-06,0.0
Ø¨Ø­Ø¶ÙˆØ±,4.669015162422424e-06,114,99,4.669015162422424e-06,0.0
Ø±Ø¹Ø§ÙŠÙ‡,4.667624304753148e-06,543,168,4.667624304753148e-06,0.0
Ø§Ù†ÙˆØ§Ø¹Ù‡Ø§,4.666344560811196e-06,11,5,4.666344560811196e-06,0.0
Ù†ØªØ§Ø¦Ø¬Ù‡Ø§,4.6656224507811e-06,117,68,4.6656224507811e-06,0.0
ÙˆØªØ±Ùƒ,4.665259899085088e-06,3,3,4.665259899085088e-06,0.0
Ù„Ù„Ù‚Ø·Ø§Ø¹,4.659820164012509e-06,624,138,4.659820164012509e-06,0.0
Ø§Ù„ÙÙ†Ø§Ø¯Ù‚,4.655514209561679e-06,27,10,4.655514209561679e-06,0.0
Ø¹Ù‚ÙŠÙ„,4.655104792635195e-06,4,3,4.655104792635195e-06,0.0
Ø¹Ø§ÙÙŠÙ‡,4.654784655374568e-06,13,4,4.654784655374568e-06,0.0
ÙƒØ§Ø³,4.6547029707718605e-06,8,4,4.6547029707718605e-06,0.0
ÙˆØ·Ø±Ø­,4.6515311258265386e-06,27,18,4.6515311258265386e-06,0.0
Ù„ØµÙ†Ø§Ø¹Ù‡,4.651334095490633e-06,96,52,4.651334095490633e-06,0.0
Ø§Ù„Ø§ÙØ±Ø§Ø¯,4.6500083731152195e-06,1478,149,4.6500083731152195e-06,0.0
Ø§Ù„Ø§Ù†Ø¬Ø§Ø²Ø§Øª,4.648511610127999e-06,20,17,4.648511610127999e-06,0.0
ÙˆØ§Ù„Ø·Ù„Ø§Ø¡,4.647665159137264e-06,4,4,4.647665159137264e-06,0.0
Ø§Ù„Ø¬Ù…Ø¹ÙŠÙ‡Ø§Ù„Ù†ØµØ§Ø¨,4.646302901175175e-06,5,5,4.646302901175175e-06,0.0
ÙˆØªØ´ØºÛŒÙ„,4.645966017889481e-06,4,3,4.645966017889481e-06,0.0
Ø§Ø«Ø§Ø±Ù‡,4.6439331337546025e-06,7,4,4.6439331337546025e-06,0.0
Ø³Ø¨Ù„,4.6429399079538235e-06,33,28,4.6429399079538235e-06,0.0
Ù…ÙˆØ§Ø¹ÙŠØ¯,4.639989479648392e-06,22,15,4.639989479648392e-06,0.0
Ø§ÙŠØ±Ø§Ø¯Ø§Øª,4.6389181781109895e-06,356,136,4.6389181781109895e-06,0.0
ÙØ±ØµÙ‡,4.6347352523366145e-06,115,76,4.6347352523366145e-06,0.0
Ø§Ù„Ø§ØªØµØ§Ù„Ø§Øª,4.634204958163845e-06,3397,463,4.634204958163845e-06,0.0
Ø°Ø§Øª,4.633048474560158e-06,1790,459,4.633048474560158e-06,0.0
Ø§Ù„Ø­Ù…Ø§Ø¯ÙŠ,4.631724173802476e-06,471,142,4.631724173802476e-06,0.0
ÙˆØ§Ù„Ù…Ø¤Ø´Ø±Ø§Øª,4.625707056950595e-06,14,14,4.625707056950595e-06,0.0
Ù†Ø§Ø­ÙŠÙ‡,4.6194210451138135e-06,70,36,4.6194210451138135e-06,0.0
ÙØ±Ø¹ÙŠÙ†,4.618898265684034e-06,76,16,4.618898265684034e-06,0.0
Ø§Ù„Ù…Ø¯Ø±Ø¬Ù‡,4.617908126056258e-06,885,182,4.617908126056258e-06,0.0
Ù…ØµØ±ÙÙŠÙŠÙ†,4.6144625112743765e-06,3,3,4.6144625112743765e-06,0.0
Ù…ØªØªØ§Ø¨Ø¹,4.6133872214732185e-06,3,3,4.6133872214732185e-06,0.0
ÙˆÙ…Ø¨Ø±Ù…Ø¬,4.6133872214732185e-06,3,3,4.6133872214732185e-06,0.0
Ø§Ù„Ø§Ø±ØªÙØ§Ø¹,4.6128941278885425e-06,571,215,4.6128941278885425e-06,0.0
ÙˆØ§Ù„Ù…Ø³Ø§Ù‡Ù…Ù‡,4.610143400288481e-06,31,28,4.610143400288481e-06,0.0
Ø³Ù„ÙŠÙ…Ø§Ù†,4.609254554255083e-06,636,220,4.609254554255083e-06,0.0
Ù„Ù„ØªØ·ÙˆØ±,4.6075415401078636e-06,33,32,4.6075415401078636e-06,0.0
ÙˆØªØ­ÙÙŠØ²Ø§,4.606215196766579e-06,4,3,4.606215196766579e-06,0.0
Ù„Ù…Ø±Ø§ÙÙ‚,4.605387773975858e-06,12,7,4.605387773975858e-06,0.0
Ù…Ø³Ø§Ù‡Ù…Ø§,4.605175160919105e-06,9,8,4.605175160919105e-06,0.0
Ø¸Ù‡Ø±Ø§,4.60506347651761e-06,182,38,4.60506347651761e-06,0.0
ØµØ§Ø±Ù…Ù‡,4.6009403468529655e-06,3,3,4.6009403468529655e-06,0.0
ÙˆØ§Ù„ØªØ²Ø§Ù…Ù‡Ù…,4.596640308423317e-06,6,6,4.596640308423317e-06,0.0
Ø§ÙˆØ³Ø¹,4.592916514768792e-06,17,15,4.592916514768792e-06,0.0
Ù…Ø­Ø§ÙØ¸Ø§Øª,4.591870196192246e-06,17,11,4.591870196192246e-06,0.0
Ø§Ù„Ø§Ù†Ø¯Ù…Ø§Ø¬Ø§Øª,4.5912319401154874e-06,164,67,4.5912319401154874e-06,0.0
ÙˆØ§Ù„Ø¸Ø±ÙˆÙ,4.587157116234367e-06,5,4,4.587157116234367e-06,0.0
ØªÙØµÙŠÙ„ÙŠ,4.5851879393103115e-06,5,3,4.5851879393103115e-06,0.0
ÙˆØ§Ù„Ø³Ù„ÙˆÙƒÙŠØ§Øª,4.584749411406367e-06,4,3,4.584749411406367e-06,0.0
ØªÙˆÙ„ÙŠØ¯,4.583194493191437e-06,100,49,4.583194493191437e-06,0.0
ÙˆØ§Ø³ØªØ±Ø§ØªÙŠØ¬ÙŠØªÙ‡Ø§,4.5828972514449134e-06,6,6,4.5828972514449134e-06,0.0
Ø¨ÙƒØ§ÙÙ‡,4.581425229958115e-06,38,19,4.581425229958115e-06,0.0
ÙˆØ­Ø¯Ø§Øª,4.581040494205255e-06,125,53,4.581040494205255e-06,0.0
Ø§Ù„Ù…Ø­ÙˆØ±ÙŠ,4.575871660329725e-06,16,14,4.575871660329725e-06,0.0
Ø§Ù„ÙÙŠÙ†ÙŠÙ„,4.573638891164133e-06,26,12,4.573638891164133e-06,0.0
ÙˆÙŠØ­Ø¯Ø¯,4.572461717646097e-06,18,16,4.572461717646097e-06,0.0
Ø¨ÙŠØ¹,4.571989873250113e-06,537,149,4.571989873250113e-06,0.0
Ùƒ,4.569819810076423e-06,44,21,4.569819810076423e-06,0.0
Ø³ÙŠØ±Ø³Ù„,4.567560457099055e-06,4,4,4.567560457099055e-06,0.0
Ø§Ù„Ù…Ø²Ø§Ø¯Ø§Ù„ØªØºÙŠØ±Ø³Ø§ÙƒÙˆ,4.562558699491451e-06,13,5,4.562558699491451e-06,0.0
Ø§Ù„Ù…Ø´Ø·ÙˆØ¨Ù‡Ø§Ù„ØªØºÙŠØ±,4.56244334674686e-06,9,3,4.56244334674686e-06,0.0
Ø¨Ø¨Ù†Ùƒ,4.56244334674686e-06,18,3,4.56244334674686e-06,0.0
Ø¯ÙŠÙˆÙ†Ù‡,4.56244334674686e-06,9,3,4.56244334674686e-06,0.0
ØªØ´Ø·Ø¨,4.56244334674686e-06,9,3,4.56244334674686e-06,0.0
ÙˆÙ„Ø§Ø¡,4.559625371184705e-06,255,96,4.559625371184705e-06,0.0
ØªÙˆÙ‚ÙŠØ¹,4.5581131224912355e-06,273,127,4.5581131224912355e-06,0.0
Ø§Ù„Ø§Ø­ØªØ±Ø§Ø²ÙŠÙ‡,4.55693296820767e-06,65,22,4.55693296820767e-06,0.0
Ø§Ù„Ù…Ø±ØªØ¨Ù‡,4.555329502632715e-06,451,78,4.555329502632715e-06,0.0
Ù„ØªØ·Ø¨ÙŠÙ‚ÙŠ,4.553537286610703e-06,5,4,4.553537286610703e-06,0.0
Ù„Ù…Ø¨Ø§Ø¯Ø±Ù‡,4.5516161441578775e-06,26,17,4.5516161441578775e-06,0.0
ØªØºÙŠÙŠØ±Ø§,4.548311711690463e-06,14,5,4.548311711690463e-06,0.0
Ø§Ù„ÙˆØ§ÙŠ,4.54803026832854e-06,5,3,4.54803026832854e-06,0.0
ÙˆÙ‡ÙˆÙŠÙ‡,4.5467265443753006e-06,3,3,4.5467265443753006e-06,0.0
Ø¨Ø§Ù„Ù…Ø´Ø§Ø¹Ø±,4.542252505307742e-06,23,6,4.542252505307742e-06,0.0
ÙˆØ§Ù„Ø¨Ø­Ø±ÙŠÙ†,4.539255158830894e-06,9,6,4.539255158830894e-06,0.0
Ø¨Ù†Ø³Ø®Ù‡,4.53863870619e-06,18,18,4.53863870619e-06,0.0
Ø§Ù„Ù†ÙˆØ§Ù‚Ù„,4.538421557548201e-06,10,10,4.538421557548201e-06,0.0
ÙˆÙ…Ø³ØªÙ‚Ø¨Ù„Ù‡Ø§,4.533880885732014e-06,3,3,4.533880885732014e-06,0.0
Ø¹Ø°ÙŠØ¨,4.5309448447677055e-06,204,51,4.5309448447677055e-06,0.0
Ø§Ù„Ø¨ÙŠØ§Ù†,4.530711870788935e-06,32,28,4.530711870788935e-06,0.0
Ø§Ù„Ø­Ø±Ù‡,4.530423538361874e-06,199,17,4.530423538361874e-06,0.0
ÙŠØ¹ØªÙ…Ø¯,4.5273984581310506e-06,43,32,4.5273984581310506e-06,0.0
Ù…ÙƒÙ‡,4.527114406570648e-06,447,122,4.527114406570648e-06,0.0
Ù„Ø¹Ù…Ù„Ø§Ø¦Ù†Ø§,4.525690216147931e-06,11,10,4.525690216147931e-06,0.0
Ø§Ù„Ù…Ø¶ÙŠ,4.524858082386329e-06,28,15,4.524858082386329e-06,0.0
Ù„Ù„Ø±Ø¹Ø§ÙŠÙ‡,4.522346449559868e-06,189,27,4.522346449559868e-06,0.0
Ù„Ø§Ù†Ø®ÙØ§Ø¶,4.520864830138473e-06,99,42,4.520864830138473e-06,0.0
Ù„ÙˆØ­Ø¯Ø§Øª,4.515977958171855e-06,7,5,4.515977958171855e-06,0.0
ÙŠØªÙ…Ø«Ù„,4.51568177215583e-06,38,28,4.51568177215583e-06,0.0
Ø¹Ø§Ù…ÙŠÙ†,4.51524300425843e-06,29,24,4.51524300425843e-06,0.0
ÙˆØªØ§Ø«ÙŠØ«,4.513028492059258e-06,36,7,4.513028492059258e-06,0.0
Ø§Ø¯Ø§Ø±ØªÙŠÙ‡Ù…Ø§,4.51245124093251e-06,5,5,4.51245124093251e-06,0.0
ÙŠØªØ­Ù…Ù„,4.511134690033756e-06,3,3,4.511134690033756e-06,0.0
Ù…Ø­Ø·Ù‡,4.507192353491635e-06,243,72,4.507192353491635e-06,0.0
Ø§Ø¹Ù…Ø§Ù„Ù‡Ø§,4.506651023597927e-06,144,84,4.506651023597927e-06,0.0
Ù„Ø§ØµÙˆÙ„,4.505898782408008e-06,6,4,4.505898782408008e-06,0.0
Ø§Ù„Ø­Ù…Ù„Ù‡,4.502485159783874e-06,38,16,4.502485159783874e-06,0.0
Ø®Ù„Ø§Ù„,4.502431310290957e-06,28209,979,4.502431310290957e-06,0.0
Ù‚Ø§Ù†ÙˆÙ†,4.498685101280523e-06,17,15,4.498685101280523e-06,0.0
Ù„Ø§Ø­Ø¯Ø«,4.4960976522378e-06,9,9,4.4960976522378e-06,0.0
Ø§Ù„Ø¨ÙˆØ§Ù†ÙŠ,4.492368759023679e-06,6,3,4.492368759023679e-06,0.0
Ø§Ù„Ù…ÙŠÙ…Ø§Ù†,4.491342755379945e-06,12,5,4.491342755379945e-06,0.0
ØªØ¹Ø¯ÙŠÙ„Ø§Øª,4.4870658344604794e-06,23,18,4.4870658344604794e-06,0.0
ØªØ´ØºÙŠÙ„Ù‡Ø§,4.4827116758980815e-06,20,11,4.4827116758980815e-06,0.0
ÙˆÙŠØ²ÙŠØ¯,4.4823312464282365e-06,6,6,4.4823312464282365e-06,0.0
ØµØ§Ø¯Ø±,4.481458052714132e-06,11,8,4.481458052714132e-06,0.0
Ø§Ù„Ù…Ø®Ø§Ù„ÙÙ‡,4.479576600048725e-06,19,9,4.479576600048725e-06,0.0
ÙˆÙÙ‚,4.475266213060981e-06,238,149,4.475266213060981e-06,0.0
Ø§Ù„ØºØ¯,4.4723387014140806e-06,16,9,4.4723387014140806e-06,0.0
Ø§Ù„Ù…Ø­Ø§ÙˆØ±,4.468995502932713e-06,5,5,4.468995502932713e-06,0.0
ØªÙØ§ØµÙŠÙ„,4.4644617171233595e-06,2133,414,4.4644617171233595e-06,0.0
ØºÙŠØ±Ø§Ù„Ø¹Ø§Ø¯ÙŠÙ‡,4.4631361112767374e-06,4,4,4.4631361112767374e-06,0.0
Ø§Ù„Ø§Ø®Ø·Ø§Ø¡,4.4628297981618635e-06,7,6,4.4628297981618635e-06,0.0
Ø¯Ø±Ø§Ø³Ù‡,4.461634806061773e-06,159,84,4.461634806061773e-06,0.0
Ø¨Ù†ÙˆØ¯,4.461229703842328e-06,335,188,4.461229703842328e-06,0.0
Ø§Ù„Ù‚Ø·Ø§Ø¹Ø§Øª,4.457250375754488e-06,1187,383,4.457250375754488e-06,0.0
Ø§Ø®ÙˆØ§Ù†,4.452962928695749e-06,359,108,4.452962928695749e-06,0.0
Ø§Ù„Ù…ØªÙƒØ§ÙØ¦,4.452115643573823e-06,15,5,4.452115643573823e-06,0.0
Ø§Ù„ÙˆØ§Ø±Ø¯Ù‡,4.448456386433517e-06,71,43,4.448456386433517e-06,0.0
Ø³Ø§Ø¯Ø³,4.442578886642968e-06,17,13,4.442578886642968e-06,0.0
Ø§Ù„Ø§Ø¹Ù„Ø§Ù†ÙŠØ³Ø±,4.441731845212175e-06,12,12,4.441731845212175e-06,0.0
Ø§Ù„ÙˆØ·Ù†ÙŠ,4.439793461142902e-06,2263,429,4.439793461142902e-06,0.0
ÙˆÙŠÙ†ÙˆÙ‡,4.438746708998436e-06,6,6,4.438746708998436e-06,0.0
Ù„Ù„ØªÙ‚Ø±ÙŠØ±,4.436214140536313e-06,15,7,4.436214140536313e-06,0.0
ÙŠØ¹Ù…Ù„,4.434428259792076e-06,44,30,4.434428259792076e-06,0.0
Ù„ØªÙˆÙ‚ÙŠØ¹,4.430925747242331e-06,8,6,4.430925747242331e-06,0.0
ÙˆØ§ØªØ´,4.428847011805916e-06,15,10,4.428847011805916e-06,0.0
Ø¯ÙˆÙ„Ø§Ø±,4.428472888456875e-06,764,206,4.428472888456875e-06,0.0
Ø¨Ø§Ù„ÙØ¹Ù„,4.428208482476478e-06,32,25,4.428208482476478e-06,0.0
Ø§Ù„ÙƒÙ„Ù†ÙƒØ±,4.427554195276551e-06,17,4,4.427554195276551e-06,0.0
Ø§Ù„Ù…ØªÙˆÙ‚ÙÙ‡,4.426256275188684e-06,22,4,4.426256275188684e-06,0.0
ØªØ±ØªÙŠØ¨,4.4244752123754465e-06,91,24,4.4244752123754465e-06,0.0
Ø§Ù„Ø±Ø§Ø¨Ø·,4.420026789268419e-06,114,86,4.420026789268419e-06,0.0
Ù„Ù„Ø®Ø³Ø§Ø¦Ø±,4.417971282084139e-06,27,11,4.417971282084139e-06,0.0
ÙˆØ³Ø·,4.413358997862789e-06,74,48,4.413358997862789e-06,0.0
Ø¨Ø°Ù„Ù‡,4.412784806102389e-06,6,5,4.412784806102389e-06,0.0
Ø§Ù„Ø§Ø­Ø¯,4.4119434497020146e-06,647,257,4.4119434497020146e-06,0.0
Ø§Ù„ØªÙˆÙ‚Ø¹,4.409018937513277e-06,7,4,4.409018937513277e-06,0.0
Ø§Ù„ØªÙ†ÙÙŠØ°ÙŠÙ†,4.405981440705267e-06,10,7,4.405981440705267e-06,0.0
Ø§Ù„Ø®Ø§ØµÙ‡,4.40589261203939e-06,1974,446,4.40589261203939e-06,0.0
ÙˆØ§Ù„Ø±Ø³Ø§Ø¦Ù„,4.401562947976021e-06,10,9,4.401562947976021e-06,0.0
Ø§Ù„ØªÙ…ÙŠØ²,4.401304176614761e-06,40,26,4.401304176614761e-06,0.0
ÙˆØªØ­ØµÙ„,4.400717680095798e-06,14,14,4.400717680095798e-06,0.0
ÙˆØ§Ù„ÙÙˆØ§Ø¦Ø¯,4.398475225924035e-06,15,10,4.398475225924035e-06,0.0
ÙˆØ§Ù„Ù…Ù†ØµØ§Øª,4.395107868784755e-06,6,6,4.395107868784755e-06,0.0
Ø¨Ø§Ø¹ØªØ¨Ø§Ø±Ù‡Ù…,4.393665962641208e-06,14,9,4.393665962641208e-06,0.0
ØªØ¹Ø±ÙŠÙÙ‡,4.39315299914752e-06,17,8,4.39315299914752e-06,0.0
ÙˆÙ…ØªÙˆÙ‚Ø¹,4.392681131857319e-06,10,5,4.392681131857319e-06,0.0
Ø§Ù„ØªØ³Ø¬ÙŠÙ„,4.391534215839774e-06,162,101,4.391534215839774e-06,0.0
Ù…ÙˆØ¸ÙÙŠÙ†,4.391090356666582e-06,19,10,4.391090356666582e-06,0.0
Ø§Ù„Ø§Ø­Ù…Ø§Ù„,4.3906432652613246e-06,60,26,4.3906432652613246e-06,0.0
Ø³Ø§Ù…Ø¨Ø§,4.3900157013582056e-06,3069,396,4.3900157013582056e-06,0.0
Ø¯ÙŠÙ†,4.38873138291543e-06,21,12,4.38873138291543e-06,0.0
Ù„Ù„Ø§Ø·Ù„Ø§Ø¹,4.386786111807265e-06,3268,806,4.386786111807265e-06,0.0
Ø§ØºÙ„Ø§Ù‚,4.3817868348389036e-06,871,290,4.3817868348389036e-06,0.0
Ù…ÙˆØ³Ù…,4.379821346113641e-06,72,23,4.379821346113641e-06,0.0
Ø§Ù„ÙŠØ§Øª,4.377356545387863e-06,39,25,4.377356545387863e-06,0.0
Ù…Ù†ØªØ´Ø±Ù‡,4.372567835054947e-06,8,5,4.372567835054947e-06,0.0
Ø³Ø§Ø±Ù‡,4.369373341707671e-06,6,5,4.369373341707671e-06,0.0
Ø³Ø§ÙÙƒÙˆØ§Ù„Ø­ÙŠØ§Ø¯Ø§Ù„Ø­ÙŠØ§Ø¯,4.367468133379229e-06,18,4,4.367468133379229e-06,0.0
ÙŠØ³Ø§Ù‡Ù…,4.3670757435471815e-06,57,44,4.3670757435471815e-06,0.0
Ø¬Ù‡ØªÙ‡,4.363456118618978e-06,50,49,4.363456118618978e-06,0.0
Ø¨Ø§ØºÙ„Ø§Ù‚,4.355162804850562e-06,139,32,4.355162804850562e-06,0.0
Ø¨Ù…Ø¨Ø§Ù„Øº,4.352413543378464e-06,5,3,4.352413543378464e-06,0.0
Ø§Ø®Ø±ÙŠ,4.350060872968499e-06,593,276,4.350060872968499e-06,0.0
ÙŠÙˆÙ…ÙŠØ§,4.349316604658855e-06,39,25,4.349316604658855e-06,0.0
Ù…Ù…ÙƒÙ†Ù‡,4.346348990832622e-06,14,12,4.346348990832622e-06,0.0
Ø§Ø·ÙˆØ§Ù„,4.34623737910933e-06,13,8,4.34623737910933e-06,0.0
Ø¨ÙˆÙ„Ø§ÙŠÙ‡,4.34609479095178e-06,11,7,4.34609479095178e-06,0.0
Ø­Ù‚Ù‚ØªÙ‡,4.343498542567612e-06,15,14,4.343498542567612e-06,0.0
ÙˆØ§Ù„ÙˆØ³Ø·Ø§Ø¡,4.338941685923532e-06,4,3,4.338941685923532e-06,0.0
ÙˆØ§Ù„ØªØ¹Ù„ÙŠÙ…,4.338430510214003e-06,64,26,4.338430510214003e-06,0.0
Ù„Ù„Ø­ØµÙˆÙ„,4.336784002344407e-06,83,59,4.336784002344407e-06,0.0
Ø§Ù„ØªÙ†ÙˆØ¹,4.336437715489286e-06,18,17,4.336437715489286e-06,0.0
Ø§Ù„ØµØ§Ø¯Ø±Ù‡,4.335353462175244e-06,1182,355,4.335353462175244e-06,0.0
Ø«Ø§Ù„Ø«Ø§,4.3333846659565006e-06,66,31,4.3333846659565006e-06,0.0
Ø§Ù†Ø´Ø§Ø¤Ù‡Ø§,4.330963711937608e-06,9,7,4.330963711937608e-06,0.0
ÙˆÙ…ÙˆØ±ØºØ§Ù†,4.326275924923009e-06,12,7,4.326275924923009e-06,0.0
Ø§Ù„Ø¹Ø¶ÙˆÙŠÙ‡ØªÙ†ÙÙŠØ°ÙŠØªØ§Ø±ÙŠØ®,4.321509796748955e-06,5,5,4.321509796748955e-06,0.0
ÙˆØ§Ù„Ù†ØµÙ,4.320229754371116e-06,81,52,4.320229754371116e-06,0.0
Ù…Ø´Ø±ÙˆØ·,4.315344610776113e-06,9,6,4.315344610776113e-06,0.0
Ø§Ù„ØªØ­ÙˆÙŠÙ„,4.311776046989101e-06,76,28,4.311776046989101e-06,0.0
Ø§Ù„ÙƒÙŠÙ…Ø§Ø¦ÙŠÙ‡,4.310949062869184e-06,8,3,4.310949062869184e-06,0.0
Ù„Ù„Ø§Ø·ÙØ§Ù„,4.309849787283537e-06,5,3,4.309849787283537e-06,0.0
Ø§Ù„Ù‚Ø¯Ù…,4.306253330889939e-06,58,15,4.306253330889939e-06,0.0
ÙˆØ®Ø¯Ù…Ø§ØªÙ‡Ø§,4.30551907485695e-06,19,15,4.30551907485695e-06,0.0
Ø§Ù„Ø§ÙƒØªØªØ§Ø¨Ø§Øª,4.304849467846828e-06,52,25,4.304849467846828e-06,0.0
ÙˆØªØ¶Ù…Ù†,4.302467690961933e-06,79,32,4.302467690961933e-06,0.0
Ù…Ø´Ø§Ø±ÙƒØ§,4.302258810413679e-06,7,6,4.302258810413679e-06,0.0
ÙˆØ³Ø±Ø¹Ù‡,4.301969137703986e-06,39,30,4.301969137703986e-06,0.0
Ø§Ù„Ø®Ø§Øµ,4.301020236010853e-06,1197,256,4.301020236010853e-06,0.0
Ù„Ù…Ø¬Ù…ÙˆØ¹,4.300572984288895e-06,7,7,4.300572984288895e-06,0.0
Ù„Ù…Ø³Ø§Ù‡Ù…ÙŠ,4.296714731950816e-06,106,60,4.296714731950816e-06,0.0
Ø§Ù„Ø­ØµÙ‡,4.29639396134295e-06,237,82,4.29639396134295e-06,0.0
Ù†ÙŠØ§Ø¨Ù‡,4.294138926466939e-06,16,14,4.294138926466939e-06,0.0
Ø§Ù„ØªØ­Ø¯ÙŠØ«,4.28650029842979e-06,15,7,4.28650029842979e-06,0.0
Ø§Ø³ÙˆØ§Ù‚,4.27745628207488e-06,1158,327,4.27745628207488e-06,0.0
Ø§Ù„Ø´Ø¯ÙŠØ¯Ù‡,4.274825959201865e-06,33,8,4.274825959201865e-06,0.0
Ù„ÙÙˆØªØ³ÙŠ,4.270229620919354e-06,32,3,4.270229620919354e-06,0.0
Ø§Ù„Ù…Ø²Ø§Ø¯Ø§Ù„ØªØºÙŠØ±Ø§Ø³Ù…Ù†Øª,4.269817327401957e-06,180,74,4.269817327401957e-06,0.0
Ù†ÙˆØ¹ÙŠØ§,4.26774163586806e-06,3,3,4.26774163586806e-06,0.0
Ø§Ù„Ø®Ø±Ø³Ø§Ù†Ù‡,4.262710979475054e-06,7,3,4.262710979475054e-06,0.0
Ø´Ø¹Ø§Ø±Ø§Øª,4.260369248066499e-06,7,3,4.260369248066499e-06,0.0
Ø®Ø§Ø¯Ù…,4.259249020580212e-06,165,85,4.259249020580212e-06,0.0
Ø¨Ø§Ø³ÙˆØ§Ù‚,4.258569891034479e-06,16,3,4.258569891034479e-06,0.0
ÙŠÙØªØªØ­,4.2567382185633665e-06,8,6,4.2567382185633665e-06,0.0
Ø§ÙŠÙ‚Ø§Ù,4.2548432728361805e-06,55,33,4.2548432728361805e-06,0.0
Ø§Ù„Ù…ØµÙ†Ø¹ÙŠÙ†,4.249391561994739e-06,24,20,4.249391561994739e-06,0.0
Ø³ÙŠ,4.246278402532637e-06,2823,410,4.246278402532637e-06,0.0
ÙˆØªÙˆÙ„ÙŠØ¯,4.237262374287419e-06,7,7,4.237262374287419e-06,0.0
ÙˆØ§Ù„ÙƒÙØ§Ø¡Ù‡,4.236512873821773e-06,28,21,4.236512873821773e-06,0.0
Ø§Ù„ØªØºÙŠØ±ÙŠÙ†Ø§ÙŠØ±,4.2356878080601205e-06,518,70,4.2356878080601205e-06,0.0
shares,4.235107781737748e-06,9,6,4.235107781737748e-06,0.0
yansab,4.235107781737748e-06,9,6,4.235107781737748e-06,0.0
Ø¨Ø¶Ø±ÙˆØ±Ù‡,4.232481657308514e-06,13,6,4.232481657308514e-06,0.0
Ù‚Ù†ÙˆØ§Øª,4.227981474859294e-06,55,41,4.227981474859294e-06,0.0
ÙˆÙ…Ø·Ø§Ø¹Ù…,4.227916209060175e-06,8,3,4.227916209060175e-06,0.0
ÙˆØ§Ù„ØªÙ†Ø¸ÙŠÙ…ÙŠÙ‡,4.227067626160911e-06,27,14,4.227067626160911e-06,0.0
ÙˆØ§Ù„Ø³Ù„Ø¹,4.2264865177504706e-06,64,19,4.2264865177504706e-06,0.0
Ù…Ø¤Ø´Ø±,4.224190948526519e-06,2078,306,4.224190948526519e-06,0.0
Ø§Ù„Ø§Ù‚Ù„ÙŠÙ…ÙŠÙ‡,4.22415274502126e-06,26,16,4.22415274502126e-06,0.0
Ù„Ù‚ÙŠ,4.223635903041947e-06,3,3,4.223635903041947e-06,0.0
Ø§Ù„Ø§Ø³ÙˆØ§Ù‚,4.220530716984235e-06,569,159,4.220530716984235e-06,0.0
Ø§Ù„Ø¯ÙˆÙ„Ù‡,4.220427139833232e-06,92,54,4.220427139833232e-06,0.0
Ø§Ø®ØªØ¨Ø§Ø±Ø§Øª,4.217400210447171e-06,7,7,4.217400210447171e-06,0.0
Ø§ØºÙ„Ø§Ù‚Ù‡Ø§,4.215683064213184e-06,8,3,4.215683064213184e-06,0.0
Ù„Ù„Ù…Ø¬ØªÙ…Ø¹Ø§Øª,4.210102053366248e-06,3,3,4.210102053366248e-06,0.0
Ø§Ù„Ù…Ø¬Ù„Ø³,4.210025420778803e-06,362,136,4.210025420778803e-06,0.0
ÙˆØ¯ÙˆØ±Ù‡Ø§,4.208398031629498e-06,19,17,4.208398031629498e-06,0.0
ÙˆÙ†Ø­Ù†,4.205273650178258e-06,17,16,4.205273650178258e-06,0.0
Ø§Ù„Ø´Ù‡Ø±ÙŠÙŠÙ†Ø§ÙŠØ±,4.205079187408363e-06,141,45,4.205079187408363e-06,0.0
Ù…Ø®ØªÙ„ÙÙ‡,4.203445440780775e-06,60,41,4.203445440780775e-06,0.0
Ù…ØµØ¯Ù‚Ù‡,4.202997116657038e-06,4,4,4.202997116657038e-06,0.0
ÙˆØ§Ø¬Ø±Ø§Ø¡Ø§Øª,4.202180753940433e-06,38,29,4.202180753940433e-06,0.0
Ø§Ø¶Ø§Ù,4.2016265206222255e-06,10,8,4.2016265206222255e-06,0.0
Ø§ØºÙ„Ù‚Øª,4.201605864149744e-06,52,14,4.201605864149744e-06,0.0
ÙˆØªØªØ¹Ø§ÙˆÙ†,4.200722065595903e-06,3,3,4.200722065595903e-06,0.0
Ø§Ù„Ù…Ø´Ø§Ø¨Ù‡Ù‡,4.196952632385072e-06,5,5,4.196952632385072e-06,0.0
Ø§ÙƒÙ…Ù„Øª,4.196830246714919e-06,29,10,4.196830246714919e-06,0.0
ÙˆØªÙˆØ¬ÙŠÙ‡Ø§Øª,4.1952974278939225e-06,4,4,4.1952974278939225e-06,0.0
Ø±Ø­Ø¨,4.194613677417368e-06,8,7,4.194613677417368e-06,0.0
Ù„Ù„ØªÙŠØ³ÙŠØ±,4.193027406625795e-06,3,3,4.193027406625795e-06,0.0
Ù„Ø§ÙƒØ¨Ø±,4.190989895058625e-06,67,16,4.190989895058625e-06,0.0
Ø±ÙŠØ§Ù„Ø§Ù„ØªØºÙŠØ±Ø³Ø§Ø¨Ù‚Ù‡Ø­Ø§Ù„ÙŠÙ‡Ø§Ù„Ø­Ø§Ù„ÙŠ,4.189696883354115e-06,3,3,4.189696883354115e-06,0.0
Ù„Ù…ÙˆØ³Ù…,4.188008172536854e-06,20,11,4.188008172536854e-06,0.0
Ø§Ù„Ù‡Ø§Ù…Ù‡,4.187503801014547e-06,13,12,4.187503801014547e-06,0.0
Ø§Ø¯Ø§Ø¡,4.1869035517444805e-06,1305,408,4.1869035517444805e-06,0.0
Ù…Ø³Ø§Ù‡Ù…Ø§Øª,4.1856216971931155e-06,4,4,4.1856216971931155e-06,0.0
Ù…Ø³Ø§Ø±Ù‡Ø§,4.184112224019887e-06,4,4,4.184112224019887e-06,0.0
ØªØ­ÙˆÙŠÙ„,4.180669007110448e-06,207,100,4.180669007110448e-06,0.0
Ù…ØªØ¯Ø§ÙˆÙ„Ù‡,4.178119724370862e-06,16,4,4.178119724370862e-06,0.0
Ø¬ÙŠØ¨ÙƒØ§,4.175930336468326e-06,71,12,4.175930336468326e-06,0.0
Ù„Ù„Ø§Ù…Ù†,4.175265270572641e-06,21,11,4.175265270572641e-06,0.0
Ø¨Ø§Ù„Ø³Ø¹ÙˆØ¯ÙŠÙ‡Ø§Ù„ÙØªØ±Ù‡Ø¹Ø¯Ø¯,4.1735599243290995e-06,21,7,4.1735599243290995e-06,0.0
Ø§Ù„Ù…Ø¨Ø§Ù„Øº,4.1718595633263345e-06,84,42,4.1718595633263345e-06,0.0
Ø§Ù„Ø§Ù…ÙŠØ±,4.170760623364821e-06,332,146,4.170760623364821e-06,0.0
Ø§Ù„ØªÙˆØ§ØµÙ„Ø§Ù„Ø§Ù…Ø§Ù†Ù‡,4.170747337705162e-06,4,4,4.170747337705162e-06,0.0
ÙˆØ§Ù„ØªØ­ÙƒÙ…,4.168011813675549e-06,11,9,4.168011813675549e-06,0.0
ÙˆØ§Ù„Ø¨ØªØ±ÙˆÙƒÙŠÙ…Ø§ÙˆÙŠØ§Øª,4.166955246930295e-06,151,82,4.166955246930295e-06,0.0
ÙˆØ§Ù„ØªÙˆØ²ÙŠØ¹,4.166698899014797e-06,125,49,4.166698899014797e-06,0.0
Ù…Ø·Ù„Ù‚,4.166267997087502e-06,6,4,4.166267997087502e-06,0.0
Ø§Ù„ØªÙ‚ÙŠØ¯,4.165652736611184e-06,27,6,4.165652736611184e-06,0.0
Ø§Ù„ÙØ±Øµ,4.165212360107403e-06,177,104,4.165212360107403e-06,0.0
Ù„Ù„Ù‚ÙŠØ§Ù…,4.164731356108345e-06,28,25,4.164731356108345e-06,0.0
Ø§Ù„Ù‡ÙŠÙƒÙ„ÙŠÙ‡,4.161022887542303e-06,20,8,4.161022887542303e-06,0.0
Ù…ÙŠØ«ÙŠÙ„,4.156610367414316e-06,31,14,4.156610367414316e-06,0.0
Ø§Ù„Ù…Ø¯Ù†,4.155137722586346e-06,62,38,4.155137722586346e-06,0.0
Ø§Ù„Ø«Ø§Ù„Ø«,4.15373887479287e-06,4415,354,4.15373887479287e-06,0.0
Ø§Ù†Ø¶Ù…,4.150876004847127e-06,6,6,4.150876004847127e-06,0.0
Ø·ÙˆÙƒÙŠÙˆ,4.149716450447651e-06,271,107,4.149716450447651e-06,0.0
Ø§Ù„Ù…Ø¹Ø§Ù„Ø¬Ù‡,4.147619297000855e-06,23,18,4.147619297000855e-06,0.0
Ø§Ù„ØµÙ†Ø¯ÙˆÙ‚,4.143988472452729e-06,226,54,4.143988472452729e-06,0.0
ÙˆØ§Ù„Ø²ÙƒØ§Ù‡,4.143237235374204e-06,25,13,4.143237235374204e-06,0.0
Ø¨Ù…ÙˆØ¬Ø¨Ù‡Ø§,4.141674594129866e-06,64,44,4.141674594129866e-06,0.0
Ø§Ù„Ø§Ù‡Ø¯Ø§Ù,4.140851696841164e-06,83,62,4.140851696841164e-06,0.0
ØªÙˆÙÙŠØ±,4.140704679923696e-06,256,161,4.140704679923696e-06,0.0
ÙŠÙˆÙƒÙ„,4.137912777629222e-06,12,12,4.137912777629222e-06,0.0
Ø§Ø³ØªÙ„Ø§Ù…,4.135387210094899e-06,43,37,4.135387210094899e-06,0.0
Ø·ÙÙŠÙØ§,4.134926692391799e-06,26,15,4.134926692391799e-06,0.0
Ø§Ù„ØªØ®ØµØµÙŠ,4.134385362420331e-06,8,7,4.134385362420331e-06,0.0
Ø§Ù„Ù…Ø´ÙƒÙˆÙƒ,4.133671681613517e-06,35,5,4.133671681613517e-06,0.0
Ø¨Ø±Ù†Ø§Ù…Ø¬Ø§,4.133185392199988e-06,8,8,4.133185392199988e-06,0.0
Ø§Ù„Ø¬Ø¯ÙŠØ¯Ù‡,4.1327201565298675e-06,431,231,4.1327201565298675e-06,0.0
ÙˆØªÙ…ÙƒÙ†Øª,4.131939129646298e-06,6,6,4.131939129646298e-06,0.0
ØªÙˆÙ‚ÙŠØ¹Ù‡Ø§,4.130047098979293e-06,51,40,4.130047098979293e-06,0.0
Ø¨ØµÙ†Ø§Ø¹Ù‡,4.128630402198399e-06,11,9,4.128630402198399e-06,0.0
Ø§Ù„Ø§Ø­Ø¯Ø§Ø«,4.126006687697788e-06,112,19,4.126006687697788e-06,0.0
ØªØ¹Ù…ÙŠÙ…,4.125434826754027e-06,109,35,4.125434826754027e-06,0.0
Ø§Ù„Ø§Ø¬Ø±Ø§Ø¡Ø§Øª,4.123294889917888e-06,251,122,4.123294889917888e-06,0.0
ÙˆØ§Ù„ØµÙ„Ø¨,4.122849687607452e-06,43,26,4.122849687607452e-06,0.0
Ø¨Ù…Ø¬Ø§Ù„Ø§Øª,4.1214455228314295e-06,4,3,4.1214455228314295e-06,0.0
Ù…Ù…ÙŠØ²Ø§,4.120822427981517e-06,6,6,4.120822427981517e-06,0.0
ÙˆØªÙØ¹ÙŠÙ„,4.117105061232116e-06,20,13,4.117105061232116e-06,0.0
ÙˆØ§Ù„Ø¨Ù†Ùƒ,4.1149067344930454e-06,115,60,4.1149067344930454e-06,0.0
Ø§ÙŠØ¯Ù‡,4.113657600932288e-06,5,5,4.113657600932288e-06,0.0
ÙˆØªØ­Ø³ÙŠÙ†,4.108954895782963e-06,223,109,4.108954895782963e-06,0.0
Ù‡ÙˆÙ„Ø¯Ù†ØºØ²,4.107648090669308e-06,23,5,4.107648090669308e-06,0.0
Ø³ÙŠÙ,4.107635269019307e-06,30,14,4.107635269019307e-06,0.0
Ø§Ù„Ø±Ø§Ù‚ÙŠÙ‡,4.104070751551216e-06,15,3,4.104070751551216e-06,0.0
Ø§Ù„Ø¹Ù…Ù„Ø§Ø¡,4.101342827656872e-06,453,204,4.101342827656872e-06,0.0
Ø´Ø§Ù†Ù‡,4.097812920431595e-06,49,39,4.097812920431595e-06,0.0
Ø¨Ù†ÙƒÙŠ,4.096822833436594e-06,67,27,4.096822833436594e-06,0.0
Ø§Ù„Ø´Ø±ÙˆØ·,4.095290856830832e-06,65,34,4.095290856830832e-06,0.0
ÙˆØ§ÙˆØ±Ø§Ù‚,4.095097022956792e-06,3,3,4.095097022956792e-06,0.0
Ø§Ù„ØªØ±ØªÙŠØ¨Ø§Ù„Ø´Ø±ÙƒÙ‡Ø§ØºÙ„Ø§Ù‚,4.094274553581404e-06,28,3,4.094274553581404e-06,0.0
Ø§Ù„Ù…Ø³ØªØ§Ø¬Ø±ÙŠÙ†,4.0912824260041484e-06,4,3,4.0912824260041484e-06,0.0
Ø§Ù„ÙƒØ¨ÙŠØ±Ù‡,4.090764684649479e-06,461,95,4.090764684649479e-06,0.0
Ù…ÙŠÙ†Ø§,4.085852195859728e-06,8,5,4.085852195859728e-06,0.0
ÙˆØ§Ù„ØªØ®Ø·ÙŠØ·,4.08329579131022e-06,14,13,4.08329579131022e-06,0.0
ÙˆØ§Ù†ØªØ¹Ø§Ø´,4.079864306097705e-06,4,4,4.079864306097705e-06,0.0
Ø§Ù„Ø¨ØªØ±ÙˆÙƒÙŠÙ…ÙŠØ§Ø¦ÙŠØ§Øª,4.075949184298596e-06,10,6,4.075949184298596e-06,0.0
Ø§Ù„Ø¹Ø±Ø¨ÙŠ,4.071636515005817e-06,3145,520,4.071636515005817e-06,0.0
Ø§Ù„Ù…ÙˆØ¶ÙˆØ¹Ø§Øª,4.069744869896314e-06,4,4,4.069744869896314e-06,0.0
Ø¯Ø§Ø®Ù„ÙŠØ§,4.068838179225999e-06,7,4,4.068838179225999e-06,0.0
Ø§Ù„Ø­Ø¯ÙŠØ«Ù‡,4.066242335164582e-06,170,115,4.066242335164582e-06,0.0
Ø¹Ø¨Ø§Ø±Ù‡,4.064528463033255e-06,123,42,4.064528463033255e-06,0.0
ÙˆØ§Ù‡Ø¯Ø§Ù,4.0638401986889566e-06,15,12,4.0638401986889566e-06,0.0
Ø§Ù„Ø¬Ù†Ø³ÙŠØ§Øª,4.058349405474948e-06,5,4,4.058349405474948e-06,0.0
ÙØ§Ù†,4.0522027013163536e-06,962,368,4.0522027013163536e-06,0.0
Ø¨Ø¯Ø§,4.050298464235912e-06,126,62,4.050298464235912e-06,0.0
Ø§Ù„Ù†Ø§Ø´Ø¦Ù‡,4.0451224209503956e-06,541,67,4.0451224209503956e-06,0.0
Ø§Ù„Ø´Ø±ÙŠÙÙŠÙ†,4.04139904345238e-06,171,87,4.04139904345238e-06,0.0
Ù„Ø§Ø³ÙˆØ§Ù‚,4.036280314667004e-06,16,8,4.036280314667004e-06,0.0
ØªÙ†Ø´Ø±,4.035903943836355e-06,55,12,4.035903943836355e-06,0.0
Ø§Ù„ØµÙ„Ù‡,4.034065609079719e-06,86,57,4.034065609079719e-06,0.0
Ø§Ù„Ø®ÙŠØ§Ù„,4.032466218378907e-06,11,7,4.032466218378907e-06,0.0
Ø§Ù„Ù…Ø°ÙƒØ±Ù‡,4.031966987629401e-06,72,33,4.031966987629401e-06,0.0
Ø§Ù„Ø§Ø³ØªÙ…Ø±Ø§Ø±,4.031579510169247e-06,86,49,4.031579510169247e-06,0.0
Ù…Ø´Ø±ÙˆØ¹Ø§,4.031382343316579e-06,34,23,4.031382343316579e-06,0.0
ÙØ±ÙŠÙ‚,4.027619913034286e-06,62,45,4.027619913034286e-06,0.0
Ø¨Ø§Ø³ØªØ®Ø¯Ø§Ù…Ù‡Ø§,4.027553746588405e-06,5,5,4.027553746588405e-06,0.0
ÙŠØªÙ…ÙƒÙ†,4.027508513344758e-06,9,9,4.027508513344758e-06,0.0
Ø¹Ù„Ø§Ù‚Ù‡,4.027475985710281e-06,96,75,4.027475985710281e-06,0.0
Ù…Ø¹Ø¯Ù„Ù‡,4.025095502076789e-06,20,4,4.025095502076789e-06,0.0
Ù‚Ø³Ø·,4.022394229746934e-06,12,4,4.022394229746934e-06,0.0
Ø§Ù„ÙˆØ±Ù‚,4.019557232806451e-06,324,121,4.019557232806451e-06,0.0
Ø¶Ù…Ù†,4.0195202809564265e-06,813,368,4.0195202809564265e-06,0.0
Ø§Ù„Ø§Ø±Ø§Ø¡,4.017498795955398e-06,10,4,4.017498795955398e-06,0.0
ÙˆØ§Ø±ØªÙØ¹Øª,4.01745281079247e-06,208,89,4.01745281079247e-06,0.0
Ø­Ø¶ÙˆØ±,4.017068729984596e-06,218,99,4.017068729984596e-06,0.0
Ù…ÙƒØ§Ø±Ù…,4.0159033032679536e-06,22,3,4.0159033032679536e-06,0.0
Ø§Ù„ÙØªØ±Ù‡Ø§Ù„Ù‚ÙŠÙ…Ù‡Ø§Ù„ØªØºÙŠØ±,4.015032121035187e-06,150,47,4.015032121035187e-06,0.0
Ø§Ù„ØªØ¹Ø§ÙˆÙ†ÙŠ,4.014340958747449e-06,66,20,4.014340958747449e-06,0.0
Ø³Ù„Ù…Ø§Ù†,4.0114875792541366e-06,224,101,4.0114875792541366e-06,0.0
Ø§Ø³,4.010352301662029e-06,3024,451,4.010352301662029e-06,0.0
ÙØ¦Ù‡,4.00936562472348e-06,90,34,4.00936562472348e-06,0.0
Ø®Ø§Ù„Øµ,4.009033132735294e-06,9,9,4.009033132735294e-06,0.0
Ù„Ù„Ù…Ø¶ÙŠ,4.008988450391467e-06,9,8,4.008988450391467e-06,0.0
Ø³Ø§ÙƒÙˆ,4.005134982755055e-06,370,133,4.005134982755055e-06,0.0
Ø¹Ø·ÙŠÙ‡,3.999119180685434e-06,10,6,3.999119180685434e-06,0.0
ÙˆØ§Ù„ØªØ­ÙˆÙ„,3.99866473447071e-06,33,26,3.99866473447071e-06,0.0
Ø§Ù„Ù…Ø²Ø§Ø¯Ø§Ù„ØªØºÙŠØ±Ù…Ø¹Ø§Ø¯Ù†,3.997988430662557e-06,58,18,3.997988430662557e-06,0.0
ÙˆØ§Ù„ØªÙˆØ¹ÙŠÙ‡,3.997073780107378e-06,54,21,3.997073780107378e-06,0.0
Ø§Ù„Ù…Ø²Ø§Ø¯Ø§Ù„ØªØºÙŠØ±Ø±Ø¹Ø§ÙŠÙ‡,3.9934226775058444e-06,36,15,3.9934226775058444e-06,0.0
Ø§Ù‚Ø§Ù…ØªÙ‡,3.991434191086152e-06,4,4,3.991434191086152e-06,0.0
ÙˆØ§Ø³ØªÙ†Ø§Ø¯Ø§,3.989903925981397e-06,4,3,3.989903925981397e-06,0.0
Ù…Ø¨Ø§Ø±ÙŠØ§Øª,3.98713857268187e-06,11,5,3.98713857268187e-06,0.0
Ù…Ø§Ø±ÙƒØª,3.9858819227233455e-06,25,5,3.9858819227233455e-06,0.0
Ø§Ù„ØªØ¹Ù„ÙŠÙ…ÙŠÙ‡,3.985836320464561e-06,84,24,3.985836320464561e-06,0.0
Ø§Ù„Ø§ØªÙŠÙ‡,3.9852041020104e-06,5,5,3.9852041020104e-06,0.0
Ø§Ù„Ø´Ø±Ù‚ÙŠÙ‡,3.985081944500404e-06,941,260,3.985081944500404e-06,0.0
ÙˆÙŠØ³ØªØ±Ù†,3.980861174864796e-06,11,6,3.980861174864796e-06,0.0
Ø§Ø¶Ø§ÙÙŠÙ‡,3.977830188615771e-06,256,127,3.977830188615771e-06,0.0
ÙŠØ³Ø¹ÙŠ,3.971813653151609e-06,17,16,3.971813653151609e-06,0.0
Ø§Ù„Ø­Ø²Ø§Ù…,3.9708363370068704e-06,4,3,3.9708363370068704e-06,0.0
Ù„Ù„ØªÙ…ÙˆÙŠÙ†,3.970108237529581e-06,18,7,3.970108237529581e-06,0.0
Ø³ÙƒÙˆØªÙ„Ø§Ù†Ø¯,3.9700342187095065e-06,4,4,3.9700342187095065e-06,0.0
Ø§Ù„Ø¨ØªØ±ÙˆÙƒÙŠÙ…Ø§ÙˆÙŠØ§Øª,3.969442126970894e-06,542,164,3.969442126970894e-06,0.0
Ø§Ù„Ù…Ø³ØªØ¯Ø§Ù…,3.967949172137754e-06,24,20,3.967949172137754e-06,0.0
ÙŠÙˆÙ‚Ø¹,3.967863626390964e-06,27,24,3.967863626390964e-06,0.0
Ø§Ù„Ø¸Ù‡Ø±Ø§Ù†,3.9671431326631996e-06,15,12,3.9671431326631996e-06,0.0
Ø±ÙÙŠØ¹Ù‡,3.9657801281884895e-06,5,4,3.9657801281884895e-06,0.0
Ù„Ù„Ù…Ø¨Ø§Ø¯Ø±Ù‡,3.96508627983823e-06,8,5,3.96508627983823e-06,0.0
ØªÙˆÙ„ÙŠ,3.962608087801833e-06,43,29,3.962608087801833e-06,0.0
Ù„Ù„Ø§ÙˆØ±Ø§Ù‚,3.961960669726171e-06,27,15,3.961960669726171e-06,0.0
Ù„ØªØ­Ø³Ù†,3.9588794039112984e-06,28,15,3.9588794039112984e-06,0.0
Ø§Ù„Ø´Ù…Ø§Ù„ÙŠÙ‡,3.95457312310929e-06,374,140,3.95457312310929e-06,0.0
Ø§Ù„Ù…Ø¯ÙŠØ±ÙŠÙ†,3.953074468046517e-06,17,9,3.953074468046517e-06,0.0
Ù…Ø³ØªØ­Ù‚ÙŠÙ‡Ø§,3.950630472374982e-06,4,3,3.950630472374982e-06,0.0
Ù„Ù„ØªØ¯Ø§ÙˆÙ„,3.950267502210337e-06,28,9,3.950267502210337e-06,0.0
Ø§Ø¹ØªÙ…Ø§Ø¯Ø§,3.94582839486036e-06,41,18,3.94582839486036e-06,0.0
Ø±Ø§Ø¨ØºØªØ§Ø±ÙŠØ®,3.945078510778501e-06,4,4,3.945078510778501e-06,0.0
Ø§Ù„Ø¹Ø³ÙƒØ±ÙŠÙ‡,3.941275093925232e-06,66,17,3.941275093925232e-06,0.0
Ø§Ù„Ù…Ù‡Ù…Ù‡,3.940560158674639e-06,49,33,3.940560158674639e-06,0.0
Ù†Ø¸Ø±Ø§,3.939462946860783e-06,217,107,3.939462946860783e-06,0.0
Ø¹Ù„Ø§Ù‚Ø§ØªÙ‡Ø§,3.939431918578298e-06,6,6,3.939431918578298e-06,0.0
Ù…ÙˆØ¬Ù‡,3.93872186010136e-06,10,7,3.93872186010136e-06,0.0
Ø§Ø­Ø¶Ø§Ø±,3.931431222780884e-06,28,18,3.931431222780884e-06,0.0
Ù„Ù…ØªØ§Ø¨Ø¹Ù‡,3.929903782072029e-06,11,11,3.929903782072029e-06,0.0
Ø¨Ø§Ù„Ù…Ø¹Ø±Ø¶,3.929416461358139e-06,6,4,3.929416461358139e-06,0.0
ÙˆØªÙˆÙ‚Ø¹,3.928415826771032e-06,75,45,3.928415826771032e-06,0.0
Ø¨Ø±ÙŠØ¯,3.9283602793784306e-06,17,13,3.9283602793784306e-06,0.0
Ù†ÙˆØ¹Ù‡,3.928183149606633e-06,23,18,3.928183149606633e-06,0.0
ÙƒØ¨ÙŠØ±,3.923723619647318e-06,259,165,3.923723619647318e-06,0.0
Ø§Ù„Ù…Ø·Ø§Ù,3.9227873301745976e-06,4,4,3.9227873301745976e-06,0.0
Ø§Ù„Ø­Ù…Ù„,3.921970052566513e-06,11,6,3.921970052566513e-06,0.0
Ø§Ù„Ø³Ø¹ÙˆØ¯ÙŠÙ‡,3.920128834529915e-06,19716,970,3.920128834529915e-06,0.0
Ø§Ù„Ø·Ø§Ø¦Ø±Ø§Øª,3.9192368022648765e-06,12,6,3.9192368022648765e-06,0.0
Ø±Ù‚Ù…Ø§,3.9187744802765396e-06,12,6,3.9187744802765396e-06,0.0
Ø§Ù„Ø­Ù„ÙˆÙ„,3.918505045784346e-06,120,83,3.918505045784346e-06,0.0
ÙƒØ¨ÙŠØ±Ù‡,3.916427924049064e-06,243,112,3.916427924049064e-06,0.0
Ø§Ù„Ø³Ù„Ø§Ù…Ù‡,3.913086305807557e-06,114,43,3.913086305807557e-06,0.0
ÙŠØ¤Ø³Ø³,3.9122002861932345e-06,3,3,3.9122002861932345e-06,0.0
ÙˆØ³ÙŠØ­Ø¸ÙŠ,3.909982551825427e-06,3,3,3.909982551825427e-06,0.0
ÙƒÙØ§Ø¡ØªÙ‡Ù…,3.9089531290273955e-06,5,3,3.9089531290273955e-06,0.0
Ø§Ù„Ù…Ø¹ØªÙ…Ø±ÙŠÙ†,3.9085233606556424e-06,5,3,3.9085233606556424e-06,0.0
Ø§Ø¹Ù„Ù†ØªÙ‡Ø§,3.907833928130028e-06,13,5,3.907833928130028e-06,0.0
Ø§Ù„Ø¨Ù†ÙƒØ§Ø¬Ù…Ø§Ù„ÙŠ,3.900629334162846e-06,78,26,3.900629334162846e-06,0.0
Ø³ÙŠØ§Ø±Ø§Øª,3.899541201406132e-06,15,6,3.899541201406132e-06,0.0
ÙƒØ®Ø¯Ù…Ù‡,3.898222046207584e-06,5,3,3.898222046207584e-06,0.0
Ù„ØªÙƒÙˆÙŠÙ†,3.898058539590394e-06,6,4,3.898058539590394e-06,0.0
Ø¨Ù†Ø¯ØªÙˆØ¶ÙŠØ­Ø§Ø³Ù…,3.897841956149643e-06,21,17,3.897841956149643e-06,0.0
Ø³Ù„Ø¨ÙŠÙ‡,3.895839958610806e-06,101,29,3.895839958610806e-06,0.0
Ø§Ù„Ù‚Ø¯Ø±Ù‡,3.892694353704977e-06,78,54,3.892694353704977e-06,0.0
Ù„Ù…Ø§,3.8878853484326656e-06,124,94,3.8878853484326656e-06,0.0
Ø§Ùˆ,3.8861979776340845e-06,6607,650,3.8861979776340845e-06,0.0
ØªÙ‚Ø§Ø±Ø¨,3.88456284989243e-06,26,16,3.88456284989243e-06,0.0
ÙˆØ§ÙŠØ¶Ø§,3.881740417703528e-06,23,22,3.881740417703528e-06,0.0
Ø§Ù„ØªØ·ÙˆÙŠØ±ÙŠÙˆØ¯,3.879914198635131e-06,3,3,3.879914198635131e-06,0.0
Ø§Ø³ØªÙŠØ¹Ø§Ø¨ÙŠÙ‡,3.878463995718744e-06,48,11,3.878463995718744e-06,0.0
ÙˆØ¯Ø¹Ù…Ø§,3.877162452313434e-06,8,8,3.877162452313434e-06,0.0
Ù…Ù‚Ø¯Ø§Ø±,3.862291236315315e-06,11,6,3.862291236315315e-06,0.0
Ø§Ù„Ø¨Ø¹ÙŠØ¯,3.8608389006017775e-06,32,24,3.8608389006017775e-06,0.0
Ø§Ù„ØªØºÙŠØ±Ø¯Ø®Ù„,3.854536763371491e-06,33,11,3.854536763371491e-06,0.0
Ø§Ù„Ù‚ØµÙŠØ±Ù‡,3.854059731670699e-06,15,12,3.854059731670699e-06,0.0
ØªÙƒØ³Ø§Ø³,3.847317341408269e-06,14,7,3.847317341408269e-06,0.0
Ø¹ÙˆØ¯Ù‡,3.846570787943716e-06,34,25,3.846570787943716e-06,0.0
Ù„Ù„ØªÙ†Ù…ÙŠÙ‡,3.84602749215527e-06,620,158,3.84602749215527e-06,0.0
Ù‚ØµØ±,3.845146931612523e-06,12,3,3.845146931612523e-06,0.0
Ø¨ØºØ±ÙÙ‡,3.844691248517101e-06,3,3,3.844691248517101e-06,0.0
Ø§Ù„Ù†ØµÙˆØµ,3.844441388843125e-06,3,3,3.844441388843125e-06,0.0
Ø§Ù„Ø§Ø´Ø¹Ù‡,3.841404210902524e-06,6,5,3.841404210902524e-06,0.0
Ø«Ù‚ØªÙ‡Ù…,3.840868598339226e-06,8,7,3.840868598339226e-06,0.0
ÙŠØ®ÙÙ,3.839746464237626e-06,10,8,3.839746464237626e-06,0.0
ÙˆØ¬Ø§Ù…Ø¹Ù‡,3.839253630802204e-06,9,7,3.839253630802204e-06,0.0
Ù…Ø¤Ø®Ø±Ø§,3.838460536494418e-06,177,121,3.838460536494418e-06,0.0
ÙˆØ§Ù„Ø±ÙŠØ§Ø¶,3.836146257195606e-06,7,6,3.836146257195606e-06,0.0
ØªÙÙˆØ²,3.834129650004344e-06,11,6,3.834129650004344e-06,0.0
Ø§Ù„ØµØºÙŠØ±,3.827015222853589e-06,480,25,3.827015222853589e-06,0.0
ØªØªØ¹Ø§Ù…Ù„,3.820562890591277e-06,4,3,3.820562890591277e-06,0.0
Ù…Ù†ØªØ¸Ù…Ù‡,3.8188118208900595e-06,5,5,3.8188118208900595e-06,0.0
ØªØ³ØªØ®Ø¯Ù…,3.818385607008212e-06,45,36,3.818385607008212e-06,0.0
Ø§Ù„Ù…Ù‚ÙŠØ¯ÙŠÙ†,3.81539071108991e-06,89,72,3.81539071108991e-06,0.0
ÙˆØ§Ù„Ø¬ÙˆØ¯Ù‡,3.8100679478539634e-06,25,20,3.8100679478539634e-06,0.0
ØªØ®Ø¯Ù…,3.808589172155914e-06,25,23,3.808589172155914e-06,0.0
ÙƒÙ…ÙŠØ§Øª,3.8067492419644484e-06,57,33,3.8067492419644484e-06,0.0
Ù„ØªÙ‚Ù„ÙŠØµ,3.8066626947375157e-06,9,5,3.8066626947375157e-06,0.0
Ù„ØªØ¹Ù…ÙŠÙ…,3.8061735439251454e-06,7,5,3.8061735439251454e-06,0.0
Ø§Ù„Ø§Ù†Ø¶Ù…Ø§Ù…,3.8042978482408263e-06,87,18,3.8042978482408263e-06,0.0
ÙˆØ¯Ø¹Ù…,3.8036633785318486e-06,154,109,3.8036633785318486e-06,0.0
Ù†Ø¬Ø§Ø­Ø§Øª,3.801606017646047e-06,4,4,3.801606017646047e-06,0.0
Ø§Ù„Ø³ÙŠØ§Ø³Ù‡,3.7957457696182653e-06,28,21,3.7957457696182653e-06,0.0
Ù…Ø±Ø§Ø¬Ø¹ØªÙ‡Ø§,3.7952636358325324e-06,319,23,3.7952636358325324e-06,0.0
Ø§Ø±Ø§Ø³ÙƒÙˆ,3.793718370922416e-06,3,3,3.793718370922416e-06,0.0
Ø§Ù„Ù…Ø²Ø§Ø¯Ø§Ù„ØªØºÙŠØ±Ø¨Ø¯Ø¬Øª,3.787118536946929e-06,17,8,3.787118536946929e-06,0.0
MSCI,3.7840048536206374e-06,114,9,3.7840048536206374e-06,0.0
Ø§Ù„ÙƒÙŠÙ…ÙŠØ§Ø¦ÙŠØ§Øª,3.7834618366868822e-06,10,5,3.7834618366868822e-06,0.0
Ø³Ø§Ø¨Ù‚,3.781760098325635e-06,61,32,3.781760098325635e-06,0.0
ÙˆØ§Ù„Ø§Ø³Ù‡Ù…,3.780257901520487e-06,22,9,3.780257901520487e-06,0.0
ØªØ¬Ø±ÙŠØ¨ÙŠ,3.7795883406877944e-06,9,6,3.7795883406877944e-06,0.0
Ø§Ù„Ø§Ø¨Ø­Ø§Ø«,3.7789225096786544e-06,779,215,3.7789225096786544e-06,0.0
Ø§Ù„ØªØ§Ø®ÙŠØ±,3.7703226397079232e-06,9,5,3.7703226397079232e-06,0.0
Ø¨ØªÙƒÙˆÙŠÙ†,3.768791179114898e-06,32,12,3.768791179114898e-06,0.0
ÙˆØ§Ø­Ø¯Ø«,3.768232045903138e-06,8,7,3.768232045903138e-06,0.0
Ù†ÙˆÙÙ…Ø¨Ø±,3.7681598562977103e-06,1524,271,3.7681598562977103e-06,0.0
ÙˆØ³Ø¬Ù„Øª,3.7651801017728304e-06,241,88,3.7651801017728304e-06,0.0
Ø§Ù„Ø´Ø¨ÙƒÙ‡,3.762770267083531e-06,136,67,3.762770267083531e-06,0.0
ØªØ´Ø¨,3.7624687890301397e-06,273,108,3.7624687890301397e-06,0.0
ÙŠÙˆ,3.762005986051106e-06,59,28,3.762005986051106e-06,0.0
Ø´Ø±Ø§Ø¡,3.7597933551927344e-06,367,134,3.7597933551927344e-06,0.0
Ø§Ù„Ø¹Ø±Ø¨ÙŠÙ‡,3.7588608504951583e-06,3195,675,3.7588608504951583e-06,0.0
Ø§Ù„ØªØ±Ø¯Ø¯ÙŠ,3.7570572533668515e-06,25,13,3.7570572533668515e-06,0.0
Ø§Ù„Ù…Ù†ØªØ¬Ø§Øª,3.7565909422975505e-06,754,272,3.7565909422975505e-06,0.0
Ø¨Ø§Ù„Ø¹Ø¯ÙŠØ¯,3.752050405412163e-06,9,9,3.752050405412163e-06,0.0
ÙŠØ¯ÙŠØ±,3.751337662233112e-06,5,3,3.751337662233112e-06,0.0
ÙˆØ³Ø§Ø¦Ù„,3.748096175375411e-06,196,102,3.748096175375411e-06,0.0
ÙˆØ§Ù„Ø§Ø¹Ù„Ø§Ù,3.7472245271872265e-06,16,8,3.7472245271872265e-06,0.0
Ù„Ù…Ø¤Ø´Ø±,3.7460325482098995e-06,341,36,3.7460325482098995e-06,0.0
Ø§Ù„Ù†Ø¸ÙŠÙÙ‡,3.7419394962302653e-06,23,13,3.7419394962302653e-06,0.0
Ø¨ØªÙƒÙ„ÙÙ‡,3.7417189188323013e-06,83,51,3.7417189188323013e-06,0.0
ÙÙ†ÙŠÙ‡,3.7378729676457768e-06,28,13,3.7378729676457768e-06,0.0
ØªØ°ÙƒØ±,3.7375261337273455e-06,16,10,3.7375261337273455e-06,0.0
Ø§Ù„ØªÙ‚Ø³ÙŠØ·,3.733321139121431e-06,3,3,3.733321139121431e-06,0.0
Ù„ØªØ¤ÙƒØ¯,3.7293359480245495e-06,4,4,3.7293359480245495e-06,0.0
Ø§Ù„Ø¹Ù‚Ø§Ø±ÙŠÙ‡Ù…Ø´Ø±ÙˆØ¹,3.7283088030718473e-06,9,3,3.7283088030718473e-06,0.0
Ø¨Ø§Ù„Ù†ÙØ¹,3.7274606029965918e-06,9,9,3.7274606029965918e-06,0.0
Ù„Ù…ÙƒØ§ÙØ­ØªÙ‡,3.7253944515974448e-06,5,3,3.7253944515974448e-06,0.0
Ù„Ø³Ø¬Ù„,3.7252960366505833e-06,8,6,3.7252960366505833e-06,0.0
ÙˆØ¹Ø¶ÙˆÙŠØªÙ‡,3.7252417889952395e-06,4,3,3.7252417889952395e-06,0.0
Ø¨Ù…Ù„ÙŠØ§Ø±,3.723672156487533e-06,7,6,3.723672156487533e-06,0.0
Ø¬Ø§Ø¦Ø²Ù‡,3.7229114846337608e-06,45,26,3.7229114846337608e-06,0.0
Ù„Ø§Ø­Ù‚Ø§,3.7212886618065783e-06,105,74,3.7212886618065783e-06,0.0
Ø§Ù„Ø¹Ø±Ø¶,3.7212807603999075e-06,209,93,3.7212807603999075e-06,0.0
Ù†ØªØ§Ø¦Ø¬Ù†Ø§,3.7171978955441033e-06,6,6,3.7171978955441033e-06,0.0
Ø§Ù„Ø±Ø§Ø¨Ø¹Ø§Ù„Ø§ÙŠØ±Ø§Ø¯Ø§Øª,3.715700498924824e-06,4,4,3.715700498924824e-06,0.0
Ø§Ù„Ù…Ø²Ø§Ø¯Ø§Ù„ØªØºÙŠØ±Ø¹Ø°ÙŠØ¨,3.712841401836004e-06,6,3,3.712841401836004e-06,0.0
Ø¬ÙŠÙØ±ÙŠ,3.7125331227178817e-06,3,3,3.7125331227178817e-06,0.0
Ù…ÙŠÙŠÙƒ,3.7125331227178817e-06,3,3,3.7125331227178817e-06,0.0
Ù†Ù‚Ø¯ÙŠ,3.7098371873751127e-06,60,20,3.7098371873751127e-06,0.0
Ù„Ù„ØªÙˆØ¹ÙŠÙ‡,3.709696775841141e-06,9,4,3.709696775841141e-06,0.0
Ø¹Ø¯Ø¯,3.7095918332417444e-06,6874,889,3.7095918332417444e-06,0.0
Ø¹Ø¶Ùˆ,3.7082983345223993e-06,466,106,3.7082983345223993e-06,0.0
Ø§Ù„ÙˆØ¶ÙˆØ­,3.707342736395037e-06,14,9,3.707342736395037e-06,0.0
ÙˆÙ†Ø¹Ù…Ù„,3.706475561338429e-06,13,9,3.706475561338429e-06,0.0
Ø«Ù„Ø§Ø«Ù‡,3.7053248782452607e-06,130,89,3.7053248782452607e-06,0.0
Ø§Ù„Ø±Ø¦ÙŠØ³ÙŠ,3.7043360998446338e-06,130,101,3.7043360998446338e-06,0.0
Ø§Ù„Ø±ÙŠØ³,3.70392300510262e-06,12,9,3.70392300510262e-06,0.0
Ù„ØªÙ…ÙˆÙŠÙ„,3.7015750430104995e-06,106,41,3.7015750430104995e-06,0.0
Ø§Ù„Ø§Ù…ÙˆÙ†ÙŠØ§,3.7010392590850764e-06,124,49,3.7010392590850764e-06,0.0
Ø¹Ù…Ø±Ø§Ù†,3.6999557921143082e-06,11,10,3.6999557921143082e-06,0.0
ÙˆÙ‚ÙŠÙ…,3.69991751918152e-06,3,3,3.69991751918152e-06,0.0
Ø³ÙŠØ¹ØªÙ…Ø¯,3.698503246908002e-06,3,3,3.698503246908002e-06,0.0
Ù…ØªØ±Ø§Ø¬Ø¹Ù‡,3.695419436081271e-06,52,32,3.695419436081271e-06,0.0
Ø³Ø§Ù‡Ù…,3.694772805720411e-06,188,76,3.694772805720411e-06,0.0
Ø¨ØªØ±ÙˆÙƒÙŠÙ…ÙŠØ§,3.694026558057732e-06,32,12,3.694026558057732e-06,0.0
Ø§Ù„Ø¹Ø§Ù…Ù‡Ù…Ø¯ÙŠÙ†Ù‡,3.691368436126311e-06,5,5,3.691368436126311e-06,0.0
Ø§Ù„Ø°ÙƒÙŠÙ‡,3.6907407596980236e-06,218,92,3.6907407596980236e-06,0.0
Ø§Ù…Ø±ÙŠÙƒÙŠ,3.6886031251918017e-06,64,33,3.6886031251918017e-06,0.0
Ø§Ù„ØªØ¬Ø§Ø±ÙŠ,3.682984267925944e-06,2777,430,3.682984267925944e-06,0.0
Ø¹Ø±Ø¶Øª,3.682339889327522e-06,13,12,3.682339889327522e-06,0.0
ÙŠØ­Ø¸ÙŠ,3.680789238317048e-06,15,14,3.680789238317048e-06,0.0
Ø§Ù„Ù…Ø²Ø§Ø¯Ø§Ù„ØªØºÙŠØ±Ø§Ù„ØªØµÙ†ÙŠØ¹,3.678313287134609e-06,12,3,3.678313287134609e-06,0.0
ØªÙ„ÙˆØ«,3.6772575389473384e-06,5,4,3.6772575389473384e-06,0.0
ÙˆØ§Ù„Ø¨Ù†ÙŠÙ‡,3.67371760804017e-06,20,20,3.67371760804017e-06,0.0
Ø§Ù„Ù…Ù†Ø§Ø·Ù‚,3.6730837494898746e-06,133,73,3.6730837494898746e-06,0.0
Ø³Ø§Ø¹Ù‡,3.6728733938038008e-06,99,74,3.6728733938038008e-06,0.0
ÙˆÙŠÙ…ÙƒÙ†Ù‡,3.672742400152025e-06,3,3,3.672742400152025e-06,0.0
Ø§Ù„ØµÙ†Ø¹,3.671096391051717e-06,9,5,3.671096391051717e-06,0.0
Ø¨Ø¬Ø¯Ù‡,3.6709148130944875e-06,30,14,3.6709148130944875e-06,0.0
Ø§Ù„Ù‚Ø·Ø§Ø¹Ø§Ù„Ø±Ø¨Ø¹,3.668240786208567e-06,25,25,3.668240786208567e-06,0.0
Ø§Ù„Ù…ÙƒØ«ÙÙ‡,3.6647232974320643e-06,6,6,3.6647232974320643e-06,0.0
Ø§Ù„ØµÙ†Ø§Ø¹Ù‡,3.663075923311589e-06,206,105,3.663075923311589e-06,0.0
Ø§Ù„Ù…Ø¹Ù†ÙŠ,3.6628688878902325e-06,12,10,3.6628688878902325e-06,0.0
Ø³ÙˆØ¨Ø±,3.662246276049297e-06,15,4,3.662246276049297e-06,0.0
Ø·Ø§Ù‚Ù‡,3.662064442465737e-06,46,30,3.662064442465737e-06,0.0
Ø§ÙˆÙ„,3.66175182826531e-06,338,181,3.66175182826531e-06,0.0
ÙŠÙ„Ø¨ÙŠ,3.6613008947782433e-06,25,13,3.6613008947782433e-06,0.0
Ø±Ø´Ø­ÙˆØ§,3.659972403039305e-06,4,4,3.659972403039305e-06,0.0
Ø§Ù„Ù…Ø³Ù„Ø­Ù‡,3.658948552472781e-06,24,10,3.658948552472781e-06,0.0
Ø§Ù„Ø«Ø§Ù†ÙŠÙ‡,3.654270007004799e-06,569,176,3.654270007004799e-06,0.0
Ø´Ø±Ø§ÙƒØªÙ†Ø§,3.649949592950982e-06,3,3,3.649949592950982e-06,0.0
Ø§Ù„Ù†Ø³Ø§Ø¡,3.6487393583738237e-06,5,4,3.6487393583738237e-06,0.0
Ø§Ù„Ø±Ø§Ø¨Ø¹Ø§Ù„Ù…Ø¨ÙŠØ¹Ø§Øª,3.645066731512419e-06,5,5,3.645066731512419e-06,0.0
ÙˆÙ…ØªØ­Ø¯Ø«Ø§,3.6443673151971803e-06,3,3,3.6443673151971803e-06,0.0
Ø±Ø¦ÙŠØ³ÙŠØ§,3.6398858686967774e-06,49,28,3.6398858686967774e-06,0.0
Ø±ÙØ¹Øª,3.6375957754656845e-06,97,46,3.6375957754656845e-06,0.0
Ø§Ù„Ø¹Ø¯Ø§Ù„Ù‡,3.6359779907311025e-06,14,3,3.6359779907311025e-06,0.0
ÙƒÙ„ÙŠÙ†ÙÙ„Ù†Ø¯,3.6359481370526946e-06,8,3,3.6359481370526946e-06,0.0
Ø§Ù„Ø§Ø³Ù…ÙŠÙ‡,3.633077991024564e-06,93,53,3.633077991024564e-06,0.0
Ø§Ù„Ø¨Ù„Ø¯ÙŠØ§Øª,3.629926239853165e-06,42,7,3.629926239853165e-06,0.0
Ø§Ù„Ù…Ø³Ø§Ù†Ø¯Ù‡,3.6252106138828975e-06,33,20,3.6252106138828975e-06,0.0
Ø§Ù„Ø§Ø±ØªÙØ§Ø¹Ø§Øª,3.624654312405069e-06,11,11,3.624654312405069e-06,0.0
Ø§Ù„Ø±Ù…Ø²,3.623767502630326e-06,10,8,3.623767502630326e-06,0.0
Ø¨Ù…Ø±Ø§ÙƒØ²,3.6176886536349655e-06,4,3,3.6176886536349655e-06,0.0
ÙˆØ§ÙƒØ¯,3.617369950995253e-06,219,161,3.617369950995253e-06,0.0
ÙƒØ§ÙƒØ¨Ø±,3.6164873638199034e-06,25,14,3.6164873638199034e-06,0.0
ÙƒØ§ÙØ¶Ù„,3.61447612789995e-06,4,3,3.61447612789995e-06,0.0
Ù„Ø§Ø¹Ù…Ø§Ù„Ù‡Ø§,3.61170640398549e-06,10,10,3.61170640398549e-06,0.0
Ø¨Ø§Ù„Ø§Ù„ØªØ²Ø§Ù…,3.609231093322312e-06,5,4,3.609231093322312e-06,0.0
Ø§Ù„Ø±Ø¨Ø­ÙŠÙ‡Ø¯Ø®Ù„,3.6083545678732534e-06,8,4,3.6083545678732534e-06,0.0
Ù…ÙˆØ¸ÙÙˆ,3.60741686947953e-06,121,7,3.60741686947953e-06,0.0
Ø§Ù„Ù…ØµØ±ÙÙŠ,3.6071842261315973e-06,335,83,3.6071842261315973e-06,0.0
ØªÙ…Ø§Ø±Ø³,3.6067702506582143e-06,11,6,3.6067702506582143e-06,0.0
Ø±ÙŠØ§Ø¯ØªÙ‡,3.6064078223172046e-06,5,5,3.6064078223172046e-06,0.0
ÙˆØ§Ù„Ù†Ù‚Ù„,3.6041763238411307e-06,41,29,3.6041763238411307e-06,0.0
Ø¨Ù…Ø²ÙŠØ¯,3.603911680772137e-06,4,4,3.603911680772137e-06,0.0
ÙˆÙ‚Øª,3.601644814602512e-06,912,327,3.601644814602512e-06,0.0
ÙˆÙÙ‚Ø§,3.601433009472845e-06,710,288,3.601433009472845e-06,0.0
ÙŠÙ†Ø´Ø±,3.5981968846889828e-06,5,4,3.5981968846889828e-06,0.0
Ù…Ø²Ø±Ø¹Ù‡,3.595113720228554e-06,4,3,3.595113720228554e-06,0.0
Ø¹Ø±Ø¶,3.5949027479869158e-06,111,65,3.5949027479869158e-06,0.0
Ø³Ù†Ù‡,3.591090886731757e-06,245,117,3.591090886731757e-06,0.0
Ù…Ø¬Ø¯ÙˆÙ„,3.587682549040537e-06,28,17,3.587682549040537e-06,0.0
ÙˆØ¬Ù…ÙŠØ¹,3.5742372693703554e-06,29,22,3.5742372693703554e-06,0.0
Ø±Ø­Ù„ØªÙ‡Ù…,3.5732935711097698e-06,3,3,3.5732935711097698e-06,0.0
Ø¯Ø§Ø®Ù„,3.5729464771756713e-06,388,146,3.5729464771756713e-06,0.0
ÙˆÙ‚Ø¯Ø±Ù‡Ø§,3.569111988322599e-06,13,10,3.569111988322599e-06,0.0
ØªØ§Ø«Ø±Øª,3.5678058767301827e-06,84,47,3.5678058767301827e-06,0.0
ÙƒÙŠÙ…ÙŠØ§Ø¦ÙŠÙ‡,3.563999859949905e-06,8,5,3.563999859949905e-06,0.0
ÙŠØªØ¹Ø§Ù…Ù„ÙˆÙ†,3.558969317488033e-06,9,5,3.558969317488033e-06,0.0
Ø§Ù†Ø§Ø¨ÙŠØ¨,3.558712810516992e-06,347,109,3.558712810516992e-06,0.0
Ø³Ø¨Ù‚,3.5582887748016384e-06,113,76,3.5582887748016384e-06,0.0
Ø¨Ù…Ø¨Ø§Ø¯Ø±ØªÙ‡Ø§,3.555233384520891e-06,3,3,3.555233384520891e-06,0.0
ÙƒÙŠÙ,3.55508555727746e-06,32,28,3.55508555727746e-06,0.0
ÙˆØ§Ù„ÙˆØ¶Ø¹,3.54657805602545e-06,6,5,3.54657805602545e-06,0.0
ØªØµØ¯Ø±Ù‡,3.545278105689477e-06,35,10,3.545278105689477e-06,0.0
Ø§Ù„ÙˆØ§Ø¬Ø¨Ù‡,3.5450961794627734e-06,6,3,3.5450961794627734e-06,0.0
ïº‘,3.5444402397989336e-06,61,14,3.5444402397989336e-06,0.0
Ø¨Ø±ÙˆØ¨Ù„ÙŠÙ†,3.5444162378957816e-06,71,15,3.5444162378957816e-06,0.0
Ø§Ù„Ù…Ø²Ø§Ø¯Ø§Ù„ØªØºÙŠØ±Ø³Ø¯Ø§ÙÙƒÙˆ,3.5443989876457658e-06,30,11,3.5443989876457658e-06,0.0
ØªÙ„Ù‚ÙŠ,3.5424142987952773e-06,41,17,3.5424142987952773e-06,0.0
ÙˆØ¨Ù†Ø­Ùˆ,3.5410314907960345e-06,20,17,3.5410314907960345e-06,0.0
Ø§Ù„ÙŠÙ‡Ø§,3.5399096320571336e-06,55,37,3.5399096320571336e-06,0.0
ØªØ¨Ù„Øº,3.538740173628989e-06,531,203,3.538740173628989e-06,0.0
Ø¯ÙˆÙŠØªØ´Ù‡,3.537275649831269e-06,49,17,3.537275649831269e-06,0.0
Ù„Ø¶Ø¹Ù,3.5297581064546627e-06,10,6,3.5297581064546627e-06,0.0
Ø§Ù„Ø§Ø«Ø§Ø±,3.527879054792054e-06,55,21,3.527879054792054e-06,0.0
Ù‚Ø·Ø±Ù‚Ø·Ø±,3.527780641659114e-06,6,3,3.527780641659114e-06,0.0
ÙƒØ§Ø­Ø¯ÙŠ,3.5269397776540274e-06,9,7,3.5269397776540274e-06,0.0
Ø§Ø¨Ø­Ø§Ø«,3.5222714087156494e-06,22,13,3.5222714087156494e-06,0.0
Ø§Ù„Ø§ÙØªØªØ§Ø­ÙŠÙ‡,3.5193885555341002e-06,3,3,3.5193885555341002e-06,0.0
ÙÙŠ,3.516688832397538e-06,47737,995,3.516688832397538e-06,0.0
Ù…ÙˆØ¨Ø§ÙŠÙ„ÙŠ,3.514969000902889e-06,253,92,3.514969000902889e-06,0.0
ÙÙŠØ±Ø¬Ù†,3.5136794682521405e-06,12,10,3.5136794682521405e-06,0.0
Ù„Ù„Ù‚Ø·Ø§Ø¹ÙŠÙ†,3.513623990797775e-06,7,7,3.513623990797775e-06,0.0
Ø§Ù„Ù…ØµÙ†Ø¹,3.5127348409425016e-06,117,67,3.5127348409425016e-06,0.0
ÙˆÙŠØ¹Ø¯,3.512601341046755e-06,122,55,3.512601341046755e-06,0.0
Ù†Ø¸ÙŠØ±ØªÙ‡Ø§,3.50773083147266e-06,8,5,3.50773083147266e-06,0.0
Ù„Ø§Ø­ÙƒØ§Ù…,3.506017275732436e-06,48,26,3.506017275732436e-06,0.0
ÙˆØªÙˆØ±ÙŠØ¯,3.5030384569671544e-06,31,20,3.5030384569671544e-06,0.0
Ø§Ù„Ø§Ù„ØªØ²Ø§Ù…,3.5004297090622235e-06,85,56,3.5004297090622235e-06,0.0
Ø§Ù„Ø­Ø¬Ù…,3.5000147019419216e-06,121,39,3.5000147019419216e-06,0.0
Ù„Ù„Ø³Ù„Ø§Ù…Ù‡,3.4941765626644904e-06,5,4,3.4941765626644904e-06,0.0
ÙŠØºØ·ÙŠ,3.4914292720889766e-06,7,5,3.4914292720889766e-06,0.0
Ø§Ù„Ø­ÙƒÙŠØ±Ø§Ù„Ø­Ù…Ø§Ø¯ÙŠØ§Ù„Ù…ÙˆØ§Ø³Ø§Ù‡Ø§Ø³Ù…Ù†Øª,3.4897547116311435e-06,79,8,3.4897547116311435e-06,0.0
Ø­ÙƒÙ…,3.48799865232882e-06,5,3,3.48799865232882e-06,0.0
Ù„Ù„ØªØ¹Ø¯ÙŠÙ„,3.4865177467680876e-06,5,3,3.4865177467680876e-06,0.0
Ø§Ù„Ù…Ø±ÙƒØ²,3.486460906685275e-06,345,127,3.486460906685275e-06,0.0
ÙˆÙ…Ù†Ø³ÙˆØ¨ÙŠÙ‡Ø§,3.4857435865061906e-06,6,4,3.4857435865061906e-06,0.0
ÙˆØ¬Ø¯Ù‡,3.484594300477487e-06,16,12,3.484594300477487e-06,0.0
Ø§Ù„Ø®Ø§Ø·Ø¦,3.4817478656435057e-06,36,31,3.4817478656435057e-06,0.0
Ù„Ù„Ø³ÙˆÙ‚,3.47914342607655e-06,225,49,3.47914342607655e-06,0.0
ÙˆØ§Ù‡Ù„ÙŠÙ‡,3.4758943988397292e-06,3,3,3.4758943988397292e-06,0.0
Ù„Ù„Ù…Ø­ØªÙˆÙŠ,3.475224993460512e-06,38,26,3.475224993460512e-06,0.0
Ù„ØªØµÙ…ÙŠÙ…,3.4750171277791235e-06,9,5,3.4750171277791235e-06,0.0
Ø§Ù„Ù…Ø­Ø§ÙŠØ¯Ù‡,3.472406834101318e-06,9,8,3.472406834101318e-06,0.0
Ø¹Ø³ÙŠØ±,3.4671616037060174e-06,440,127,3.4671616037060174e-06,0.0
Ø¬Ù…ÙŠØ¹,3.466504049059414e-06,1008,371,3.466504049059414e-06,0.0
ÙØ¨Ø±Ø§ÙŠØ±,3.4659597315591583e-06,1773,260,3.4659597315591583e-06,0.0
Ø§Ù„Ø¹Ù…Ø±Ø§Ù†,3.4575310405677898e-06,125,62,3.4575310405677898e-06,0.0
Ø§Ù„Ø§Ù‚Ø¨Ø§Ù„,3.457029672723249e-06,6,6,3.457029672723249e-06,0.0
Ù…Ù„Ù…ÙˆØ³Ù‡,3.4517345083240805e-06,13,10,3.4517345083240805e-06,0.0
Ù„Ø¨Ù†ÙƒÙŠ,3.4499553735238808e-06,16,5,3.4499553735238808e-06,0.0
Ù†Ø¸Ø§Ù…Ø§,3.4473963274360273e-06,7,4,3.4473963274360273e-06,0.0
Ø§ØªØ´,3.445654615482928e-06,150,59,3.445654615482928e-06,0.0
Ø§Ù„Ø§Ù…ÙƒØ§Ù†ÙŠØ§Øª,3.442870555916594e-06,7,6,3.442870555916594e-06,0.0
Ø§Ù„Ø³Ø§Ø¦Ø¯Ù‡,3.440470241064188e-06,58,10,3.440470241064188e-06,0.0
Ù…ÙŠØ²Ø§Ù†,3.436164915081002e-06,11,9,3.436164915081002e-06,0.0
Ø¨Ù†Ø­Ùˆ,3.436055303653745e-06,2808,503,3.436055303653745e-06,0.0
ÙˆØ­Ø§ÙØ¸Øª,3.434989445805951e-06,16,16,3.434989445805951e-06,0.0
Ø§Ù„ØªÙˆØ§ØµÙ„ÙˆÙ„Ù„Ø§Ø³ØªÙØ³Ø§Ø±,3.430794083809206e-06,8,8,3.430794083809206e-06,0.0
Ø§Ù„Ù†ÙˆØ¹,3.4303432570995366e-06,50,25,3.4303432570995366e-06,0.0
ÙˆØ·Ø±ÙŠÙ‚Ù‡,3.4267814861498794e-06,14,8,3.4267814861498794e-06,0.0
Ù…Ø¯ÙŠÙˆÙ†ÙŠØ§Øª,3.4263494819305245e-06,9,4,3.4263494819305245e-06,0.0
Ø§Ù„Ø«Ø§Ù†ÙŠØµØ§ÙÙŠ,3.42508694526343e-06,5,5,3.42508694526343e-06,0.0
ÙˆØ§Ù„Ø¹Ø§Ù…Ù„ÙŠÙ†,3.423663624212338e-06,3,3,3.423663624212338e-06,0.0
Ø§Ù„Ø§Ø³Ø¨ÙˆØ¹,3.4219680025096193e-06,1075,99,3.4219680025096193e-06,0.0
Ø§Ù„Ø³Ø§Ø¯Ø³Ù‡,3.4209066166120495e-06,59,42,3.4209066166120495e-06,0.0
ÙˆØªÙ‚Ø¯Ù…,3.420789409263213e-06,56,25,3.420789409263213e-06,0.0
Ø°Ø§ØªÙ‡Ø§,3.4173345888799186e-06,29,14,3.4173345888799186e-06,0.0
Ù„Ø­Ù…Ù„Ù‡,3.415185235876623e-06,8,4,3.415185235876623e-06,0.0
Ø§Ù„Ù…Ø³Ø¤ÙˆÙ„ÙŠØ§Øª,3.414926072981196e-06,5,5,3.414926072981196e-06,0.0
Ø§Ù„Ù…Ø³ØªØ´Ø§Ø±ÙŠÙ†,3.414552945039351e-06,4,3,3.414552945039351e-06,0.0
ÙØ¹Ø§Ù„,3.4141344019298256e-06,14,13,3.4141344019298256e-06,0.0
Ø§Ù„ØªØ±Ø´Ø­,3.4134277452760086e-06,144,22,3.4134277452760086e-06,0.0
Ø§Ù„Ø´Ø±ÙƒÙ‡Ø§Ù„ÙØ±ÙˆØ¹ÙˆÙ‚Øª,3.410797833075293e-06,5,3,3.410797833075293e-06,0.0
ÙˆØµÙˆÙ„Ø§,3.4107410068666736e-06,94,63,3.4107410068666736e-06,0.0
ÙˆØ§Ù„Ù…ÙƒØ§ÙØ§Øª,3.409427031699482e-06,120,69,3.409427031699482e-06,0.0
Ø§Ù„Ù…Ø¯Ø§Ø±Ù‡,3.4083866553291564e-06,18,9,3.4083866553291564e-06,0.0
Ù„Ø­ÙƒÙˆÙ…Ù‡,3.4078658044501134e-06,8,8,3.4078658044501134e-06,0.0
ÙˆØ¹Ø§Ù„Ù…ÙŠØ§,3.406564498187958e-06,14,13,3.406564498187958e-06,0.0
Ù„ØªÙƒÙ„ÙÙ‡,3.4046392855211854e-06,5,4,3.4046392855211854e-06,0.0
Ø§Ù„Ù…Ø¬Ù…Ø¹Ù‡,3.4044241127439103e-06,346,50,3.4044241127439103e-06,0.0
ØµÙ„Ø¨,3.4024307604953203e-06,21,5,3.4024307604953203e-06,0.0
ÙˆÙ…Ù…Ø«Ù„ÙŠ,3.401694255698946e-06,52,38,3.401694255698946e-06,0.0
ÙˆØ®Ø§Ø±Ø¬Ù‡Ø§Ø³Ø§ÙƒÙˆØ§ÙØªØªØ§Ø­,3.3986979521159672e-06,7,3,3.3986979521159672e-06,0.0
Ø§Ù„Ù…ØºØ§Ù…Ø±Ø§ØªØ§Ø³ÙˆØ§Ù‚,3.3986979521159672e-06,7,3,3.3986979521159672e-06,0.0
Ù…Ø·Ø¹Ù…Ø§,3.3986979521159672e-06,7,3,3.3986979521159672e-06,0.0
Ù„Ø³ÙˆØ¨Ø±,3.3986979521159672e-06,7,3,3.3986979521159672e-06,0.0
Ø§Ù„ÙØ±Ù†Ø³ÙŠ,3.397751637262221e-06,3082,473,3.397751637262221e-06,0.0
Ø§Ù„Ù…Ù‚ØªØ±Ø­Ù‡,3.3942452715828256e-06,70,33,3.3942452715828256e-06,0.0
ÙƒØ°Ù„Ùƒ,3.3936527522402744e-06,95,71,3.3936527522402744e-06,0.0
Ø³Ø§Ø¨Ùƒ,3.3928771190599304e-06,5719,633,3.3928771190599304e-06,0.0
ÙˆØªÙŠØ³ÙŠØ±,3.3918310835391183e-06,13,12,3.3918310835391183e-06,0.0
Ø§Ù„ØªØµÙˆÙŠØª,3.3907623614037255e-06,925,168,3.3907623614037255e-06,0.0
ÙˆØ§Ù„Ø±Ø¦ÙŠØ³,3.390639901654696e-06,70,45,3.390639901654696e-06,0.0
Ø§Ù„ØªÙˆÙƒÙŠÙ„Ø§Øª,3.3897805426330047e-06,15,15,3.3897805426330047e-06,0.0
Ø§Ø¬ØªÙ…Ø§Ø¹ÙŠ,3.38913108285775e-06,3,3,3.38913108285775e-06,0.0
Ø®Ù„ÙŠÙÙ‡,3.3873929808958787e-06,7,6,3.3873929808958787e-06,0.0
ÙˆØ¨ÙŠØ§Ù†Ø§Øª,3.384409340828829e-06,8,8,3.384409340828829e-06,0.0
Ø§Ù„Ø¨Ù„Ø§Ø¯,3.383924263550827e-06,2118,341,3.383924263550827e-06,0.0
Ø§Ù„Ù…ÙˆÙ‚Ø¹Ù‡,3.3818212123339417e-06,77,37,3.3818212123339417e-06,0.0
Ø§Ù„Ø§Ø¯Ø®Ø§Ø±ÙŠÙ‡,3.381415586850802e-06,7,3,3.381415586850802e-06,0.0
Ø§Ù„Ù…Ø³ØªÙ‡Ø¯ÙÙ‡,3.381262275567805e-06,77,50,3.381262275567805e-06,0.0
ÙˆØ§ØªØ®Ø§Ø°,3.3804444591046394e-06,18,13,3.3804444591046394e-06,0.0
Ù…Ø§Ù„ÙŠ,3.380422463012862e-06,102,62,3.380422463012862e-06,0.0
ØªØ­ÙØ¸,3.379441315126795e-06,5,5,3.379441315126795e-06,0.0
Ø§Ù„Ù…Ø³Ø¬Ù„ÙŠÙ†,3.379182016616501e-06,91,76,3.379182016616501e-06,0.0
ÙˆÙ…ØµØ§Ù†Ø¹,3.3776277989548733e-06,7,6,3.3776277989548733e-06,0.0
Ø¨Ù…Ù‚Ø§Ø¨Ù„,3.3722680805300403e-06,19,13,3.3722680805300403e-06,0.0
www,3.3691234264057484e-06,163,125,3.3691234264057484e-06,0.0
Ø­ÙˆØ§Ø±ÙŠÙ‡,3.368371836864763e-06,3,3,3.368371836864763e-06,0.0
Ø§Ù„Ø¨ØµØ±ÙŠ,3.367888267151311e-06,3,3,3.367888267151311e-06,0.0
ØªØ­ØµÙŠÙ„Ù‡Ø§,3.3678835217483496e-06,72,7,3.3678835217483496e-06,0.0
Ø§Ù„Ø§Ù†ØªÙ‡Ø§Ø¡,3.3678202690766462e-06,346,118,3.3678202690766462e-06,0.0
ÙˆØ¹Ø§Ù„Ù…ÙŠÙ‡,3.367532957764067e-06,10,7,3.367532957764067e-06,0.0
ÙˆÙ…Ù†ØªØ¬,3.3670799827908767e-06,7,4,3.3670799827908767e-06,0.0
Ø§Ù„Ø§Ù…Ø§Ø±Ø§ØªÙŠÙ‡,3.3658884172560873e-06,15,7,3.3658884172560873e-06,0.0
Ù†Ù‚Ù„Ù‡Ø§,3.365029902242524e-06,7,5,3.365029902242524e-06,0.0
Ø§Ù„Ø­Ø±Ù…,3.3643596665840275e-06,8,4,3.3643596665840275e-06,0.0
Ø§Ù„ÙƒØ§Ø¦Ù†,3.3632024763793064e-06,13,11,3.3632024763793064e-06,0.0
Ø§Ù„Ø§Ø¬ØªÙ…Ø§Ø¹http,3.3628942502571047e-06,8,8,3.3628942502571047e-06,0.0
ÙˆØªØ®ÙÙŠØ¶,3.3615761570701194e-06,33,25,3.3615761570701194e-06,0.0
ÙˆØ¬Ø±Øª,3.360240427664275e-06,16,8,3.360240427664275e-06,0.0
ØªØµØ¯Ø±,3.35630136703122e-06,196,70,3.35630136703122e-06,0.0
Ù„Ù„ØªØ·ÙˆØ¹,3.3559073526216272e-06,3,3,3.3559073526216272e-06,0.0
Ø§Ù‚Ø±Ø§Ø¶,3.355043575173616e-06,15,9,3.355043575173616e-06,0.0
Ù…Ø³Ùƒ,3.3511511832780892e-06,258,91,3.3511511832780892e-06,0.0
ØªÙƒØ§Ù„ÙŠÙØ§Ù„ØªØ´ØºÙŠÙ„,3.351150638679017e-06,9,3,3.351150638679017e-06,0.0
Ø§Ù„Ø§Ø¨Ø­Ø§Ø«ØªÙˆÙ‚Ø¹,3.3496071262319167e-06,8,8,3.3496071262319167e-06,0.0
Ø§Ù„Ù…Ø­Ù„ÙŠÙŠÙ†,3.349170743247347e-06,67,48,3.349170743247347e-06,0.0
Ø§Ù„Ø§Ù‡Ù„ÙŠ,3.345719943669833e-06,5622,635,3.345719943669833e-06,0.0
Ø§ÙØªØªØ­,3.3417308073861456e-06,54,19,3.3417308073861456e-06,0.0
ÙˆÙˆØ³Ø§Ø¦Ù„,3.337729067925723e-06,36,16,3.337729067925723e-06,0.0
Ø¬Ù…ÙŠÙ„,3.3370798167968435e-06,12,7,3.3370798167968435e-06,0.0
Ù…Ø¯Ø¯,3.3361687567420467e-06,6,5,3.3361687567420467e-06,0.0
Ù„Ù„Ø¯Ø±ÙÙ„Ù‡,3.335981940478053e-06,83,20,3.335981940478053e-06,0.0
Ø§Ù„Ø¬Ø§Ù‡Ø²Ù‡,3.3355103750140613e-06,9,4,3.3355103750140613e-06,0.0
Ù‡Ø§Ø¦Ù„Ù‡,3.326828682606244e-06,6,4,3.326828682606244e-06,0.0
Ù‡Ø§Ù†ÙˆØ§,3.3256196977363145e-06,8,7,3.3256196977363145e-06,0.0
Ø§Ù„ØµÙŠÙ†ÙŠÙ‡,3.3254213285812055e-06,27,18,3.3254213285812055e-06,0.0
Ø§Ù„Ù‚Ø§Ø¨Ø¶Ù‡Ø§Ù„ÙƒÙˆÙŠØª,3.324151750277997e-06,4,3,3.324151750277997e-06,0.0
ØªØ¬Ø±Ø§,3.3233230080356597e-06,15,14,3.3233230080356597e-06,0.0
ØªØ¶Ù…Ù†Øª,3.316641621104563e-06,303,84,3.316641621104563e-06,0.0
Ù„ÙØ§ÙŠØ±ÙˆØ³,3.3156778585466363e-06,21,20,3.3156778585466363e-06,0.0
Ø¨ØµØ¯Ø§Ø±Ù‡,3.3134384906583085e-06,8,3,3.3134384906583085e-06,0.0
Ø§Ù„Ù…Ø²Ø§Ø¯Ø§Ù„ØªØºÙŠØ±Ø§Ù†Ø¹Ø§Ù…,3.3128237438836567e-06,8,3,3.3128237438836567e-06,0.0
Ø§Ù„Ù…Ø¹Ø¬Ù„,3.3123654224164687e-06,9,7,3.3123654224164687e-06,0.0
ÙŠØ³Ø§Ø¹Ø¯,3.3093304589750547e-06,35,23,3.3093304589750547e-06,0.0
ÙˆØªØ³ÙˆÙŠÙ‚,3.308124859954719e-06,10,6,3.308124859954719e-06,0.0
Ù…ØªÙƒØ±Ø±Ù‡,3.304843774854567e-06,74,28,3.304843774854567e-06,0.0
Ø¨Ù…ÙƒØ§ÙØ­Ù‡,3.3046335050504027e-06,9,3,3.3046335050504027e-06,0.0
ÙˆØ§Ø³ØªÙ‚Ø±Øª,3.3016689092870996e-06,55,25,3.3016689092870996e-06,0.0
Ù„Ù„Ù‚Ø±ÙˆØ¶,3.300143460819481e-06,128,58,3.300143460819481e-06,0.0
ÙˆØ§Ø¬Ù‡Ù‡,3.297931870445501e-06,5,5,3.297931870445501e-06,0.0
Ø«Ù…Ø§Ù†ÙŠÙ‡,3.2963418051140628e-06,11,10,3.2963418051140628e-06,0.0
Ø§Ù†Ù‡Ù…,3.294760040088087e-06,6,4,3.294760040088087e-06,0.0
Ù„Ù„Ø¶ÙŠØ§ÙÙ‡,3.294371361956526e-06,46,9,3.294371361956526e-06,0.0
ØªØªØ³Ù…,3.293240373302161e-06,10,7,3.293240373302161e-06,0.0
Ø§Ø³Ù…Ù†Øª,3.2913008120199427e-06,5122,617,3.2913008120199427e-06,0.0
ÙˆÙØ±Øµ,3.2909662911289084e-06,12,12,3.2909662911289084e-06,0.0
Ø­Ø³Ø¨,3.290490954888208e-06,831,318,3.290490954888208e-06,0.0
Ø¯Ø¹Ø§,3.2901303984967226e-06,6,4,3.2901303984967226e-06,0.0
Ø§Ù„Ø±Ø¨Ø­ÙŠÙ‡,3.2884355353231532e-06,279,98,3.2884355353231532e-06,0.0
ÙˆÙˆÙ‚Ø¹Øª,3.287234729836076e-06,10,8,3.287234729836076e-06,0.0
ØªÙ…ÙˆÙŠÙ„Ø§,3.2830619468816196e-06,31,12,3.2830619468816196e-06,0.0
Ø§Ù„Ø­ÙƒÙˆÙ…ÙŠÙ‡,3.2827180917374654e-06,1082,203,3.2827180917374654e-06,0.0
Ø§Ø¬Ø±Ø§Ø¤Ù‡Ø§,3.2822105856646467e-06,10,3,3.2822105856646467e-06,0.0
Ø®ØµØ¨Ù‡,3.2815952400124714e-06,4,3,3.2815952400124714e-06,0.0
Ø§Ù„Ù…ÙƒÙ„ÙÙ‡,3.279004764817845e-06,10,4,3.279004764817845e-06,0.0
Ù‚Ø§Ø¹Ù‡,3.278433098650816e-06,25,19,3.278433098650816e-06,0.0
Ø³Ø¨Ù‚Ù‡,3.2748507069802406e-06,42,12,3.2748507069802406e-06,0.0
ØµØ±Ø§Ù…Ù‡,3.2707498871840595e-06,4,3,3.2707498871840595e-06,0.0
Ø§Ù„Ø±ÙˆÙŠÙ„ÙŠ,3.2690709587932583e-06,5,4,3.2690709587932583e-06,0.0
ÙŠØ±Ø¬ÙŠ,3.2668151530156392e-06,66,47,3.2668151530156392e-06,0.0
Ø§Ù„Ø¯ÙŠÙ†,3.2655455492538154e-06,153,49,3.2655455492538154e-06,0.0
ÙˆØªØºÙ„ÙŠÙ,3.2645006932606377e-06,226,95,3.2645006932606377e-06,0.0
Ø§Ù„Ø§Ù„ÙˆÙ…Ù†ÙŠÙˆÙ…,3.2636013160105092e-06,59,28,3.2636013160105092e-06,0.0
Ù…Ø³Ø§Ù‡Ù…ÙŠÙ‡Ø§,3.2630459992584107e-06,111,74,3.2630459992584107e-06,0.0
Ø§Ù†Ø¯,3.261917668233971e-06,68,23,3.261917668233971e-06,0.0
Ø§Ù„Ø´Ù‡Ø±Ù‡,3.2608335516837487e-06,33,9,3.2608335516837487e-06,0.0
Ø§Ù„ÙØµÙ„ÙŠÙ‡,3.254060195880261e-06,48,25,3.254060195880261e-06,0.0
Ø¨Ø¹Ù„Ø§Ù‚Ø§Øª,3.2523422482980155e-06,8,6,3.2523422482980155e-06,0.0
ÙˆØ§Ù„Ø§Ù†ØªÙ‚Ø§Ù„,3.2490799693197427e-06,6,4,3.2490799693197427e-06,0.0
Ø´Ø·Ø¨Ù‡Ø§,3.248734383785205e-06,45,4,3.248734383785205e-06,0.0
Ø´ÙØ§ÙÙŠÙ‡,3.243846220056381e-06,7,5,3.243846220056381e-06,0.0
Ø§Ù„ÙØªØ±Ø§Øª,3.2431859438857556e-06,28,22,3.2431859438857556e-06,0.0
Ø§Ù„Ø¹ÙˆØ¶,3.2375510068221624e-06,26,14,3.2375510068221624e-06,0.0
ÙˆØ§Ù„Ù…Ù…ØªÙ„ÙƒØ§Øª,3.2373627789916054e-06,9,4,3.2373627789916054e-06,0.0
Ø§Ø´Ø§Ø±Øª,3.2366522191233084e-06,87,44,3.2366522191233084e-06,0.0
Ù„ØªØ´ÙƒÙ„,3.2329137663273327e-06,31,18,3.2329137663273327e-06,0.0
Ø§Ù„Ø³Ù†ÙˆÙŠÙ‡,3.2318876815604343e-06,384,109,3.2318876815604343e-06,0.0
Ø§ØªÙ‚Ø§Ù†,3.228361383300142e-06,81,24,3.228361383300142e-06,0.0
Ø§Ø¹Ø¶Ø§Ø¡,3.2258954919878773e-06,510,156,3.2258954919878773e-06,0.0
Ø§Ù„Ø¯ÙˆÙ„ÙŠÙ‡,3.2251736883113e-06,258,106,3.2251736883113e-06,0.0
Ø§Ø³ØªÙ…Ø±,3.224956465189208e-06,28,20,3.224956465189208e-06,0.0
Ø¯Ø¹Ù…Ù‡Ø§,3.224874074168274e-06,9,9,3.224874074168274e-06,0.0
Ø§Ù„Ù‡ÙˆÙŠÙ‡,3.2204891001898126e-06,70,57,3.2204891001898126e-06,0.0
Ù…Ù†ÙØµÙ„Ù‡,3.220054252489777e-06,4,4,3.220054252489777e-06,0.0
Ù‚Ø¯Ù…Ø§,3.2173936395338156e-06,50,33,3.2173936395338156e-06,0.0
ÙŠÙˆÙ…,3.216622504274697e-06,1214,379,3.216622504274697e-06,0.0
Ø§Ù†Ø´Ø·ØªÙ‡Ø§,3.2163827263069974e-06,16,14,3.2163827263069974e-06,0.0
Ø§Ù„ÙƒØ§ÙÙŠ,3.2135401757779857e-06,4,3,3.2135401757779857e-06,0.0
Ù†Ù‚Ø¯Ø§,3.2107185131880245e-06,32,14,3.2107185131880245e-06,0.0
Ø§Ù„Ø§ØµÙˆØ§Øª,3.2098492944240785e-06,39,33,3.2098492944240785e-06,0.0
ÙˆØ¨ØªÙˆØµÙŠÙ‡,3.206356211654223e-06,4,3,3.206356211654223e-06,0.0
Ø§Ù„Ù…Ø´ÙƒÙ„Ø§Øª,3.2057301043839965e-06,6,6,3.2057301043839965e-06,0.0
ÙŠÙÙŠØ¯,3.203570853998061e-06,8,7,3.203570853998061e-06,0.0
ÙˆØ§Ù†Ù‡Ø§Ø¡,3.200705006221322e-06,5,5,3.200705006221322e-06,0.0
Ø§Ù„Ù…Ù‡ÙŠÙ„Ø¨,3.200617725293064e-06,6,3,3.200617725293064e-06,0.0
ÙØ±Ø¹Ø§Ù†,3.200617725293064e-06,6,3,3.200617725293064e-06,0.0
ÙˆØ§Ø¨Ù†Ø§Ø¤Ù‡,3.200617725293064e-06,6,3,3.200617725293064e-06,0.0
Ø§Ù„Ø³Ø¹ÙˆØ¯ÙŠØªØ±ØµØ¯,3.200617725293064e-06,6,3,3.200617725293064e-06,0.0
VLCC,3.200617725293064e-06,6,3,3.200617725293064e-06,0.0
Ø´Ø±Ù‚,3.199239723054896e-06,48,22,3.199239723054896e-06,0.0
Ø§Ù„Ù…Ø±ØªØ¨Ø§Øª,3.1990600847038544e-06,9,3,3.1990600847038544e-06,0.0
Ø·Ø§Ø±Ø¦,3.199011828280472e-06,13,8,3.199011828280472e-06,0.0
Ø§Ù„Ù…ÙƒØ§Ù„Ù…Ù‡,3.1950326243934304e-06,4,3,3.1950326243934304e-06,0.0
Ø§ÙƒØ¨Ø±,3.194901287646746e-06,901,327,3.194901287646746e-06,0.0
Ø¹Ù†Ù‡Ù…,3.1947077380966354e-06,4,4,3.1947077380966354e-06,0.0
ÙˆØ§Ù„ÙˆØ¶ÙˆØ­,3.1938947932110066e-06,3,3,3.1938947932110066e-06,0.0
Ø§Ù„ÙƒØªØ±ÙˆÙ†ÙŠ,3.193560313754893e-06,29,20,3.193560313754893e-06,0.0
Ø¬Ù‡Ù‡,3.1934006991487876e-06,156,109,3.1934006991487876e-06,0.0
ÙˆØ³ÙŠØªÙˆÙ„ÙŠ,3.1928438717626907e-06,3,3,3.1928438717626907e-06,0.0
Ø§Ù„ÙÙ†ÙŠÙ‡,3.1924736306865276e-06,137,89,3.1924736306865276e-06,0.0
ØªÙ‚Ø¯Ù…,3.1910561578547976e-06,173,89,3.1910561578547976e-06,0.0
Ù…Ø³Ø¨Ù‚Ø§,3.1905960294784867e-06,78,52,3.1905960294784867e-06,0.0
Ø§ØªØ®Ø§Ø°,3.188743638823057e-06,124,89,3.188743638823057e-06,0.0
ÙˆØ§Ù„Ø¹Ø¯Ø§Ø¯Ø§Øª,3.188501845320149e-06,3,3,3.188501845320149e-06,0.0
Ø§Ù„Ù…Ø­Ø¯ÙˆØ¯Ù‡,3.186911943106641e-06,228,56,3.186911943106641e-06,0.0
Ø´Ù…Ù„,3.184069873591686e-06,8,8,3.184069873591686e-06,0.0
Ø§Ù„ØªØµØ¯ÙŠÙ‚,3.1816059345790337e-06,6,6,3.1816059345790337e-06,0.0
Ø¨Ù…Ù‚ØªØ¶ÙŠ,3.1816059345790337e-06,6,6,3.1816059345790337e-06,0.0
Ù„Ø¹Ù…Ù„Ø§Ø¦Ù‡Ø§,3.181042247812136e-06,86,41,3.181042247812136e-06,0.0
ÙƒØ¨Ø±ÙŠØ§Øª,3.17917733695697e-06,10,9,3.17917733695697e-06,0.0
ÙƒÙˆÙ†,3.1761668942660862e-06,10,8,3.1761668942660862e-06,0.0
Ø§Ù„Ø¯Ø¹Ù…,3.174144129412358e-06,165,99,3.174144129412358e-06,0.0
Ø§ØªØ§Ø­Ù‡,3.1722156081028207e-06,43,28,3.1722156081028207e-06,0.0
Ù…Ù†ØªØ¬Ø§ØªÙ‡Ø§,3.171427224844587e-06,79,53,3.171427224844587e-06,0.0
ØªÙˆØ³Ø¹,3.168130256367318e-06,19,15,3.168130256367318e-06,0.0
Ø¨ØªØ§Ø±ÙŠØ®,3.1655126451256858e-06,884,289,3.1655126451256858e-06,0.0
ÙˆÙˆØ¯Ø§Ø¦Ø¹,3.1642082185597076e-06,55,17,3.1642082185597076e-06,0.0
Ø§Ù„Ù…Ø²Ø§Ø¯Ø§Ù„ØªØºÙŠØ±ÙÙŠØ¨ÙƒÙˆ,3.1636201382391535e-06,10,3,3.1636201382391535e-06,0.0
ÙŠØ¸Ù„,3.162066835664636e-06,17,15,3.162066835664636e-06,0.0
Ø§Ù„Ù…Ø±Ø§Ø­Ù„,3.1614615712721807e-06,30,19,3.1614615712721807e-06,0.0
Ø§Ù„Ù…Ø­Ø§ÙˆÙ„Ø§Øª,3.15794596097251e-06,17,7,3.15794596097251e-06,0.0
Ø§Ù„ÙØ¹Ù„ÙŠÙ‡,3.156792636835256e-06,57,43,3.156792636835256e-06,0.0
Ø§ÙØ±Ø§Ø¯,3.156153552175881e-06,32,19,3.156153552175881e-06,0.0
Ø§Ù„ÙØ¬ÙˆÙ‡,3.1553445313904826e-06,5,5,3.1553445313904826e-06,0.0
Ù…Ø³Ø§Ù‡Ù…,3.1533524570443388e-06,83,61,3.1533524570443388e-06,0.0
ØªØ³Ù…Ø­,3.1496650887867548e-06,12,8,3.1496650887867548e-06,0.0
ÙˆØ§Ù„Ø¹Ù…ÙˆÙ…ÙŠÙ‡,3.149590305662396e-06,25,5,3.149590305662396e-06,0.0
Ø§Ù„Ù…Ø´Ø·ÙˆØ¨Ù‡,3.14767984817277e-06,195,4,3.14767984817277e-06,0.0
Ù„Ù…Ø¨ÙŠØ¹Ø§Øª,3.145964149982091e-06,49,37,3.145964149982091e-06,0.0
Ù‚Ø¯Ø±Ù‡,3.1416659897792683e-06,674,246,3.1416659897792683e-06,0.0
Ù„Ø§ØªÙØ§Ù‚ÙŠØ§Øª,3.1410943795941474e-06,4,4,3.1410943795941474e-06,0.0
Ø§Ù„Ø§Ø±Ø¨Ø§Ø­Ø¬Ø¨Ù„,3.1402975130646286e-06,12,3,3.1402975130646286e-06,0.0
Ø§Ù„Ù…Ù†Ø§Ù‚Ø´Ø§Øª,3.140262671873447e-06,26,14,3.140262671873447e-06,0.0
Ø§Ù„Ø´Ø¤ÙˆÙ†,3.140106377766944e-06,63,36,3.140106377766944e-06,0.0
ÙŠÙ†ÙŠÙˆÙ†,3.139794808787959e-06,5,4,3.139794808787959e-06,0.0
Ù‡ÙˆÙ„ÙŠØ¯ÙŠ,3.1384606438019345e-06,4,3,3.1384606438019345e-06,0.0
Ø§Ù„Ø§Ø¬Ù…Ø§Ù„ÙŠ,3.1352408339454457e-06,949,215,3.1352408339454457e-06,0.0
Ø§Ù„Ø®Ø§Ù…,3.133246276500857e-06,185,80,3.133246276500857e-06,0.0
Ø§Ù„Ø§ÙƒØªÙØ§Ø¡,3.1323624912657806e-06,12,11,3.1323624912657806e-06,0.0
ØªØªÙˆØ³Ø¹,3.1303866217622706e-06,5,4,3.1303866217622706e-06,0.0
Ø§Ù„Ù…Ø­Ø¯Ø«Ù‡,3.1295043769904035e-06,80,27,3.1295043769904035e-06,0.0
Ø§Ù„Ø­Ø±Ù‚,3.1294449422789506e-06,3,3,3.1294449422789506e-06,0.0
Ø§Ù„Ù…Ø²Ø±Ø¹Ù‡Ø§ÙØªØªØ§Ø­,3.1294117706310003e-06,11,5,3.1294117706310003e-06,0.0
Ø¨ØªØ¹ÙŠÙŠÙ†,3.1243365937759164e-06,55,39,3.1243365937759164e-06,0.0
Ù…ÙˆØ¸ÙÙŠ,3.1228084506900383e-06,217,57,3.1228084506900383e-06,0.0
Ø§Ù…ÙˆØ±,3.1216262940451894e-06,16,12,3.1216262940451894e-06,0.0
Ø³ØªØªÙŠØ­,3.1204675535517386e-06,6,6,3.1204675535517386e-06,0.0
Ø§Ø³ØªÙ‚Ø¨Ø§Ù„,3.119981350163856e-06,25,24,3.119981350163856e-06,0.0
Ø³ÙŠØ­Ø¯Ø¯,3.116444172147598e-06,5,4,3.116444172147598e-06,0.0
Ù„Ù„Ø±Ø¨Ø­ÙŠÙ‡,3.115818755672406e-06,23,6,3.115818755672406e-06,0.0
Ø§Ù„Ø³ÙŠØ±Ù‡,3.1154106077190953e-06,47,38,3.1154106077190953e-06,0.0
Ù…Ø¶Ø·Ø±Ø¯,3.1147593089881194e-06,29,11,3.1147593089881194e-06,0.0
Ø§Ù„Ù…Ø³ØªÙ‡Ø¯ÙØ§Øª,3.1139122862373745e-06,3,3,3.1139122862373745e-06,0.0
Ø§Ù„Ø¨ÙˆÙ„ÙŠ,3.1138316328195964e-06,238,67,3.1138316328195964e-06,0.0
Ø³ØªÙ…Ù‡Ø¯,3.1124872799851827e-06,3,3,3.1124872799851827e-06,0.0
Ø«Ø§Ù†,3.11232726877094e-06,17,16,3.11232726877094e-06,0.0
ÙˆØ§Ù„Ù‚Ø¯Ø±Ø§Øª,3.110254232165726e-06,13,11,3.110254232165726e-06,0.0
Ø¨Ø¬Ø±ÙŠÙ…Ù‡,3.109296823050492e-06,3,3,3.109296823050492e-06,0.0
ØµØ­ÙŠÙ‡,3.106892428460973e-06,54,21,3.106892428460973e-06,0.0
Ø¨Ø§Ù„Ø³Ø¹ÙˆØ¯ÙŠÙ‡,3.1047637509571336e-06,211,55,3.1047637509571336e-06,0.0
Ø·ÙÙŠÙ,3.1008646937325886e-06,180,78,3.1008646937325886e-06,0.0
Ù‚ÙŠØ§Ø³ÙŠÙ‡,3.0997667500071712e-06,50,31,3.0997667500071712e-06,0.0
Ø§Ù„Ø§Ø¨Ø¯Ø§Ø¹,3.0977826483871952e-06,11,8,3.0977826483871952e-06,0.0
Ø§Ù„ØªÙˆØ§ØµÙ„Ù„Ù„Ø§Ø³ØªÙØ³Ø§Ø±,3.0967711866533356e-06,7,7,3.0967711866533356e-06,0.0
Ø§Ù„Ø¬Ø§Ø³Ø±,3.0933454929463962e-06,9,6,3.0933454929463962e-06,0.0
ÙˆØ§Ù„ØªØ±ÙÙŠÙ‡,3.0930211297561685e-06,6,6,3.0930211297561685e-06,0.0
Ù„Ø§Ø¹Ù„ÙŠ,3.0926702305925722e-06,21,18,3.0926702305925722e-06,0.0
Ø§Ù„Ù…Ø´ØªØ±ÙŠÙ†,3.090044683259499e-06,3,3,3.090044683259499e-06,0.0
Ø§Ù„Ø¨Ø­Ø«ÙŠÙ‡,3.0898620445936704e-06,12,10,3.0898620445936704e-06,0.0
Ø¶Ø±ÙŠØ¨Ù‡,3.084745915853611e-06,90,61,3.084745915853611e-06,0.0
Ø§Ù„Ù…Ø¨Ø§Ø¯Ø±Ø§Øª,3.08029150081591e-06,110,66,3.08029150081591e-06,0.0
Ø§Ù„ÙƒÙ„ÙŠ,3.079965078789751e-06,40,26,3.079965078789751e-06,0.0
Ù„Ù„ØªØ¹Ø§ÙÙŠ,3.079182642003936e-06,6,6,3.079182642003936e-06,0.0
Ø§Ù„Ø§Ù†ØªØ§Ø¬ÙŠ,3.0781824914412264e-06,9,4,3.0781824914412264e-06,0.0
Ù„ØªØ³Ù‡Ù„,3.0774959044905224e-06,3,3,3.0774959044905224e-06,0.0
Ø§Ù„Ù‚Ø¶Ø§ÙŠØ§,3.0769282709013637e-06,20,13,3.0769282709013637e-06,0.0
Ø§Ù„Ø§Ø³ØªØ±Ø¯Ø§Ø¯Ø§Ù„Ø§Ø³ØªØ±Ø¯Ø§Ø¯,3.0748811566472003e-06,3,3,3.0748811566472003e-06,0.0
ØªØªØ¶Ù…Ù†,3.0740557089015672e-06,168,94,3.0740557089015672e-06,0.0
Ù‚ÙŠØ§Ù…Ù‡Ø§,3.0736289367061663e-06,6,6,3.0736289367061663e-06,0.0
ØªØ­ÙˆÙ„Øª,3.0702046850117515e-06,67,13,3.0702046850117515e-06,0.0
ÙØ¤Ø§Ø¯,3.0701920377058335e-06,15,14,3.0701920377058335e-06,0.0
Ù„Ù…ÙˆØ§ØµÙ„Ù‡,3.070056128794328e-06,13,10,3.070056128794328e-06,0.0
Ø§Ù„Ø§Ø·Ø±Ø§Ù,3.0699868268692914e-06,92,61,3.0699868268692914e-06,0.0
Ù…Ù†Ø¸ÙˆÙ…Ù‡,3.067200598380034e-06,115,83,3.067200598380034e-06,0.0
Ù…ÙˆØ«ÙˆÙ‚ÙŠÙ‡,3.065952586390067e-06,84,58,3.065952586390067e-06,0.0
Ù„Ù„Ø§Ø¯Ø±Ø§Ø¬,3.0655213525124122e-06,21,3,3.0655213525124122e-06,0.0
Ø§Ù„Ù†ØµØ§Ø¨,3.062727130917004e-06,135,79,3.062727130917004e-06,0.0
Ù…ÙƒØ§Ù†ØªÙ‡,3.0606732454005047e-06,7,7,3.0606732454005047e-06,0.0
ÙˆÙ‚ÙŠÙ…Ù‡,3.058987698136695e-06,58,26,3.058987698136695e-06,0.0
ØªØ³Ù‡Ù„,3.0573399689402422e-06,16,14,3.0573399689402422e-06,0.0
Ø§Ù„Ø³ÙŠØ§Ø±Ø§Øª,3.055638047716276e-06,335,124,3.055638047716276e-06,0.0
ÙˆØ§Ù„Ù…Ø³ØªÙ‚Ø¨Ù„ÙŠÙ‡,3.0555870434764185e-06,23,16,3.0555870434764185e-06,0.0
ÙŠÙ„ÙŠÙ‡,3.0541225371906993e-06,534,71,3.0541225371906993e-06,0.0
Ø§Ù„Ù…Ø´Ø§Ø±ÙƒÙŠÙ†,3.0536394143766937e-06,69,47,3.0536394143766937e-06,0.0
Ø§Ù„Ø¨ÙŠØ±ÙˆÙ†ÙŠ,3.0489112072604858e-06,21,20,3.0489112072604858e-06,0.0
Ø­Ù‚Ù‚ØªÙ‡Ø§,3.0483761417557982e-06,27,24,3.0483761417557982e-06,0.0
ÙˆÙ…Ø¹Ø§Ù„ÙŠ,3.044402899254383e-06,24,12,3.044402899254383e-06,0.0
Ù…Ø¤Ù…Ù†Ù‡,3.04182145290756e-06,28,11,3.04182145290756e-06,0.0
Ù‡Ø§Ù…Ø§,3.0412686655968145e-06,11,9,3.0412686655968145e-06,0.0
Ù…Ø¯ÙŠ,3.040596000357903e-06,144,85,3.040596000357903e-06,0.0
com,3.039569748422337e-06,282,146,3.039569748422337e-06,0.0
Ù…Ù„Ø§Ø­Ø¸Ø§ØªÙ‡Ù…,3.0353145003610415e-06,5,3,3.0353145003610415e-06,0.0
saÙ…Ø¹Ù„ÙˆÙ…Ø§Øª,3.032596890676086e-06,16,15,3.032596890676086e-06,0.0
IFRS,3.031440782694804e-06,16,4,3.031440782694804e-06,0.0
Ø¹Ø¯Ø§,3.0296002585631038e-06,33,20,3.0296002585631038e-06,0.0
Ø§Ù„Ù…Ø³Ø§Ù‡Ù…,3.0292805193871967e-06,106,51,3.0292805193871967e-06,0.0
Ù…Ø¬Ø§Ù†ÙŠÙ‡,3.0288619768367504e-06,21,15,3.0288619768367504e-06,0.0
Ø§Ù„ÙØ¦Ø§Øª,3.026474547337063e-06,35,23,3.026474547337063e-06,0.0
Ø§Ø³ØªÙ‚Ø±Ø§Ø±,3.025824255931623e-06,74,48,3.025824255931623e-06,0.0
ÙƒÙ…,3.0245396953544364e-06,173,59,3.0245396953544364e-06,0.0
Ø±Ø§Ø³Ù‡Ø§,3.0227675869710204e-06,75,22,3.0227675869710204e-06,0.0
Ø¨Ù†Ø¯Ø±,3.0185445631407586e-06,33,25,3.0185445631407586e-06,0.0
Ø¯Ø¹Ù…Ø§,3.015912493336084e-06,30,26,3.015912493336084e-06,0.0
Ø§Ù„Ù…ØµØ±ÙÙŠÙ‡,3.0083337226635756e-06,477,148,3.0083337226635756e-06,0.0
Ù…ÙˆØ§ØµÙ„Ù‡,3.0081181962739592e-06,97,65,3.0081181962739592e-06,0.0
Ø§Ù„Ø§Ø¹ØªÙ…Ø§Ø¯,3.005934988204974e-06,78,47,3.005934988204974e-06,0.0
ØªØ¶Ù…ÙŠÙ†,3.0025799310559423e-06,4,4,3.0025799310559423e-06,0.0
Ø§Ø¯Ø§Ø±Ù‡,2.999448006518362e-06,1837,490,2.999448006518362e-06,0.0
Ø§Ù†ØªØ§Ø¬,2.9977334918871126e-06,494,185,2.9977334918871126e-06,0.0
Ø§Ù„Ù…Ø´Ø§Ø±,2.9970321775440226e-06,54,34,2.9970321775440226e-06,0.0
Ø§Ù„ØµÙÙ‚Ø§Øª,2.9959753085669526e-06,5647,799,2.9959753085669526e-06,0.0
Ø¨Ø§Ù†,2.9917746857955755e-06,424,233,2.9917746857955755e-06,0.0
Ø§Ù„Ù…ØµØ§Ø¯Ø±,2.990388227605591e-06,68,41,2.990388227605591e-06,0.0
Ø¹ÙƒØ³,2.9873689361821493e-06,228,69,2.9873689361821493e-06,0.0
Ø¬Ù…Ø§Ø¹ÙŠ,2.9859822863722432e-06,39,27,2.9859822863722432e-06,0.0
ØªØ¹Ø§Ù„Ø¬,2.985913608088893e-06,3,3,2.985913608088893e-06,0.0
ÙŠØ¹Ù…Ù„ÙˆÙ†,2.985862914870219e-06,27,19,2.985862914870219e-06,0.0
Ø§Ù„Ù…Ø´Ø§Ø±ÙƒÙˆÙ†,2.9842215369639188e-06,8,7,2.9842215369639188e-06,0.0
Ù…Ø¤Ø«Ø±Ù‡,2.981961225132238e-06,21,11,2.981961225132238e-06,0.0
Ù„ÙŠÙƒÙˆÙ†,2.976001689421562e-06,25,23,2.976001689421562e-06,0.0
ÙˆØ§Ù„ÙØªØ±Ù‡,2.974363163749516e-06,16,4,2.974363163749516e-06,0.0
ÙˆØ§ÙØ¶Ù„,2.9719659655903063e-06,24,20,2.9719659655903063e-06,0.0
ÙˆØ§Ù„Ø§Ù†Ø®ÙØ§Ø¶,2.9710403951536104e-06,43,11,2.9710403951536104e-06,0.0
Ù…Ø´ØªØ±ÙƒÙ‡,2.9703384951215477e-06,91,49,2.9703384951215477e-06,0.0
Ù„ØªØµÙ†ÙŠÙ,2.9689584779021163e-06,49,14,2.9689584779021163e-06,0.0
Ù„Ù‡,2.9681516464679187e-06,392,248,2.9681516464679187e-06,0.0
Ø¨Ø§Ù„Ø´ÙƒÙ„,2.9681041198812724e-06,157,32,2.9681041198812724e-06,0.0
Ø§Ù„ØµÙ†Ø¯ÙˆÙ‚Ø§Ù„Ø³Ø¹Ø±,2.9663570404509117e-06,83,48,2.9663570404509117e-06,0.0
Ø§Ø­ØªØ¬Ø§Ø²,2.9620290950515517e-06,7,5,2.9620290950515517e-06,0.0
Ø§Ù„ÙƒÙ…Ø§Ù„ÙŠÙ‡,2.9607098435338037e-06,98,16,2.9607098435338037e-06,0.0
Ø¬ÙŠÙ„,2.959164620572521e-06,9,9,2.959164620572521e-06,0.0
Ø§Ø³Ø¨ÙˆØ¹Ø§Ø§Ù„Ø´Ø±ÙƒÙ‡,2.957981211816742e-06,85,50,2.957981211816742e-06,0.0
Ø¹Ù‚Ø¯ØªÙ‡Ø§,2.9573815558769797e-06,10,10,2.9573815558769797e-06,0.0
ÙŠÙˆØ¯,2.9569224951740924e-06,12,10,2.9569224951740924e-06,0.0
Ø±Ø³Ù…,2.9537564538559635e-06,10,10,2.9537564538559635e-06,0.0
Ø±Ø¤ÙŠØªÙ‡,2.9503551689312714e-06,6,5,2.9503551689312714e-06,0.0
Ø§Ù„Ø¹Ù…ÙˆÙ…ÙŠÙ‡,2.9499570206177768e-06,350,94,2.9499570206177768e-06,0.0
Ù…Ø­ØªÙ…Ù„Ù‡,2.9453285928116904e-06,41,24,2.9453285928116904e-06,0.0
ÙÙŠØ¬Ø¨,2.9450095847232313e-06,9,9,2.9450095847232313e-06,0.0
Ù„ÙˆØ«ÙŠÙ‚Ù‡,2.941679456570614e-06,5,3,2.941679456570614e-06,0.0
Ø§Ù„Ø±Ø§Ø¨Ø¹Ù‡,2.9372514699695595e-06,180,91,2.9372514699695595e-06,0.0
Ø§Ù„ØªØºÙŠØ±Ø§Ù†Ø¹Ø§Ù…,2.934975706543495e-06,13,4,2.934975706543495e-06,0.0
ÙˆØ§Ù„Ø§Ø³ØªØ±Ø¯Ø§Ø¯,2.9339985842893805e-06,6,6,2.9339985842893805e-06,0.0
Ø§Ù„Ø¸Ø±ÙˆÙ,2.9294162500018043e-06,43,34,2.9294162500018043e-06,0.0
Ø§Ù„Ù…Ù†Ø¹Ù‚Ø¯Ù‡,2.9285588416431346e-06,19,14,2.9285588416431346e-06,0.0
ÙØ¨Ø¹Ø¯,2.9262922388765714e-06ßŽü÷¦òµë(š+myÝ‹’ÂÓ"ãs#c3CC3ƒC3ƒƒ†RÓbÃƒÃSbÃãÂÓ"ãs#c3CC3ƒC3ƒƒ†RÓ`­˜­‹]˜BÂÓ"ãs#s3cC#Cc“3“fRÓbÃBÃc’ÃãÂÓ"ãs#s3cC#Cc“3“fRÓ`­‹=‹‹Š}Š¢ÂÓ"ãs#sCssƒƒ##ƒS3“6RÓbÃsrÃ3‚ÃãÂÓ"ãs#sCssƒƒ##ƒS3“6RÓ`­˜]ŠÝ˜BÂÓ"ãs3c#ccsCc#Sƒ“fRÓbÃcBÃ3"ÃãÂÓ"ãs3c#ccsCc#Sƒ“fRÓ`­ŠŠ­‹=˜}˜­˜BÂÓ"ãs3ƒ“cƒCƒ3SVRÓbÃbÃRÃãÂÓ"ãs3ƒ“cƒCƒ3SVRÓ`­Š}˜˜m‹]˜rÂÓ"ãs3Cƒƒs“#c3cs†RÓbÃ3‚Ã#ÃãÂÓ"ãs3Cƒƒs“#c3cs†RÓ`­Š}˜M˜]Š­‹­˜­‹˜rÂÓ"ãs3ss#3ƒcCcƒƒvRÓbÃ3Ã’ÃãÂÓ"ãs3ss#3ƒcCcƒƒvRÓ`­˜M˜]ŠM‹=‹=˜rÂÓ"ãs3ss3ƒC“cCCcVRÓbÃ#Ã"ÃãÂÓ"ãs3ss3ƒC“cCCcVRÓ`­˜˜]‹Š}‹Š}˜rÂÓ"ãs3“ssC33cƒS“s“CFRÓbÃrÃ2ÃãÂÓ"ãs3“ssC33cƒS“s“CFRÓ`­‹‹˜˜ÂÓ"ãsC##3S“c“sRÓbÃ“"ÃS’ÃãÂÓ"ãsC##3S“c“sRÓ`­˜Š}˜M‹=˜­ŠòÂÓ"ãsC#C#“c“#“3CS3vRÓbÃrÃbÃãÂÓ"ãsC#C#“c“#“3CS3vRÓ`­Š}˜M˜m˜-Šý˜¢ÂÓ"ãsC3CCS#cCƒcsS6RÓbÃ#CbÃS‚ÃãÂÓ"ãsC3CCS#cCƒcsS6RÓ`­Š­‹‹M˜­ŠÝ˜}˜RÂÓ"ãsCC#s3Cs“scƒCCc6RÓbÃRÃBÃãÂÓ"ãsCC#s3Cs“scƒCCc6RÓ`­‹}Š}˜-Š­˜}ŠrÂÓ"ãsCS3C#CƒS“C“vRÓbÃ‚ÃrÃãÂÓ"ãsCS3C#CƒS“C“vRÓ`­˜ŠÝ˜MŠ¢ÂÓ"ãsC“ƒ#““CƒScsCCS6RÓbÃBÃBÃãÂÓ"ãsC“ƒ#““CƒScsCCS6RÓ`­˜Š}˜M˜‹‹RÂÓ"ãsSc#Ssc3S“sƒCFRÓbÃbÃbÃãÂÓ"ãsSc#Ssc3S“sƒCFRÓ`­Š}˜MŠŠý˜­˜BÂÓ"ãsSc3cSsc3“ƒ3C6RÓbÃÃRÃãÂÓ"ãsSc3cSsc3“ƒ3C6RÓ`­‹­‹˜˜rÂÓ"ãsScccCƒ##SƒƒFRÓbÃ“Ã#RÃãÂÓ"ãsScccCƒ##SƒƒFRÓ`­˜˜}˜‚ÂÓ"ãsSƒSS“#33Ss“ƒ†RÓbÃ3BÃsRÃãÂÓ"ãsSƒSS“#33Ss“ƒ†RÓ`­˜˜­ŠÍŠ‚ÂÓ"ãsS“CsSƒ“cS“3ƒCcfRÓbÃ’ÃrÃãÂÓ"ãsS“CsSƒ“cS“3ƒCcfRÓ`­˜-Šý‹Š}Š¢ÂÓ"ãscs3ssSsƒCƒfRÓbÃc’ÃSRÃãÂÓ"ãscs3ssSsƒCƒfRÓ`­˜Š}˜MŠ}‹=Š­‹Š}Š­˜­ŠÍ˜­˜rÂÓ"ãscc“Ss3Cscƒs“†RÓbÃRÃ"ÃãÂÓ"ãscc“Ss3Cscƒs“†RÓ`­‹m˜ŠÂÓ"ãss“CS#CS3CcvRÓbÃCÃ3BÃãÂÓ"ãss“CS#CS3CcvRÓ`­ŠÍŠýŠ}˜˜BÂÓ"ãssC#ƒC#CCƒƒcs6RÓbÃÃBÃãÂÓ"ãssC#ƒC#CCƒƒcs6RÓ`­Š}˜MŠ}˜˜MŠ}˜MŠ}˜­‹Š}ŠýŠ}Š¢ÂÓ"ãssC“3ƒ3“cƒ“““FRÓbÃRÃRÃãÂÓ"ãssC“3ƒ3“cƒ“““FRÓ`­˜Š}˜MŠ˜­Šm˜­˜rÂÓ"ãssSsƒƒC#S“scS6RÓbÃÃ‚ÃãÂÓ"ãssSsƒƒC#S“scS6RÓ`­Š}˜MŠ­˜=˜M˜˜rÂÓ"ãssc#CCS#C“c3“FRÓbÃ#ÃsbÃãÂÓ"ãssc#CCS#C“c3“FRÓ`­Š}ŠÝŠ}Šý˜¢ÂÓ"ãsss“#3c#c#CfRÓbÃCRÃBÃãÂÓ"ãsss“#3c#c#CfRÓ`­Š}˜MŠí‹˜­˜ÂÓ"ãssƒs“c“CSc3ss&RÓbÃs‚Ã‚ÃãÂÓ"ãssƒs“c“CSc3ss&RÓ`­Š}Šý˜˜­˜rÂÓ"ãsƒ#3CSsSC#6RÓbÃ#"ÃRÃãÂÓ"ãsƒ#3CSsSC#6RÓ`­Š}˜MŠí˜MŠ}˜-˜rÂÓ"ãsƒ“cƒ#c#3s6RÓbÃBÃBÃãÂÓ"ãsƒ“cƒ#c#3s6RÓ`­Š}˜M˜]‹MŠ­˜-Š}Š¢ÂÓ"ãsƒSCƒ“sƒƒ#3ƒC#FRÓbÃSÃ2ÃãÂÓ"ãsƒSCƒ“sƒƒ#3ƒC#FRÓ`­˜]‹}Š}‹ÂÓ"ãsƒ#CCcc““CscVRÓbÃ#Ã‚ÃãÂÓ"ãsƒ#CCcc““CscVRÓ`­Š}˜M˜]‹-Š}ŠýŠ}˜MŠ­‹­˜­‹‹‹}Š}ŠÂÓ"ãsƒ#“3##SCcƒ3vRÓbÃRÃrÃãÂÓ"ãsƒ#“3##SCcƒ3vRÓ`­˜˜M˜M‹Š‹’ÂÓ"ãsƒc“CsssƒS“3–RÓbÃ3Ã"ÃãÂÓ"ãsƒc“CsssƒS“3–RÓ`­Š}˜M˜­Š}˜m‹"ÂÓ"ãsƒc“Scs#C#“ƒ3CRÓbÃ#c2Ã“BÃãÂÓ"ãsƒc“Scs#C#“ƒ3CRÓ`­˜­˜=‹˜RÂÓ"ãs“3#c33C“#c&RÓbÃBÃBÃãÂÓ"ãs“3#c33C“#c&RÓ`­˜Š­˜-˜M˜­‹RÂÓ"ãs“3S#Ss##ƒ“fRÓbÃ‚ÃbÃãÂÓ"ãs“3S#Ss##ƒ“fRÓ`­Š}‹M‹Š}‹ÂÓ"ãs“s3#sss#3s“FRÓbÃCbÃ32ÃãÂÓ"ãs“s3#sss#3s“FRÓ`­˜Š}˜MŠ­˜]˜˜­˜M˜­˜rÂÓ"ãs“sc#Sc#ƒSs3s6RÓbÃrÃbÃãÂÓ"ãs“sc#Sc#ƒSs3s6RÓ`­Š}˜M˜Šm˜rÂÓ"ãs“ƒ“c3cS#cƒ“sfRÓbÃs‚Ã#‚ÃãÂÓ"ãs“ƒ“c3cS#cƒ“sfRÓ`­Š}˜MŠ½Š}˜MŠ½Š}˜MŠ}˜­‹Š}ŠýŠ}Š¢ÂÓ"ãs“““3cS3CSc36RÓbÃbÃbÃãÂÓ"ãs“““3cS3CSc36RÓ`­Š}‹‹bÂÓ"ãƒCsS“S3CCscss6RÓbÃCrÃ3ÃãÂÓ"ãƒCsS“S3CCscss6RÓ`­‹]Š}Šý‹Š}Š¢ÂÓ"ãƒcCSss“Cs““FRÓbÃS2ÃSÃãÂÓ"ãƒcCSss“Cs““FRÓ`­Š­‹Š}ŠÍ‹Š}Š¢ÂÓ"ãƒƒCsssƒC“&RÓbÃ’ÃrÃãÂÓ"ãƒƒCsssƒC“&RÓ`­˜M˜M˜˜-˜˜ÂÓ"ãƒ“SSccCcssCfRÓbÃRÃRÃãÂÓ"ãƒ“SSccCcssCfRÓ`­ŠÝ‹m˜‹˜}˜RÂÓ"ãƒ#SSƒƒ3Cs3#ScvRÓbÃrÃrÃãÂÓ"ãƒ#SSƒƒ3Cs3#ScvRÓ`­Š­˜-˜m˜­Š}Š¢ÂÓ"ãƒ#s“ƒƒcS#“ƒC##fRÓbÃsbÃcBÃãÂÓ"ãƒ#s“ƒƒcS#“ƒC##fRÓ`­˜]ŠM‹M‹˜­˜bÂÓ"ãƒ#“Sc#3ƒcƒSCVRÓbÃC’ÃRÃãÂÓ"ãƒ#“Sc#3ƒcƒSCVRÓ`­˜-Šý˜]Š¢ÂÓ"ãƒ3Cƒ““SSCC3ƒfRÓbÃ32Ã#’ÃãÂÓ"ãƒ3Cƒ““SSCC3ƒfRÓ`­˜]˜­‹˜­Šý˜­Š}˜bÂÓ"ãƒ3ƒc#s“ƒ#3#s#VRÓbÃbÃ’ÃãÂÓ"ãƒ3ƒc#s“ƒ#3#s#VRÓ`­ŠÍ‹­‹Š}˜˜­ŠrÂÓ"ãƒ3“ƒs3ssc3CS33#fRÓbÃCRÃCBÃãÂÓ"ãƒ3“ƒs3ssc3CS33#fRÓ`­Š}˜M‹]˜mŠ}‹Š}Š¢ÂÓ"ãƒCC3c3cƒ333s#6RÓbÃ#“BÃ#ÃãÂÓ"ãƒCC3c3cƒ333s#6RÓ`­Šý˜‹˜}ŠrÂÓ"ãƒCC“cSƒ“S#ƒƒcvRÓbÃÃRÃãÂÓ"ãƒCC“cSƒ“S#ƒƒcvRÓ`­Š}˜M˜MŠÍŠ}˜bÂÓ"ãƒCSC“SScCCSvRÓbÃƒbÃcÃãÂÓ"ãƒCSC“SScCCSvRÓ`­Š˜}Šý˜ÂÓ"ãƒCs3c##ƒ#3#vRÓbÃ3#Ã#rÃãÂÓ"ãƒCs3c##ƒ#3#vRÓ`­˜Š}˜]Š­˜mŠ}˜m˜rÂÓ"ãƒC“3csC3C3SsC6RÓbÃbÃbÃãÂÓ"ãƒC“3csC3C3SsC6RÓ`­˜Š}˜M˜]˜]˜­‹-˜rÂÓ"ãƒC“C“#ƒcsƒVRÓbÃBÃ2ÃãÂÓ"ãƒC“C“#ƒcsƒVRÓ`­˜Š­˜˜-‹Š¢ÂÓ"ãƒSƒƒ33cc“C†RÓbÃ33’Ã#ÃãÂÓ"ãƒSƒƒ33cc“C†RÓ`­˜˜Š­ŠÒÂÓ"ãƒSS“cƒ#“3Cƒ“sFRÓbÃ2Ã"ÃãÂÓ"ãƒSS“cƒ#“3Cƒ“sFRÓ`­Š}˜M˜]Š­˜˜-‹˜rÂÓ"ãƒScƒSƒS“3CCVRÓbÃ“ÃÃãÂÓ"ãƒScƒSƒS“3CCVRÓ`­Š}˜M˜]‹Š}‹‹bÂÓ"ãƒSC3“#ƒ#CcsCCCvRÓbÃBÃÃãÂÓ"ãƒSC3“#ƒ#CcsCCCvRÓ`­Š}˜M˜]‹-Š}ŠýŠ}˜MŠ­‹­˜­‹Š˜¢ÂÓ"ãƒcSs#CSs“cCFRÓbÃ#"Ã‚ÃãÂÓ"ãƒcSs#CSs“cCFRÓ`­˜M˜MŠíŠý˜]˜rÂÓ"ãƒcCsc#S3ƒƒ3CsSVRÓbÃSÃ3"ÃãÂÓ"ãƒcCsc#S3ƒƒ3CsSVRÓ`­˜-‹}Š}‹ÂÓ"ãƒcƒ#““3#3“SƒVRÓbÃ#"ÃÃãÂÓ"ãƒcƒ#““3#3“SƒVRÓ`­Š­‹˜‹=˜­‹˜=˜BÂÓ"ãƒsC“ƒSS3SSfRÓbÃ#2Ã‚ÃãÂÓ"ãƒsC“ƒSS3SSfRÓ`­Šý˜Š}Šm‹ÂÓ"ãƒs#CCs#“ƒ“CƒcSfRÓbÃrÃbÃãÂÓ"ãƒs#CCs#“ƒ“CƒcSfRÓ`­˜M˜]‹=Š­‹M˜˜¢ÂÓ"ãƒs3“SƒcCC#SS3“vRÓbÃ‚ÃBÃãÂÓ"ãƒs3“SƒcCC#SS3“vRÓ`¤•"ÂÓ"ãƒsC#ƒsc“##ss3CVRÓbÃ’ÃrÃãÂÓ"ãƒsC#ƒsc“##ss3CVRÓ`­Š}‹=Š­‹Š}Š­˜­ŠÍ˜¢ÂÓ"ãƒsCƒsƒ333ƒ3&RÓbÃ3RÃ#"ÃãÂÓ"ãƒsCƒsƒ333ƒ3&RÓ`­˜MŠ­‹M‹­˜­˜BÂÓ"ãƒsS#S33#ƒ3fRÓbÃ‚Ã"ÃãÂÓ"ãƒsS#S33#ƒ3fRÓ`­˜Š}˜-Š­‹]Š}ŠòÂÓ"ãƒscsCS“ss“““3FRÓbÃRÃRÃãÂÓ"ãƒscsCS“ss“““3FRÓ`­ŠŠ}˜M˜-‹}Š}‹Š}Š¢ÂÓ"ãƒscs“S3ƒc“3#cfRÓbÃ"ÃBÃãÂÓ"ãƒscs“S3ƒc“3#cfRÓ`­‹Š‹ŠrÂÓ"ãƒssƒ3ƒ“c#CssRÓbÃ2ÃBÃãÂÓ"ãƒssƒ3ƒ“c#CssRÓ`­˜M˜M‹­‹‹bÂÓ"ãƒƒ“CƒccSSs#6RÓbÃBÃ2ÃãÂÓ"ãƒƒ“CƒccSSs#6RÓ`­˜Š}˜MŠ}‹=Š­‹MŠ}‹Š}Š¢ÂÓ"ãƒƒ#C#ƒ“ccs†RÓbÃ’Ã’ÃãÂÓ"ãƒƒ#C#ƒ“ccs†RÓ`­˜Š}˜MŠý˜˜M˜­˜­˜bÂÓ"ãƒƒ#s3C3ƒ3sCS#†RÓbÃbÃbÃãÂÓ"ãƒƒ#s3C3ƒ3sCS#†RÓ`­Š}˜‹˜­Šý˜Š}˜M˜=˜˜­Š¢ÂÓ"ãƒƒ#ƒ3#ƒsƒC#–RÓbÃBÃ2ÃãÂÓ"ãƒƒ#ƒ3#ƒsƒC#–RÓ`­ŠŠ}˜M‹]˜˜-˜rÂÓ"ãƒƒ3#33“cƒ3C“fRÓbÃCÃRÃãÂÓ"ãƒƒ3#33“cƒ3C“fRÓ`­Š}˜=Š}Šý˜­˜]˜­˜rÂÓ"ãƒƒcSƒƒCƒs3Ccs3RÓbÃ3RÃ’ÃãÂÓ"ãƒƒcSƒƒCƒs3Ccs3RÓ`­ŠÝ‹=Š}Š˜rÂÓ"ãƒƒ“Sc#ƒ#ƒƒCS“s&RÓbÃBÃ2ÃãÂÓ"ãƒƒ“Sc#ƒ#ƒƒCS“s&RÓ`­˜‹m‹˜­Š˜rÂÓ"ãƒƒ“c“C##3““VRÓbÃ#rÃ’ÃãÂÓ"ãƒƒ“c“C##3““VRÓ`­Š}˜M‹=˜]Š}ŠÒÂÓ"ãƒƒ“s#scc3“s#c&RÓbÃBÃ‚ÃãÂÓ"ãƒƒ“s#scc3“s#c&RÓ`­Š}‹ŠÍŠ}ŠÂÓ"ãƒ“Sc#c3CƒCScFRÓbÃBÃ2ÃãÂÓ"ãƒ“Sc#c3CƒCScFRÓ`­Š}˜M˜]‹-Š}ŠýŠ}˜MŠ­‹­˜­‹Š}˜M‹=‹˜Šý˜¢ÂÓ"ãƒ“##cƒ#3C3#cVRÓbÃcBÃSRÃãÂÓ"ãƒ“##cƒ#3C3#cVRÓ`­ŠÝŠý˜­Š½˜rÂÓ"ãƒ“Cƒc“CCS#C##cFRÓbÃC2ÃC"ÃãÂÓ"ãƒ“Cƒc“CCS#C##cFRÓ`­‹˜­Š}˜MŠ}˜M˜-‹}Š}‹Š}˜M˜=˜­˜]Š}˜˜­Š}Š­Š}˜MŠ}‹=˜]Šý˜}Š}˜M˜]‹Š}Šý˜bÂÓ"ãƒ“cƒcCcCcc3fRÓbÃ‚Ã’ÃãÂÓ"ãƒ“cƒcCcCcc3fRÓ`­Š­Ší‹}˜­‹rÂÓ"ãƒ“3“3c#ƒCc#vRÓbÃ’ÃRÃãÂÓ"ãƒ“3“3c#ƒCc#vRÓ`­Šý˜­˜˜­‹2ÂÓ"ãƒ“3cƒs#sSc“s&RÓbÃÃrÃãÂÓ"ãƒ“3cƒs#sSc“s&RÓ`­Š}˜M˜]‹-Š}ŠýŠ}˜MŠ­‹­˜­‹‹=˜MŠ}˜]˜rÂÓ"ãƒ“33“c“ƒCƒ3ƒFRÓbÃ2Ã’ÃãÂÓ"ãƒ“33“c“ƒCƒ3ƒFRÓ`§6ÂÓ"ãƒ“C“Sc“scSƒC“VRÓbÃ“Ã#RÃãÂÓ"ãƒ“C“Sc“scSƒC“VRÓ`­Š}˜M‹˜m˜Š}˜bÂÓ"ãƒ“Sƒ“C“#SCCc#†RÓbÃC‚Ã3bÃãÂÓ"ãƒ“Sƒ“C“#SCCc#†RÓ`­˜˜]˜Š}ŠÍ˜}˜rÂÓ"ãƒ“cCƒCS“cSSFRÓbÃbÃRÃãÂÓ"ãƒ“cCƒCS“cSSFRÓ`­‹ŠŠýŠ}˜M‹ŠÝ˜]˜bÂÓ"ãƒ“cƒ3ƒ“#–RÓbÃsBÃƒRÃãÂÓ"ãƒ“cƒ3ƒ“#–RÓ`­˜Š}˜MŠŠ}˜M‹­˜rÂÓ"ãƒ“s“#SSSƒCVRÓbÃcRÃsbÃãÂÓ"ãƒ“s“#SSSƒCVRÓ`­ŠŠý˜­˜MŠrÂÓ"ãƒ“ƒs#s“33c#3–RÓbÃRÃÃãÂÓ"ãƒ“ƒs#s“33c#3–RÓ`­Š}˜M˜]Š­˜m˜-˜BÂÓ"ã“#33Ssƒ#ccƒvRÓbÃ2Ã3’ÃãÂÓ"ã“#33Ssƒ#ccƒvRÓ`­˜]˜mŠ}‹]˜˜rÂÓ"ã“3SScCSC#3c3FRÓbÃ#2Ã#ÃãÂÓ"ã“3SScCSC#3c3FRÓ`­Š˜]‹mŠ}‹˜˜rÂÓ"ã“3“ƒ3ƒS3“Cƒ“VRÓbÃ’ÃbÃãÂÓ"ã“3“ƒ3ƒS3“Cƒ“VRÓ`­˜M˜M˜=‹Š˜˜bÂÓ"ã“CC33s3S3C#&RÓbÃbÃBÃãÂÓ"ã“CC33s3S3C#&RÓ`­˜]‹=Š­ŠýŠ}˜RÂÓ"ã“S3c“““Scƒccƒ6RÓbÃ’ÃRÃãÂÓ"ã“S3c“““Scƒccƒ6RÓ`­˜Š­Š­˜]Š­‹’ÂÓ"ã“Ssc“Cs“3ƒSsc6RÓbÃ’ÃrÃãÂÓ"ã“Ssc“Cs“3ƒSsc6RÓ`­Š}˜M‹Š}˜]˜}Š}˜M‹˜­Š}‹bÂÓ"ã“c#ƒC#CScCFRÓbÃ’Ã’ÃãÂÓ"ã“c#ƒC#CScCFRÓ`­‹=˜˜¢ÂÓ"ã“c“s3ss3cƒCVRÓbÃ‚Ã‚ÃãÂÓ"ã“c“s3ss3cƒCVRÓ`­˜Ší‹˜rÂÓ"ã““sS“ƒƒ3“Cc6RÓbÃrÃbÃãÂÓ"ã““sS“ƒƒ3“Cc6RÓ`­˜m‹-‹’ÂÓ"ã“ƒƒ33#““†RÓbÃÃRÃãÂÓ"ã“ƒƒ33#““†RÓ`­Š}˜MŠÝ˜=˜RÂÓ"ã“C“ƒCCƒS“#CC6RÓbÃÃ’ÃãÂÓ"ã“C“ƒCCƒS“#CC6RÓ`­˜Š}˜MŠ}‹=˜}Š}˜RÂÓ"ã“Sƒss3cc3“–RÓbÃrÃBÃãÂÓ"ã“Sƒss3cc3“–RÓ`­˜Š}‹‹=Š}˜BÂÓ"ã“c3#S#ƒcsC3†RÓbÃÃÃãÂÓ"ã“c3#S#ƒcsC3†RÓ`­Š˜]Š­Š}Š‹˜rÂÓ"ã“cC3#scCCƒ#CcvRÓbÃ2Ã2ÃãÂÓ"ã“cC3#scCCƒ#CcvRÓ`­˜]‹Š‹ŠrÂÓ"ã“sƒƒƒCS#C6RÓbÃrÃBÃãÂÓ"ã“sƒƒƒCS#C6RÓ`­Š}˜MŠÝŠ}Šý˜rÂÓ"ã“#C“ccc“FRÓbÃÃRÃãÂÓ"ã“#C“ccc“FRÓ`­Š}˜M˜-‹˜¢ÂÓ"ã“#S3ƒss“3s#VRÓbÃ#’Ã“rÃãÂÓ"ã“#S3ƒss“3s#VRÓ`­Š}˜M‹]˜2ÂÓ"ã“#sscssCS““3VRÓbÃ#’ÃBÃãÂÓ"ã“#sscssCS““3VRÓ`­˜­‹‹­Š˜˜bÂÓ"ã“#ƒsSsC3sC3VRÓbÃrÃrÃãÂÓ"ã“#ƒsSsC3sC3VRÓ`­Š}‹˜MŠ}˜m˜­˜rÂÓ"ã“#ƒ“scSsCsc““ƒvRÓbÃ2Ã2ÃãÂÓ"ã“#ƒ“scSsCsc““ƒvRÓ`­Š}˜M˜]ŠíŠ­Š‹ÂÓ"ã“#“C“Cs#SS#–RÓbÃ’ÃRÃãÂÓ"ã“#“C“Cs#SS#–RÓ`­Š­‹]˜m˜ÂÓ"ã“3SSs#33#“C3“3“†RÓbÃ2Ã2ÃãÂÓ"ã“3SSs#33#“C3“3“†RÓ`­˜mŠ­Š}ŠmŠÂÂÓ"ã“CC“3CsƒSvRÓbÃC#Ã3ƒ"ÃãÂÓ"ã“CC“3CsƒSvRÓ`­˜M˜M˜‹}˜bÂÓ"ã“C#Ss3sS3SSƒVRÓbÃ2Ã2ÃãÂÓ"ã“C#Ss3sS3SSƒVRÓ`­Š­˜‹-˜­‹’ÂÓ"ã“CƒSSccs“3“s3C6RÓbÃC“bÃ#BÃãÂÓ"ã“CƒSSccs“3“s3C6RÓ`­Š‹Š}Š¢ÂÓ"ã“SCcƒCS“sS33“#†RÓbÃ2Ã2ÃãÂÓ"ã“SCcƒCS“sS33“#†RÓ`­˜M˜M˜˜Š}Š­˜­‹ÂÓ"ã“SS#3SccƒcCCSvRÓbÃBÃBÃãÂÓ"ã“SS#3SccƒcCCSvRÓ`­˜˜]‹˜m˜¢ÂÓ"ã“SS#3SccƒcCCSvRÓbÃ‚ÃBÃãÂÓ"ã“SS#3SccƒcCCSvRÓ`­ŠŠ}˜M˜-‹Š}Š˜rÂÓ"ã“SS#3SccƒcCCSvRÓbÃBÃBÃãÂÓ"ã“SS#3SccƒcCCSvRÓ`­‹Š}‹Š¢ÂÓ"ã“SS#3SccƒcCCSvRÓbÃBÃBÃãÂÓ"ã“SS#3SccƒcCCSvRÓ`­˜Š}˜M˜]‹]ŠýŠ}˜-˜­˜rÂÓ"ã“SS#3SccƒcCCSvRÓbÃBÃBÃãÂÓ"ã“SS#3SccƒcCCSvRÓ`­Š‹M‹Š}ŠmŠÒÂÓ"ã“SS#3SccƒcCCSvRÓbÃBÃBÃãÂÓ"ã“SS#3SccƒcCCSvRÓ`­˜Š}˜M‹M˜}‹ÂÓ"ã“SS#3SccƒcCCSvRÓbÃBÃBÃãÂÓ"ã“SS#3SccƒcCCSvRÓ`­Š}˜MŠ}˜­‹ŠýŠ}Š¢ÂÓ"ã“SS3Cc3C“#C“fRÓbÃBÃBÃãÂÓ"ã“SS3Cc3C“#C“fRÓ`­˜M˜M‹M˜}‹ÂÓ"ã“Sc3#ƒ#CSS3sƒ6RÓbÃbÃbÃãÂÓ"ã“Sc3#ƒ#CSS3sƒ6RÓ`­ŠÍ˜˜}‹˜¢ÂÓ"ã“Ss“#““Ccƒ3c#FRÓbÃc2ÃCÃãÂÓ"ã“Ss“#““Ccƒ3c#FRÓ`­Š}˜M˜‹˜­˜"ÂÓ"ã“S“#sc#ss#ƒƒ#vRÓbÃ‚Ã‚ÃãÂÓ"ã“S“#sc#ss#ƒƒ#vRÓ`­˜m˜}ŠÂÂÓ"ã“S“ScCƒ“CCSsƒ3FRÓbÃBÃ2ÃãÂÓ"ã“S“ScCƒ“CCSsƒ3FRÓ`­˜]Š}˜M˜=˜¢ÂÓ"ã“cƒccs3ƒ#S“CFRÓbÃBÃ2ÃãÂÓ"ã“cƒccs3ƒ#S“CFRÓ`­Š}˜MŠ}‹­‹Š}˜"ÂÓ"ã“ccCscc3cCc“#fRÓbÃrÃBÃãÂÓ"ã“ccCscc3cCc“#fRÓ`­‹˜­Š}˜MŠ}˜M˜Š­‹˜}‹]Š}˜˜¢ÂÓ"ã“c“3“s“ScC“RÓbÃ‚Ã‚ÃãÂÓ"ã“c“3“s“ScC“RÓ`­‹­‹‹2ÂÓ"ã“c#SsS#csSsCC#vRÓbÃBÃBÃãÂÓ"ã“c#SsS#csSsCC#vRÓ`­Š}˜M˜]‹=Š}˜}˜]˜­˜bÂÓ"ã“c3SsCCƒ##SC#†RÓbÃƒbÃ3ÃãÂÓ"ã“c3SsCCƒ##SC#†RÓ`¦×’ÂÓ"ã“cƒc“ƒƒƒƒc#3S6RÓbÃ2Ã2ÃãÂÓ"ã“cƒc“ƒƒƒƒc#3S6RÓ`­˜Š}‹Š­Š‹ÂÓ"ã“cƒ“3sSC3S“6RÓbÃRÃ2ÃãÂÓ"ã“cƒ“3sSC3S“6RÓ`­‹˜‚ÂÓ"ã“c“#““SCSC6RÓbÃ3Ã#ÃãÂÓ"ã“c“#““SCSC6RÓ`­˜­‹-˜­ŠòÂÓ"ã“c“c33s#S3ssRÓbÃƒBÃCRÃãÂÓ"ã“c“c33s#S3ssRÓ`­Š}˜MŠ}Š­ŠÍŠ}˜rÂÓ"ã“s3“c##sSc&RÓbÃRÃBÃãÂÓ"ã“s3“c##sSc&RÓ`­Š}Š­‹Š}Š˜}˜RÂÓ"ã“sC“ƒ##3s#ccS3fRÓbÃ’Ã’ÃãÂÓ"ã“sC“ƒ##3s#ccS3fRÓ`­Š}˜M‹M‹˜=Š­˜­˜bÂÓ"ã“sSƒCSC#ƒ3cSVRÓbÃ2ÃC’ÃãÂÓ"ã“sSƒCSC#ƒ3cSVRÓ`­˜M˜MŠ}˜˜BÂÓ"ã“sc“CCSƒƒSS6RÓbÃ#bÃ’ÃãÂÓ"ã“sc“CCSƒƒSS6RÓ`­˜]˜]Š­Š}‹-˜rÂÓ"ã“ss#ƒc3ScCSSRÓbÃ2Ã’ÃãÂÓ"ã“ss#ƒc3ScCSSRÓ`­˜mŠÍŠÒÂÓ"ã“sƒ#3#“33CsS–RÓbÃ#bÃbÃãÂÓ"ã“sƒ#3#“33CsS–RÓ`­Š}˜M˜]Š}Šm˜rÂÓ"ã“ƒSs“c#“CcC“cVRÓbÃ3"ÃbÃãÂÓ"ã“ƒSs“c#“CcC“cVRÓ`­Š}˜M˜]˜mŠ­Šý˜­Š}Š¢ÂÓ"ã“ƒ#s“SsC3SVRÓbÃBÃ2ÃãÂÓ"ã“ƒ#s“SsC3SVRÓ`­˜M˜]˜m‹]˜rÂÓ"ã“ƒCs3#“SCSS&RÓbÃÃ‚ÃãÂÓ"ã“ƒCs3#“SCSS&RÓ`­Š}˜M˜]˜=Š}˜m˜rÂÓ"ã“ƒS3C#sCs#C“CssvRÓbÃBÃBÃãÂÓ"ã“ƒS3C#sCs#C“CssvRÓ`­˜‹‹m˜˜­˜rÂÓ"ã“ƒc33sƒ3#ƒCfRÓbÃ2ÃRÃãÂÓ"ã“ƒc33sƒ3#ƒCfRÓ`­Š˜]˜mŠ­ŠÍŠ}Š¢ÂÓ"ã“ƒ“Cƒ33ƒƒC†RÓbÃRÃRÃãÂÓ"ã“ƒ“Cƒ33ƒƒC†RÓ`­Š‹Šý˜RÂÓ"ã““3ƒSC3#“cƒFRÓbÃS‚Ã#‚ÃãÂÓ"ã““3ƒSC3#“cƒFRÓ`­˜ŠÍ˜Šý˜}ŠrÂÓ"ã““sCCƒC33cSsSfRÓbÃBÃBÃãÂÓ"ã““sCCƒC33cSsSfRÓ`­‹˜]˜MŠ¢ÂÓ2ã#“#csƒs#S&RÓbÃ#‚Ã#2ÃãÂÓ2ã#“#csƒs#S&RÓ`­˜Š}˜MŠÍ˜}ŠòÂÓ2ãCsCcCƒ#C“CfRÓbÃBÃBÃãÂÓ2ãCsCcCƒ#C“CfRÓ`­‹˜]˜˜]ŠrÂÓ2ãSc3#CSƒƒ3“sS&RÓbÃ"ÃbÃãÂÓ2ãSc3#CSƒƒ3“sS&RÓ`­Š}˜MŠ}˜˜m˜rÂÓ2ãsSsC#CCCSƒs6RÓbÃ3ÃBÃãÂÓ2ãsSsC#CCCSƒs6RÓ`­Š­˜m‹˜=‹2ÂÓ2ã“CSc3#cvRÓbÃSbÃbÃãÂÓ2ã“CSc3#cvRÓ`­˜Š}˜M‹˜=Š}ŠÂÓ2ã“ƒS33SC3FRÓbÃ#’Ã‚ÃãÂÓ2ã“ƒS33SC3FRÓ`­Š}˜MŠŠÝŠ²ÂÓ2ã#3S“C##ƒCƒcvRÓbÃSrÃC‚ÃãÂÓ2ã#3S“C##ƒCƒcvRÓ`­˜ŠÍ‹Š‚ÂÓ2ãC#3“cƒCS“VRÓbÃ#RÃ‚ÃãÂÓ2ãC#3“cƒCS“VRÓ`­˜‹m˜]˜bÂÓ2ãCsSc#cC#Cc#VRÓbÃ#bÃ#ÃãÂÓ2ãCsSc#cC#Cc#VRÓ`­˜˜‹Š­˜}ŠrÂÓ2ãc#ƒS“s#SCCC#fRÓbÃRÃRÃãÂÓ2ãc#ƒS“s#SCCC#fRÓ`­˜MŠ­Šý‹M˜­˜bÂÓ2ãƒsC“Sscƒ“vRÓbÃbÃRÃãÂÓ2ãƒsC“Sscƒ“vRÓ`­Š}˜M˜]˜‹m˜BÂÓ2ã#csƒ“sƒ#“s3SfRÓbÃ’ÃrÃãÂÓ2ã#csƒ“sƒ#“s3SfRÓ`­˜˜}ŠÍ‹ÂÓ2ã#sscSsƒS“scƒRÓbÃRÃ2ÃãÂÓ2ã#sscSsƒS“scƒRÓ`­‹˜¢ÂÓ2ã3cCCC“#†RÓbÃcBÃ3ÃãÂÓ2ã3cCCC“#†RÓ`­Š}‹=˜]Š}Šm˜}˜RÂÓ2ã3#“3Cs“ƒsƒsRÓbÃ3Ã#BÃãÂÓ2ã3#“3Cs“ƒsƒsRÓ`­ŠÝ˜M˜RÂÓ2ã33cccSCSƒƒsVRÓbÃRÃBÃãÂÓ2ã33cccSCSƒƒsVRÓ`­Ší‹m‹Š}ŠÂÓ2ã3ƒc3CssSC3ƒvRÓbÃ2ÃbÃãÂÓ2ã3ƒc3CssSC3ƒvRÓ`­Š‹˜mŠ}˜]ŠÂÂÓ2ãCƒ#3cc“SsƒS“#FRÓbÃS“RÃ#32ÃãÂÓ2ãCƒ#3cc“SsƒS“#FRÓ`­˜M˜M˜mŠ­Š}ŠmŠÂÂÓ2ãS“#S#scƒssS6RÓbÃbÃbÃãÂÓ2ãS“#S#scƒssS6RÓ`­˜]˜Š}˜}˜­˜RÂÓ2ãS#c#c“s“ssC“RÓbÃRÃBÃãÂÓ2ãS#c#c“s“ssC“RÓ`­˜˜Š}ŠÝŠòÂÓ2ãS3cS##3S#s“C†RÓbÃRÃRÃãÂÓ2ãS3cS##3S#s“C†RÓ`­˜Š}˜M‹Š}˜M˜RÂÓ2ãS3ƒSccSS3cs““S6RÓbÃ2ÃÃãÂÓ2ãS3ƒSccSS3cs““S6RÓ`­Š}˜MŠ­˜-Šý˜RÂÓ2ãc#cS3Cs“S3S“fRÓbÃc"ÃCBÃãÂÓ2ãc#cS3Cs“S3S“fRÓ`­‹=˜­˜m‹˜=‹2ÂÓ2ãc#S“CCC“ƒ“&RÓbÃ#ÃCÃãÂÓ2ãc#S“CCC“ƒ“&RÓ`§6Š}˜M˜]˜M˜Š}Š¢ÂÓ2ãcCs“3cc#““ƒ&RÓbÃbÃbÃãÂÓ2ãcCs“3cc#““ƒ&RÓ`­˜­‹˜=‹ÂÓ2ãccSs“sc33S6RÓbÃ#s‚ÃcbÃãÂÓ2ãccSs“sc33S6RÓ`­Š­˜-‹˜­‹ÂÓ2ãssC3ƒƒSƒs#CFRÓbÃC#RÃSbÃãÂÓ2ãssC3ƒƒSƒs#CFRÓ`­˜M˜M˜m‹}Š}˜"ÂÓ2ãs#C#“3C##C–RÓbÃ"ÃbÃãÂÓ2ãs#C#“3C##C–RÓ`­Š}˜M˜-Šý˜­˜rÂÓ2ãscss3#CƒƒCVRÓbÃBÃ2ÃãÂÓ2ãscss3#CƒƒCVRÓ`­Š­‹˜=˜­‹-˜mŠrÂÓ2ãsCƒ3s3c“##cs#&RÓbÃRÃRÃãÂÓ2ãsCƒ3s3c“##cs#&RÓ`­˜Š}˜M˜]Š­˜m˜‹˜rÂÓ2ãsSs3SS33#ƒ#S6RÓbÃ2Ã2ÃãÂÓ2ãsSs3SS33#ƒ#S6RÓ`­˜M˜M˜mŠÍŠ}ŠÒÂÓ2ãsc3cC#ssƒsSVRÓbÃ2Ã2ÃãÂÓ2ãsc3cC#ssƒsSVRÓ`­˜Š}‹Š­˜]Š}Šý˜­˜rÂÓ2ãscƒsƒ#ss#sCc&RÓbÃBÃBÃãÂÓ2ãscƒsƒ#ss#sCc&RÓ`­‹Š}˜­˜rÂÓ2ãƒsCcc“3ƒ“3s6RÓbÃbÃRÃãÂÓ2ãƒsCcc“3ƒ“3s6RÓ`­˜Š­‹}˜˜­‹ÂÓ2ãƒssSssƒsvRÓbÃ#3"ÃCÃãÂÓ2ãƒssSssƒsvRÓ`­Š}˜M˜]˜Š}‹m˜­‹’ÂÓ2ãƒ“3ccss#SƒvRÓbÃbÃÃãÂÓ2ãƒ“3ccss#SƒvRÓ`­‹=ŠýŠ}˜˜=˜‚ÂÓ2ãƒ“CcsSƒ#SfRÓbÃSƒÃS’ÃãÂÓ2ãƒ“CcsSƒ#SfRÓ`­˜]Šm˜rÂÓ2ã“S“#sSCc#ƒ“vRÓbÃ’Ã’ÃãÂÓ2ã“S“#sSCc#ƒ“vRÓ`­˜­‹‹‹bÂÓ2ã“Cƒ#csS3C3““sVRÓbÃ3’Ã3BÃãÂÓ2ã“Cƒ#csS3C3““sVRÓ`­Š‹=ŠŠ‚ÂÓ2ã“Ssc“sSC“#fRÓbÃ“BÃ#sBÃãÂÓ2ã“Ssc“sSC“#fRÓ`­Š}˜MŠ}˜­ŠÍŠ}Š˜¢ÂÓ2ã“cƒscCcC#3ƒ&RÓbÃcBÃC"ÃãÂÓ2ã“cƒscCcC#3ƒ&RÓ`­˜Š}˜M‹M‹˜=Š}ŠÂÓ2ã“c“cC#ƒ#“ss&RÓbÃBÃBÃãÂÓ2ã“c“cC#ƒ#“ss&RÓ`­ŠÍ‹-ŠÂÓ2ã“ssCc3sƒSCƒVRÓbÃs‚Ã“ÃãÂÓ2ã“ssCc3sƒSCƒVRÓ`­˜MŠÝ‹˜rÂÓ2ã“ƒ“c3#SsC3“ƒ36RÓbÃRÃRÃãÂÓ2ã“ƒ“c3#SsC3“ƒ36RÓ`­˜MŠ­Ší‹}˜­‹rÂÓ2ã#“3Sƒ3c33ƒ6RÓbÃ2Ã2ÃãÂÓ2ã#“3Sƒ3c33ƒ6RÓ`­Š}˜M˜]Š‹˜]ŠÍ˜rÂÓ2ã#“3Sƒ3c33ƒ6RÓbÃ2Ã2ÃãÂÓ2ã#“3Sƒ3c33ƒ6RÓ`­‹=˜ŠÂÓ2ã“c3sƒc“3C&RÓbÃrÃbÃãÂÓ2ã“c3sƒc“3C&RÓ`­Š}˜MŠ­Šý˜˜-Š}Š¢ÂÓ2ã“ƒsCc“s3SfRÓbÃ#‚ÃC"ÃãÂÓ2ã“ƒsCc“s3SfRÓ`­Š}˜M˜]˜mŠ}˜˜M˜rÂÓ2ã3“ƒ#c“““vRÓbÃ2Ã2ÃãÂÓ2ã3“ƒ#c“““vRÓ`­˜Š}˜MŠíŠ‹Š}Š¢ÂÓ2ãC3sƒC“s##†RÓbÃ#2Ã#ÃãÂÓ2ãC3sƒC“s##†RÓ`­˜=‹Š˜˜m˜­Š¢ÂÓ2ãC#“““cs““†RÓbÃÃrÃãÂÓ2ãC#“““cs““†RÓ`­Š}˜M‹˜}Š˜­˜rÂÓ2ãSC3C3SƒƒC&RÓbÃRÃ2ÃãÂÓ2ãSC3C3SƒƒC&RÓ`­˜M˜MŠ}˜]˜RÂÓ2ã#ƒ#3S#33#†RÓbÃrÃbÃãÂÓ2ã#ƒ#3S#33#†RÓ`­˜‹Š‹’ÂÓ2ã#““cƒc#“sC6RÓbÃBÃ2ÃãÂÓ2ã#““cƒc#“sC6RÓ`­˜]‹˜=‹"ÂÓ2ã3c#CCSSs3scC6RÓbÃC#2Ã#bÃãÂÓ2ã3c#CCSSs3scC6RÓ`­Š}˜M˜=Š­Š}Š˜rÂÓ2ãSƒS“sƒc3S#FRÓbÃbÃBÃãÂÓ2ãSƒS“sƒc3S#FRÓ`­˜Š­˜}˜­Š‚ÂÓ2ãSƒS“sƒc3S#FRÓbÃbÃBÃãÂÓ2ãSƒS“sƒc3S#FRÓ`­‹}‹˜ÂÓ2ãS#SCsƒ“ƒ#3VRÓbÃCÃ3ÃãÂÓ2ãS#SCsƒ“ƒ#3VRÓ`­Š­˜=Š}˜˜BÂÓ2ãSc“c##ssSccvRÓbÃ“C‚Ã#s2ÃãÂÓ2ãSc“c##ssSccvRÓ`­Š}˜MŠ½˜-Š}˜˜rÂÓ2ã“sCsC“3C“SvRÓbÃ’ÃRÃãÂÓ2ã“sCsC“3C“SvRÓ`­Š}˜MŠí‹}˜Š}Š¢ÂÓ2ã#3S“ƒss3ssC3–RÓbÃ3rÃ#‚ÃãÂÓ2ã#3S“ƒss3ssC3–RÓ`­˜Š}‹˜M˜­˜rÂÓ2ã#CSƒ“3cSƒƒSCFRÓbÃ#rÃRÃãÂÓ2ã#CSƒ“3cSƒƒSCFRÓ`­Š}˜M˜]ŠM˜­Šý˜rÂÓ2ã#CcSSSsCƒƒ“SCVRÓbÃbÃBÃãÂÓ2ã#CcSSSsCƒƒ“SCVRÓ`­ŠŠ}‹˜­˜2ÂÓ2ã#S3“ss“ƒcscs6RÓbÃ3’Ã‚ÃãÂÓ2ã#S3“ss“ƒcscs6RÓ`­Š­‹M‹˜ÂÓ2ã#“#3“C#ƒ#vRÓbÃ’Ã’ÃãÂÓ2ã#“#3“C#ƒ#vRÓ`­˜]‹Š}˜M˜¢ÂÓ2ã3#C#“s3“s“3VRÓbÃc‚ÃƒBÃãÂÓ2ã3#C#“s3“s“3VRÓ`­ŠŠ}˜M˜]ŠM‹=‹=Š}Š¢ÂÓ2ã3C“SƒCSS3#RÓbÃRÃbÃãÂÓ2ã3C“SƒCSS3#RÓ`­˜Š}˜M‹]ŠÝ˜rÂÓ2ã3cƒcS3“cSƒ&RÓbÃƒ’ÃCBÃãÂÓ2ã3cƒcS3“cSƒ&RÓ`­Š½Š˜Š¢ÂÓ2ã3c“#Ss“Scc†RÓbÃÃRÃãÂÓ2ã3c“#Ss“Scc†RÓ`­˜]‹m˜¢ÂÓ2ã3“SSƒCss3s36RÓbÃ’Ã’ÃãÂÓ2ã3“SSƒCss3s36RÓ`­˜Š}˜MŠ}˜mŠ­Š}ŠÂÂÓ2ãC#sC#Sƒ#ƒ3sFRÓbÃSRÃ3rÃãÂÓ2ãC#sC#Sƒ#ƒ3sFRÓ`­˜M˜M˜]˜m‹˜]Š}Š¢ÂÓ2ãCs3CCCSCSS3cFRÓbÃ2Ã2ÃãÂÓ2ãCs3CCCSCSS3cFRÓ`­Š­˜‹]˜BÂÓ2ãC“c3c“#c#RÓbÃÃBÃãÂÓ2ãC“c3c“#c#RÓ`­˜m‹˜]Š­˜rÂÓ2ãSƒsƒ#c3csvRÓbÃ#2Ã#ÃãÂÓ2ãSƒsƒ#c3csvRÓ`­˜Š}˜MŠ}˜}˜RÂÓ2ãcc#SC3CSSs3FRÓbÃ2Ã2ÃãÂÓ2ãcc#SC3CSSs3FRÓ`­ŠŠ­˜ŠÝ˜­ŠòÂÓ2ãc#3C3“SsSC3#fRÓbÃbÃ2ÃãÂÓ2ãc#3C3“SsSC3#fRÓ`­Š}˜M˜]‹=Š}˜}˜]˜rÂÓ2ãc3cSSSSS#s3“vRÓbÃ#“Ã“bÃãÂÓ2ãc3cSSSSS#s3“vRÓ`­Š­ŠÝ‹]˜MŠ¢ÂÓ2ãc3cs3s“#S##CcFRÓbÃSÃ3’ÃãÂÓ2ãc3cs3s“#S##CcFRÓ`­Š}˜M‹M‹Š}Šm˜­˜rÂÓ2ãcSs3sccsS#“cVRÓbÃ#2ÃBÃãÂÓ2ãcSs3sccsS#“cVRÓ`­˜}˜­˜=˜BÂÓ2ãccCs“3Cs3RÓbÃ’ÃbÃãÂÓ2ãccCs“3Cs3RÓ`­Š}˜M‹‹]Š}Šm‹ÂÓ2ãcs“#sC3FRÓbÃ#bÃ’ÃãÂÓ2ãcs“#sC3FRÓ`­‹=Š}˜˜=˜‚ÂÓ2ãcsc3cSS3cS#vRÓbÃ#cÃ#s"ÃãÂÓ2ãcsc3cSS3cS#vRÓ`­ŠÝ˜]˜BÂÓ2ãcƒ3“Ss#S#CƒvRÓbÃ"ÃÃãÂÓ2ãcƒ3“Ss#S#CƒvRÓ`­Š˜=Š}˜]˜BÂÓ2ãcƒ#SSCs“cvRÓbÃ#‚Ã#"ÃãÂÓ2ãcƒ#SSCs“cvRÓ`­˜˜mŠý˜"ÂÓ2ãcƒ3ƒSSc#ƒcc“6RÓbÃ#2ÃCÃãÂÓ2ãcƒ3ƒSSc#ƒcc“6RÓ`­˜Š}˜=Š‹ÂÓ2ãc“C3#C“cƒ3CfRÓbÃbÃbÃãÂÓ2ãc“C3#C“cƒ3CfRÓ`­Š˜-‹Š}Š˜rÂÓ2ãsS3C3“3c“Cs6RÓbÃÃRÃãÂÓ2ãsS3C3“3c“Cs6RÓ`­˜‹=˜­‹‹-‹"ÂÓ2ãsCƒ#s3#s3SƒCs6RÓbÃRÃ2ÃãÂÓ2ãsCƒ#s3#s3SƒCs6RÓ`­˜M˜M‹MŠŠ}Š‚ÂÓ2ãsS“3ƒƒcccC#ƒ&RÓbÃBÃ2ÃãÂÓ2ãsS“3ƒƒcccC#ƒ&RÓ`­˜˜Š}‹]˜MŠ¢ÂÓ2ãscS“Ssƒs##6RÓbÃbÃbÃãÂÓ2ãscS“Ssƒs##6RÓ`­Š}˜MŠ}‹=Š­˜-Š}˜M˜rÂÓ2ãs“S3SS3cc#fRÓbÃSÃ#BÃãÂÓ2ãs“S3SS3cc#fRÓ`­Š­ŠÝ‹]˜BÂÓ2ãƒ#SƒsS#3ƒS&RÓbÃcRÃCRÃãÂÓ2ãƒ#SƒsS#3ƒS&RÓ`­‹]‹˜ÂÓ2ãƒ3Sƒ#C3cs““6RÓbÃ“Ã“ÃãÂÓ2ãƒ3Sƒ#C3cs““6RÓ`­˜­‹˜]˜MŠ}˜bÂÓ2ãƒ3ƒ#c#Scƒƒƒ“s†RÓbÃrÃRÃãÂÓ2ãƒ3ƒ#c#Scƒƒƒ“s†RÓ`­Š˜‹-Š}‹˜rÂÓ2ãƒcsSƒssƒ“C&RÓbÃ#’Ã#ÃãÂÓ2ãƒcsSƒssƒ“C&RÓ`­Š}˜M˜-Š}Šý˜]˜rÂÓ2ãƒc3css#“s3#ScfRÓbÃ3#"Ãc‚ÃãÂÓ2ãƒc3css#“s3#ScfRÓ`­Š}˜­ŠÍŠ}Š˜¢ÂÓ2ãƒc3ƒScC“sƒRÓbÃ3"ÃƒBÃãÂÓ2ãƒc3ƒScC“sƒRÓ`­Š}˜MŠ­˜m‹˜­˜]˜¢ÂÓ2ãƒƒ33ƒS33c3cƒ6RÓbÃBÃÃãÂÓ2ãƒƒ33ƒS33c3cƒ6RÓ`­Š}‹}˜M˜-˜}ŠrÂÓ2ãƒ“ƒ#3csƒ#sRÓbÃ2Ã2ÃãÂÓ2ãƒ“ƒ#3csƒ#sRÓ`­˜M˜MŠ­˜mŠ}˜‹=˜­˜rÂÓ2ã“#ƒSs“sc“##cfRÓbÃBÃBÃãÂÓ2ã“#ƒSs“sc“##cfRÓ`­˜­˜Š}‹]˜BÂÓ2ã“SC#ssSSs3“sCVRÓbÃ3ÃBÃãÂÓ2ã“SC#ssSSs3“sCVRÓ`­‹=Š}˜­˜=˜‚ÂÓ2ã“cs3“cCcƒs†RÓbÃ##bÃƒBÃãÂÓ2ã“cs3“cCcƒs†RÓ`­˜˜-Šý‹Š­˜rÂÓ2ã“sC3CccCs##svRÓbÃbÃBÃãÂÓ2ã“sC3CccCs##svRÓ`­˜M‹=˜m˜Š}Š¢ÂÓ2ã#cƒ#ƒS“#s3–RÓbÃbÃBÃãÂÓ2ã#cƒ#ƒS“#s3–RÓ`­Š}˜M˜]Š­‹ŠýŠý˜rÂÓ2ã#3#s3cC3“3#6RÓbÃÃÃãÂÓ2ã#3#s3cC3“3#6RÓ`­Š}˜M‹Š}Šý˜M˜rÂÓ2ã#S####ƒS#C#sfRÓbÃÃcBÃãÂÓ2ã#S####ƒS#C#sfRÓ`­Š}˜M˜]‹-Š}ŠýŠ}˜MŠ­‹­˜­‹Š}‹=˜Š}˜"ÂÓ2ã#cC#Sƒsƒ“#fRÓbÃ#‚ÃÃãÂÓ2ã#cC#Sƒsƒ“#fRÓ`­˜Š­‹Š­˜=‹"ÂÓ2ã#c3##csS#cƒvRÓbÃ2Ã2ÃãÂÓ2ã#c3##csS#cƒvRÓ`­˜]ŠÍŠ}˜BÂÓ2ã#ccƒ#3C“†RÓbÃSƒ"Ã#s"ÃãÂÓ2ã#ccƒ#3C“†RÓ`­ŠÍ˜}˜Šý˜mŠrÂÓ2ã#ƒs#ƒs““ƒSCSFRÓbÃbÃRÃãÂÓ2ã#ƒs#ƒs““ƒSCSFRÓ`­Š}˜=Š­‹MŠ}˜ÂÓ2ã#ƒ“3SCcsƒsvRÓbÃrÃrÃãÂÓ2ã#ƒ“3SCcsƒsvRÓ`­Š}˜MŠý˜‹˜­˜rÂÓ2ã#33#ƒ“ƒcCƒCsVRÓbÃ#“‚Ãc"ÃãÂÓ2ã#33#ƒ“ƒcCƒCsVRÓ`­Š}˜MŠ­Š}‹=˜­‹2ÂÓ2ã#“SScss#CS33ƒ6RÓbÃ3ÃbÃãÂÓ2ã#“SScss#CS33ƒ6RÓ`­˜Š}˜}˜RÂÓ2ã###33c###3sƒvRÓbÃ3ÃBÃãÂÓ2ã###33c###3sƒvRÓ`­˜Š­˜m˜˜­‹’ÂÓ2ã##3##“SSS#ssC“6RÓbÃ#2Ã#ÃãÂÓ2ã##3##“SSS#ssC“6RÓ`­˜=˜]‹Š}ŠÍ‹˜¢ÂÓ2ã##3Ccƒ“#ƒ3CƒCS6RÓbÃBÃBÃãÂÓ2ã##3Ccƒ“#ƒ3CƒCS6RÓ`­˜Š}˜M‹m˜Š}Š‹rÂÓ2ã##C##ƒcC3##“FRÓbÃBÃÃãÂÓ2ã##C##ƒcC3##“FRÓ`­˜‹˜M˜¢ÂÓ2ã##CƒC“#CsccSRÓbÃ3cbÃ#"ÃãÂÓ2ã##CƒC“#CsccSRÓ`­˜M˜M˜m‹]˜ÂÓ2ã##SC#sCCScc–RÓbÃƒ"Ã#BÃãÂÓ2ã##SC#sCCScc–RÓ`­Š}˜MŠ­‹­˜­˜­‹ÂÓ2ã##cS3c“c#ƒ#6RÓbÃSÃ#BÃãÂÓ2ã##cS3c“c#ƒ#6RÓ`­Š­˜-˜˜RÂÓ2ã##s#“SCSCs#ƒ6RÓbÃ#C2ÃCBÃãÂÓ2ã##s#“SCSCs#ƒ6RÓ`­˜˜-‹rÂÓ2ã##sƒ““sƒS##33fRÓbÃss"Ã3’ÃãÂÓ2ã##sƒ““sƒS##33fRÓ`­˜Š­˜˜-‹Š}Š¢ÂÓ2ã##“c#CsCCCssFRÓbÃSBÃ3rÃãÂÓ2ã##“c#CsCCCssFRÓ`­Š}˜MŠ½Š}˜m˜­‹Š}‹2ÂÓ2ã#3cscS33&RÓbÃRÃRÃãÂÓ2ã#3cscS33&RÓ`­˜Š­Š}Š½˜­‹˜}ŠrÂÓ2ã#3sscCƒs#““6RÓbÃ’ÃRÃãÂÓ2ã#3sscCƒs#““6RÓ`­Š}˜M˜]‹=Š­˜mŠýŠ}Š¢ÂÓ2ã#3ƒc“ƒcs3“#FRÓbÃ3ÃrÃãÂÓ2ã#3ƒc“ƒcs3“#FRÓ`­Š}˜M‹˜]˜˜MŠ}Š¢ÂÓ2ã#3“sccSC&RÓbÃÃCbÃãÂÓ2ã#3“sccSC&RÓ`­˜Š}˜M‹˜mŠ}˜­˜rÂÓ2ã#C3#cCƒsCCvRÓbÃbÃbÃãÂÓ2ã#C3#cCƒsCCvRÓ`­Š}˜MŠ}‹]˜MŠ}ŠÒÂÓ2ã#CC“#3“s#cƒ“RÓbÃÃrÃãÂÓ2ã#CC“#3“s#cƒ“RÓ`­ŠÝ‹]‹˜¢ÂÓ2ã#Cc33Cssƒ“#s#3&RÓbÃ‚ÃbÃãÂÓ2ã#Cc33Cssƒ“#s#3&RÓ`­˜MŠ}ŠíŠ­˜MŠ}˜ÂÓ2ã#Cƒ“#S““3#c6RÓbÃrÃRÃãÂÓ2ã#Cƒ“#S““3#c6RÓ`­‹]Šý‹ÂÓ2ã#S“cSCCsSc“vRÓbÃ32ÃSÃãÂÓ2ã#S“cSCCsSc“vRÓ`­Š}˜M˜‹˜˜-Š}Š¢ÂÓ2ã#S##sƒ#“#sC#S3&RÓbÃCbÃBÃãÂÓ2ã#S##sƒ#“#sC#S3&RÓ`­˜Š}˜M˜]˜MŠ­˜-˜­Š}Š¢ÂÓ2ã#cCs“cCss“3SvRÓbÃ2Ã2ÃãÂÓ2ã#cCs“cCss“3SvRÓ`­ŠÝ˜-˜-Š¢ÂÓ2ã#cƒƒsSC3sc“#“6RÓbÃ3“ÃƒRÃãÂÓ2ã#cƒƒsSC3sc“#“6RÓ`­˜Š}˜M‹=Š}Šý˜rÂÓ2ã#sS“#s#cC3SVRÓbÃ2Ã2ÃãÂÓ2ã#sS“#s#cC3SVRÓ`­˜­˜-˜M˜BÂÓ2ã#sC33s#Cƒ3c&RÓbÃ2ÃÃãÂÓ2ã#sC33s#Cƒ3c&RÓ`­‹‹­Š˜rÂÓ2ã#sƒcsS“#ƒ&RÓbÃrÃÃãÂÓ2ã#sƒcsS“#ƒ&RÓ`­ŠŠ­˜˜-˜­‹’ÂÓ2ã#ƒƒ3ssCS“ƒsC&RÓbÃ#ÃbÃãÂÓ2ã#ƒƒ3ssCS“ƒsC&RÓ`­Š}˜MŠ}˜M˜­Š}˜ÂÓ2ã#ƒ#Cs“c3ƒ#cCSC†RÓbÃ“"ÃC’ÃãÂÓ2ã#ƒ#Cs“c3ƒ#cCSC†RÓ`­˜]‹=Š­˜M˜]˜rÂÓ2ã#ƒSƒcƒ#sc333fRÓbÃRÃ2ÃãÂÓ2ã#ƒSƒcƒ#sc333fRÓ`­˜M˜]ŠíŠ­˜M˜ÂÓ2ã#ƒc3S“3sCS33CFRÓbÃcÃ3ÃãÂÓ2ã#ƒc3S“3sCS33CFRÓ`­‹M‹˜‹rÂÓ2ã#ƒc“s“#cƒƒ3S6RÓbÃS’ÃƒRÃãÂÓ2ã#ƒc“s“#cƒƒ3S6RÓ`­Š}‹ŠŠ}ŠÒÂÓ2ã#ƒsC“CSRÓbÃ##CBÃC3bÃãÂÓ2ã#ƒsC“CSRÓ`­Š}˜MŠŠ}‹‹"ÂÓ2ã#ƒ“S3c3#scS3c&RÓbÃrÃrÃãÂÓ2ã#ƒ“S3c3#scS3c&RÓ`­‹MŠ˜=Š­˜}ŠrÂÓ2ã#“SsS#ƒC““sc&RÓbÃ’Ã‚ÃãÂÓ2ã#“SsS#ƒC““sc&RÓ`­˜Š}˜M˜]Ší‹-˜˜bÂÓ2ã#“c3ƒƒcC#cƒ#cVRÓbÃBÃBÃãÂÓ2ã#“c3ƒƒcC#cƒ#cVRÓ`­˜]‹=Š­Š½˜]‹ŠrÂÓ2ã#“s#ƒS333s3C“vRÓbÃ‚ÃbÃãÂÓ2ã#“s#ƒS333s3C“vRÓ`­Š}˜MŠ}˜]˜˜m˜­˜˜RÂÓ2ã#““#3cs3“ƒC3“C6RÓbÃ3BÃ‚ÃãÂÓ2ã#““#3cs3“ƒC3“C6RÓ`­Š­ŠÝŠý˜¢ÂÓ2ã3SS“#S3“#“†RÓbÃRÃ2ÃãÂÓ2ã3SS“#S3“#“†RÓ`­Š}˜M˜]˜Š}‹-˜­˜rÂÓ2ã3S#ƒsCcCSSc#6RÓbÃSC‚Ã#bÃãÂÓ2ã3S#ƒsCcCSSc#6RÓ`­ŠŠ}˜­ŠýŠ}‹’ÂÓ2ã3SCssƒScCfRÓbÃÃ‚ÃãÂÓ2ã3SCssƒScCfRÓ`­˜Š}‹=˜­ŠrÂÓ2ã3c3c##C#ƒ#“svRÓbÃ3rÃ#BÃãÂÓ2ã3c3c##C#ƒ#“svRÓ`­Š}˜MŠÍ˜­Šý˜rÂÓ2ã3ƒc3#3S“Cc3vRÓbÃs"Ã3BÃãÂÓ2ã3ƒc3#3S“Cc3vRÓ`­Š}˜MŠý‹ŠÍ˜rÂÓ2ã3“ƒsCss#“C“cs†RÓbÃrÃRÃãÂÓ2ã3“ƒsCss#“C“cs†RÓ`­Š}˜M˜Š}‹mŠÝ˜rÂÓ2ã3ScCsc3##sC3vRÓbÃ"ÃÃãÂÓ2ã3ScCsc3##sC3vRÓ`­Š}˜M˜}˜Š}Š­˜ÂÓ2ã3Sƒƒ““S#sSfRÓbÃ#Ã’ÃãÂÓ2ã3Sƒƒ““S#sSfRÓ`­˜=Š˜­‹˜­˜bÂÓ2ã3sscC3ScsS†RÓbÃ2Ã2ÃãÂÓ2ã3sscC3ScsS†RÓ`­Š}˜MŠÍŠý˜˜¢ÂÓ2ã3#C3C#“Ccs#cVRÓbÃCÃ#2ÃãÂÓ2ã3#C3C#“Ccs#cVRÓ`­˜MŠ}‹}‹Š}˜ÂÓ2ã3##Ss3ƒ“Cƒ#cCVRÓbÃ2Ã2ÃãÂÓ2ã3##Ss3ƒ“Cƒ#cCVRÓ`­˜M˜]‹=Š}˜mŠý˜rÂÓ2ã33S3#“ƒC#ƒvRÓbÃbÃBÃãÂÓ2ã33S3#“ƒC#ƒvRÓ`­‹ŠÍŠ‚ÂÓ2ã33C##“sC#C#RÓbÃ#’ÃBÃãÂÓ2ã33C##“sC#C#RÓ`­Š}˜M‹=˜]˜‚ÂÓ2ã33ƒ#3“#ƒc“sSVRÓbÃ3BÃƒrÃãÂÓ2ã33ƒ#3“#ƒc“sSVRÓ`­Š}˜M˜=˜­˜]˜­Š}Šm˜¢ÂÓ2ã3CS“SsCSc“ƒ#C6RÓbÃÃbÃãÂÓ2ã3CS“SsCSc“ƒ#C6RÓ`­˜MŠ­‹}Š˜­˜-Š}Š¢ÂÓ2ã3CCc33“#S#3c&RÓbÃ#"ÃBÃãÂÓ2ã3CCc33“#S#3c&RÓ`­˜Š}˜-Š}˜]˜rÂÓ2ã3C3sCs##“Css“C3FRÓbÃRÃ"ÃãÂÓ2ã3C3sCs##“Css“C3FRÓ`­˜‹˜MŠ}˜]˜rÂÓ2ã3C3sCƒCƒSSs“#“#VRÓbÃ2Ã2ÃãÂÓ2ã3C3sCƒCƒSSs“#“#VRÓ`­Š}˜MŠ}Š‹‹"ÂÓ2ã3Ccƒ“C3c“CC3SfRÓbÃbÃBÃãÂÓ2ã3Ccƒ“C3c“CC3SfRÓ`­Š}˜M˜]ŠÝ˜=˜RÂÓ2ã3Cƒ#Cc“cSsƒƒsCfRÓbÃBÃ2ÃãÂÓ2ã3Cƒ#Cc“cSsƒƒsCfRÓ`­Š}˜MŠ˜­Šm˜rÂÓ2ã3C“C“““33#“†RÓbÃ#‚ÃsrÃãÂÓ2ã3C“C“““33#“†RÓ`­˜]‹=Š­Š}ŠÍ‹ÂÓ2ã3C““sƒ3c3ƒCS6RÓbÃbÃbÃãÂÓ2ã3C““sƒ3c3ƒCS6RÓ`­ŠýŠ}‹˜bÂÓ2ã3S“SS3Sc#ƒ“†RÓbÃRÃBÃãÂÓ2ã3S“SS3Sc#ƒ“†RÓ`­Š}˜M˜]Š­ŠÝ˜-˜-˜rÂÓ2ã3SCcS“3“SvRÓbÃ#bÃÃãÂÓ2ã3SCcS“3“SvRÓ`­Š}˜M˜]˜]Š}‹‹=Š}Š¢ÂÓ2ã3S3#ƒCC3“#3&RÓbÃsbÃS2ÃãÂÓ2ã3S3#ƒCC3“#3&RÓ`­Š­‹Š}˜-Š‚ÂÓ2ã3c#ssƒCƒ3ƒS&RÓbÃ#ÃBÃãÂÓ2ã3c#ssƒCƒ3ƒS&RÓ`­‹‹=˜]˜M˜rÂÓ2ã3c#csƒ“c3“CƒVRÓbÃRÃRÃãÂÓ2ã3c#csƒ“c3“CƒVRÓ`­˜]ŠíŠ}‹}‹ÂÓ2ã3cCccƒc#ƒ“3“cvRÓbÃ’ÃSÃãÂÓ2ã3cCccƒc#ƒ“3“cvRÓ`­˜M˜M˜˜mŠý˜"ÂÓ2ã3c3#3ƒ“ƒs3ƒVRÓbÃ’Ã2ÃãÂÓ2ã3c3#3ƒ“ƒs3ƒVRÓ`­Š}˜MŠíŠý˜]˜­˜rÂÓ2ã3cSScƒS“#“SSRÓbÃÃÃãÂÓ2ã3cSScƒS“#“SSRÓ`­˜M˜MŠÝ˜˜=˜]˜rÂÓ2ã3cs3#cC3C3cfRÓbÃRÃRÃãÂÓ2ã3cs3#cC3C3cfRÓ`­ŠŠÝ‹˜¢ÂÓ2ã3cƒsƒS“Cc“ƒ#“vRÓbÃbÃBÃãÂÓ2ã3cƒsƒS“Cc“ƒ#“vRÓ`­Š}˜M˜=˜­˜]˜­Š}Šm˜­˜rÂÓ2ã3sCs3cƒCƒCC3VRÓbÃ3ƒ"Ã3rÃãÂÓ2ã3sCs3cƒCƒCC3VRÓ`­˜M˜M˜]‹=Š­ŠíŠý˜RÂÓ2ã3sc#ccCƒsCsFRÓbÃÃ‚ÃãÂÓ2ã3sc#ccCƒsCsFRÓ`­Š}˜MŠ}˜˜MŠ}˜M‹=‹˜Šý˜­˜rÂÓ2ã3sƒ“cc“3SsSS36RÓbÃ2Ã2ÃãÂÓ2ã3sƒ“cc“3SsSS36RÓ`­‹=˜­Š˜-˜¢ÂÓ2ã3ƒcc3C#css3fRÓbÃ2Ã2ÃãÂÓ2ã3ƒcc3C#css3fRÓ`­˜M˜MŠ­ŠÝ˜˜BÂÓ2ã3ƒc3#3S#“fRÓbÃ32Ã#RÃãÂÓ2ã3ƒc3#3S#“fRÓ`­Š}˜M‹˜]˜­Š}˜bÂÓ2ã3ƒ#SS3sƒCCSS“6RÓbÃ3Ã2ÃãÂÓ2ã3ƒ#SS3sƒCCSS“6RÓ`­Š}˜M‹=˜­‹}‹˜rÂÓ2ã3ƒsccsCc3#ƒ3&RÓbÃ3"Ã#ÃãÂÓ2ã3ƒsccsCc3#ƒ3&RÓ`­˜˜M˜]Šý˜rÂÓ2ã3ƒƒsCC““C3#fRÓbÃƒÃSBÃãÂÓ2ã3ƒƒsCC““C3#fRÓ`­Š­‹=ŠŠŠ¢ÂÓ2ã3“ƒccC“cC#sVRÓbÃ2ÃÃãÂÓ2ã3“ƒccC“cC#sVRÓ`­Š­ŠÍ‹=ŠòÂÓ2ã3“3“s3CC““#“FRÓbÃBÃ"ÃãÂÓ2ã3“3“s3CC““#“FRÓ`­Š}˜M˜-Š}Š‹m˜rÂÓ2ã3“cƒƒ#sc3SS–RÓbÃƒc"Ã#‚ÃãÂÓ2ã3“cƒƒ#sc3SS–RÓ`­Š}˜M‹˜­˜bÂÓ2ã3“ssSCCss#C#cvRÓbÃSrÃ2ÃãÂÓ2ã3“ssSCCss#C#cvRÓ`­ŠŠ½˜MŠ}Š½˜rÂÓ2ã3“ƒ3sS#C“s#“C“vRÓbÃrÃRÃãÂÓ2ã3“ƒ3sS#C“s#“C“vRÓ`­Š}˜M˜]˜mŠ}‹=Š‚ÂÓ2ãC3C3sS3ƒsvRÓbÃCbÃ3rÃãÂÓ2ãC3C3sS3ƒsvRÓ`­˜]˜˜-‹ŠrÂÓ2ãC3cƒ3ƒƒ“ƒ3vRÓbÃ‚ÃbÃãÂÓ2ãC3cƒ3ƒƒ“ƒ3vRÓ`­˜Š}˜M‹]Š}Šý‹˜rÂÓ2ãCƒƒCcƒS3SC3svRÓbÃÃRÃãÂÓ2ãCƒƒCcƒS3SC3svRÓ`­˜‹]˜mŠ}‹˜rÂÓ2ãCCsS“cSCss&RÓbÃ#rÃ#bÃãÂÓ2ãCCsS“cSCss&RÓ`­˜Š}˜M˜]ŠÍŠ­˜]‹Š}Š¢ÂÓ2ãCscsCssƒvRÓbÃ‚ÃbÃãÂÓ2ãCscsCssƒvRÓ`­˜]‹=Š}Š˜-˜rÂÓ2ãCƒ#S#cSƒ“cC“fRÓbÃrÃrÃãÂÓ2ãCƒ#S#cSƒ“cC“fRÓ`­‹m‹­˜‹}ŠrÂÓ2ãCS3ƒƒ3#3ƒs†RÓbÃÃÃãÂÓ2ãCS3ƒƒ3#3ƒs†RÓ`­Š}˜MŠ}˜]˜=Š}˜mŠ}Š¢ÂÓ2ãCSS3Sƒƒs3s##6RÓbÃ2ÃÃãÂÓ2ãCSS3Sƒƒs3s##6RÓ`­Š­ŠÍŠýŠòÂÓ2ãCcƒCSs“ƒcC“ƒVRÓbÃRÃRÃãÂÓ2ãCcƒCSs“ƒcC“ƒVRÓ`­Š}˜M˜]‹‹MŠÒÂÓ2ãCƒScƒc3Scƒ3#“fRÓbÃS‚Ã’ÃãÂÓ2ãCƒScƒc3Scƒ3#“fRÓ`­˜‹]˜˜-˜rÂÓ2ãC#CS#“S3c3#ƒsVRÓbÃ#2ÃRÃãÂÓ2ãC#CS#“S3c3#ƒsVRÓ`­Š}˜M˜]ŠŠ}‹M‹ÂÓ2ãC#cc33csSƒccFRÓbÃsÃCÃãÂÓ2ãC#cc33csSƒccFRÓ`­˜M˜=˜bÂÓ2ãC##3c3ƒ“ss““6RÓbÃC‚Ã3ÃãÂÓ2ãC##3c3ƒ“ss““6RÓ`­Š}˜M˜m˜-Šý˜­˜rÂÓ2ãC#CccS#“C#“#“fRÓbÃS“bÃ#BÃãÂÓ2ãC#CccS#“C#“#“fRÓ`­˜=Š}˜]˜M˜rÂÓ2ãC#SCSccSc““6RÓbÃ#’Ã’ÃãÂÓ2ãC#SCSccSc““6RÓ`­Š}˜M˜ŠŠ}ŠÂÓ2ãC#c#333s3“3ƒcC6RÓbÃRÃRÃãÂÓ2ãC#c#333s3“3ƒcC6RÓ`­Š­ŠÝ˜˜M˜}ŠrÂÓ2ãC#sSsCC3ƒsƒSCRÓbÃBÃ2ÃãÂÓ2ãC#sSsCC3ƒsƒSCRÓ`­Š}‹MŠíŠ}‹RÂÓ2ãC3#“3#S#S#sFRÓbÃbÃBÃãÂÓ2ãC3#“3#S#S#sFRÓ`­Š}˜M˜}Š}Šý˜ÂÓ2ãC3C3s#S#ƒ†RÓbÃbÃBÃãÂÓ2ãC3C3s#S#ƒ†RÓ`­Š}˜MŠ}˜mŠŠ}ŠÂÓ2ãC3C#CCs3c3vRÓbÃƒ"ÃcbÃãÂÓ2ãC3C#CCs3c3vRÓ`­Š}˜M˜]Š­Š}ŠÒÂÓ2ãC3ƒC#“c““scc3fRÓbÃ#bÃ‚ÃãÂÓ2ãC3ƒC#“c““scc3fRÓ`­Š}‹=Š­‹}Š}‹’ÂÓ2ãCCC““ƒSS3c“fRÓbÃbÃBÃãÂÓ2ãCCC““ƒSS3c“fRÓ`­˜=Š}˜m˜˜bÂÓ2ãCC#c3c“Sƒ“ƒ†RÓbÃÃ‚ÃãÂÓ2ãCC#c3c“Sƒ“ƒ†RÓ`­˜MŠ­˜˜M˜¢ÂÓ2ãCCCƒc#““#ccS#FRÓbÃ2Ã2ÃãÂÓ2ãCCCƒc#““#ccS#FRÓ`­˜˜]˜Š½˜˜-˜­Š­˜}ŠrÂÓ2ãCSss“3sS†RÓbÃÃ‚ÃãÂÓ2ãCSss“3sS†RÓ`­‹=˜˜­˜=˜‹Š‚ÂÓ2ãCS3ccƒSc3cC“s†RÓbÃsRÃ#‚ÃãÂÓ2ãCS3ccƒSc3cC“s†RÓ`­Š}˜MŠ˜MŠ}Š­˜­˜m˜¢ÂÓ2ãCSƒƒƒ#S“c“C3FRÓbÃrÃRÃãÂÓ2ãCSƒƒƒ#S“c“C3FRÓ`­Š}˜MŠ}‹Š‹’ÂÓ2ãCc#ƒsƒcƒ#SS3s&RÓbÃCÃ#ÃãÂÓ2ãCc#ƒsƒcƒ#SS3s&RÓ`­Š}‹=Š­ŠíŠýŠ}˜]Š}Š¢ÂÓ2ãCc3cSC#ƒ3ƒ#“ƒvRÓbÃrÃbÃãÂÓ2ãCc3cSC#ƒ3ƒ#“ƒvRÓ`­˜-˜­˜ŠòÂÓ2ãCc3sssssc3#3S3RÓbÃ‚Ã2ÃãÂÓ2ãCc3sssssc3#3S3RÓ`­Š}Š­ŠÍŠ}˜}Š}Š¢ÂÓ2ãCccs“3cƒS3#sƒ“svRÓbÃ2Ã2ÃãÂÓ2ãCccs“3cƒS3#sƒ“svRÓ`­ŠÝ‹]Š­˜mŠrÂÓ2ãCcƒSCc#“3Ss3RÓbÃbÃbÃãÂÓ2ãCcƒSCc#“3Ss3RÓ`­‹]ŠÝ˜­ŠÝ˜rÂÓ2ãCs3cƒ#3#s“sƒSfRÓbÃÃÃãÂÓ2ãCs3cƒ#3#s“sƒSfRÓ`­‹]Šý˜"ÂÓ2ãCscCc3ccSC“33#6RÓbÃ“"Ãs‚ÃãÂÓ2ãCscCc3ccSC“33#6RÓ`­Š}˜MŠ­˜˜-˜­‹’ÂÓ2ãCsƒCc#33ƒcC#6RÓbÃC’ÃCÃãÂÓ2ãCsƒCc#33ƒcC#6RÓ`­˜M˜MŠ­‹˜=˜­‹"ÂÓ2ãCƒSccƒCƒCƒvRÓbÃbÃbÃãÂÓ2ãCƒSccƒCƒCƒvRÓ`­Š‹]˜‹˜rÂÓ2ãCƒ#3ƒ3Cc“s“fRÓbÃ#rÃ#BÃãÂÓ2ãCƒ#3ƒ3Cc“s“fRÓ`­Š}˜MŠ}ŠýŠ}‹Š}Š¢ÂÓ2ãCƒ3s“S“##ƒ“ƒSfRÓbÃ’ÃÃãÂÓ2ãCƒ3s“S“##ƒ“ƒSfRÓ`­˜m˜­˜=‹=˜­˜M˜­˜bÂÓ2ãCƒƒƒsCsCC““C&RÓbÃ2Ã2ÃãÂÓ2ãCƒƒƒsCsCC““C&RÓ`­Š}˜]‹ÂÓ2ãCƒƒ“cƒsƒsCS3sFRÓbÃ3bÃ#ÃãÂÓ2ãCƒƒ“cƒsƒsCS3sFRÓ`­˜]ŠŠ}˜M‹¢ÂÓ2ãC“c3cs“#c&RÓbÃc"ÃCÃãÂÓ2ãC“c3cs“#c&RÓ`­‹}˜˜­˜M˜rÂÓ2ãC“ƒSƒC“3cc†RÓbÃ#‚ÃÃãÂÓ2ãC“ƒSƒC“3cc†RÓ`­˜-˜­Šý˜}ŠrÂÓ2ãS3ƒS3cƒƒsSsvRÓbÃ’Ã‚ÃãÂÓ2ãS3ƒS3cƒƒsSsvRÓ`­˜]˜‹=˜]˜­˜rÂÓ2ãS“cƒS“##3“CFRÓbÃ#BÃÃãÂÓ2ãS“cƒS“##3“CFRÓ`­Ší˜­˜M˜­˜bÂÓ2ãSC“s#cƒƒ“S#6RÓbÃBÃ2ÃãÂÓ2ãSC“s#cƒƒ“S#6RÓ`­‹ŠýŠ}ŠòÂÓ2ãS##“cSƒ#cVRÓbÃS’Ã#bÃãÂÓ2ãS##“cSƒ#cVRÓ`­Š­‹Š}˜ŠÒÂÓ2ãSS“##S3ƒ3#ƒs6RÓbÃ3BÃRÃãÂÓ2ãSS“##S3ƒ3#ƒs6RÓ`­ŠÍ˜˜M˜­˜˜­‹ÂÓ2ãSc3ƒ3c3#““RÓbÃRÃ2ÃãÂÓ2ãSc3ƒ3c3#““RÓ`­˜­˜˜m‹¢ÂÓ2ãS#“33S#ssCcsƒFRÓbÃ2Ã2ÃãÂÓ2ãS#“33S#ssCcsƒFRÓ`­˜]˜m˜‹]˜BÂÓ2ãS#3SS““cCCsc†RÓbÃrÃ2ÃãÂÓ2ãS#3SS““cCCsc†RÓ`­Š}˜M‹}Š}˜-˜rÂÓ2ãS#SCƒ“cc3“““VRÓbÃCBÃ#s"ÃãÂÓ2ãS#SCƒ“cc3“““VRÓ`­Š}˜M‹m‹‹ÂÓ2ãS#S#ƒƒ“3ƒsc#–RÓbÃ2Ã2ÃãÂÓ2ãS#S#ƒƒ“3ƒsc#–RÓ`­˜]˜M˜¢ÂÓ2ãS#sCccCScSRÓbÃ3‚ÃBÃãÂÓ2ãS#sCccCScSRÓ`­Šý˜˜]˜rÂÓ2ãS33ssC“#cs“ƒscvRÓbÃÃRÃãÂÓ2ãS33ssC“#cs“ƒscvRÓ`­˜˜]‹=Š}˜}˜]˜­˜}ŠrÂÓ2ãS3cSCS“#cƒC“&RÓbÃBÃBÃãÂÓ2ãS3cSCS“#cƒC“&RÓ`­Š½Š}˜m˜¢ÂÓ2ãS3“3“ƒ“c3CƒsƒCƒ6RÓbÃ#‚Ã#ÃãÂÓ2ãS3“3“ƒ“c3CƒsƒCƒ6RÓ`­‹˜-˜Šý˜}ŠrÂÓ2ãS3““3csSsSƒCc6RÓbÃBÃ2ÃãÂÓ2ãS3““3csSsSƒCc6RÓ`­Š­‹ŠM‹2ÂÓ2ãSC#C“ƒ“cCfRÓbÃBÃ2ÃãÂÓ2ãSC#C“ƒ“cCfRÓ`­Š}˜MŠý˜˜M˜}Š}˜M‹Š‹’ÂÓ2ãSC#C3S#SSCS3FRÓbÃbÃbÃãÂÓ2ãSC#C3S#SSCS3FRÓ`­Š}ŠýŠ}ŠM˜}ŠrÂÓ2ãSC#CS#ƒs#CS#cvRÓbÃRÃBÃãÂÓ2ãSC#CS#ƒs#CS#cvRÓ`­˜M˜M˜]‹MŠ}‹˜=˜­˜bÂÓ2ãSCC“3cscs3ƒƒƒ†RÓbÃrÃrÃãÂÓ2ãSCC“3cscs3ƒƒƒ†RÓ`­Š}˜MŠÝ‹=Š}ŠŠ}Š¢ÂÓ2ãSCS#C#S#scCƒc†RÓbÃc’Ãc‚ÃãÂÓ2ãSCS#C#S#scCƒc†RÓ`­ŠÍ˜]‹Š¢ÂÓ2ãSCScƒ“sS“ssScS&RÓbÃbÃbÃãÂÓ2ãSCScƒ“sS“ssScS&RÓ`­‹Š}ŠmŠý˜rÂÓ2ãSCƒƒ#“C““ƒc“vRÓbÃcBÃC‚ÃãÂÓ2ãSCƒƒ#“C““ƒc“vRÓ`­ŠŠÍ˜Š}‹ÂÓ2ãSC“ƒƒsƒƒƒVRÓbÃ’ÃBÃãÂÓ2ãSC“ƒƒsƒƒƒVRÓ`¦Æ¶‡&&g&–VæBÂÓ2ãSC““ƒSSccSsƒFRÓbÃ2Ã2ÃãÂÓ2ãSC““ƒSSccSsƒFRÓ`­ŠŠ}˜m˜=˜‚ÂÓ2ãSSƒƒC3CCƒS33vRÓbÃ"ÃbÃãÂÓ2ãSSƒƒC3CCƒS33vRÓ`­Š}‹=Š­˜‹=Š}‹ÂÓ2ãSS#cƒsC3c3sSvRÓbÃ#rÃ#RÃãÂÓ2ãSS#cƒsC3c3sSvRÓ`­ŠŠ}˜M‹˜=Š}ŠÂÓ2ãSSCs3CS#c3C“36RÓbÃBÃBÃãÂÓ2ãSSCs3CS#c3C“36RÓ`­Š}˜M‹=Š˜­˜BÂÓ2ãSSS“3s3sƒcƒ3“s6RÓbÃrÃbÃãÂÓ2ãSSS“3s3sƒcƒ3“s6RÓ`­ŠŠ}‹=‹Š}‹˜}ŠrÂÓ2ãSSsƒc#ƒs#“c3VRÓbÃ’Ã’ÃãÂÓ2ãSSsƒc#ƒs#“c3VRÓ`­Š}˜-‹˜}ŠrÂÓ2ãSS“Cc#CS#““ƒvRÓbÃ"ÃÃãÂÓ2ãSS“Cc#CS#““ƒvRÓ`­˜Š}˜M˜]Š­‹}˜MŠŠ}Š¢ÂÓ2ãScSC#C3#3cC†RÓbÃ#ÃbÃãÂÓ2ãScSC#C3#3cC†RÓ`­Š}˜M‹}‹ŠÒÂÓ2ãSccC3ƒƒ“s“SS“S#vRÓbÃ#ƒ2ÃcRÃãÂÓ2ãSccC3ƒƒ“s“SS“S#vRÓ`­˜Š}˜=ŠýŠ¢ÂÓ2ãSccƒs333CC33RÓbÃsÃ‚ÃãÂÓ2ãSccƒs333CC33RÓ`­˜M˜]˜m‹˜˜]˜rÂÓ2ãScƒ#“3“Cc#CCSFRÓbÃRÃBÃãÂÓ2ãScƒ#“3“Cc#CCSFRÓ`­˜Š}˜M˜]ŠÝ˜M˜­˜rÂÓ2ãScƒS###CC“#cSVRÓbÃBÃ2ÃãÂÓ2ãScƒS###CC“#cSVRÓ`­Š}˜MŠ½Š}Š²ÂÓ2ãSsScsSCsC#33“VRÓbÃ2Ã2ÃãÂÓ2ãSsScsSCsC#33“VRÓ`­Š}˜MŠÝ‹]˜˜BÂÓ2ãSsSc##S“ƒ“S##6RÓbÃ#C"ÃC’ÃãÂÓ2ãSsSc##S“ƒ“S##6RÓ`­˜Š}˜MŠ}˜]‹˜­˜=Š­Š}˜bÂÓ2ãSsc#sƒ“#3ƒ“ƒvRÓbÃBÃÃãÂÓ2ãSsc#sƒ“#3ƒ“ƒvRÓ`­Š}˜MŠ­˜˜˜­˜-Š}˜M˜]˜M˜Š}Š¢ÂÓ2ãSss“3#cSƒ“sƒvRÓbÃÃÃãÂÓ2ãSss“3#cSƒ“sƒvRÓ`­‹M‹˜=Š}Šm˜}ŠrÂÓ2ãSsƒ“cCƒ“#ƒCvRÓbÃ#‚Ã#ÃãÂÓ2ãSsƒ“cCƒ“#ƒCvRÓ`­˜M˜MŠ}Š­‹]Š}˜BÂÓ2ãSs“SƒcCc#3C3ScVRÓbÃ’ÃrÃãÂÓ2ãSs“SƒcCc#3C3ScVRÓ`­˜M˜]‹MŠ}‹˜­‹’ÂÓ2ãSƒc3s3“ƒ“fRÓbÃ3’Ã#rÃãÂÓ2ãSƒc3s3“ƒ“fRÓ`­˜ŠÝ˜M˜˜BÂÓ2ãSƒ3s#3S3sCƒ“RÓbÃ3BÃ3ÃãÂÓ2ãSƒ3s#3S3sCƒ“RÓ`­˜­‹M˜}ŠòÂÓ2ãSƒ3“#ƒƒCSssCSvRÓbÃƒ’Ã3ÃãÂÓ2ãSƒ3“#ƒƒCSssCSvRÓ`­Š}ŠÍ‹Š}ŠÂÓ2ãSƒssCS3#sƒcSvRÓbÃS2Ãs2ÃãÂÓ2ãSƒssCS3#sƒcSvRÓ`­Š}‹=‹Š}‹˜}ŠrÂÓ2ãSƒ“C3c33#SC“SvRÓbÃ3’Ã#bÃãÂÓ2ãSƒ“C3c33#SC“SvRÓ`­˜­˜mŠ}˜-‹BÂÓ2ãSƒ“Sc#ƒCƒƒSssVRÓbÃBÃBÃãÂÓ2ãSƒ“Sc#ƒCƒƒSssVRÓ`­Š}˜MŠ}‹]˜BÂÓ2ãS“ƒc#s“Cc33fRÓbÃÃRÃãÂÓ2ãS“ƒc#s“Cc33fRÓ`­Š­ŠÝ˜‹"ÂÓ2ãS“#3ƒc3s3CƒS–RÓbÃ2Ã2ÃãÂÓ2ãS“#3ƒc3s3CƒS–RÓ`­Š}˜MŠ}˜­Š½˜­˜M˜­˜bÂÓ2ãS“sSS3#CS#sVRÓbÃ#‚ÃC2ÃãÂÓ2ãS“sSS3#CS#sVRÓ`­Š}˜­Š}˜RÂÓ2ãS““3cs“sƒscssVRÓbÃ#Ãc"ÃãÂÓ2ãS““3cs“sƒscssVRÓ`­Š}˜MŠ}ŠÝŠ}‹}˜rÂÓ2ãccs“CSc“FRÓbÃ"Ã"ÃãÂÓ2ãccs“CSc“FRÓ`­Š}‹=Š­Š‹Š}Šý˜}ŠrÂÓ2ãcCC#Sƒ3s“ƒVRÓbÃRÃ2ÃãÂÓ2ãcCC#Sƒ3s“ƒVRÓ`­ŠŠý‹˜RÂÓ2ãc3SC#c#scS3vRÓbÃ’Ãs’ÃãÂÓ2ãc3SC#c#scS3vRÓ`­˜M˜MŠ}˜M˜­Š}˜ÂÓ2ãc3scS“3C#“##S&RÓbÃ#rÃÃãÂÓ2ãc3scS“3C#“##S&RÓ`­ŠŠ}˜MŠ}ŠÍ‹Š}ŠŠ}Š¢ÂÓ2ãcSsc#“3c#“3cFRÓbÃ#"ÃrÃãÂÓ2ãcSsc#“3c#“3cFRÓ`­Š­˜m˜‹ÂÓ2ãcs“3S#cc3ƒƒƒC6RÓbÃCRÃbÃãÂÓ2ãcs“3S#cc3ƒƒƒC6RÓ`­˜­Š}‹=‹ÂÓ2ãc#ƒ3#“cCCSsFRÓbÃSÃ#BÃãÂÓ2ãc#ƒ3#“cCCSsFRÓ`­Š}˜M˜]‹}Š}˜MŠ˜rÂÓ2ãc#Cs3#SƒƒC“CSVRÓbÃrÃ2ÃãÂÓ2ãc#Cs3#SƒƒC“CSVRÓ`­ŠÝ˜M˜}ŠrÂÓ2ãc#S3c“scSSCVRÓbÃ‚ÃrÃãÂÓ2ãc#S3c“scSSCVRÓ`­˜m‹=Š‚ÂÓ2ãc#sSC“33C“#SfRÓbÃC2ÃS"ÃãÂÓ2ãc#sSC“33C“#SfRÓ`­Š}˜M˜]˜‹-‹˜rÂÓ2ãc#s“““cƒ“sCS6RÓbÃ#3RÃs2ÃãÂÓ2ãc#s“““cƒ“sCS6RÓ`­Š}˜M‹Š}Š‹Š}˜M‹Š‹’ÂÓ2ãc3s“CCVRÓbÃcBÃs2ÃãÂÓ2ãc3s“CCVRÓ`­ŠŠ}˜}˜]˜­˜rÂÓ2ãc33sSƒscs#C3vRÓbÃ#RÃ#2ÃãÂÓ2ãc33sSƒscs#C3vRÓ`­ŠŠ}˜M˜]˜mŠ­ŠÍŠ}Š¢ÂÓ2ãc3SS3ƒsC#“#sS3fRÓbÃ‚Ã‚ÃãÂÓ2ãc3SS3ƒsC#“#sS3fRÓ`­˜Š}˜MŠŠ}˜M‹¢ÂÓ2ãc3s“C“s“#CvRÓbÃ“ÃC"ÃãÂÓ2ãc3s“C“s“#CvRÓ`­˜=ŠŠý˜­˜BÂÓ2ãc3“SS3“3S##S#36RÓbÃBÃBÃãÂÓ2ãc3“SS3“3S##S#36RÓ`­˜­Š­Š}Š½‹ÂÓ2ãc3““cSCc“S““VRÓbÃbÃbÃãÂÓ2ãc3““cSCc“S““VRÓ`­˜Š}ŠÝŠÍŠ}˜RÂÓ2ãcC##cƒ3sSSfRÓbÃrÃbÃãÂÓ2ãcC##cƒ3sSSfRÓ`­Š}˜MŠ½Š}˜]˜m˜rÂÓ2ãcC3Sss3cSsS“6RÓbÃSrÃ3ÃãÂÓ2ãcC3Sss3cSsS“6RÓ`­ŠÍ‹-Šm˜­ŠrÂÓ2ãcCƒƒCscC#vRÓbÃ3"Ã#RÃãÂÓ2ãcCƒƒCscC#vRÓ`­Š˜mŠýŠ­˜‹m˜­ŠÝŠ­Š}‹˜­ŠâÂÓ2ãcS3s3Sƒc33ƒsƒVRÓbÃSbÃSÃãÂÓ2ãcS3s3Sƒc33ƒsƒVRÓ`­˜]Šm˜˜­˜rÂÓ2ãcSSCC#C#“Sc3fRÓbÃRÃBÃãÂÓ2ãcSSCC#C#“Sc3fRÓ`­ŠŠ}˜M‹M‹˜=Š}ŠÂÓ2ãcc3##ƒ#s“sSƒS#fRÓbÃRÃ2ÃãÂÓ2ãcc3##ƒ#s“sSƒS#fRÓ`­Š}˜MŠ­Š}Š‹˜­˜bÂÓ2ãccC#CsCƒ#6RÓbÃrÃ‚ÃãÂÓ2ãccC#CsCƒ#6RÓ`­Š­˜m˜˜­‹˜rÂÓ2ãccScssc“#SsVRÓbÃ’ÃrÃãÂÓ2ãccScssc“#SsVRÓ`­˜˜]‹Š}˜MŠÍŠ­˜}ŠrÂÓ2ãccs3SC#C33#“VRÓbÃBÃ2ÃãÂÓ2ãccs3SC#C33#“VRÓ`­‹Š‹’ÂÓ2ãcssƒS#ƒƒ“SƒFRÓbÃ#CRÃsbÃãÂÓ2ãcssƒS#ƒƒ“SƒFRÓ`­˜Š­˜Š}‹]˜BÂÓ2ãcsƒc33c3“SC36RÓbÃ#2Ã#ÃãÂÓ2ãcsƒc33c3“SC36RÓ`­ŠÝ˜Š}‹ÂÓ2ãcƒ33SCcƒc“#“RÓbÃRÃRÃãÂÓ2ãcƒ33SCcƒc“#“RÓ`­˜]Š­˜Š}Šm˜M˜˜bÂÓ2ãcƒ#SƒSCccSc“cƒVRÓbÃCÃRÃãÂÓ2ãcƒ#SƒSCccSc“cƒVRÓ`­˜]˜­ŠÍŠ}ŠŠ¢ÂÓ2ãcƒSƒ#Cƒcc“ƒsfRÓbÃsRÃ#"ÃãÂÓ2ãcƒSƒ#Cƒcc“ƒsfRÓ`­Š}˜MŠ}˜}˜MŠ}˜2ÂÓ2ãcƒS“ƒ““c““ƒScc3vRÓbÃBÃ2ÃãÂÓ2ãcƒS“ƒ““c““ƒScc3vRÓ`­˜}˜­ŠmŠ}Š¢ÂÓ2ãcƒ“#Cs“##SCs–RÓbÃBÃBÃãÂÓ2ãcƒ“#Cs“##SCs–RÓ`­Š}˜-‹Š‚ÂÓ2ãc“#Cƒ#cƒƒs#cS†RÓbÃ#BÃbÃãÂÓ2ãc“#Cƒ#cƒƒs#cS†RÓ`­˜Š­˜m˜]˜­Š­˜rÂÓ2ãc“3ƒƒ“cSƒc“SfRÓbÃrÃBÃãÂÓ2ãc“3ƒƒ“cSƒc“SfRÓ`­˜Š­‹˜˜­‹mŠ}Š¢ÂÓ2ãc“CsCcc3cS3s–RÓbÃCÃ‚ÃãÂÓ2ãc“CsCcc3cS3s–RÓ`­˜Š­˜Š½˜­˜"ÂÓ2ãc“ƒƒSƒc3ƒ3S–RÓbÃ3ÃÃãÂÓ2ãc“ƒƒSƒc3ƒ3S–RÓ`­Š}˜mŠý˜]Š}ŠÂÂÓ2ãs#33cS“CCcSCCFRÓbÃ“ÃƒRÃãÂÓ2ãs#33cS“CCcSCCFRÓ`­Š­˜Š}ŠM˜M˜­˜rÂÓ2ãs#ƒCCCscƒcVRÓbÃ’ÃrÃãÂÓ2ãs#ƒCCCscƒcVRÓ`­Š}˜M˜ŠýŠ}Šm‹’ÂÓ2ãsƒ#SSSscsƒ“&RÓbÃSSrÃƒ2ÃãÂÓ2ãsƒ#SSSscsƒ“&RÓ`­ŠŠ}˜M˜-˜˜BÂÓ2ãs“s“scssC3vRÓbÃBÃBÃãÂÓ2ãs“s“scssC3vRÓ`­Š}˜MŠ­Š}Š‹˜}Š}˜M‹Š‹’ÂÓ2ãs3cC3c#SƒFRÓbÃÃÃãÂÓ2ãs3cC3c#SƒFRÓ`­˜Š}˜MŠ­‹ŠŠm˜rÂÓ2ãsCs#3Csƒ#ƒ“–RÓbÃRÃBÃãÂÓ2ãsCs#3Csƒ#ƒ“–RÓ`­‹=‹˜rÂÓ2ãsCs##C#ƒcƒfRÓbÃ"ÃÃãÂÓ2ãsCs##C#ƒcƒfRÓ`­˜‹M‹˜=Š}Š¢ÂÓ2ãsSƒ#ƒSscsc3CS6RÓbÃ#CÃS’ÃãÂÓ2ãsSƒ#ƒSscsc3CS6RÓ`­Š˜]ŠíŠ­˜M˜ÂÓ2ãss“#Sc#CsSVRÓbÃ#‚Ã#ÃãÂÓ2ãss“#Sc#CsSVRÓ`­Š}˜MŠ½˜MŠ}Š½˜¢ÂÓ2ãs#C3#Sssc333s“vRÓbÃbÃRÃãÂÓ2ãs#C3#Sssc333s“vRÓ`­Š­ŠÝ‹=˜bÂÓ2ãs#cSc“#“cc“C#sVRÓbÃ3ƒ2ÃcrÃãÂÓ2ãs#cSc“#“cc“C#sVRÓ`­Šý‹˜}˜RÂÓ2ãs#ƒsC#“c3ƒSVRÓbÃ‚ÃRÃãÂÓ2ãs#ƒsC#“c3ƒSVRÓ`­‹˜­Š}˜MŠ}˜M˜Š­‹˜}Š}˜M˜]Š˜­‹Š}Š­Š}˜MŠ­‹­˜­‹ÂÓ2ãs3“C#““cƒC3RÓbÃBÃBÃãÂÓ2ãs3“C#““cƒC3RÓ`­‹˜­Š}˜MŠ}˜M˜Š­‹˜}Š}˜MŠ}˜­‹Š}ŠýŠ}Š­Š}˜MŠ­‹­˜­‹ÂÓ2ãs3“C#““cƒC3RÓbÃBÃBÃãÂÓ2ãs3“C#““cƒC3RÓ`­˜˜-‹}Š}‹’ÂÓ2ãs3S““ƒsCsSs&RÓbÃc"ÃCÃãÂÓ2ãs3S““ƒsCsSs&RÓ`­Š}˜MŠ­˜Š}˜}˜RÂÓ2ãs3S3cS3“CScƒc6RÓbÃc"ÃS‚ÃãÂÓ2ãs3S3cS3“CScƒc6RÓ`­˜M˜-Š˜˜BÂÓ2ãs33#“3ƒ#s##ƒFRÓbÃRÃRÃãÂÓ2ãs33#“3ƒ#s##ƒFRÓ`­˜M˜M˜]˜Š}‹]˜Š}Š¢ÂÓ2ãs3C“sƒcc“cc3VRÓbÃbÃ"ÃãÂÓ2ãs3C“sƒcc“cc3VRÓ`­˜Š­ŠÝ˜M˜­˜BÂÓ2ãs3cƒSC3ƒ“C3S3#VRÓbÃRÃ2ÃãÂÓ2ãs3cƒSC3ƒ“C3S3#VRÓ`­Š}‹=‹˜}˜RÂÓ2ãs3scCcS#CsC“CƒcvRÓbÃ‚Ã2ÃãÂÓ2ãs3scCcS#CsC“CƒcvRÓ`­Š}˜M‹=ŠŠ­˜¢ÂÓ2ãsCs“ƒCSc3CcCc3vRÓbÃ‚ÃrÃãÂÓ2ãsCs“ƒCSc3CcCc3vRÓ`­˜]‹˜}ŠrÂÓ2ãsC“ƒ3s#s#CƒSFRÓbÃcBÃCRÃãÂÓ2ãsC“ƒ3s#s#CƒSFRÓ`­Š}˜MŠ˜m˜=˜­˜bÂÓ2ãsCƒƒSc3s3S6RÓbÃƒbÃSÃãÂÓ2ãsCƒƒSc3s3S6RÓ`­Š}˜}ŠýŠ}˜ÂÓ2ãsC“C“““SS“ƒ#“vRÓbÃ#3"Ã3bÃãÂÓ2ãsC“C“““SS“ƒ#“vRÓ`­Š}˜M˜]‹M‹˜‹Š}Š¢ÂÓ2ãsS#s“cC“S3ƒ3“VRÓbÃc"ÃCÃãÂÓ2ãsS#s“cC“S3ƒ3“VRÓ`­Š­‹‹‹bÂÓ2ãsSs#“cs3s3Cƒs6RÓbÃ‚ÃBÃãÂÓ2ãsSs#“cs3s3Cƒs6RÓ`­˜Š­Ší˜˜­˜ÂÓ2ãsSƒ#sScSS“CFRÓbÃÃ‚ÃãÂÓ2ãsSƒ#sScSS“CFRÓ`­Š}˜M˜]‹=Š­˜M˜]˜rÂÓ2ãsS3cCC#css“VRÓbÃS2ÃrÃãÂÓ2ãsS3cCC#css“VRÓ`­Š}˜MŠŠ}Š‹}˜­˜bÂÓ2ãsSCs“#ƒC3“ƒƒFRÓbÃ#cÃƒrÃãÂÓ2ãsSCs“#ƒC3“ƒƒFRÓ`­˜M‹­˜rÂÓ2ãsSS3s“3CSSCƒ“ƒVRÓbÃBÃ2ÃãÂÓ2ãsSS3s“3CSSCƒ“ƒVRÓ`­ŠŠ}˜-˜BÂÓ2ãsSc#csscƒ#6RÓbÃ3Ã#RÃãÂÓ2ãsSc#csscƒ#6RÓ`­‹]‹­˜­‹ÂÓ2ãsSƒscCscSsc#vRÓbÃSÃbÃãÂÓ2ãsSƒscCscSsc#vRÓ`­Š­‹ŠÍ˜]˜rÂÓ2ãsSƒ3ƒcsC“3ƒ“&RÓbÃÃrÃãÂÓ2ãsSƒ3ƒcsC“3ƒ“&RÓ`­Š}˜M˜]‹-Š}ŠýŠ}˜MŠ­‹­˜­‹˜=˜}‹ŠŠ}ŠÂÓ2ãscCSc“S3s“S##&RÓbÃ3bÃ’ÃãÂÓ2ãscCSc“S3s“S##&RÓ`­‹M˜]Š}˜BÂÓ2ãsc#ƒs33#“3“6RÓbÃ#rÃ#ÃãÂÓ2ãsc#ƒs33#“3“6RÓ`­‹ŠŠýŠ}˜MŠÝ˜=˜­˜RÂÓ2ãsƒ#s3csCc3s3CvRÓbÃBÃ2ÃãÂÓ2ãsƒ#s3csCc3s3CvRÓ`­˜Š}˜MŠý˜˜M˜¢ÂÓ2ãsƒCCC3ƒ3##cCƒ–RÓbÃbÃbÃãÂÓ2ãsƒCCC3ƒ3##cCƒ–RÓ`­Š­Šý‹˜­Š˜­˜rÂÓ2ãsƒcc3S“ƒSs3SƒsSFRÓbÃ#2ÃbÃãÂÓ2ãsƒcc3S“ƒSs3SƒsSFRÓ`­Š}˜M‹=˜MŠ˜­˜rÂÓ2ãsƒƒ3ƒSC“33#3VRÓbÃcÃ’ÃãÂÓ2ãsƒƒ3ƒSC“33#3VRÓ`­‹M‹˜=Š­˜¢ÂÓ2ãs“#sS3SCCsCvRÓbÃsÃC"ÃãÂÓ2ãs“#sS3SCCsCvRÓ`­˜­Š­˜­ŠÒÂÓ2ãs“cS3#cssC33S†RÓbÃ3‚Ã3"ÃãÂÓ2ãs“cS3#cssC33S†RÓ`­Š­˜=˜M˜˜rÂÓ2ãs“ƒ“Ss“sc3VRÓbÃC"ÃCrÃãÂÓ2ãs“ƒ“Ss“sc3VRÓ`­Š­Ší˜‹bÂÓ2ãƒc3CS3#S#sƒvRÓbÃ3Ã"ÃãÂÓ2ãƒc3CS3#S#sƒvRÓ`­Š}˜M‹}˜]˜ŠÝ˜rÂÓ2ãƒƒ#Scsƒ3ƒC“#–RÓbÃSÃCbÃãÂÓ2ãƒƒ#Scsƒ3ƒC“#–RÓ`­˜Š}˜MŠ}˜]˜=Š}˜m˜­Š}Š¢ÂÓ2ãƒ##3ssƒsƒ3S#&RÓbÃRÃRÃãÂÓ2ãƒ##3ssƒsƒ3S#&RÓ`­Ší‹=Š}Šm‹ÂÓ2ãƒc“###“SfRÓbÃ“ƒ’Ã#C‚ÃãÂÓ2ãƒc“###“SfRÓ`­Š­Š}˜]˜rÂÓ2ãƒs“s#sS33sƒCVRÓbÃrÃRÃãÂÓ2ãƒs“s#sS33sƒCVRÓ`­˜]‹=Š}‹Šý˜rÂÓ2ãƒ#C“Ccsƒ3ss“ƒsVRÓbÃ#ÃRÃãÂÓ2ãƒ#C“Ccsƒ3ss“ƒsVRÓ`­˜m˜-˜BÂÓ2ãƒ#Ss“###s#FRÓbÃ#C’ÃÃãÂÓ2ãƒ#Ss“###s#FRÓ`­˜Š}˜MŠ}˜m‹˜]˜rÂÓ2ãƒ3Sƒs#scCscccfRÓbÃ#RÃ#ÃãÂÓ2ãƒ3Sƒs#scCscccfRÓ`­Š}˜]ŠýŠ}ŠòÂÓ2ãƒ3cScƒ#“sƒƒ“fRÓbÃbÃRÃãÂÓ2ãƒ3cScƒ#“sƒƒ“fRÓ`­ŠŠ}˜MŠÝ‹m˜‹ÂÓ2ãƒ3sSCS3#SC3#c6RÓbÃrÃrÃãÂÓ2ãƒ3sSCS3#SC3#c6RÓ`­˜­Šý‹‹2ÂÓ2ãƒ3ƒ“C#S#Sc#&RÓbÃÃRÃãÂÓ2ãƒ3ƒ“C#S#Sc#&RÓ`­˜MŠ}Š­‹]Š}˜MŠ}Š¢ÂÓ2ãƒC3sSƒ3ƒ3s“VRÓbÃ2Ã2ÃãÂÓ2ãƒC3sSƒ3ƒ3s“VRÓ`­Š}˜MŠ}Š­ŠÝŠ}Šý˜¢ÂÓ2ãƒC3sSƒ3ƒ3s“VRÓbÃ2Ã2ÃãÂÓ2ãƒC3sSƒ3ƒ3s“VRÓ`­˜Š­‹m˜]˜mŠ¢ÂÓ2ãƒSs#ƒC“SCs##3vRÓbÃ“"ÃsÃãÂÓ2ãƒSs#ƒC“SCs##3vRÓ`­˜Š}˜MŠ}‹=‹Š}‹ÂÓ2ãƒc#s#“C#3CCVRÓbÃ#Ã"ÃãÂÓ2ãƒc#s#“C#3CCVRÓ`­Š}˜M˜]Š­Š}Š½‹˜rÂÓ2ãƒc#c#s“#SCC3fRÓbÃÃbÃãÂÓ2ãƒc#c#s“#SCC3fRÓ`­Š}‹m‹Š}˜ÂÓ2ãƒc#“#scƒCsfRÓbÃ#BÃbÃãÂÓ2ãƒc#“#scƒCsfRÓ`­‹=Š­˜rÂÓ2ãƒcƒC#33s3C6RÓbÃCBÃ3bÃãÂÓ2ãƒcƒC#33s3C6RÓ`­ŠŠ}˜MŠ­‹Ší˜­‹RÂÓ2ãƒcƒsƒƒ#sc#3FRÓbÃÃ’ÃãÂÓ2ãƒcƒsƒƒ#sc#3FRÓ`­˜˜­Š}Š­˜¢ÂÓ2ãƒc“s#3“3CcvRÓbÃs"ÃcÃãÂÓ2ãƒc“s#3“3CcvRÓ`­‹‹m˜˜­˜rÂÓ2ãƒc“s3“ƒc“SSfRÓbÃsrÃ32ÃãÂÓ2ãƒc“s3“ƒc“SSfRÓ`­Š}˜M˜]˜=˜M˜ÂÓ2ãƒs#c#ccƒ###VRÓbÃCbÃ3BÃãÂÓ2ãƒs#c#ccƒ###VRÓ`­˜Š}˜M˜]‹]‹˜˜­˜rÂÓ2ãƒs#s##3C3“3FRÓbÃrÃBÃãÂÓ2ãƒs#s##3C3“3FRÓ`­Š}˜M‹]˜=˜˜2ÂÓ2ãƒs“CCSs#sƒƒS#scVRÓbÃ##rÃcrÃãÂÓ2ãƒs“CCSs#sƒƒS#scVRÓ`­˜Š­˜˜­Š­‹ÂÓ2ãƒƒss3cS#ƒsSSfRÓbÃ2Ã2ÃãÂÓ2ãƒƒss3cS#ƒsSSfRÓ`­Š­˜‹-‹’ÂÓ2ãƒƒss““ƒsC3#ƒsRÓbÃ#RÃBÃãÂÓ2ãƒƒss““ƒsC3#ƒsRÓ`­Š}˜mŠ­˜-Š}˜BÂÓ2ãƒƒ33ssS#ƒcfRÓbÃ3bÃ#"ÃãÂÓ2ãƒƒ33ssS#ƒcfRÓ`­‹=Š­ŠMŠý˜¢ÂÓ2ãƒƒC3ƒCcƒ3ƒS“†RÓbÃbÃ"ÃãÂÓ2ãƒƒC3ƒCcƒ3ƒS“†RÓ`­˜M˜]‹˜rÂÓ2ãƒƒS3#cCs“ƒfRÓbÃBÃÃãÂÓ2ãƒƒS3#cCs“ƒfRÓ`­˜Š­‹˜M˜­˜-ŠrÂÓ2ãƒƒc#Ss3ScVRÓbÃ#bÃ#bÃãÂÓ2ãƒƒc#Ss3ScVRÓ`­˜m˜]‹rÂÓ2ãƒƒsCSC“s3ƒsC–RÓbÃ‚Ã‚ÃãÂÓ2ãƒƒsCSC“s3ƒsC–RÓ`­Š­‹=˜M˜­˜RÂÓ2ãƒƒƒS33sCsc“cS3CVRÓbÃSÃ#rÃãÂÓ2ãƒƒƒS33sCsc“cS3CVRÓ`­˜˜}˜mŠ}˜2ÂÓ2ãƒƒƒ“sSs“3SC6RÓbÃ‚Ã2ÃãÂÓ2ãƒƒƒ“sSs“3SC6RÓ`­˜M˜˜mŠý˜"ÂÓ2ãƒ“ƒc“3sƒsvRÓbÃ‚Ã2ÃãÂÓ2ãƒ“ƒc“3sƒsvRÓ`­˜=Š}‹Š­Š}Ší˜­˜mŠrÂÓ2ãƒ“#ƒ“SccƒCvRÓbÃbÃ2ÃãÂÓ2ãƒ“#ƒ“SccƒCvRÓ`­Š­‹Š­˜‹’ÂÓ2ãƒ“SC#csS3ƒcƒc†RÓbÃcÃ#‚ÃãÂÓ2ãƒ“SC#csS3ƒcƒc†RÓ`­Š­˜˜-˜­Š¢ÂÓ2ãƒ“cƒ#“C“CsC#–RÓbÃrÃbÃãÂÓ2ãƒ“cƒ#“C“CsC#–RÓ`­Š}˜M˜-˜­‹˜Š}˜bÂÓ2ãƒ““ssƒƒss“RÓbÃ"Ã2ÃãÂÓ2ãƒ““ssƒƒss“RÓ`­˜Š}˜m˜rÂÓ2ã“cƒs“c#ƒVRÓbÃ3"Ã#‚ÃãÂÓ2ã“cƒs“c#ƒVRÓ`§2ÂÓ2ã“sC““#S“#“3CfRÓbÃ2Ã2ÃãÂÓ2ã“sC““#S“#“3CfRÓ`­Š}˜M˜M‹˜­˜bÂÓ2ã“ƒsc#3#sfRÓbÃ‚ÃrÃãÂÓ2ã“ƒsc#3#sfRÓ`­˜‹˜­Š}ŠýŠ­˜}ŠrÂÓ2ã“““sC3C““#ƒVRÓbÃRÃRÃãÂÓ2ã“““sC3C““#ƒVRÓ`­Š˜]˜­˜mŠ}ŠÂÓ2ã“#ƒ“cscCƒ#sC&RÓbÃbÃBÃãÂÓ2ã“#ƒ“cscCƒ#sC&RÓ`­Š}Š­Š¢ÂÓ2ã“sCS#“sƒCCCCVRÓbÃ"Ã"ÃãÂÓ2ã“sCS#“sƒCCCCVRÓ`­˜Š}Š­˜‹Š­˜rÂÓ2ã“ƒƒƒcƒ33s36RÓbÃRÃRÃãÂÓ2ã“ƒƒƒcƒ33s36RÓ`­˜Š­Š}Š­˜¢ÂÓ2ã“ƒc“CƒSƒCcFRÓbÃcÃSBÃãÂÓ2ã“ƒc“CƒSƒCcFRÓ`­Š}˜M˜]Š˜­‹˜rÂÓ2ã“ƒsS“ƒsƒƒ33#SfRÓbÃƒ2Ã#rÃãÂÓ2ã“ƒsS“ƒsƒƒ33#SfRÓ`­Š}˜M‹M‹˜=˜}Š}˜M‹Š‹’ÂÓ2ã“ƒsƒssCcCsCCSVRÓbÃ"Ã#BÃãÂÓ2ã“ƒsƒssCcCsCCSVRÓ`­˜­Š­˜˜-‹Š}˜bÂÓ2ã“““Csƒsc##†RÓbÃbÃRÃãÂÓ2ã“““Csƒsc##†RÓ`­˜M‹}˜MŠ}Š‚ÂÓ2ã“#Cƒ3CscCƒ“3s&RÓbÃrÃRÃãÂÓ2ã“#Cƒ3CscCƒ“3s&RÓ`­Š­˜m‹˜­˜RÂÓ2ã“#S“s“Cƒs#3svRÓbÃBÃS’ÃãÂÓ2ã“#S“s“Cƒs#3svRÓ`­Š}‹=˜]Š}ŠÂÓ2ã“#c“Sƒ3##ƒss†RÓbÃs2ÃC"ÃãÂÓ2ã“#c“Sƒ3##ƒss†RÓ`­˜Š}˜M˜]‹Š}˜˜"ÂÓ2ã“#sƒ3ƒ3cSSSVRÓbÃ32Ã‚ÃãÂÓ2ã“#sƒ3ƒ3cSSSVRÓ`­Š}˜M˜mŠí˜­˜BÂÓ2ã“#ƒCCcSsC“SC#VRÓbÃ#"ÃÃãÂÓ2ã“#ƒCCcSsC“SC#VRÓ`­Š}˜M˜]˜Š}˜˜-Š}Š¢ÂÓ2ã“3c“SƒSc#cfRÓbÃ#rÃsÃãÂÓ2ã“3c“SƒSc#cfRÓ`­˜mŠÍŠ}ŠÒÂÓ2ã“3““3C““ƒ“ƒ3†RÓbÃsRÃSÃãÂÓ2ã“3““3C““ƒ“ƒ3†RÓ`­Š­‹Š}˜]˜MŠ¢ÂÓ2ã“C#sƒcCƒSsRÓbÃBÃBÃãÂÓ2ã“C#sƒcCƒSsRÓ`­Š˜]‹Š}˜MŠÍŠ­˜}ŠrÂÓ2ã“C#sƒcCƒSsRÓbÃBÃBÃãÂÓ2ã“C#sƒcCƒSsRÓ`­˜Š}˜MŠ­˜m˜‹’ÂÓ2ã“C“S##““scCVRÓbÃbÃ2ÃãÂÓ2ã“C“S##““scCVRÓ`­˜Š­˜=Š}˜]˜BÂÓ2ã“CC##3sC##s–RÓbÃrÃrÃãÂÓ2ã“CC##3sC##s–RÓ`­Š}˜MŠ}‹=˜]Šý˜rÂÓ2ã“CCƒ#s“C“cVRÓbÃ#3rÃs‚ÃãÂÓ2ã“CCƒ#s“C“cVRÓ`­Š}ŠýŠ}‹˜­˜­˜}ŠrÂÓ2ã“CSsc3CCƒc3fRÓbÃ‚ÃbÃãÂÓ2ã“CSsc3CCƒc3fRÓ`­‹MŠí‹]˜­ŠrÂÓ2ã“CSC“sCSsSFRÓbÃrÃrÃãÂÓ2ã“CSC“sCSsSFRÓ`­Š}˜M˜‹}˜m˜­˜rÂÓ2ã“S33C3s##Ss“FRÓbÃ3CbÃC#ÃãÂÓ2ã“S33C3s##Ss“FRÓ`­˜ŠŠ}‹=˜RÂÓ2ã“Ss3cƒcSS3S†RÓbÃ2Ã2ÃãÂÓ2ã“Ss3cƒcSS3S†RÓ`­Š}‹=Š­‹‹‹bÂÓ2ã“S#S#sS##c33#VRÓbÃrÃ"ÃãÂÓ2ã“S#S#sS##c33#VRÓ`­Š}˜MŠ­‹‹M˜­ŠÝŠ­‹‹=˜BÂÓ2ã“S3“33##S3336RÓbÃ2Ã2ÃãÂÓ2ã“S3“33##S3336RÓ`­˜M˜M˜m‹Š}˜RÂÓ2ã“S3“s“ƒ33Cc““–RÓbÃ#Ã"ÃãÂÓ2ã“S3“s“ƒ33Cc““–RÓ`­Š}˜M‹Š}ŠmŠòÂÓ2ã“SC“s“sSCcCvRÓbÃcÃCBÃãÂÓ2ã“SC“s“sSCcCvRÓ`­ŠÝ˜­Š}˜BÂÓ2ã“SS“sssS#S##“S†RÓbÃS‚Ã#‚ÃãÂÓ2ã“SS“sssS#S##“S†RÓ`­˜‹M‹Š}˜=˜rÂÓ2ã“csSƒSƒƒ#3#“–RÓbÃ2Ã2ÃãÂÓ2ã“csSƒSƒƒ#3#“–RÓ`­Š}˜M‹Š}ŠmŠý˜rÂÓ2ã“scCCƒ##CCfRÓbÃbÃ’ÃãÂÓ2ã“scCCƒ##CCfRÓ`­Š}˜M˜]˜-Š˜M˜rÂÓ2ã“sS3SCcS“ƒCVRÓbÃSÃÃãÂÓ2ã“sS3SCcS“ƒCVRÓ`­Š}˜M˜Š­‹˜}Š}˜M˜˜‹=˜Š}Š­Š}˜MŠ}˜M˜]˜˜m˜­˜˜]Š}˜M‹˜}Š‚ÂÓ2ã“s3s#ƒc3#fRÓbÃÃ‚ÃãÂÓ2ã“s3s#ƒc3#fRÓ`­‹Šm˜­‹=˜}ŠrÂÓ2ã“sS##Sc#“sfRÓbÃrÃRÃãÂÓ2ã“sS##Sc#“sfRÓ`­Š}˜MŠ˜‹‹]˜rÂÓ2ã“s#3#cS3c“cVRÓbÃrÃRÃãÂÓ2ã“s#3#cS3c“cVRÓ`­˜Š}˜MŠ}˜]‹˜­˜=Š­˜­˜bÂÓ2ã“s3ƒ“#ƒ#cCSScVRÓbÃ‚Ã‚ÃãÂÓ2ã“s3ƒ“#ƒ#cCSScVRÓ`­˜M˜MŠ}˜=Š­Š­Š}Š‚ÂÓ2ã“s3S3ƒSc“C36RÓbÃ‚ÃC"ÃãÂÓ2ã“s3S3ƒSc“C36RÓ`­˜M˜mŠ­Š}ŠmŠÂÂÓ2ã“sS#Css##ccs3#vRÓbÃ#’Ãc2ÃãÂÓ2ã“sS#Css##ccs3#vRÓ`­‹˜M˜2ÂÓ2ã“sSS3““cs“Sss6RÓbÃSÃCcÃãÂÓ2ã“sSS3““cs“Sss6RÓ`­Š}˜M˜]‹-Š}ŠýŠ}˜MŠ­‹­˜­‹Š}˜=‹=Š­‹ŠrÂÓ2ã“scƒ“cƒ#“SƒFRÓbÃ#Ã2ÃãÂÓ2ã“scƒ“cƒ#“SƒFRÓ`­˜Š}˜M‹=˜}˜RÂÓ2ã“ss#ƒssc“6RÓbÃ2Ã2ÃãÂÓ2ã“ss#ƒssc“6RÓ`­Š}˜M‹˜-˜ŠŠ}Š¢ÂÓ2ã“s“3C#c#“C##SFRÓbÃrÃrÃãÂÓ2ã“s“3C#c#“C##SFRÓ`­Š}˜MŠ­˜]Šý˜­ŠòÂÓ2ã“ƒSC“CCcsCƒ6RÓbÃBÃBÃãÂÓ2ã“ƒSC“CCcsCƒ6RÓ`­Š}‹Š­ŠŠ}‹˜}ŠrÂÓ2ã“ƒScƒsƒc“s3sfRÓbÃ2Ã2ÃãÂÓ2ã“ƒScƒsƒc“s3sfRÓ`­˜Š}˜MŠ½Š}˜MŠ²ÂÓ2ã“ƒss““#c“cvRÓbÃ“bÃcBÃãÂÓ2ã“ƒss““#c“cvRÓ`­˜M˜}Šý˜ÂÓ2ã“““ƒƒc“““ƒ†RÓbÃ#Ã#ÃãÂÓ2ã“““ƒƒc“““ƒ†RÓ`­˜]‹˜=‹-˜mŠrÂÓ2ã““3CsS“cCcS#&RÓbÃrÃRÃãÂÓ2ã““3CsS“cCcS#&RÓ`­Š}˜MŠŠ}˜M‹¢ÂÓ2ã““sS3CC“S“CRÓbÃ#RÃCÃãÂÓ2ã““sS3CC“S“CRÓ`­Š}˜M˜]Šý˜˜‹˜rÂÓBãC#sc3ƒ†RÓbÃÃ’ÃãÂÓBãC#sc3ƒ†RÓ`­Š}˜MŠ­ŠýŠ}‹˜­Š}Š¢ÂÓBã#3“s3CScSƒVRÓbÃbÃBÃãÂÓBã#3“s3CScSƒVRÓ`­Š­Ší‹]‹RÂÓBãss3ƒ3#ƒ“CƒSVRÓbÃ’Ã’ÃãÂÓBãss3ƒ3#ƒ“CƒSVRÓ`­Š½˜MŠ}Š½˜¢ÂÓBãsƒCCCƒccƒss#FRÓbÃ2Ã2ÃãÂÓBãsƒCCCƒccƒss#FRÓ`­˜˜˜mŠý˜˜]˜mŠ­˜¢ÂÓBãsScƒcCƒfRÓbÃ2Ã2ÃãÂÓBãsScƒcCƒfRÓ`­Š}‹=Š­˜-‹}Š}Š‚ÂÓBã#SSccc3s#SfRÓbÃ#RÃ#ÃãÂÓBã#SSccc3s#SfRÓ`­ŠÝ‹]˜­˜M˜rÂÓBã#ƒCsc“CƒsSs6RÓbÃRÃRÃãÂÓBã#ƒCsc“CƒsSs6RÓ`­ŠÍ˜m‹Š}˜BÂÓBã3ƒSs3C36RÓbÃ#RÃrÃãÂÓBã3ƒSs3C36RÓ`­˜˜}˜RÂÓBãcssƒ“c##SsRÓbÃƒBÃC2ÃãÂÓBãcssƒ“c##SsRÓ`­Š}˜MŠ­ŠÍŠ}‹˜­Š}˜MŠ­‹]˜m˜­‹ŠŠ­‹˜‹Š}Š‹­Š˜m˜2ÂÓBãs#3SScc“sc#VRÓbÃs’Ã‚ÃãÂÓBãs#3SScc“sc#VRÓ`­˜˜]‹=Š}˜mŠý˜rÂÓBãƒƒC3s“CƒVRÓbÃbÃbÃãÂÓBãƒƒC3s“CƒVRÓ`­˜=˜M˜]˜rÂÓBã#“c#3s†RÓbÃ#bÃrÃãÂÓBã#“c#3s†RÓ`­Š}˜MŠ}‹=Š­ŠÍŠ}Š˜rÂÓBã#sƒs3#s“SFRÓbÃCÃrÃãÂÓBã#sƒs3#s“SFRÓ`­˜=˜¢ÂÓBã#3“S##sƒSfRÓbÃCÃ3ÃãÂÓBã#3“S##sƒSfRÓ`­˜Š­˜=Š}˜M˜­˜ÂÓBã#3s3Ss“ƒS#SfRÓbÃSrÃCÃãÂÓBã#3s3Ss“ƒS#SfRÓ`­˜M˜]‹MŠ}‹˜=˜rÂÓBã#CcCS3CC#c3RÓbÃbÃbÃãÂÓBã#CcCS3CC#c3RÓ`­ŠŠíŠ}‹˜­˜rÂÓBã#“SC““s““Ssƒ“VRÓbÃbÃ2ÃãÂÓBã#“SC““s““Ssƒ“VRÓ`­Š}˜M‹˜M˜]˜­˜rÂÓBã3CCƒS3sCsS–RÓbÃ#‚Ã#"ÃãÂÓBã3CCƒS3sCsS–RÓ`­‹=˜M˜‹M˜m‹"ÂÓBã3#ƒsS“s“Cƒ3cRÓbÃSÃ‚ÃãÂÓBã3#ƒsS“s“Cƒ3cRÓ`­˜Š}‹MŠ}‹Š¢ÂÓBã3ScsS“ƒs#CccsFRÓbÃcBÃ3cRÃãÂÓBã3ScsS“ƒs#CccsFRÓ`­˜­‹ŠÍ‹’ÂÓBãC“cc3CvRÓbÃ32Ã#’ÃãÂÓBãC“cc3CvRÓ`­˜­Ší‹RÂÓBãC#“ƒCS3Sƒc3cVRÓbÃSÃc’ÃãÂÓBãC#“ƒCS3Sƒc3cVRÓ`­˜M˜]˜Š}ŠÍ˜}˜rÂÓBãC#Cƒ“s3svRÓbÃCrÃ3RÃãÂÓBãC#Cƒ“s3svRÓ`­Š}˜M˜]˜Š}˜}Š‚ÂÓBãC#sCcƒ33#3Cs6RÓbÃ#"ÃbÃãÂÓBãC#sCcƒ33#3Cs6RÓ`­˜}˜˜M˜­ŠýŠ}˜¢ÂÓBãC3ccs“c3CcSvRÓbÃrÃ2ÃãÂÓBãC3ccs“c3CcSvRÓ`­˜‹=ŠÍ˜BÂÓBãSCc#sCsƒ“S–RÓbÃS‚ÃSBÃãÂÓBãSCc#sCsƒ“S–RÓ`­˜M‹-˜Š}‹ÂÓBãS#C33ƒ“CfRÓbÃ2Ã2ÃãÂÓBãS#C33ƒ“CfRÓ`­Š}˜MŠ˜=Š}˜M˜‹˜­˜‹2ÂÓBãSSs“sSCCSCC&RÓbÃCÃ#rÃãÂÓBãSSs“sSCCSCC&RÓ`­Š}˜M‹=Š}Š˜-˜}Š}˜MŠÝŠ}˜M˜­˜}Š}˜M‹=Š}Š˜-Š}˜MŠÝŠ}˜M˜­˜-‹}Š}‹’ÂÓBãSCƒsc“ƒc6RÓbÃ‚Ã2ÃãÂÓBãSCƒsc“ƒc6RÓ`­‹˜}Šý˜rÂÓBãSƒsSsscssfRÓbÃCÃ32ÃãÂÓBãSƒsSsscssfRÓ`­˜M˜]‹]˜MŠÝ˜rÂÓBãcc#C“cS3ScFRÓbÃ’ÃrÃãÂÓBãcc#C“cS3ScFRÓ`­‹=Š­‹˜=‹"ÂÓBãcs““##C“3ƒ#FRÓbÃrÃbÃãÂÓBãcs““##C“3ƒ#FRÓ`­Š}˜M‹˜Š}˜]˜BÂÓBãsS#ƒƒcSc“cVRÓbÃÃC2ÃãÂÓBãsS#ƒƒcSc“cVRÓ`­˜˜]˜‹˜˜­˜rÂÓBãs#s“ssƒS3cfRÓbÃRÃRÃãÂÓBãs#s“ssƒS3cfRÓ`­˜˜]‹Š}Šý˜bÂÓBãsSs33#ƒssSƒ6RÓbÃCÃrÃãÂÓBãsSs33#ƒssSƒ6RÓ`­‹=˜m˜˜­˜rÂÓBãsS33“sC33“sCvRÓbÃCc"ÃC‚ÃãÂÓBãsS33“sC33“sCvRÓ`­‹Š}‹˜¢ÂÓBãƒCCC3cs3SƒcsfRÓbÃ2Ã2ÃãÂÓBãƒCCC3cs3SƒcsfRÓ`­Š}˜MŠÍ˜Š}Šm‹"ÂÓBãƒ#cS#C““SfRÓbÃrÃBÃãÂÓBãƒ#cS#C““SfRÓ`­Š­ŠÝŠòÂÓBãƒSSSCS“c3c&RÓbÃ‚ÃÃãÂÓBãƒSSSCS“c3c&RÓ`­˜=˜]‹Š}ŠÍ‹’ÂÓBãƒc“cssC“#c&RÓbÃBÃBÃãÂÓBãƒc“cssC“#c&RÓ`­Š‹‹­ŠŠ­˜rÂÓBãƒƒƒSƒ#3CscSS†RÓbÃBÃBÃãÂÓBãƒƒƒSƒ#3CscSS†RÓ`¥4Õ2ÂÓBã“ƒCƒsCc#3CC–RÓbÃbÃRÃãÂÓBã“ƒCƒsCc#3CC–RÓ`­Š}˜MŠ­Šý˜˜"ÂÓBã“#3ssƒ3#s““S6RÓbÃ#Ã‚ÃãÂÓBã“#3ssƒ3#s““S6RÓ`­˜Š}ŠíŠ­Š­˜RÂÓBã“SS#“ssC3S#ƒCVRÓbÃ#2Ã#"ÃãÂÓBã“SS#“ssC3S#ƒCVRÓ`­˜]˜}Š}˜]˜rÂÓBã“Sƒs#ScSc“3#RÓbÃrÃ’ÃãÂÓBã“Sƒs#ScSc“3#RÓ`­Š}˜MŠ­˜]˜M˜2ÂÓBã“cƒƒ“3c#3cvRÓbÃ#BÃBÃãÂÓBã“cƒƒ“3c#3cvRÓ`­Š}˜MŠ­˜=‹˜­˜RÂÓBã“s“ƒC#sS33fRÓbÃrÃbÃãÂÓBã“s“ƒC#sS33fRÓ`­‹=˜­˜=˜˜bÂÓBã“ƒSCƒs“36RÓbÃ32Ãs’ÃãÂÓBã“ƒSCƒs“36RÓ`­Š}˜M˜]Šý‹˜˜RÂÓBãC“ƒSscsvRÓbÃ3ÃÃãÂÓBãC“ƒSscsvRÓ`­Š}˜M‹‹m˜‚ÂÓBãƒƒs#S“3VRÓbÃC’ÃsÃãÂÓBãƒƒs#S“3VRÓ`­‹=˜­Ší‹]‹RÂÓBã3S3sCcSƒSRÓbÃ2Ã2ÃãÂÓBã3S3sCcSƒSRÓ`­‹]Šý˜­˜"ÂÓBã33“s“Sƒ“3C6RÓbÃÃRÃãÂÓBã33“s“Sƒ“3C6RÓ`­˜]ŠÝ˜‹˜rÂÓBã3ƒ##S“cc#RÓbÃ#ÃsBÃãÂÓBã3ƒ##S“cc#RÓ`­˜˜]ŠÍ˜]‹Š}Š¢ÂÓBãCC“ƒ“s#scfRÓbÃBÃ2ÃãÂÓBãCC“ƒ“s#scfRÓ`­ŠŠ­‹˜˜=˜­˜]Š}˜˜­Š}Š¢ÂÓBãCS3#CS33CFRÓbÃRÃBÃãÂÓBãCS3#CS33CFRÓ`­˜‹=Š˜BÂÓBãS“3ƒ3SSS“SCC6RÓbÃrÃrÃãÂÓBãS“3ƒ3SSS“SCC6RÓ`­˜Š}˜M‹Š‹rÂÓBãc33C“SSSƒƒ†RÓbÃÃrÃãÂÓBãc33C“SSSƒƒ†RÓ`­Š}˜M˜]‹Ší‹]˜rÂÓBãcƒ#3SC#ƒcfRÓbÃSÃCÃãÂÓBãcƒ#3SC#ƒcfRÓ`­˜MŠ}˜mŠ­‹Š}‹BÂÓBãcS3c#ƒ““ƒC#vRÓbÃ2Ã2ÃãÂÓBãcS3c#ƒ““ƒC#vRÓ`­˜Ší‹}˜˜rÂÓBãƒc#cSSC#3“VRÓbÃ2Ã2ÃãÂÓBãƒc#cSSC#3“VRÓ`­‹M‹Š˜rÂÓBã“#“SC3ƒSC“fRÓbÃ‚ÃrÃãÂÓBã“#“SC3ƒSC“fRÓ`­Š}˜M‹Š}˜‹˜rÂÓBã“s#CƒcsCcsVRÓbÃRÃ’ÃãÂÓBã“s#CƒcsCcsVRÓ`­˜m‹˜]˜rÂÓBãSC##C#Cƒ3SvRÓbÃ2Ã2ÃãÂÓBãSC##C#Cƒ3SvRÓ`­Š}˜M˜mŠ}Šý˜¢ÂÓBãSsscc#“3cCCVRÓbÃRÃbÃãÂÓBãSsscc#“3cCCVRÓ`­˜‹=˜­Š­˜RÂÓBãs#ƒ“##cfRÓbÃ#"ÃrÃãÂÓBãs#ƒ“##cfRÓ`­Š}˜MŠý˜=Š­˜‹ÂÓBã#ƒCƒS“CCS3ƒ6RÓbÃ3“2Ãc"ÃãÂÓBã#ƒCƒS“CCS3ƒ6RÓ`­Š}˜MŠ}˜­‹˜M˜mŠý˜­˜rÂÓBã#ƒƒ3cƒcscC–RÓbÃ‚Ã‚ÃãÂÓBã#ƒƒ3cƒcscC–RÓ`­˜]‹Š}˜=‹"ÂÓBã#SsCƒƒCccVRÓbÃ’ÃS"ÃãÂÓBã#SsCƒƒCccVRÓ`­‹m˜RÂÓBã#S#ƒCCc3ƒFRÓbÃSRÃBÃãÂÓBã#S#ƒCCc3ƒFRÓ`­˜˜MŠ}ŠmŠÝ˜rÂÓBã3#Cs#SCCC“ƒ“FRÓbÃ#’ÃrÃãÂÓBã3#Cs#SCCC“ƒ“FRÓ`­˜M˜M˜]‹=Š}‹ÂÓBã3#3ƒss#C“S3#vRÓbÃ2Ã2ÃãÂÓBã3#3ƒss#C“S3#vRÓ`­‹˜]˜˜]˜­˜rÂÓBã3ƒS#3ƒ33CC“CvRÓbÃ#ÃƒÃãÂÓBã3ƒS#3ƒ33CC“CvRÓ`­˜Šý‹ŠrÂÓBã3ƒc3C3“cCC†RÓbÃ’Ã’ÃãÂÓBã3ƒc3C3“cCC†RÓ`­Š­‹-Ší‹ÂÓBãCC3Sc#“ƒCs†RÓbÃRÃBÃãÂÓBãCC3Sc#“ƒCs†RÓ`­˜˜­Š­˜˜M˜¢ÂÓBãCCs“Sƒ#C#SSƒ–RÓbÃ2Ã2ÃãÂÓBãCCs“Sƒ#C#SSƒ–RÓ`­ŠŠ}˜M‹­˜rÂÓBãCs#3“ƒƒƒSƒC“VRÓbÃbÃBÃãÂÓBãCs#3“ƒƒƒSƒC“VRÓ`­Š­ŠÍ‹˜­˜}ŠrÂÓBãCƒS“3“sƒƒsƒ“†RÓbÃ#bÃRÃãÂÓBãCƒS“3“sƒƒsƒ“†RÓ`­˜]Š˜M‹¢ÂÓBãSSsScƒsƒs#fRÓbÃcc2ÃC‚ÃãÂÓBãSSsScƒsƒs#fRÓ`­Š}˜M‹]‹Š˜rÂÓBãSC“cƒSSscvRÓbÃ#RÃ#ÃãÂÓBãSC“cƒSSscvRÓ`­Ší‹}ŠrÂÓBãS33ƒCƒCSƒ3#fRÓbÃbÃbÃãÂÓBãS33ƒCƒCSƒ3#fRÓ`­˜M˜m˜‹=˜}ŠrÂÓBãSC““C““sSssS3FRÓbÃ2Ã2ÃãÂÓBãSC““C““sSssS3FRÓ`­Š}‹=Š­ŠíŠýŠ}˜]ŠrÂÓBãSƒSSscc#SC3sRÓbÃRÃÃãÂÓBãSƒSSscc#SC3sRÓ`­Š}˜MŠŠíŠ}‹˜¢ÂÓBãS“Cƒc#sƒ#Cs–RÓbÃ2Ã2ÃãÂÓBãS“Cƒc#sƒ#Cs–RÓ`­˜]‹=Š­˜˜­ŠýŠrÂÓBãc“sƒƒCcss3s#VRÓbÃRÃBÃãÂÓBãc“sƒƒCcss3s#VRÓ`­˜Š­‹MŠ}‹˜2ÂÓBãcs“C#“ƒ“c#sfRÓbÃbÃ"ÃãÂÓBãcs“C#“ƒ“c#sfRÓ`­Š}˜M˜Š}‹˜M˜rÂÓBãcS#3SCSss3fRÓbÃrÃrÃãÂÓBãcS#3SCSss3fRÓ`­Š}˜M˜]Šý˜m˜­˜­˜bÂÓBãcs3“c#ƒCSFRÓbÃÃBÃãÂÓBãcs3“c#ƒCSFRÓ`­ŠŠ­˜=‹˜­˜RÂÓBãcsƒSsCSSSs“cfRÓbÃBÃBÃãÂÓBãcsƒSsCSSSs“cfRÓ`­Š‹MŠ}˜bÂÓBãsCCcCCsSs“fRÓbÃsrÃÃãÂÓBãsCCcCCsSs“fRÓ`­˜Š}˜M‹˜]˜RÂÓBãsCCsƒ“ƒcsCƒscfRÓbÃbÃbÃãÂÓBãsCCsƒ“ƒcsCƒscfRÓ`­˜˜Š}˜rÂÓBãssSsscs3S#s3–RÓbÃbÃRÃãÂÓBãssSsscs3S#s3–RÓ`­Š}˜M‹˜]˜MŠ}Š¢ÂÓBãƒ#“SS#3Cs3#“VRÓbÃSrÃ3bÃãÂÓBãƒ#“SS#3Cs3#“VRÓ`­Š­˜‹]˜­Š­˜rÂÓBãƒ3#SccƒƒsSƒc6RÓbÃ3rÃÃãÂÓBãƒ3#SccƒƒsSƒc6RÓ`­Š}˜MŠ}˜M˜˜]˜­˜mŠrÂÓBãƒCSƒ#cS#SsCCSfRÓbÃ3Ã’ÃãÂÓBãƒCSƒ#cS#SsCCSfRÓ`­Ší˜M˜"ÂÓBãƒS“c33“s3““s–RÓbÃS2ÃCÃãÂÓBãƒS“c33“s3““s–RÓ`­˜Š­‹‹-‹"ÂÓBãƒs““SCcc3CccFRÓbÃ"Ã"ÃãÂÓBãƒs““SCcc3CccFRÓ`­˜Š}˜­ŠýŠ}‹’ÂÓBã“#sSƒs3“s6RÓbÃbÃBÃãÂÓBã“#sSƒs3“s6RÓ`­Š}˜M˜]˜m˜‹˜rÂÓBã“cs3s##3RÓbÃC"ÃSbÃãÂÓBã“cs3s##3RÓ`­˜=‹˜rÂÓBã“sƒƒ#cCccCƒfRÓbÃ"Ã’ÃãÂÓBã“sƒƒ#cCccCƒfRÓ`­˜Š}˜M‹m‹˜­Š˜rÂÓBã“ƒCC33Cc3#S#&RÓbÃ#bÃRÃãÂÓBã“ƒCC33Cc3#S#&RÓ`­˜˜m˜]Š¢ÂÓBã“ƒƒ“cƒs3Sƒƒ&RÓbÃRÃ2ÃãÂÓBã“ƒƒ“cƒs3Sƒƒ&RÓ`­˜MŠ­‹­‹}˜­˜rÂÓBã#CC#“sSƒs3SFRÓbÃbÃ2ÃãÂÓBã#CC#“sSƒs3SFRÓ`­ŠÝ˜-˜"ÂÓBã#SƒsC“S#cvRÓbÃcrÃBÃãÂÓBã#SƒsC“S#cvRÓ`­Š}˜M‹MŠ˜BÂÓBã#c3SsSC3#3CsRÓbÃ2ÃBÃãÂÓBã#c3SsSC3#3CsRÓ`­˜M˜M˜]˜m‹]˜rÂÓBã#“3Cƒs#VRÓbÃ2Ã2ÃãÂÓBã#“3Cƒs#VRÓ`­˜Š}˜˜-Š¢ÂÓBã###s##c3“3RÓbÃCbÃs‚ÃãÂÓBã###s##c3“3RÓ`­Š}˜MŠ­‹˜M˜­˜]˜¢ÂÓBã##ƒcC3sƒ#sSFRÓbÃBÃ2ÃãÂÓBã##ƒcC3sƒ#sSFRÓ`­˜MŠ­ŠÝŠý˜­Š²ÂÓBã###ccs“#sc6RÓbÃ"ÃÃãÂÓBã###ccs“#sc6RÓ`­Š­‹Š}˜˜bÂÓBã##CcsƒCC3sƒFRÓbÃ“"ÃSrÃãÂÓBã##CcsƒCC3sƒFRÓ`­˜]‹}˜M‹’ÂÓBã#3ƒƒCcC#s##6RÓbÃ“BÃc‚ÃãÂÓBã#3ƒƒCcC#s##6RÓ`­˜­˜‹˜˜m˜=‹=Š¢ÂÓBã#3CC3S#3Cƒs3#VRÓbÃ’Ã’ÃãÂÓBã#3CC3S#3Cƒs3#VRÓ`­ŠýŠ˜M˜bÂÓBã#3CC3S#3Cƒs3#VRÓbÃ’Ã’ÃãÂÓBã#3CC3S#3Cƒs3#VRÓ`­Š­‹MŠ}‹˜2ÂÓBã#3#3“ƒƒ“#ƒsƒƒƒsFRÓbÃCÃ3ÃãÂÓBã#3#3“ƒƒ“#ƒsƒƒƒsFRÓ`­Š}˜M˜]˜mŠ}‹]Š‚ÂÓBã#3ƒ3ssSƒsc“c†RÓbÃ#2ÃrÃãÂÓBã#3ƒ3ssSƒsc“c†RÓ`­Š}˜MŠ}˜m‹MŠ}ŠÂÓBã#C3#cƒcCC#3“†RÓbÃ3RÃ#bÃãÂÓBã#C3#cƒcCC#3“†RÓ`­˜MŠ}‹Š­‹Š}‹bÂÓBã#Cc#CcSƒ“RÓbÃBÃ2ÃãÂÓBã#Cc#CcSƒ“RÓ`­Š}‹˜MŠ}˜m˜}ŠrÂÓBã#C“C3S3ScVRÓbÃ‚Ã‚ÃãÂÓBã#C“C3S3ScVRÓ`­‹‹­˜RÂÓBã#Cs#c##ƒcƒFRÓbÃsbÃSbÃãÂÓBã#Cs#c##ƒcƒFRÓ`­˜Š}˜MŠ}˜}ŠýŠ}˜ÂÓBã#C“cC“CC#SS#VRÓbÃbÃRÃãÂÓBã#C“cC“CC#SS#VRÓ`­˜=˜­˜]Š}˜˜­˜rÂÓBã#SCCc3“3SC†RÓbÃ2Ã2ÃãÂÓBã#SCCc3“3SC†RÓ`­Š}˜MŠ}‹]˜˜BÂÓBã#SCƒCccs3“ƒ6RÓbÃƒbÃ“"ÃãÂÓBã#SCƒCccs3“ƒ6RÓ`­Š}˜M˜]˜mŠ}‹‹ÂÓBã#SƒS“cƒ#“S3scfRÓbÃ‚ÃbÃãÂÓBã#SƒS“cƒ#“S3scfRÓ`­Š}˜MŠ}Ší˜­‹ÂÓBã#c3#s3#c6RÓbÃc"Ã#‚ÃãÂÓBã#c3#s3#c6RÓ`­Š}˜M˜]‹MŠ}‹˜­‹’ÂÓBã#c#SSS#“#sƒSRÓbÃCCBÃ“rÃãÂÓBã#c#SSS#“#sƒSRÓ`­˜MŠ}‹-˜‹Šý˜¢ÂÓBã#cC“cscC3“s3Cc&RÓbÃ#CbÃƒ‚ÃãÂÓBã#cC“cscC3“s3Cc&RÓ`­˜]˜-Š}˜˜M˜­˜bÂÓBã#s#s“CSssƒc–RÓbÃÃRÃãÂÓBã#s#s“CSssƒc–RÓ`­˜Š}˜M˜-˜­Š}Šý˜­˜rÂÓBã#sscC3CSS3†RÓbÃBÃBÃãÂÓBã#sscC3CSS3†RÓ`­ŠŠ}˜MŠ}‹=Š­˜Š}Šý˜rÂÓBã#ss“SCC“ƒs“ƒVRÓbÃRÃÃãÂÓBã#ss“SCC“ƒs“ƒVRÓ`­˜MŠ­˜MŠ˜­˜rÂÓBã#ƒScSCƒƒs–RÓbÃ3‚Ã3ÃãÂÓBã#ƒScSCƒƒs–RÓ`­Š}ŠÍ‹Š}ŠŠ}Š¢ÂÓBã#ƒ#sCS“s“ƒ3#s–RÓbÃ#rÃ3ÃãÂÓBã#ƒ#sCS“s“ƒ3#s–RÓ`­Š­˜]˜=˜­˜bÂÓBã#ƒ3“C33CSSs–RÓbÃ3rÃ“bÃãÂÓBã#ƒ3“C33CSSs–RÓ`­ŠŠ}˜MŠ}˜MŠ­‹-Š}˜]Š}Š¢ÂÓBã#ƒC“3SCsƒ“SCcsƒVRÓbÃÃbÃãÂÓBã#ƒC“3SCsƒ“SCcsƒVRÓ`­˜m˜Š}˜ÂÓBã#“#C“ƒ3s“SVRÓbÃ‚ÃRÃãÂÓBã#“#C“ƒ3s“SVRÓ`­ŠÝ˜MŠ¢ÂÓBã#“cSƒ#“#“ƒƒ&RÓbÃ#rÃ#ÃãÂÓBã#“cSƒ#“#“ƒƒ&RÓ`­Š­‹­‹}˜­˜rÂÓBã#“##ƒss““RÓbÃ"ÃcBÃãÂÓBã#“##ƒss““RÓ`­Š}˜M˜]‹]Š}˜m‹’ÂÓBã#“#“ƒ“ƒcCƒSƒƒfRÓbÃƒ"ÃƒRÃãÂÓBã#“#“ƒ“ƒcCƒSƒƒfRÓ`­Š­‹‹MŠÝ˜}˜RÂÓBã#“C#““SCSC3“#c6RÓbÃRÃRÃãÂÓBã#“C#““SCSC3“#c6RÓ`­Š}‹=˜}Š}˜]Š}Š¢ÂÓBã#“CcC“3Cscc““fRÓbÃBÃ2ÃãÂÓBã#“CcC“3Cscc““fRÓ`­˜MŠ­‹˜­˜­˜bÂÓBã#“SCƒƒc33“ƒc–RÓbÃBÃ2ÃãÂÓBã#“SCƒƒc33“ƒc–RÓ`­˜]‹‹MŠÝ˜¢ÂÓBã#“SCƒƒc33“ƒc–RÓbÃBÃ2ÃãÂÓBã#“SCƒƒc33“ƒc–RÓ`­Š}˜M˜]˜-Š}‹ŠòÂÓBã#“SCƒƒc33“ƒc–RÓbÃBÃ2ÃãÂÓBã#“SCƒƒc33“ƒc–RÓ`­˜=˜­˜˜­˜rÂÓBã#“c“c“#CS###†RÓbÃrÃRÃãÂÓBã#“c“c“#CS###†RÓ`­˜]‹=Š­˜˜­Šý˜rÂÓBã33cƒSC#Ss3ƒS–RÓbÃ2Ã2ÃãÂÓBã33cƒSC#Ss3ƒS–RÓ`­˜­˜˜]˜­˜rÂÓBã3Sƒc“cCƒ“FRÓbÃBÃrÃãÂÓBã3Sƒc“cCƒ“FRÓ`­˜]˜Š­˜ŠÝ˜rÂÓBã3S3sƒ##S“ƒ“s3–RÓbÃ"ÃrÃãÂÓBã3S3sƒ##S“ƒ“s3–RÓ`­˜M˜]˜MŠ}˜2ÂÓBã3““3“3“ƒS“Cƒ6RÓbÃ’ÃBÃãÂÓBã3““3“3“ƒS“Cƒ6RÓ`­˜˜M˜­ŠòÂÓBã3CCSsCƒ#CFRÓbÃc2ÃCÃãÂÓBã3CCSsCƒ#CFRÓ`­˜]‹=ŠM˜˜M˜‚ÂÓBã3SC“s“c3S#33vRÓbÃBÃBÃãÂÓBã3SC“s“c3S#33vRÓ`­˜-‹Š}ŠŠ}Š¢ÂÓBã3S“3CS#ƒ“ƒCfRÓbÃBÃBÃãÂÓBã3S“3CS#ƒ“ƒCfRÓ`­˜m‹]˜­Š‚ÂÓBã3“sC#Css##33–RÓbÃsRÃ32ÃãÂÓBã3“sC#Css##33–RÓ`­˜Š}˜M˜ŠýŠ}Šm‹’ÂÓBã3“3C3cc#C–RÓbÃ#RÃÃãÂÓBã3“3C3cc#C–RÓ`­Š}˜M˜]˜-Š}˜˜M˜­˜bÂÓBã3#“#C#C3sscƒRÓbÃCÃ#bÃãÂÓBã3#“#C#C3sscƒRÓ`­Š˜=˜]˜­˜rÂÓBã3#Cc“cSSsS#s–RÓbÃrÃÃãÂÓBã3#Cc“cSSsS#s–RÓ`­Š}˜MŠ}Š˜MŠ}‹¢ÂÓBã3#ƒ#CCƒƒvRÓbÃBÃ2ÃãÂÓBã3#ƒ#CCƒƒvRÓ`­˜­‹]‹Š‚ÂÓBã3#S##c##“3C†RÓbÃ‚Ã‚ÃãÂÓBã3#S##c##“3C†RÓ`§6RÂÓBã3#s#CS33csƒRÓbÃ3BÃ#’ÃãÂÓBã3#s#CS33csƒRÓ`­Š}˜­‹=Š¢ÂÓBã3#“ƒS3Scs#SƒvRÓbÃrÃ2ÃãÂÓBã3#“ƒS3Scs#SƒvRÓ`­ŠŠ­ŠÝŠý˜­ŠòÂÓBã33C#s3c3cCcSFRÓbÃ’ÃRÃãÂÓBã33C#s3c3cCcSFRÓ`­˜Š­ŠÍ‹Š˜rÂÓBã33Sƒ#C#Ss3SSfRÓbÃ2Ã2ÃãÂÓBã33Sƒ#C#Ss3SSfRÓ`­Š˜]˜=‹‹ÂÓBã33“C#CcSsCC3–RÓbÃ‚Ã‚ÃãÂÓBã33“C#CcSsCC3–RÓ`­ŠÍ˜˜MŠý˜]Š}˜bÂÓBã3CSC““ƒs3Cƒ†RÓbÃ3"ÃRÃãÂÓBã3CSC““ƒs3Cƒ†RÓ`­˜˜‹˜rÂÓBã3CƒSc#ss3sS“–RÓbÃ#s‚Ã“’ÃãÂÓBã3CƒSc#ss3sS“–RÓ`­Š}˜MŠ}ŠŠÝŠ}Š½‹M‹˜=˜rÂÓBã3C“sƒS#ƒ#csc6RÓbÃBÃBÃãÂÓBã3C“sƒS#ƒ#csc6RÓ`­Š­‹˜˜­˜rÂÓBã3SCcƒcsƒS“svRÓbÃ‚ÃBÃãÂÓBã3SCcƒcsƒS“svRÓ`­˜Š­˜˜-˜­‹’ÂÓBã3ScsCC“CsC&RÓbÃÃrÃãÂÓBã3ScsCC“CsC&RÓ`­Š}˜MŠ­Š}Š½˜­‹ÂÓBã3S#3CCsƒC#ss6RÓbÃC2Ã32ÃãÂÓBã3S#3CCsƒC#ss6RÓ`­Š˜]˜-‹˜}ŠrÂÓBã3S#C3cSCƒSscSSvRÓbÃ2Ã2ÃãÂÓBã3S#C3cSCƒSscSSvRÓ`­ŠŠ­˜m‹˜­˜RÂÓBã3S3C#s333S““SVRÓbÃÃ‚ÃãÂÓBã3S3C#s333S““SVRÓ`­Š}˜M˜]‹‹m˜¢ÂÓBã3S3“Cs3S#“#†RÓbÃ’ÃBÃãÂÓBã3S3“Cs3S#“#†RÓ`­Š}˜MŠ­˜-Šý˜­˜RÂÓBã3SScS#3cƒs6RÓbÃRÃrÃãÂÓBã3SScS#3cƒs6RÓ`­˜]‹Šý˜MŠ}Š¢ÂÓBã3Sc“c#SƒcS“S&RÓbÃ#c’Ã"ÃãÂÓBã3Sc“c#SƒcS“S&RÓ`­ŠÝ˜M˜˜BÂÓBã3Sƒs#s333C#ƒsFRÓbÃ#"ÃÃãÂÓBã3Sƒs#s333C#ƒsFRÓ`­˜Š­‹]Š}‹ŠòÂÓBã3Sƒ“SCsƒƒSs†RÓbÃ2Ã2ÃãÂÓBã3Sƒ“SCsƒƒSs†RÓ`­˜Š}˜MŠ}‹=Š­‹Š}Š­˜­ŠÍ˜­Š}Š¢ÂÓBã3S“S““sssƒ33C3–RÓbÃRÃBÃãÂÓBã3S“S““sssƒ33C3–RÓ`­Š}˜MŠ}‹=˜­˜˜¢ÂÓBã3S“c3ƒsƒsC““&RÓbÃ‚Ã2ÃãÂÓBã3S“c3ƒsƒsC““&RÓ`­˜M‹]Š}˜MŠÒÂÓBã3cscC3ƒcScfRÓbÃBÃS’ÃãÂÓBã3cscC3ƒcScfRÓ`­˜MŠ}‹=‹Š}‹ÂÓBã3cƒƒSc3c#scRÓbÃSÃC"ÃãÂÓBã3cƒƒSc3c#scRÓ`­ŠŠ}˜MŠ­‹Š}˜˜bÂÓBã3s##“33CCc3–RÓbÃ3Ã“2ÃãÂÓBã3s##“33CCc3–RÓ`­˜]˜m˜}ŠÍ˜­Š}Š¢ÂÓBã3sCss###ss#sFRÓbÃBÃ2ÃãÂÓBã3sCss###ss#sFRÓ`­Š}˜MŠý‹Š}‹=Š}Š¢ÂÓBã3scSS3ƒƒ#3SS†RÓbÃ3"Ã#bÃãÂÓBã3scSS3ƒƒ#3SS†RÓ`­Ší‹]‹]Š¢ÂÓBã3sSscC“#“CcvRÓbÃBÃ"ÃãÂÓBã3sSscC“#“CcvRÓ`­˜M˜M˜]˜m‹MŠ}˜rÂÓBã3scS#CCc3s“c“FRÓbÃÃRÃãÂÓBã3scS#CCc3s“c“FRÓ`­‹=˜­˜-Š}˜RÂÓBã3scsc3“C#“3sCRÓbÃBÃBÃãÂÓBã3scsc3“C#“3sCRÓ`­Š}˜MŠ}‹˜Š}˜RÂÓBã3scƒƒS3C3“S3&RÓbÃ#Ã‚ÃãÂÓBã3scƒƒS3C3“S3&RÓ`­Š}˜M‹˜]˜­ŠÒÂÓBã3sƒƒ“ƒCC#Scs–RÓbÃ‚ÃRÃãÂÓBã3sƒƒ“ƒCC#Scs–RÓ`­Š}˜M˜]‹-Š}ŠýŠ}˜MŠ­‹­˜­‹˜mŠ}Šý˜2ÂÓBã3sƒs#Sc3s#3ƒƒCvRÓbÃÃbÃãÂÓBã3sƒs#Sc3s#3ƒƒCvRÓ`­Š}ŠÍ˜BÂÓBã3ƒƒƒC“#“Sƒ6RÓbÃbÃsrÃãÂÓBã3ƒƒƒC“#“Sƒ6RÓ`­Š}Š­˜Š}˜-˜­Š­˜­˜bÂÓBã3ƒC3SCccƒCƒcs6RÓbÃ‚ÃRÃãÂÓBã3ƒC3SCccƒCƒcs6RÓ`­ŠŠ}˜M˜mŠ}Š­ŠÂÂÓBã3ƒƒ3S“3c3“c–RÓbÃbÃBÃãÂÓBã3ƒƒ3S“3c3“c–RÓ`­˜MŠ}˜}˜RÂÓBã3“s3Ss##“S#fRÓbÃrÃrÃãÂÓBã3“s3Ss##“S#fRÓ`­Šý˜­˜‚ÂÓBã3“SCs“cƒ3c3ƒFRÓbÃ3BÃ’ÃãÂÓBã3“SCs“cƒ3c3ƒFRÓ`­Š}˜MŠ½Š}˜MŠ½Š}˜M‹Š‹’ÂÓBã3“sCcS“CsSƒƒ36RÓbÃcbÃsbÃãÂÓBã3“sCcS“CsSƒƒ36RÓ`­Š}˜m‹Š}˜RÂÓBã3““#Ss““sƒscRÓbÃ3‚ÃRÃãÂÓBã3““#Ss““sƒscRÓ`­˜Š}˜M˜]˜-˜­˜RÂÓBãC3C#ƒC3c#3&RÓbÃrÃBÃãÂÓBãC3C#ƒC3c#3&RÓ`­˜Š}˜M˜]Š­Ší‹]‹]˜­˜bÂÓBãC3CSƒƒ“Sƒ#VRÓbÃRÃRÃãÂÓBãC3CSƒƒ“Sƒ#VRÓ`­˜˜­Š˜­˜bÂÓBãCCc““ssScsSfRÓbÃ#RÃRÃãÂÓBãCCc““ssScsSfRÓ`­Š}˜]Š­ŠýŠ}ŠòÂÓBãC“ƒƒsƒS3cS†RÓbÃRÃBÃãÂÓBãC“ƒƒsƒS3cS†RÓ`­˜Š}˜M‹=Š}Š˜"ÂÓBãC“cs3s““3fRÓbÃc2Ã3bÃãÂÓBãC“cs3s““3fRÓ`­Š}˜M˜]˜mŠí˜‹m˜}Š}˜M‹M‹˜=˜}Š}‹­˜MŠ}˜"ÂÓBãCƒsS3“s“RÓbÃbÃbÃãÂÓBãCƒsS3“s“RÓ`­˜M‹‹‹bÂÓBãCSC“#S“3S#ƒ&RÓbÃ#ÃRÃãÂÓBãCSC“#S“3S#ƒ&RÓ`­˜=‹Š˜˜mŠ}Š¢ÂÓBãCssƒsƒsSs“–RÓbÃRÃ"ÃãÂÓBãCssƒsƒsSs“–RÓ`­Š‹˜mŠ}˜­˜rÂÓBãC3#ƒƒC“sCVRÓbÃÃRÃãÂÓBãC3#ƒƒC“sCVRÓ`­˜]‹]Š}˜MŠÒÂÓBãC3ƒc“S#ƒ#6RÓbÃ’ÃrÃãÂÓBãC3ƒc“S#ƒ#6RÓ`­Š}˜M‹=˜mŠýŠ}Š¢ÂÓBãC##CsS3c“SscsVRÓbÃƒ’Ã3‚ÃãÂÓBãC##CsS3c“SscsVRÓ`­‹=Š­‹}˜M˜"ÂÓBãC#C3“ScsCsCvRÓbÃ‚Ã2ÃãÂÓBãC#C3“ScsCsCvRÓ`­˜]‹=Š}‹Š}Š¢ÂÓBãC#SS3#cƒcCcCfRÓbÃ#rÃ#2ÃãÂÓBãC#SS3#cƒcCcCfRÓ`­Š‹˜=‹2ÂÓBãC#cCC3s“3#CcVRÓbÃc"Ã#BÃãÂÓBãC#cCC3s“3#CcVRÓ`­˜]‹=Š­˜˜­Š}Š¢ÂÓBãC#cƒƒ#sCsc#C3†RÓbÃ#2Ã#ÃãÂÓBãC#cƒƒ#sCsc#C3†RÓ`­˜]‹m˜­˜ŠrÂÓBãC#“SCC#cƒƒ“cƒfRÓbÃsbÃcÃãÂÓBãC#“SCC#cƒƒ“cƒfRÓ`­˜Š}˜M‹MŠ}ŠŠ}Š¢ÂÓBãC3“CC#c“#sƒƒƒRÓbÃbÃbÃãÂÓBãC3“CC#c“#sƒƒƒRÓ`­Š­˜˜-‹’ÂÓBãC333SCSSƒcSs#–RÓbÃ#“bÃƒ"ÃãÂÓBãC333SCSSƒcSs#–RÓ`­Š}˜M‹Š}‹]˜]˜rÂÓBãC3CcsSƒcSƒ#csCVRÓbÃ‚Ã2ÃãÂÓBãC3CcsSƒcSƒ#csCVRÓ`­˜ŠÝ‹=Š}Š‚ÂÓBãC3C“ƒssCc#cC6RÓbÃ‚ÃrÃãÂÓBãC3C“ƒssCc#cC6RÓ`­˜Š}ŠŠ­˜=Š}‹ÂÓBãC3c3ƒSSs3vRÓbÃbÃbÃãÂÓBãC3c3ƒSSs3vRÓ`­Š}˜M˜]‹=Š­ŠÝ˜-Š}Š¢ÂÓBãC3c“ƒƒs“sc3“CSVRÓbÃrÃÃãÂÓBãC3c“ƒƒs“sc3“CSVRÓ`­Š}˜M˜m‹˜­˜RÂÓBãCC3ƒ“3cƒ##ƒfRÓbÃÃBÃãÂÓBãCC3ƒ“3cƒ##ƒfRÓ`­˜]‹Šý˜m˜­˜rÂÓBãCCS3#“cSƒ#C“cs†RÓbÃ3‚ÃÃãÂÓBãCCS3#“cSƒ#C“cs†RÓ`­‹]˜˜-Š­˜­˜bÂÓBãCCcsSCƒ3cC3S#&RÓbÃ#ÃBÃãÂÓBãCCcsSCƒ3cC3S#&RÓ`­‹M‹˜­˜=ŠrÂÓBãCCsC#cc3ƒ3“vRÓbÃ’ÃrÃãÂÓBãCCsC#cc3ƒ3“vRÓ`­Š­‹}˜]ŠÒÂÓBãCCscƒ“3cƒ33S†RÓbÃrÃRÃãÂÓBãCCscƒ“3cƒ33S†RÓ`­Š}˜MŠíŠ}˜MŠý˜¢ÂÓBãCCƒ#S##S#“#–RÓbÃrÃ2ÃãÂÓBãCCƒ#S##S#“#–RÓ`­˜Š}˜­˜mŠ}˜m‹2ÂÓBãCC“ƒc#ƒssƒƒCƒVRÓbÃ#BÃBÃãÂÓBãCC“ƒc#ƒssƒƒCƒVRÓ`­Š}˜MŠýŠí˜BÂÓBãCC“sƒSs3S“cƒfRÓbÃS3bÃs‚ÃãÂÓBãCC“sƒSs3S“cƒfRÓ`­ŠŠ}˜MŠí‹ŠÂÂÓBãCC““cS3Cs“SVRÓbÃbÃ2ÃãÂÓBãCC““cS3Cs“SVRÓ`­˜M˜M‹‹‹bÂÓBãCS33ƒSƒSCS3s“FRÓbÃBÃ2ÃãÂÓBãCS33ƒSƒSCS3s“FRÓ`­Š}˜M˜-‹}Š}‹Š}˜M‹M‹˜=Š}Š­Š}˜MŠ}˜‹Š}ŠýŠ}˜MŠí‹-˜­˜m˜}Š}˜MŠ}ŠÍ˜]Š}˜M˜­Š}˜MŠ­‹­˜­‹ÂÓBãCS3ƒCs“sƒƒc–RÓbÃBÃBÃãÂÓBãCS3ƒCs“sƒƒc–RÓ`­˜Š}‹}˜M˜-Š¢ÂÓBãCSc#ƒƒ“3##sc#†RÓbÃbÃbÃãÂÓBãCSc#ƒƒ“3##sc#†RÓ`­˜M˜MŠ}˜]‹Š}‹bÂÓBãCSs“##ƒ3sƒcvRÓbÃrÃ2ÃãÂÓBãCSs“##ƒ3sƒcvRÓ`­Š˜-˜˜M˜rÂÓBãCSƒccCcSƒ3“FRÓbÃbÃbÃãÂÓBãCSƒccCcSƒ3“FRÓ`­Š­Š˜­˜bÂÓBãCc#ƒS33ƒsC“†RÓbÃ‚Ã’ÃãÂÓBãCc#ƒS33ƒsC“†RÓ`­˜Š}˜M˜]Š­˜‹=‹}˜rÂÓBãCs3ssCcc#3c–RÓbÃC3’ÃÃãÂÓBãCs3ssCcc#3c–RÓ`­ŠÍ˜˜}‹˜­˜rÂÓBãCsCs“##s3ƒsCs–RÓbÃ“‚ÃcÃãÂÓBãCsCs“##s3ƒsCs–RÓ`­Š}˜M˜˜MŠ}˜­Š}Š¢ÂÓBãCsC“#c“SƒcS“FRÓbÃ“’ÃSbÃãÂÓBãCsC“#c“SƒcS“FRÓ`­‹=Š­Š}Ší‹ÂÓBãCsscS3“SCƒ3cVRÓbÃ2Ã2ÃãÂÓBãCsscS3“SCƒ3cVRÓ`­Š­˜˜-˜Š¢ÂÓBãCsƒs33scsC3c#fRÓbÃÃRÃãÂÓBãCsƒs33scsC3c#fRÓ`­˜Š}˜M˜m‹Š}˜RÂÓBãCƒ#ƒ“CcSSsC“#VRÓbÃBÃ"ÃãÂÓBãCƒ#ƒ“CcSSsC“#VRÓ`­˜Š}˜MŠ}‹=Š­Š½˜]Š}‹Š}Š¢ÂÓBãCƒS#cscSSss“&RÓbÃc"ÃCbÃãÂÓBãCƒS#cscSSss“&RÓ`­˜ŠÝ‹]˜BÂÓBãC“SCƒ“cs“ƒƒS&RÓbÃ‚ÃBÃãÂÓBãC“SCƒ“cs“ƒƒS&RÓ`­Š‹‹‹m˜}ŠrÂÓBãC“C“ƒSSƒ“3S6RÓbÃ2Ã2ÃãÂÓBãC“C“ƒSSƒ“3S6RÓ`­˜M˜m‹Š}˜RÂÓBãC“cC###ssc3†RÓbÃ“BÃC‚ÃãÂÓBãC“cC###ssc3†RÓ`­Š­‹˜­˜­˜m˜rÂÓBãC““3sSs3CSƒ3&RÓbÃCBÃ#‚ÃãÂÓBãC““3sSs3CSƒ3&RÓ`­Š­˜m‹}˜M˜"ÂÓBãC““CCƒ“scSvRÓbÃ2Ã"ÃãÂÓBãC““CCƒ“scSvRÓ`­˜M˜M˜]Šý˜­˜m˜rÂÓBãSsS#cssCscVRÓbÃBÃ2ÃãÂÓBãSsS#cssCscVRÓ`­˜]˜m˜}˜]ŠrÂÓBãS##ƒCsC3ƒScVRÓbÃ32ÃCRÃãÂÓBãS##ƒCsC3ƒScVRÓ`­Š­˜m‹˜­˜]˜rÂÓBãSS#Sccc“ƒcfRÓbÃRÃRÃãÂÓBãSS#Sccc“ƒcfRÓ`­˜˜M‹˜M˜2ÂÓBãSccCƒSsss#3“VRÓbÃBÃ"ÃãÂÓBãSccCƒSsss#3“VRÓ`­˜Š½˜]˜bÂÓBãSsccssS“s“C†RÓbÃÃÃãÂÓBãSsccssS“s“C†RÓ`­˜ŠíŠ}‹]˜rÂÓBãSƒscƒs#SsƒSSVRÓbÃ3rÃ#’ÃãÂÓBãSƒscƒs#SsƒSSVRÓ`­Š}˜MŠ­Šý‹M˜­˜bÂÓBãS#S““ƒ“sS“s#c–RÓbÃrÃbÃãÂÓBãS#S““ƒ“sS“s#c–RÓ`­Š}˜M‹}˜­˜‹ÂÓBãSC““3ƒcsƒ“RÓbÃrÃrÃãÂÓBãSC““3ƒcsƒ“RÓ`­˜Š}˜MŠÍ˜}Š}Š¢ÂÓBãSS“Cc“cC“ƒ3CVRÓbÃ3rÃ3"ÃãÂÓBãSS“Cc“cC“ƒ3CVRÓ`­˜M˜M‹ŠýŠ}ŠýŠ}Š¢ÂÓBãSssS“S“33#s&RÓbÃ2Ã2ÃãÂÓBãSssS“S“33#s&RÓ`­Š}‹=Š­‹MŠ}‹˜rÂÓBãSsƒCƒ3SC“#ƒ#fRÓbÃ‚ÃbÃãÂÓBãSsƒCƒ3SC“#ƒ#fRÓ`­‹MŠ}˜m˜}ŠrÂÓBãS##sƒ“#“3sfRÓbÃC2ÃCÃãÂÓBãS##sƒ“#“3sfRÓ`­˜=˜Š}ŠŠ­˜}ŠrÂÓBãS##“sƒssS36RÓbÃ#ÃRÃãÂÓBãS##“sƒssS36RÓ`­˜Š­‹}˜˜­‹˜rÂÓBãS#33Cƒ3ccƒƒFRÓbÃRÃRÃãÂÓBãS#33Cƒ3ccƒƒFRÓ`­Š}˜mŠÍŠ}‹-Š}Š¢ÂÓBãS#C33C#s“cSCSVRÓbÃ#BÃ#2ÃãÂÓBãS#C33C#s“cSCSVRÓ`­˜]Š­˜-Šý˜]˜rÂÓBãS3ƒs“sSCs“ƒRÓbÃSBÃC‚ÃãÂÓBãS3ƒs“sSCs“ƒRÓ`­˜]˜ŠÍŠ‚ÂÓBãS3C“CcSƒss#SRÓbÃ‚ÃRÃãÂÓBãS3C“CcSƒss#SRÓ`­˜]Š­˜˜"ÂÓBãS3S###“3S3CƒFRÓbÃÃbÃãÂÓBãS3S###“3S3CƒFRÓ`­˜M˜MŠ½Š}˜m˜¢ÂÓBãS3SCS#Cƒsƒss3#VRÓbÃ#Ã‚ÃãÂÓBãS3SCS#Cƒsƒss3#VRÓ`­Š}˜MŠ}˜]‹Š}‹bÂÓBãS3SƒCsssSS“fRÓbÃÃRÃãÂÓBãS3SƒCsssSS“fRÓ`­˜˜-‹’ÂÓBãS3c3Sƒ“cc#cƒ#vRÓbÃs’ÃcrÃãÂÓBãS3c3Sƒ“cc#cƒ#vRÓ`­˜MŠ}˜-‹Š}‹˜rÂÓBãSCCsS3“ƒ“sCfRÓbÃ#‚Ã#ÃãÂÓBãSCCsS3“ƒ“sCfRÓ`­˜˜Š}ŠmŠòÂÓBãSC3“cSƒƒ#FRÓbÃ3"Ã#"ÃãÂÓBãSC3“cSƒƒ#FRÓ`­˜M˜M˜]‹=Š}˜}˜]˜­˜bÂÓBãSCs“3ssS“cs#S6RÓbÃ#‚Ã‚ÃãÂÓBãSCs“3ssS“cs#S6RÓ`­˜Š}˜M˜¢ÂÓBãSCs“ƒsƒ3SƒƒCFRÓbÃ3‚Ã#’ÃãÂÓBãSCs“ƒsƒ3SƒƒCFRÓ`­Š}˜MŠ}‹=˜=Š}˜bÂÓBãSSsc#SCCcƒS#RÓbÃ#2ÃCÃãÂÓBãSSsc#SCCcƒS#RÓ`­Š}˜M˜]ŠÝ˜M˜¢ÂÓBãSS3“ƒS3sCCc3S“VRÓbÃƒc’Ã“RÃãÂÓBãSS3“ƒS3sCCc3S“VRÓ`­Š­˜‹]˜­Š}Š¢ÂÓBãSS33cƒ##“#SCs3ƒVRÓbÃ#BÃC2ÃãÂÓBãSS33cƒ##“#SCs3ƒVRÓ`­˜]ŠÍ˜]˜BÂÓBãSS3Cc“s#cC†RÓbÃ#"ÃÃãÂÓBãSS3Cc“s#cC†RÓ`­˜]‹=ŠM˜˜BÂÓBãSS3s3s3s“c“VRÓbÃ3RÃ#RÃãÂÓBãSS3s3s3s“c“VRÓ`­‹˜]˜"ÂÓBãSS3ƒsSƒC#cS“ƒ–RÓbÃBÃ2ÃãÂÓBãSS3ƒsSƒC#cS“ƒ–RÓ`­Š}˜M‹Š}ŠÝ˜rÂÓBãSSC333cC3ccC&RÓbÃ‚ÃrÃãÂÓBãSSC333cC3ccC&RÓ`­ŠÍ˜‹ŠÂÂÓBãSSCSsSc“Sƒƒ“sFRÓbÃBÃ’ÃãÂÓBãSSCSsSc“Sƒƒ“sFRÓ`­‹MŠ˜rÂÓBãScc#SƒCSCSsRÓbÃS"Ã#rÃãÂÓBãScc#SƒCSCSsRÓ`­˜Š}‹=Š­˜­˜Š}ŠÂÓBãSc“““#CSccSc3VRÓbÃbÃBÃãÂÓBãSc“““#CSccSc3VRÓ`­Š­ŠýŠí˜BÂÓBãSc#Csƒc#ƒ“C#3VRÓbÃ3"Ã#ÃãÂÓBãSc#Csƒc#ƒ“C#3VRÓ`­˜Š}˜MŠ}Š½‹ÂÓBãSs#SS#cƒ#cfRÓbÃ#RÃÃãÂÓBãSs#SS#cƒ#cfRÓ`­˜M˜M‹=˜m˜rÂÓBãSs3sCsƒSƒVRÓbÃ3"ÃS’ÃãÂÓBãSs3sCsƒSƒVRÓ`­Š}˜M˜]‹-Š}ŠýŠ}˜MŠ­‹­˜­‹‹=Š}Š‚ÂÓBãSsƒ“3SSc#“33FRÓbÃbÃC"ÃãÂÓBãSsƒ“3SSc#“33FRÓ`­˜-˜­Š}‹=˜¢ÂÓBãSs##CSC“Sƒ#3SFRÓbÃ’Ã’ÃãÂÓBãSs##CSC“Sƒ#3SFRÓ`­ŠŠýŠí˜˜BÂÓBãSscsSssc#scVRÓbÃ2Ã2ÃãÂÓBãSscsSssc#scVRÓ`­˜­Š½‹˜¢ÂÓBãSsƒs“#C“Cccs“FRÓbÃ2Ã2ÃãÂÓBãSsƒs“#C“Cccs“FRÓ`­˜ŠŠ}˜MŠ­Š}˜M˜¢ÂÓBãSs“SCs“sC#SSC–RÓbÃS‚Ã3BÃãÂÓBãSs“SCs“sC#SSC–RÓ`­ŠŠ}˜MŠ­˜Š}˜˜"ÂÓBãSs““S3ssc“ƒCccsfRÓbÃbÃ2ÃãÂÓBãSs““S3ssc“ƒCccsfRÓ`­˜Š­Š­˜RÂÓBãSƒ#“3Sƒ“S3CsRÓbÃbÃ2ÃãÂÓBãSƒ#“3Sƒ“S3CsRÓ`­˜ŠÍ˜BÂÓBãSƒ#ƒcƒ#“S3C““FRÓbÃbÃRÃãÂÓBãSƒ#ƒcƒ#“S3C““FRÓ`­‹‹"ÂÓBãSƒ#ƒcƒ#“S3C““FRÓbÃbÃRÃãÂÓBãSƒ#ƒcƒ#“S3C““FRÓ`­Š˜­˜mŠ¢ÂÓBãSƒS“cCc3#ƒƒCvRÓbÃ3RÃRÃãÂÓBãSƒS“cCc3#ƒƒCvRÓ`­Š}˜M˜]Š­‹˜M˜-˜rÂÓBãSƒc#Cƒ3s3“#VRÓbÃ#“ÃCRÃãÂÓBãSƒc#Cƒ3s3“#VRÓ`­˜M˜]˜]Š}‹‹=˜rÂÓBãSƒs#sss#33“csVRÓbÃRÃ2ÃãÂÓBãSƒs#sss#33“csVRÓ`­˜ŠíŠ‹Š}Š­˜}ŠrÂÓBãS“#ƒ3C###c†RÓbÃBÃ2ÃãÂÓBãS“#ƒ3C###c†RÓ`­Š˜­Š­˜2ÂÓBãS“3“CSƒ““ƒƒVRÓbÃRÃ2ÃãÂÓBãS“3“CSƒ““ƒƒVRÓ`­˜­‹Š}Šý˜BÂÓBãS““ss“sc3CsFRÓbÃcS"Ã##BÃãÂÓBãS““ss“sc3CsFRÓ`­˜M˜MŠ­‹‹˜­˜ÂÓBãc3sSc#ƒƒccRÓbÃ‚ÃrÃãÂÓBãc3sSc#ƒƒccRÓ`­Š}˜MŠ­˜ŠÍ˜­˜rÂÓBãcCssCs“ƒc3fRÓbÃ#"Ã’ÃãÂÓBãcCssCs“ƒc3fRÓ`­Š}˜MŠ­‹]˜m˜­˜ÂÓBãc#CCC3“cc333RÓbÃ’Ã3‚ÃãÂÓBãc#CCC3“cc333RÓ`­Š}˜M‹]˜­˜m˜¢ÂÓBãcCc“Sƒcƒ3#3#VRÓbÃc"Ã#bÃãÂÓBãcCc“Sƒcƒ3#3#VRÓ`­˜˜]‹-Š}˜­ŠrÂÓBãcC“C33sSc33SfRÓbÃ#rÃÃãÂÓBãcC“C33sSc33SfRÓ`­˜Š}‹-Š¢ÂÓBãcƒSs#ƒ3cƒSfRÓbÃC‚ÃBÃãÂÓBãcƒSs#ƒ3cƒSfRÓ`­˜M˜M˜]‹Š}‹‹bÂÓBãc“ƒƒsCc#sƒFRÓbÃBÃBÃãÂÓBãc“ƒƒsCc#sƒFRÓ`­˜Š}˜MŠ­˜=˜M˜˜rÂÓBãc“s3scc33CSfRÓbÃ2Ã2ÃãÂÓBãc“s3scc33CSfRÓ`­Šý˜‹ŠrÂÓBãc“sc#cƒss#C6RÓbÃ3rÃ3ÃãÂÓBãc“sc#cƒss#C6RÓ`­Š}Š˜­˜=‹2ÂÓBãc#Ssc#““C33CfRÓbÃBÃBÃãÂÓBãc#Ssc#““C33CfRÓ`­Šý˜Š­ŠrÂÓBãc#Ssc#““C33CfRÓbÃBÃBÃãÂÓBãc#Ssc#““C33CfRÓ`­˜mŠ}˜­Š¢ÂÓBãc#Ssc#““C33CfRÓbÃBÃBÃãÂÓBãc#Ssc#““C33CfRÓ`­˜˜‹Š¢ÂÓBãc#Ssc#““C33CfRÓbÃBÃBÃãÂÓBãc#Ssc#““C33CfRÓ`­Š}˜MŠ‹˜ŠŠ}˜bÂÓBãc#S““33CSSƒVRÓbÃcÃ"ÃãÂÓBãc#S““33CSSƒVRÓ`­Š‹˜Š˜­˜M˜­˜bÂÓBãc#sC“CC3FRÓbÃSRÃbÃãÂÓBãc#sC“CC3FRÓ`­‹}˜]˜ŠÒÂÓBãc#SssCƒssc3sFRÓbÃRÃÃãÂÓBãc#SssCƒssc3sFRÓ`­Š­‹=ŠÍ˜­˜M˜rÂÓBãc#cSS“C#“scfRÓbÃ‚ÃÃãÂÓBãc#cSS“C#“scfRÓ`­ŠÍŠ}ŠÂÓBãc#scC“s#S33c“fRÓbÃS’Ã#C’ÃãÂÓBãc#scC“s#S33c“fRÓ`­Š}˜MŠ­‹}Š˜­˜"ÂÓBãc3cscs3SCCsVRÓbÃ3’Ã#BÃãÂÓBãc3cscs3SCCsVRÓ`­Š˜­Š}˜mŠrÂÓBãc3cƒƒss“#c#fRÓbÃÃÃãÂÓBãc3cƒƒss“#c#fRÓ`­˜MŠ­ŠŠ}Šý˜BÂÓBãc3SS3cƒƒ3“cƒCVRÓbÃBÃÃãÂÓBãc3SS3cƒƒ3“cƒCVRÓ`­˜]‹Šý˜BÂÓBãc3c3C“ƒssƒ#ƒc†RÓbÃcƒÃc"ÃãÂÓBãc3c3C“ƒssƒ#ƒc†RÓ`­˜]˜Š}˜=Š˜rÂÓBãc3c3SS#ƒSƒs“vRÓbÃ#Ã’ÃãÂÓBãc3c3SS#ƒSƒs“vRÓ`­˜MŠí˜]‹2ÂÓBãc3c“CsS##CS36RÓbÃ2Ã2ÃãÂÓBãc3c“CsS##CS36RÓ`­˜]Šý˜˜‹Š}Š¢ÂÓBãc3ƒ##3C“3ƒ“cƒFRÓbÃÃbÃãÂÓBãc3ƒ##3C“3ƒ“cƒFRÓ`­Š}˜MŠ­ŠÝ˜M˜­˜rÂÓBãc3“#“CC“SssSVRÓbÃRÃbÃãÂÓBãc3“#“CC“SssSVRÓ`­Š}ŠÍ˜}‹-˜rÂÓBãc3“C#CƒcC“S6RÓbÃC‚Ã3"ÃãÂÓBãc3“C#CƒcC“S6RÓ`­Š}˜MŠ}‹=Š­Šm˜mŠ}˜ÂÓBãcCcsC##C3ssƒ–RÓbÃ‚Ã2ÃãÂÓBãcCcsC##C3ssƒ–RÓ`­Š}˜M‹Š}˜]˜}Š}˜M‹­Š}‹"ÂÓBãcC##“C“SƒCs&RÓbÃ#RÃBÃãÂÓBãcC##“C“SƒCs&RÓ`­˜­˜Š½˜"ÂÓBãcC#Sc##“Cc&RÓbÃ2Ã2ÃãÂÓBãcC#Sc##“Cc&RÓ`­Š}˜M‹=˜Š}ŠÝ˜rÂÓBãcC33“s#Cƒ“3sfRÓbÃ3Ã’ÃãÂÓBãcC33“s#Cƒ“3sfRÓ`­˜MŠ­Š­‹Š}ŠÍ‹’ÂÓBãcCC“ƒsc“S3cƒcRÓbÃ’ÃrÃãÂÓBãcCC“ƒsc“S3cƒcRÓ`­‹˜]˜MŠ}Š¢ÂÓBãcCss3scƒ#SCsVRÓbÃC2Ã#BÃãÂÓBãcCss3scƒ#SCsVRÓ`­˜}˜˜mŠÂÂÓBãcSC3SCƒ3CC““RÓbÃ‚ÃÃãÂÓBãcSC3SCƒ3CC““RÓ`­˜=˜˜mŠÂÂÓBãcSC3SCƒ3CC““RÓbÃ‚ÃÃãÂÓBãcSC3SCƒ3CC““RÓ`­Š}‹ŠrÂÓBãcSs#“3ccScRÓbÃ#3rÃ’ÃãÂÓBãcSs#“3ccScRÓ`­Š}˜MŠ½Š}˜m˜­Š}˜M‹Š‹’ÂÓBãcSƒƒC#ss3#†RÓbÃcBÃsBÃãÂÓBãcSƒƒC#ss3#†RÓ`­˜­˜-˜BÂÓBãcccC“S“#C#“36RÓbÃ#Ã’ÃãÂÓBãcccC“S“#C#“36RÓ`­Š}˜M‹MŠ}˜bÂÓBãccsS3s3“3cS“†RÓbÃCÃ#‚ÃãÂÓBãccsS3s3“3cS“†RÓ`­‹­Š}‹}˜¢ÂÓBãcs#SCss3Cs#SvRÓbÃBÃ2ÃãÂÓBãcs#SCss3Cs#SvRÓ`­Š‹Š}˜]ŠÍ˜}ŠrÂÓBãcsCC3ƒCSƒ#C“FRÓbÃRÃRÃãÂÓBãcsCC3ƒCSƒ#C“FRÓ`­Š}˜}ŠýŠ}˜˜}ŠrÂÓBãcsS“3SC#ƒ33SVRÓbÃ3Ã#‚ÃãÂÓBãcsS“3SC#ƒ33SVRÓ`­˜M˜MŠ}‹=Š­Š½˜]Š}‹Š}Š¢ÂÓBãcsSS3SSscsƒsƒVRÓbÃ32ÃBÃãÂÓBãcsSS3SSscsƒsƒVRÓ`­˜M˜M‹=˜­Š}‹=Š}Š¢ÂÓBãcscs“Ss#SC3“vRÓbÃbÃRÃãÂÓBãcscs“Ss#SC3“vRÓ`­˜]˜­˜MŠ}Šý˜­˜rÂÓBãcss“c“Sc“““#SfRÓbÃ3RÃ#BÃãÂÓBãcss“c“Sc“““#SfRÓ`­˜˜]ŠM‹M‹Š}Š¢ÂÓBãcƒ#C3csCccƒ†RÓbÃ"ÃbÃãÂÓBãcƒ#C3csCccƒ†RÓ`­Š­‹=Š­˜}Šý˜ÂÓBãcƒƒ##Cccc“–RÓbÃcRÃSÃãÂÓBãcƒƒ##Cccc“–RÓ`­˜M‹]ŠÝ˜rÂÓBãcƒ“ƒƒS#cCc“SVRÓbÃ#Ã#ÃãÂÓBãcƒ“ƒƒS#cCc“SVRÓ`­Š}˜M˜]ŠŠ­˜=‹˜­˜bÂÓBãc“ccC3s“3#C–RÓbÃBÃBÃãÂÓBãc“ccC3s“3#C–RÓ`­Š}˜M˜]ŠÝ˜]˜˜BÂÓBãc“s3s#ƒsC3ƒƒ&RÓbÃRÃ"ÃãÂÓBãc“s3s#ƒsC3ƒƒ&RÓ`­Š­‹Š­Š‹ÂÓBãc“ƒ#s“3SSsCVRÓbÃƒbÃSbÃãÂÓBãc“ƒ#s“3SSsCVRÓ`­Š}˜M˜]‹MŠ­‹˜¢ÂÓBãsCssSƒƒS#3&RÓbÃÃRÃãÂÓBãsCssSƒƒS#3&RÓ`­ŠŠ}˜M˜]‹˜M˜˜]Š}Š¢ÂÓBãsC#Ccƒccs#“6RÓbÃ"Ã‚ÃãÂÓBãsC#Ccƒccs#“6RÓ`­Š}˜M˜]˜m‹]Š‚ÂÓBãsSS“#CCSSSƒ†RÓbÃ"Ã‚ÃãÂÓBãsSS“#CCSSSƒ†RÓ`­˜Š}˜MŠ}˜M˜˜]˜m˜­˜˜RÂÓBãs“S#scCƒ#ƒ“Ss6RÓbÃRÃRÃãÂÓBãs“S#scCƒ#ƒ“Ss6RÓ`­‹}‹ŠÒÂÓBãsS#C#“sS#“scVRÓbÃ#“’Ã"ÃãÂÓBãsS#C#“sS#“scVRÓ`­Š­ŠM˜]˜bÂÓBãsƒƒc“#3S3S“3–RÓbÃ‚Ã‚ÃãÂÓBãsƒƒc“#3S3S“3–RÓ`§’ÂÓBãs#ssS#c“scCvRÓbÃ3bÃ‚ÃãÂÓBãs#ssS#c“scCvRÓ`­˜­‹=˜­‹ÂÓBãs#Ss3c“#CvRÓbÃ‚ÃrÃãÂÓBãs#Ss3c“#CvRÓ`­˜Š}˜M‹M‹˜‹rÂÓBãs#cƒ“3#ƒSss–RÓbÃÃrÃãÂÓBãs#cƒ“3#ƒSss–RÓ`­˜˜]ŠM‹=‹=Š}Š¢ÂÓBãs#scsS“SSsƒ“–RÓbÃ3Ã‚ÃãÂÓBãs#scsS“SSsƒ“–RÓ`­˜Š}˜M˜]ŠÝŠ­˜˜¢ÂÓBãs#ƒƒc“s3cSC#VRÓbÃ’Ã’ÃãÂÓBãs#ƒƒc“s3cSC#VRÓ`­˜]Š­˜‹=‹rÂÓBãs33s“c“CCcvRÓbÃSSbÃ#3ÃãÂÓBãs33s“c“CCcvRÓ`­ŠÝ‹‹RÂÓBãs3#C““cS“#CcƒVRÓbÃSÃCÃãÂÓBãs3#C““cS“#CcƒVRÓ`­Š}˜M˜]Š­‹Š}˜]˜M˜­˜bÂÓBãs3#3ƒƒCssc“sc–RÓbÃ3"Ã2ÃãÂÓBãs3#3ƒƒCssc“sc–RÓ`­˜]˜=˜˜bÂÓBãs3#“cƒ#3SCƒcRÓbÃ’ÃRÃãÂÓBãs3#“cƒ#3SCƒcRÓ`­‹M‹‹Š¢ÂÓBãs3cSscc3ƒS33†RÓbÃ’Ã‚ÃãÂÓBãs3cSscc3ƒS33†RÓ`­Š}˜M˜]˜˜}˜Š˜­˜bÂÓBãs3c“ƒCsƒ3“ScCFRÓbÃÃbÃãÂÓBãs3c“ƒCsƒ3“ScCFRÓ`­Š}˜M˜]ŠíŠ}‹}‹ÂÓBãs3s3C3s#ƒc36RÓbÃCRÃ"ÃãÂÓBãs3s3C3s#ƒc36RÓ`­Š­˜M‹-˜RÂÓBãsC#“ss#3C“ScfRÓbÃÃÃãÂÓBãsC#“ss#3C“ScfRÓ`­Š}˜MŠÝŠ}ŠÍ˜rÂÓBãsCCƒs#Css##vRÓbÃsRÃSÃãÂÓBãsCCƒs#Css##vRÓ`­˜‹=˜­Š­Š}ŠÒÂÓBãsCƒ#sCS“CCƒC3†RÓbÃRÃ2ÃãÂÓBãsCƒ#sCS“CCƒC3†RÓ`­ŠíŠ}˜RÂÓBãsC“c“sƒ#vRÓbÃ#rÃrÃãÂÓBãsC“c“sƒ#vRÓ`­˜˜]‹Šý˜MŠ}Š¢ÂÓBãsSs33S3ƒ3cs“cRÓbÃrÃbÃãÂÓBãsSs33S3ƒ3cs“cRÓ`­˜M˜MŠ­‹˜M˜­˜RÂÓBãsS“S#cc“Cs“fRÓbÃ#“ÃRÃãÂÓBãsS“S#cc“Cs“fRÓ`­Š}ŠíŠ­˜­Š}‹˜­˜rÂÓBãsS3ƒ#Cƒs#csvRÓbÃ’ÃbÃãÂÓBãsS3ƒ#Cƒs#csvRÓ`­˜M˜MŠÍ˜]‹˜­˜rÂÓBãsSS3““ƒ3“ƒƒC3#RÓbÃC’ÃƒRÃãÂÓBãsSS3““ƒ3“ƒƒC3#RÓ`­˜Š}˜MŠ}˜]Š}˜m˜rÂÓBãscCSssƒ“C“CC6RÓbÃRÃBÃãÂÓBãscCSssƒ“C“CC6RÓ`­Š}˜MŠ­Š}Š½˜­‹Š}Š¢ÂÓBãscscc#c3ƒC3–RÓbÃBÃ2ÃãÂÓBãscscc#c3ƒC3–RÓ`­Š˜]ŠrÂÓBãscsƒ3cs3Ss##“VRÓbÃƒ"Ã3crÃãÂÓBãscsƒ3cs3Ss##“VRÓ`­˜Š­‹=˜}˜RÂÓBãsc“cscƒƒSvRÓbÃrÃbÃãÂÓBãsc“cscƒƒSvRÓ`­˜-˜]˜mŠrÂÓBãssc#ƒc“Cssƒ†RÓbÃRÃBÃãÂÓBãssc#ƒc“Cssƒ†RÓ`­˜M˜MŠ}˜mŠ­‹˜mŠ¢ÂÓBãss“c3S#c36RÓbÃC2Ã#ÃãÂÓBãss“c3S#c36RÓ`­Š}˜]˜­‹ÂÓBãss3#3ƒCƒ#ƒ3C“–RÓbÃ3‚ÃS"ÃãÂÓBãss3#3ƒCƒ#ƒ3C“–RÓ`­˜]ŠM˜-Š­˜rÂÓBãss3s“#3sƒccCscFRÓbÃ’ÃrÃãÂÓBãss3s“#3sƒccCscFRÓ`­Š}˜M˜mŠ˜˜¢ÂÓBãsscccs“#c#ƒfRÓbÃbÃbÃãÂÓBãsscccs“#c#ƒfRÓ`­‹=˜­‹=Š}‹Šý˜}ŠrÂÓBãsƒ“##SSƒ3&RÓbÃ2Ã2ÃãÂÓBãsƒ“##SSƒ3&RÓ`­Š­˜‹=˜­‹’ÂÓBãsƒƒ##sS3ccRÓbÃc‚ÃC‚ÃãÂÓBãsƒƒ##sS3ccRÓ`­˜]˜mŠ­Šý˜¢ÂÓBãs“cƒsƒs#c“ƒcVRÓbÃcÃ#’ÃãÂÓBãs“cƒsƒs#c“ƒcVRÓ`­ŠŠ}˜]Š}˜m˜rÂÓBãƒ“SCcƒS3“CvRÓbÃrÃbÃãÂÓBãƒ“SCcƒS3“CvRÓ`­Š}˜M˜]˜mŠ­Šý˜¢ÂÓBãƒ3#s“3ccSc–RÓbÃ“2Ã#rÃãÂÓBãƒ3#s“3ccSc–RÓ`­Š}˜MŠ}‹MŠòÂÓBãƒSCc“ƒ#3SCC“FRÓbÃbÃ2ÃãÂÓBãƒSCc“ƒ#3SCC“FRÓ`­Š‹˜ŠÒÂÓBãƒss33sƒƒCvRÓbÃRÃBÃãÂÓBãƒss33sƒƒCvRÓ`­‹=Š­‹M˜}ŠòÂÓBãƒ“3ƒscƒ###fRÓbÃbÃbÃãÂÓBãƒ“3ƒscƒ###fRÓ`­˜Š}˜M˜]ŠíŠ˜‹-Š}Š¢ÂÓBãƒ3Sc3#SC#ƒ3&RÓbÃBÃBÃãÂÓBãƒ3Sc3#SC#ƒ3&RÓ`­˜ŠŠÝ‹m˜‹ÂÓBãƒ“c“C“ƒC#c3ƒC†RÓbÃBÃBÃãÂÓBãƒ“c“C“ƒC#c3ƒC†RÓ`­˜Š­ŠÝŠ¢ÂÓBãƒ#sc3#“CssS“FRÓbÃrÃRÃãÂÓBãƒ#sc3#“CssS“FRÓ`­Š}˜MŠÍ˜mŠý˜BÂÓBãƒ#Ss3sSCsVRÓbÃ"ÃRÃãÂÓBãƒ#Ss3sSCsVRÓ`­Š­ŠÝ‹]˜­˜BÂÓBãƒ#cSSsƒSCccsVRÓbÃ#ÃrÃãÂÓBãƒ#cSSsƒSCccsVRÓ`­˜­ŠM˜=ŠòÂÓBãƒ#ssSs“#ƒƒƒ#6RÓbÃCbÃ3rÃãÂÓBãƒ#ssSs“#ƒƒƒ#6RÓ`­Š}˜MŠ}‹MŠ}‹˜rÂÓBãƒ#“3ƒSƒCCƒ“#c#vRÓbÃƒÃc2ÃãÂÓBãƒ#“3ƒSƒCCƒ“#c#vRÓ`­Š}˜MŠ­ŠÝ˜‹rÂÓBãƒ3cCc3sƒSs3CVRÓbÃRÃ2ÃãÂÓBãƒ3cCc3sƒSs3CVRÓ`­Š­Š­˜mŠ}˜]˜¢ÂÓBãƒ33C“c3Sss3sC&RÓbÃ2Ã2ÃãÂÓBãƒ33C“c3Sss3sC&RÓ`­˜Š}˜M˜]Š­‹}˜‹Š}Š¢ÂÓBãƒ33C“c3Sss3sC&RÓbÃ2Ã2ÃãÂÓBãƒ33C“c3Sss3sC&RÓ`­˜­˜]Š½˜BÂÓBãƒ3cCƒƒc#ƒ3C3S3CfRÓbÃƒbÃÃãÂÓBãƒ3cCƒƒc#ƒ3C3S3CfRÓ`­Š}‹Š­˜]Š}ŠòÂÓBãƒ3sƒƒc3C““S#†RÓbÃs2ÃCÃãÂÓBãƒ3sƒƒc3C““S#†RÓ`­˜Š}˜M˜]Š}ŠÂÓBãƒC#CSƒ“cƒC3vRÓbÃrÃRÃãÂÓBãƒC#CSƒ“cƒC3vRÓ`­˜M˜‹-Š}‹˜rÂÓBãƒCsS““SCc““SfRÓbÃ#rÃ#"ÃãÂÓBãƒCsS““SCc““SfRÓ`­Š­ŠíŠ­˜M˜ÂÓBãƒCss#s##c&RÓbÃ‚ÃbÃãÂÓBãƒCss#s##c&RÓ`­˜‹˜Š}ŠòÂÓBãƒSƒ#“Sƒ“S“CccVRÓbÃ#"ÃBÃãÂÓBãƒSƒ#“Sƒ“S“CccVRÓ`­Š}˜MŠ}‹=˜]˜mŠ­Š}‹=˜]˜mŠ¢ÂÓBãƒS3#S#Cs“SƒS&RÓbÃ3‚Ã’ÃãÂÓBãƒS3#S#Cs“SƒS&RÓ`­˜MŠ}‹]ŠýŠ}‹ÂÓBãƒSS#Ssc#ƒRÓbÃ3BÃ#ÃãÂÓBãƒSS#Ssc#ƒRÓ`­˜Š}˜M‹M‹˜-˜­˜rÂÓBãƒScCsC#s##VRÓbÃrÃbÃãÂÓBãƒScCsC#s##VRÓ`­Š}˜MŠÝ‹=Š}Š‚ÂÓBãƒScƒSsC#c“FRÓbÃC‚Ã‚ÃãÂÓBãƒScƒSsC#c“FRÓ`­˜Š­ŠÝŠý˜­ŠòÂÓBãƒSs““#SS“ƒVRÓbÃ#ÃsRÃãÂÓBãƒSs““#SS“ƒVRÓ`­˜˜­ŠÍ‹=ŠòÂÓBãƒc3ƒ##C3SCc–RÓbÃ2Ã2ÃãÂÓBãƒc3ƒ##C3SCc–RÓ`­‹‹M‹ÂÓBãƒcc““C“3cƒƒ“fRÓbÃ##bÃ“BÃãÂÓBãƒcc““C“3cƒƒ“fRÓ`­˜ŠíŠ­˜RÂÓBãƒcsSsCc“ƒ#“ƒCvRÓbÃ2Ã2ÃãÂÓBãƒcsSsCc“ƒ#“ƒCvRÓ`­Š}˜MŠ­‹-Š}˜RÂÓBãƒc““SScscs3SVRÓbÃƒ‚ÃS’ÃãÂÓBãƒc““SScscs3SVRÓ`­Š­‹]Š}˜]˜­˜RÂÓBãƒsSsccs3ƒ“ƒSc3VRÓbÃ‚ÃRÃãÂÓBãƒsSsccs3ƒ“ƒSc3VRÓ`­Š}˜M˜]‹-Š}ŠýŠ}˜MŠ­‹­˜­‹Š­‹˜M˜­˜RÂÓBãƒsSƒ“3sC“#c†RÓbÃ#ÃbÃãÂÓBãƒsSƒ“3sC“#c†RÓ`­Š}˜mŠÍŠ}‹-Š}Š­˜}ŠrÂÓBãƒssSc##cSs“ƒVRÓbÃ2Ã2ÃãÂÓBãƒssSc##cSs“ƒVRÓ`­Š}Š½‹ÂÓBãƒsƒ“33##sƒFRÓbÃ#C’ÃC"ÃãÂÓBãƒsƒ“33##sƒFRÓ`­˜˜]‹Š}˜-Š˜rÂÓBãƒƒ3#3SssFRÓbÃBÃ"ÃãÂÓBãƒƒ3#3SssFRÓ`¦öbÂÓBãƒ“CsS#Cƒ####3fRÓbÃ‚ÃbÃãÂÓBãƒ“CsS#Cƒ####3fRÓ`­˜M˜M‹}Š}˜-˜rÂÓBãƒ“Sƒs“cCS#ƒs6RÓbÃCrÃc"ÃãÂÓBãƒ“Sƒs“cCS#ƒs6RÓ`­Š}˜M‹=Š}Š˜-˜rÂÓBãƒ“s#c“3C3ccS“3FRÓbÃ##BÃRÃãÂÓBãƒ“s#c“3C3ccS“3FRÓ`­˜­‹}˜MŠ‚ÂÓBãƒ“scssCƒcScs&RÓbÃ2Ã2ÃãÂÓBãƒ“scssCƒcScs&RÓ`­˜˜]ŠM˜}˜MŠ}Š¢ÂÓBã“#CSƒCs3“#SSFRÓbÃRÃBÃãÂÓBã“#CSƒCs3“#SSFRÓ`­ŠŠ­˜-˜­˜­˜RÂÓBã“3c#s#“““&RÓbÃ2ÃrÃãÂÓBã“3c#s#“““&RÓ`­Š¢ÂÓBã“Ccssƒcƒ&RÓbÃ"Ã‚ÃãÂÓBã“Ccssƒcƒ&RÓ`­Š­˜‹˜˜­˜rÂÓBã“c##cSs#SCcFRÓbÃ#bÃ"ÃãÂÓBã“c##cSs#SCcFRÓ`­Š}˜m˜-‹mŠ}ŠÂÓBã““c33sC““s“sfRÓbÃ’ÃBÃãÂÓBã““c33sC““s“sfRÓ`­˜Š}˜MŠ­Š}˜}˜­˜BÂÓBã“Sc“3VRÓbÃ#bÃrÃãÂÓBã“Sc“3VRÓ`­˜=ŠÍ˜M‹=˜rÂÓBã“Cƒ#S“c#cƒS“ƒcVRÓbÃ3bÃÃãÂÓBã“Cƒ#S“c#cƒS“ƒcVRÓ`­Š}˜MŠ}‹=Š­‹Š}Š­˜­ŠÍ˜­˜rÂÓBã“ccsscs3c““c†RÓbÃ#C"ÃS2ÃãÂÓBã“ccsscs3c““c†RÓ`­˜]˜mŠÒÂÓBã“s##cSSS“3#VRÓbÃSÃ3’ÃãÂÓBã“s##cSSS“3#VRÓ`­˜]˜‹m˜BÂÓBã“ƒ3““““sCCSCRÓbÃ2Ã2ÃãÂÓBã“ƒ3““““sCCSCRÓ`­˜=Ší˜­Š}‹ÂÓBã“ƒ3““““sCCSCRÓbÃ2Ã2ÃãÂÓBã“ƒ3““““sCCSCRÓ`­Š}˜M˜]Š­Š‹˜rÂÓBã“ƒ“C“C#ƒCS#fRÓbÃsbÃ3BÃãÂÓBã“ƒ“C“C#ƒCS#fRÓ`­Š}˜MŠ}˜˜MŠ}˜M˜]˜ŠÍ˜ŠýŠ}Š¢ÂÓBã“##cC#C“ƒCFRÓbÃÃRÃãÂÓBã“##cC#C“ƒCFRÓ`­Š}‹M˜}‹ÂÓBã“#3ƒScS#3#RÓbÃc“Ãc2ÃãÂÓBã“#3ƒScS#3#RÓ`­ŠÍ˜Šý˜rÂÓBã“#cC“#3scscS“&RÓbÃ#rÃƒbÃãÂÓBã“#cC“#3scscS“&RÓ`­Š­Š}Š½‹˜}ŠrÂÓBã“3“#s3#CƒCC†RÓbÃ’Ã’ÃãÂÓBã“3“#s3#CƒCC†RÓ`­˜MŠ}˜M‹Š}Š‚ÂÓBã“3#c““3ƒSƒVRÓbÃRÃ2ÃãÂÓBã“3#c““3ƒSƒVRÓ`­‹=˜]Š}ŠòÂÓBã“3C“scS#s#ccFRÓbÃbÃRÃãÂÓBã“3C“scS#s#ccFRÓ`­Š}˜M˜]ŠÝŠ­˜]˜M˜­˜bÂÓBã“3S“#c3s3Cc3&RÓbÃbÃbÃãÂÓBã“3S“#c3s3Cc3&RÓ`­ŠŠ}˜M˜]ŠÝ˜‹-Š}Š¢ÂÓBã“3cSSSSSSƒSVRÓbÃ2Ã2ÃãÂÓBã“3cSSSSSSƒSVRÓ`­Š­‹]ŠÝ˜­ŠÒÂÓBã“3cs#SSƒƒ“CFRÓbÃ32Ã#‚ÃãÂÓBã“3cs#SSƒƒ“CFRÓ`­‹=˜­ŠŠýŠrÂÓBã“3ƒ#S“#3333sSVRÓbÃ#"Ã’ÃãÂÓBã“3ƒ#S“#3333sSVRÓ`­˜]‹}Š}‹Š}Š¢ÂÓBã“3“##c#“CS“sFRÓbÃ’ÃbÃãÂÓBã“3“##c#“CS“sFRÓ`­Š}˜M˜]‹-Š}ŠýŠ}˜MŠ­‹­˜­‹Š}˜M˜]Š­˜-Šý˜]˜rÂÓBã“C3S“#C3c36RÓbÃ3bÃ2ÃãÂÓBã“C3S“#C3c36RÓ`­ŠŠ}˜M˜˜­Šý˜­˜‚ÂÓBã“CcsscCƒ“C3“–RÓbÃbÃRÃãÂÓBã“CcsscCƒ“C3“–RÓ`­˜}˜mŠ}Š}˜MŠ­‹­˜­‹ÂÓBã“CSƒSScs3#ƒC†RÓbÃBÃBÃãÂÓBã“CSƒSScs3#ƒC†RÓ`­Š}˜M˜]‹-Š}ŠýŠ}˜MŠ­‹­˜­‹Š}˜MŠŠ}ŠÝ˜rÂÓBã“CCƒsCCS““–RÓbÃrÃ‚ÃãÂÓBã“CCƒsCCS““–RÓ`­Š}˜M˜-‹}‹˜¢ÂÓBã“SƒC“ƒ#sc“fRÓbÃRÃÃãÂÓBã“SƒC“ƒ#sc“fRÓ`­˜˜­Šý‹M˜bÂÓBã“Sƒ#s#CSc“###S6RÓbÃBÃBÃãÂÓBã“Sƒ#s#CSc“###S6RÓ`­‹=Š­‹Š­˜]ŠòÂÓBã“S““cS3s“#“ƒ3ƒVRÓbÃ2Ã2ÃãÂÓBã“S““cS3s“#“ƒ3ƒVRÓ`­˜ŠÝ˜Š}˜M˜¢ÂÓBã“cCsƒcƒCCS#cSFRÓbÃ2Ã2ÃãÂÓBã“cCsƒcƒCCS#cSFRÓ`­Š}˜M˜]˜˜MŠýŠ}Š¢ÂÓBã“ss“33C““CRÓbÃbÃbÃãÂÓBã“ss“33C““CRÓ`­‹-Š}ŠýŠ¢ÂÓBã“s“CƒCs““CfRÓbÃsRÃC2ÃãÂÓBã“s“CƒCs““CfRÓ`­Š}˜MŠÍ‹Š˜‹’ÂÓBã“s3ccCƒ#sC“3VRÓbÃC‚Ã#rÃãÂÓBã“s3ccCƒ#sC“3VRÓ`­˜}˜]ŠrÂÓBã“s3s“#333ƒƒSƒ&RÓbÃ#‚ÃrÃãÂÓBã“s3s“#333ƒƒSƒ&RÓ`­‹˜]˜MŠ}Šm˜}ŠrÂÓBã“scƒ3“#ƒƒ3S&RÓbÃ#bÃ#"ÃãÂÓBã“scƒ3“#ƒƒ3S&RÓ`­˜Š}ŠÍ˜]Š}˜M˜¢ÂÓBã“sss#sSc3cSS“3FRÓbÃÃÃãÂÓBã“sss#sSc3cSS“3FRÓ`­Š}˜M˜]ŠÝŠ}‹=Š˜rÂÓBã“s“Cƒ#“Cc##SFRÓbÃ#’Ã’ÃãÂÓBã“s“Cƒ#“Cc##SFRÓ`­Š˜]˜ŠÍ˜ŠýŠ}Š¢ÂÓBã“ƒƒCcƒƒ#cSfRÓbÃ2Ã"ÃãÂÓBã“ƒƒCcƒƒ#cSfRÓ`­Š}˜M˜Š­‹˜}Š}˜MŠ}˜­‹Š}ŠýŠ}Š­Š}˜M˜m˜]˜Š}˜M˜]˜-Š}‹˜bÂÓBã“ƒ#Cs#sC3Scƒ“S6RÓbÃ2Ã2ÃãÂÓBã“ƒ#Cs#sC3Scƒ“S6RÓ`­˜]˜­˜=Š}˜m˜­˜=˜­ŠrÂÓBã““CS“ƒ#“RÓbÃ‚ÃRÃãÂÓBã““CS“ƒ#“RÓ`­Š­‹=Š}‹ŠòÂÓBã“““ƒ3ƒs“ƒcvRÓbÃ#bÃ#2ÃãÂÓBã“““ƒ3ƒs“ƒcvRÓ`­Š}˜M‹‹M‹˜­˜bÂÓBã““S3“#cƒ#3ƒCRÓbÃcRÃ#"ÃãÂÓBã““S3“#cƒ#3ƒCRÓ`­ŠÍ˜Š}Šm‹"ÂÓBã““c#3CC“#cƒ#fRÓbÃ#ÃBÃãÂÓBã““c#3CC“#cƒ#fRÓ`­˜}˜˜­Š­˜mŠrÂÓBã““ssSSsƒ#S“Cƒ“–RÓbÃbÃRÃãÂÓBã““ssSSsƒ#S“Cƒ“–RÓ`­ŠýŠ}˜ŠòÂÓBã““sƒcS#Cs33S“CsVRÓbÃƒ"Ã#bÃãÂÓBã““sƒcS#Cs33S“CsVRÓ`­ŠŠ}Š½‹ÂÓBã““ƒƒsƒCsS“ƒvRÓbÃbÃÃãÂÓBã““ƒƒsƒCsS“ƒvRÓ`­˜Š}‹rÂÓBã“““c“#SCS–RÓbÃ#BÃ’ÃãÂÓBã“““c“#SCS–RÓ`­˜Š}‹=˜}Š}˜]Š}Š­˜rÂÓRãCC“#SCsC#–RÓbÃ2Ã2ÃãÂÓRãCC“#SCsC#–RÓ`­˜-Š}˜m˜˜m˜¢ÂÓRã#3csc#s#CcVRÓbÃÃÃãÂÓRã#3csc#s#CcVRÓ`­˜]ŠÝŠ}˜‹˜}˜RÂÓRã#cƒ“Ccc#–RÓbÃbÃBÃãÂÓRã#cƒ“Ccc#–RÓ`­Š}˜­˜˜˜m˜­˜2ÂÓRãsScSS3CSƒCVRÓbÃBÃBÃãÂÓRãsScSS3CSƒCVRÓ`­‹­˜­Š}‹ÂÓRãssc“SCScSSCVRÓbÃBÃBÃãÂÓRãssc“SCScSSCVRÓ`­˜­˜mŠ­˜}˜¢ÂÓRãCcSC##ssƒVRÓbÃ#ÃRÃãÂÓRãCcSC##ssƒVRÓ`­Š­˜‹}˜­˜bÂÓRã#s#ƒs33ssSƒƒVRÓbÃ#"ÃcrÃãÂÓRã#s#ƒs33ssSƒƒVRÓ`­Š}˜M˜]˜m‹]‹˜RÂÓRã##“3CƒCs3ssfRÓbÃ"ÃÃãÂÓRã##“3CƒCs3ssfRÓ`­˜-‹‹RÂÓRã3s“““ƒSƒ3RÓbÃrÃ2ÃãÂÓRã3s“““ƒSƒ3RÓ`­˜MŠ­‹‹-˜­‹"ÂÓRã33“#Cs“3–RÓbÃc‚ÃBÃãÂÓRã33“#Cs“3–RÓ`­‹=‹˜Šý˜rÂÓRã3#ƒSSS“cc3“VRÓbÃRÃ2ÃãÂÓRã3#ƒSSS“cc3“VRÓ`­˜Š}˜M‹‹=˜RÂÓRã3cƒƒSc““6RÓbÃ#"ÃrÃãÂÓRã3cƒƒSc““6RÓ`­Š}˜M‹]‹­˜­‹˜rÂÓRã3“S“c“#SCƒCƒVRÓbÃSƒBÃ’ÃãÂÓRã3“S“c“#SCƒCƒVRÓ`­Š}˜MŠÝ˜-˜M˜­˜rÂÓRã3“3ƒƒ#““c#fRÓbÃ2Ã2ÃãÂÓRã3“3ƒƒ#““c#fRÓ`­Š}˜MŠ}˜˜MŠ}˜M‹Š‹’ÂÓRãCƒ3sC#sƒ#c&RÓbÃS2ÃcBÃãÂÓRãCƒ3sC#sƒ#c&RÓ`­Š­˜]Š½˜­˜BÂÓRãC3ƒ“c3sSc“RÓbÃ2Ã2ÃãÂÓRãC3ƒ“c3sSc“RÓ`­˜‹=‹˜rÂÓRãCscƒcs“#“ss“FRÓbÃbÃRÃãÂÓRãCscƒcs“#“ss“FRÓ`­ŠÝ˜˜BÂÓRãS#scsS3S##ƒ#RÓbÃC#"Ã“rÃãÂÓRãS#scsS3S##ƒ#RÓ`­˜˜]‹MŠ}‹˜=˜rÂÓRãSSƒ3sSƒƒ#fRÓbÃ#2Ã‚ÃãÂÓRãSSƒ3sSƒƒ#fRÓ`­Š}˜M˜]ŠÍŠ­˜]‹Š}Š¢ÂÓRãc#SS“Sc3ƒCFRÓbÃBÃ‚ÃãÂÓRãc#SS“Sc3ƒCFRÓ`­˜]˜m‹]Š‚ÂÓRãcC“3csC3#6RÓbÃSÃS’ÃãÂÓRãcC“3csC3#6RÓ`­Š}˜MŠ­˜‹-˜­‹’ÂÓRãcC3#c#S#SsVRÓbÃCƒ‚ÃSRÃãÂÓRãcC3#c#S#SsVRÓ`­˜M‹M‹˜=Š­˜¢ÂÓRãcSc#3SsƒCƒCVRÓbÃ’Ã2ÃãÂÓRãcSc#3SsƒCƒCVRÓ`­Š­‹Š}ŠÍ‹’ÂÓRãcƒcSƒ##ƒs“SSfRÓbÃ“sBÃCC2ÃãÂÓRãcƒcSƒ##ƒs“SSfRÓ`­Š}˜M‹=ŠŠ‚ÂÓRãscc#3##CcsFRÓbÃ"ÃÃãÂÓRãscc#3##CcsFRÓ`­Š}˜MŠÝ‹‹ÂÓRãs“cƒ3SC3CfRÓbÃ"ÃÃãÂÓRãs“cƒ3SC3CfRÓ`­Š}˜MŠ­‹Š}ŠÍ‹’ÂÓRãs3ƒcSS33ƒ#““CRÓbÃSÃ3RÃãÂÓRãs3ƒcSS33ƒ#““CRÓ`­˜]‹-˜­ŠýŠrÂÓRãsCs3cS3#ƒSsS&RÓbÃ#"Ã‚ÃãÂÓRãsCs3cS3#ƒSsS&RÓ`­Š­ŠíŠ­Š}‹ÂÓRãsS#sSsƒ3SSSc“RÓbÃ2Ã2ÃãÂÓRãsS#sSsƒ3SSSc“RÓ`­Š}˜M‹=˜­Šý˜rÂÓRãssSCCCsSc“#6RÓbÃCÃ’ÃãÂÓRãssSCCCsSc“#6RÓ`­ŠŠ}‹Š}Šý˜rÂÓRãƒS“c“c“S#ScvRÓbÃ#rÃrÃãÂÓRãƒS“c“c“S#ScvRÓ`­‹=˜­˜]ŠrÂÓRãƒsƒ3cC3#ƒCfRÓbÃSRÃCBÃãÂÓRãƒsƒ3cC3#ƒCfRÓ`­Š˜mŠ¢ÂÓRãƒsƒC3C#s###vRÓbÃC"Ã#2ÃãÂÓRãƒsƒC3C#s###vRÓ`­‹=Š­Šý‹˜RÂÓRã“ScCcss#C3“†RÓbÃ"ÃÃãÂÓRã“ScCcss#C3“†RÓ`­ŠÝ˜-˜˜"ÂÓRã“sSc#cSCS#CƒFRÓbÃ“#RÃc#rÃãÂÓRã“sSc#cSCS#CƒFRÓ`­˜-‹‹ŠrÂÓRã““SSc“#c#†RÓbÃ"Ã‚ÃãÂÓRã““SSc“#c#†RÓ`­Š}˜M˜]Š­‹-Š}˜­Šý˜rÂÓRã““ssCsƒ““sS6RÓbÃ’Ã’ÃãÂÓRã““ssCsƒ““sS6RÓ`­˜Š}˜bÂÓRãs3SCscc#3cfRÓbÃ#“RÃsbÃãÂÓRãs3SCscc#3cfRÓ`­‹Š}˜m˜­ŠrÂÓRã“C#3ƒ“#CCS–RÓbÃÃRÃãÂÓRã“C#3ƒ“#CCS–RÓ`­˜m‹MŠ}‹ÂÓRã“C#3ƒ“#CCS–RÓbÃÃRÃãÂÓRã“C#3ƒ“#CCS–RÓ`­Š}˜M˜]‹=Š­˜}Šý˜ÂÓRã#sƒ“ƒ#cC#RÓbÃS“2Ã#3‚ÃãÂÓRã#sƒ“ƒ#cC#RÓ`­‹-ŠŠ}Šm˜m˜mŠrÂÓRã#sCS#SƒSSRÓbÃBÃBÃãÂÓRã#sCS#SƒSSRÓ`­‹=Š­Š}˜mŠý‹ŠòÂÓRã3#S3C#C“33fRÓbÃS’Ã#2ÃãÂÓRã3#S3C#C“33fRÓ`­˜Š}‹˜-˜rÂÓRã3“ƒSSCCs“†RÓbÃbÃbÃãÂÓRã3“ƒSSCCs“†RÓ`­Š}˜MŠÍŠýŠòÂÓRãC“#C3“ƒcVRÓbÃ#2ÃrÃãÂÓRãC“#C3“ƒcVRÓ`­˜=˜MŠ­ŠrÂÓRãƒSsƒSsCSSs†RÓbÃ‚ÃrÃãÂÓRãƒSsƒSsCSSs†RÓ`­˜­˜Š}˜=Š‚ÂÓRãƒ#3CCSƒCsSfRÓbÃbÃbÃãÂÓRãƒ#3CCSƒCsSfRÓ`­Š‹‹bÂÓRãƒsCs#“CƒS&RÓbÃSCBÃ#RÃãÂÓRãƒsCs#“CƒS&RÓ`­˜-Š}Šý˜rÂÓRã###s“SCCƒ#S&RÓbÃCÃ#rÃãÂÓRã###s“SCCƒ#S&RÓ`­˜MŠ­ŠÝ˜M˜­˜rÂÓRã#“S#S3ƒ3“6RÓbÃRÃÃãÂÓRã#“S#S3ƒ3“6RÓ`­ŠŠ}˜MŠý˜˜MŠ}‹ÂÓRã#“ƒƒCƒƒƒSSSfRÓbÃC‚Ã#BÃãÂÓRã#“ƒƒCƒƒƒSSSfRÓ`­Š}˜­ŠÍŠ}‹ÂÓRã3#cƒ“3Sccƒ3FRÓbÃ"ÃbÃãÂÓRã3#cƒ“3Sccƒ3FRÓ`­˜Š}˜M‹=˜˜"ÂÓRã3#sssCss“3s3&RÓbÃ2Ã"ÃãÂÓRã3#sssCss“3s3&RÓ`­˜M˜M˜}˜Š}Š­˜ÂÓRã3ƒ“S#Ss“s“SfRÓbÃBÃBÃãÂÓRã3ƒ“S#Ss“s“SfRÓ`­Š}ŠíŠ­˜MŠ}˜ÂÓRã3“c#CcƒSsC#VRÓbÃ3rÃ#2ÃãÂÓRã3“c#CcƒSsC#VRÓ`­Š}˜­‹Š}ŠýŠ}Š­˜}ŠrÂÓRãC#cƒC#s3“sc†RÓbÃCrÃ#ÃãÂÓRãC#cƒC#s3“sc†RÓ`­˜MŠ‹Š}˜]ŠÂÂÓRãC3“SS#SsC“s#vRÓbÃÃ’ÃãÂÓRãC3“SS#SsC“s#vRÓ`­Š}˜M˜]‹Š}ŠŠÝ˜rÂÓRãCCc#sSSc“c3ƒcVRÓbÃ#2ÃrÃãÂÓRãCCc#sSSc“c3ƒcVRÓ`­˜M˜mŠ}ŠmŠ‚ÂÓRãCSsCss33Cs†RÓbÃÃBÃãÂÓRãCSsCss33Cs†RÓ`­Š}˜M˜}˜­Šý‹˜˜=‹Š˜˜m˜­˜rÂÓRãCcc#ƒ#sƒƒƒcSFRÓbÃ#BÃ2ÃãÂÓRãCcc#ƒ#sƒƒƒcSFRÓ`­Š}˜mŠ­‹˜=˜˜mŠ­˜m˜mŠ­Š}˜BÂÓRãCccS“3“s–RÓbÃ2Ã2ÃãÂÓRãCccS“3“s–RÓ`­Š­ŠM˜}˜M˜}ŠrÂÓRãCƒc3#C““C“vRÓbÃBÃBÃãÂÓRãCƒc3#C““C“vRÓ`­Š}ŠÝŠ­˜­Š}‹}˜¢ÂÓRãSS3s#c“ƒsƒ†RÓbÃ#rÃÃãÂÓRãSS3s#c“ƒsƒ†RÓ`­˜MŠ­˜]˜=˜­˜bÂÓRãSS“c3“C#ƒS“#C†RÓbÃc2ÃSRÃãÂÓRãSS“c3“C#ƒS“#C†RÓ`­ŠÝŠ}ŠÍ˜rÂÓRãSsƒ#“SƒScCfRÓbÃ#‚Ã#"ÃãÂÓRãSsƒ#“SƒScCfRÓ`­˜­Š­‹Š}˜]˜BÂÓRãc#33s3ƒ““C3#s&RÓbÃrÃrÃãÂÓRãc#33s3ƒ““C3#s&RÓ`­˜M˜MŠý˜Š}ŠÍ˜bÂÓRãcCs“S“S“#sCƒfRÓbÃBÃBÃãÂÓRãcCs“S“S“#sCƒfRÓ`­Š}˜M˜]‹]Š}˜MŠÒÂÓRãc“ƒ###ƒsSsƒ“vRÓbÃ#’Ã#ÃãÂÓRãc“ƒ###ƒsSsƒ“vRÓ`­˜Š}˜M˜]ŠŠ}‹˜rÂÓRãs#3“ƒ“sSS#“sVRÓbÃ’ÃBÃãÂÓRãs#3“ƒ“sSS#“sVRÓ`­˜­‹˜M˜bÂÓRãsS“ƒs“s“sScVRÓbÃ#RÃƒ2ÃãÂÓRãsS“ƒs“s“sScVRÓ`­˜Š}˜M˜˜MŠ}ŠÂÓRãscSc#Sƒs3SƒC†RÓbÃRÃBÃãÂÓRãscSc#Sƒs3SƒC†RÓ`­Š}˜M˜]‹˜˜-˜rÂÓRãs“3“#C#CcC#“3FRÓbÃBÃÃãÂÓRãs“3“#C#CcC#“3FRÓ`­˜M˜M˜]‹Š}ŠÝ˜BÂÓRãƒ“SsSƒSC&RÓbÃrÃBÃãÂÓRãƒ“SsSƒSC&RÓ`­‹]˜MŠ}ŠÝ˜­˜rÂÓRãƒcS#3sƒC““3–RÓbÃ‚ÃbÃãÂÓRãƒcS#3sƒC““3–RÓ`­‹]˜]˜RÂÓRãƒ“S3#ƒƒc3sCCƒ–RÓbÃÃrÃãÂÓRãƒ“S3#ƒƒc3sCCƒ–RÓ`­Š}‹=˜}˜]ŠrÂÓRã“ƒcSƒƒssƒsFRÓbÃ#2Ã2ÃãÂÓRã“ƒcSƒƒssƒsFRÓ`­˜Š}˜M‹=˜M˜ÂÓRã““Cƒ“ƒcƒcC#ƒ6RÓbÃ32Ã32ÃãÂÓRã““Cƒ“ƒcƒcC#ƒ6RÓ`­Š}˜M˜-˜Š}Šm˜RÂÓRã“#33S“““#cFRÓbÃ#3rÃ#BÃãÂÓRã“#33S“““#cFRÓ`­Š}˜M˜˜­‹-˜­Š}Šm˜­˜rÂÓRã“C“CCcsƒSVRÓbÃ2Ã2ÃãÂÓRã“C“CCcsƒSVRÓ`­˜Š}˜MŠ½˜‹˜rÂÓRã“sSss3““s#“VRÓbÃ2Ã2ÃãÂÓRã“sSss3““s#“VRÓ`­ŠŠ}˜MŠ‹˜mŠ}˜]ŠÂÂÓRã““3cC#CCSC“vRÓbÃ’ÃbÃãÂÓRã““3cC#CCSC“vRÓ`­‹]˜Š¢ÂÓRã#ƒ#Sƒƒƒ##6RÓbÃ2Ã2ÃãÂÓRã#ƒ#Sƒƒƒ##6RÓ`­Š}˜MŠí˜­˜BÂÓRã#SC3“CCS“sScfRÓbÃbÃÃãÂÓRã#SC3“CCS“sScfRÓ`­˜MŠ­˜m˜]˜­˜rÂÓRã#sCCscc#“#sfRÓbÃ3’Ã3ÃãÂÓRã#sCCscc#“#sfRÓ`­ŠŠ}˜M‹M‹˜=˜rÂÓRã#“ƒcCCSC#S#CVRÓbÃ#rÃƒ’ÃãÂÓRã#“ƒcCCSC#S#CVRÓ`­Š}˜M‹Š}˜]˜­˜bÂÓRã#“ƒ“csS##“C†RÓbÃ#’Ã#ÃãÂÓRã#“ƒ“csS##“C†RÓ`­Š}˜MŠÍ˜}Š­˜­˜bÂÓRã#cSSSc3ƒvRÓbÃ2Ã2ÃãÂÓRã#cSSSc3ƒvRÓ`­˜­Š­˜MŠ}Š˜RÂÓRã#“s3SƒS3sSVRÓbÃRÃRÃãÂÓRã#“s3SƒS3sSVRÓ`­˜-‹=˜RÂÓRã#C#SS3#“Ss3ƒ6RÓbÃ#rÃ#ÃãÂÓRã#C#SS3#“Ss3ƒ6RÓ`­Š}˜M˜]Š­‹Š½‹˜rÂÓRã#cSScƒc#SS#vRÓbÃc’Ã#ÃãÂÓRã#cSScƒc#SS#vRÓ`­˜Š­‹=Š}˜}˜RÂÓRã#“ƒsƒs“csCS“VRÓbÃBÃ2ÃãÂÓRã#“ƒsƒs“csCS“VRÓ`­Š}˜M˜-˜¢ÂÓRã##cC#S“ƒCScFRÓbÃrÃrÃãÂÓRã##cC#S“ƒCScFRÓ`­Š}˜M‹‹=˜]˜¢ÂÓRã##CƒC“SCcƒ“sVRÓbÃ“"Ãs"ÃãÂÓRã##CƒC“SCcƒ“sVRÓ`­˜M˜MŠ}˜mŠ­˜}Š}ŠÂÓRã##“#SscCc“ƒ36RÓbÃbÃ2ÃãÂÓRã##“#SscCc“ƒ36RÓ`­Š}˜MŠ}Ší‹˜­˜bÂÓRã#33SSc#“3S6RÓbÃrÃRÃãÂÓRã#33SSc#“3S6RÓ`­˜Š}˜MŠ}Ší‹˜¢ÂÓRã#3CSsƒcCCccs–RÓbÃBÃBÃãÂÓRã#3CSsƒcCCccs–RÓ`­Š}˜M‹]Š}˜˜­˜}Š}˜MŠ­‹­˜­‹ÂÓRã#C33ƒs3“ƒS““fRÓbÃ‚ÃrÃãÂÓRã#C33ƒs3“ƒS““fRÓ`­Š}˜M‹˜ŠýŠ}˜bÂÓRã#CS#“ƒƒ##s#ƒ3†RÓbÃBÃBÃãÂÓRã#CS#“ƒƒ##s#ƒ3†RÓ`­‹=Š}‹Š}Š¢ÂÓRã#CSSƒ#““ƒƒƒ3S†RÓbÃC"Ã#rÃãÂÓRã#CSSƒ#““ƒƒƒ3S†RÓ`­˜Š}Š­‹=Š}Š‚ÂÓRã#CcSSƒ3“cƒsSVRÓbÃBÃBÃãÂÓRã#CcSSƒ3“cƒsSVRÓ`­Š}˜M˜m‹Š}˜]˜¢ÂÓRã#Sƒs#“SƒfRÓbÃ"Ã‚ÃãÂÓRã#Sƒs#“SƒfRÓ`­ŠŠ}˜MŠ}‹=Š­ŠýŠ}˜]˜rÂÓRã#S3“sS#3†RÓbÃBÃ2ÃãÂÓRã#S3“sS#3†RÓ`­˜M˜MŠ}˜m‹˜]˜rÂÓRã#Sscƒ“#3ƒ“C†RÓbÃ32Ã#2ÃãÂÓRã#Sscƒ“#3ƒ“C†RÓ`­˜Š}˜M˜]Š}˜M˜­˜rÂÓRã#c#“3ƒCƒ3ccFRÓbÃSRÃ3’ÃãÂÓRã#c#“3ƒCƒ3ccFRÓ`­˜˜]ŠÍ˜M‹2ÂÓRã#c3##CcƒC3cƒs†RÓbÃ‚ÃBÃãÂÓRã#c3##CcƒC3cƒs†RÓ`­Š}˜M‹=Š}Šý˜rÂÓRã#cSCƒcsƒS3“3VRÓbÃ“RÃcRÃãÂÓRã#cSCƒcsƒS3“3VRÓ`­Š}˜=˜]Š}˜BÂÓRã#ccC3sCCc“VRÓbÃ#RÃ#ÃãÂÓRã#ccC3sCCc“VRÓ`­˜Š}‹=Š­ŠíŠýŠ}˜]˜}ŠrÂÓRã#cƒ3s#ƒc“s3ƒ6RÓbÃ"Ã‚ÃãÂÓRã#cƒ3s#ƒc“s3ƒ6RÓ`­˜Š˜Š­‹˜rÂÓRã#c“3##CCƒ#CCvRÓbÃ2Ã2ÃãÂÓRã#c“3##CCƒ#CCvRÓ`­Š}˜MŠÍ˜}ŠòÂÓRã#sƒS“Ss#ƒ6RÓbÃSbÃ3ÃãÂÓRã#sƒS“Ss#ƒ6RÓ`­Š}‹­‹Š}˜"ÂÓRã#sCs3ƒƒ#ƒC#&RÓbÃÃBÃãÂÓRã#sCs3ƒƒ#ƒC#&RÓ`­˜M˜‹m‹’ÂÓRã#scSƒ##s“3#CcƒRÓbÃÃÃãÂÓRã#scSƒ##s“3#CcƒRÓ`­Š­˜˜‹˜}ŠrÂÓRã#sccSCS#“C“RÓbÃbÃbÃãÂÓRã#sccSCS#“C“RÓ`­˜‹-˜­˜bÂÓRã#ss#SƒC33S#cSVRÓbÃ#2ÃBÃãÂÓRã#ss#SƒC33S#cSVRÓ`­˜]˜Š}˜-‹’ÂÓRã#sƒƒƒsC#c#cfRÓbÃS’ÃCÃãÂÓRã#sƒƒƒsC#c#cfRÓ`­˜­‹Š}‹=˜}ŠrÂÓRã#sƒC“Sƒ#3sC6RÓbÃbÃBÃãÂÓRã#sƒC“Sƒ#3sC6RÓ`­Šý˜‹˜mŠrÂÓRã#sƒƒƒCcƒc““6RÓbÃRÃBÃãÂÓRã#sƒƒƒCcƒc““6RÓ`­˜M˜MŠý˜Š}‹’ÂÓRã#ƒS#3c“CcsSfRÓbÃRÃ2ÃãÂÓRã#ƒS#3c“CcsSfRÓ`­Š­Š­‹Š}˜ŠÒÂÓRã#“##“ƒC“#sCCFRÓbÃS2Ã3’ÃãÂÓRã#“##“ƒC“#sCCFRÓ`­Š­‹m˜]˜m˜rÂÓRã#“#S“Sƒsc#C–RÓbÃ’Ã’ÃãÂÓRã#“#S“Sƒsc#C–RÓ`­˜‹m‹’ÂÓRã#“#cSsƒss“ƒ&RÓbÃ##2Ã"ÃãÂÓRã#“#cSsƒss“ƒ&RÓ`­‹=˜­‹‹-‹"ÂÓRã#“3#C“c“cs#SfRÓbÃ’Ã’ÃãÂÓRã#“3#C“c“cs#SfRÓ`­Š}˜M˜]‹=˜­‹˜rÂÓRã#“S“S#ƒ33S3vRÓbÃRÃRÃãÂÓRã#“S“S#ƒ33S3vRÓ`­˜Š­˜m˜-˜­˜rÂÓRã#“Ss#3Sc#s3†RÓbÃbÃRÃãÂÓRã#“Ss#3Sc#s3†RÓ`­Š}˜MŠ­˜-˜m˜­Š}Š¢ÂÓRã3““CccCcƒ3VRÓbÃ3‚ÃÃãÂÓRã3““CccCcƒ3VRÓ`­Š}˜M‹-˜­Š}‹Š}Š¢ÂÓRã3ƒ3ƒ“SscC#FRÓbÃrÃBÃãÂÓRã3ƒ3ƒ“SscC#FRÓ`­˜]‹=ŠM˜˜M˜­Š­˜rÂÓRã3c#Cƒ3SCSCvRÓbÃBÃBÃãÂÓRã3c#Cƒ3SCSCvRÓ`­˜=˜]˜=Š}˜Š}Š¢ÂÓRã3C3cC3S3CƒƒC–RÓbÃÃrÃãÂÓRã3C3cC3S3CƒƒC–RÓ`­˜Š­˜-‹˜­‹ÂÓRã3cƒ3sƒ“ƒss“3FRÓbÃrÃrÃãÂÓRã3cƒ3sƒ“ƒss“3FRÓ`­˜­Š­˜mŠ}‹=Š‚ÂÓRã3ss#“sCSvRÓbÃ3bÃ#bÃãÂÓRã3ss#“sCSvRÓ`­˜=Š}Š˜­Š­Š}˜BÂÓRã3#cƒ“#ssSs#ƒfRÓbÃ“CÃ#"ÃãÂÓRã3#cƒ“#ssSs#ƒfRÓ`­˜-˜­Š}Šý˜rÂÓRã3#ƒƒssccƒs#†RÓbÃ#’Ã#2ÃãÂÓRã3#ƒƒssccƒs#†RÓ`­˜m˜-˜MŠ­˜rÂÓRã33SC33333c#3#SVRÓbÃ#ÃBÃãÂÓRã33SC33333c#3#SVRÓ`­˜˜­˜mŠ}˜­‹ÂÓRã33ƒ#c3ƒCS“&RÓbÃRÃBÃãÂÓRã33ƒ#c3ƒCS“&RÓ`­˜ŠÝ‹=Š}ŠŠ}Š­˜}ŠrÂÓRã33cs3ƒ“ƒƒ&RÓbÃ2Ã2ÃãÂÓRã33cs3ƒ“ƒƒ&RÓ`­˜M‹˜­Š}Šý˜rÂÓRã33CCcCsCCC3cƒ†RÓbÃÃbÃãÂÓRã33CCcCsCCC3cƒ†RÓ`­˜Š}˜M˜]‹MŠ­‹˜¢ÂÓRã3CS#3“CCsc“RÓbÃbÃBÃãÂÓRã3CS#3“CCsc“RÓ`­˜M˜MŠ}˜M‹Š}Š‚ÂÓRã3CS3SCC#ƒ“cC†RÓbÃrÃRÃãÂÓRã3CS3SCC#ƒ“cC†RÓ`­˜˜]˜mŠÒÂÓRã3S33S#“sSfRÓbÃbÃBÃãÂÓRã3S33S#“sSfRÓ`­˜Š}˜M‹Š}Š‹’ÂÓRã3SC“C3C““Cs–RÓbÃsÃCBÃãÂÓRã3SC“C3C““Cs–RÓ`­˜M˜MŠ­‹=ŠÍ˜­˜BÂÓRã3S““3SsC#3S6RÓbÃÃ’ÃãÂÓRã3S““3SsC#3S6RÓ`­Š}˜m˜}ŠrÂÓRã3cƒC““3cSs3#–RÓbÃƒƒÃCÃãÂÓRã3cƒC““3cSs3#–RÓ`­Š}˜MŠ}˜­ŠÍŠ}Š˜­˜rÂÓRã3cƒ3#ƒsƒSCC336RÓbÃ“ÃSRÃãÂÓRã3cƒ3#ƒsƒSCC336RÓ`­‹=˜­˜=˜‚ÂÓRã3sCS#s#scssƒ†RÓbÃƒBÃ2ÃãÂÓRã3sCS#s#scssƒ†RÓ`­ŠŠ}‹=Š­˜-Š}˜MŠ­˜rÂÓRã3sC33Cc“scs“3“RÓbÃ’Ã‚ÃãÂÓRã3sC33Cc“scs“3“RÓ`­ŠŠ}˜M˜-˜­˜RÂÓRã3sSSCc“cƒ“33FRÓbÃRÃRÃãÂÓRã3sSSCc“cƒ“33FRÓ`­Š}˜M˜]‹Š­˜]Šý˜rÂÓRã3ss3s#S“#“#ƒ6RÓbÃc’ÃCÃãÂÓRã3ss3s#S“#“#ƒ6RÓ`­˜Š}˜M˜]Š­ŠÍŠýŠý˜rÂÓRã3“Cƒc“3“c““sFRÓbÃRÃBÃãÂÓRã3“Cƒc“3“c““sFRÓ`­Š}‹=Š­˜}˜MŠ}˜2ÂÓRã3“cCƒ“cC“c–RÓbÃ#ÃƒÃãÂÓRã3“cCƒ“cC“c–RÓ`­‹˜Š}˜]˜BÂÓRã3“cC“cscƒC#3†RÓbÃƒÃCÃãÂÓRã3“cC“cscƒC#3†RÓ`­Š­Š­˜RÂÓRã3“cS3#C#S#SsVRÓbÃƒ2ÃCÃãÂÓRã3“cS3#C#S#SsVRÓ`­˜M˜MŠ}‹MŠ­‹Š}‹}Š}Š¢ÂÓRã3““CcCss#c“s3VRÓbÃ2Ã2ÃãÂÓRã3““CcCss#c“s3VRÓ`­˜˜m‹Š}˜RÂÓRã3““sƒ“ƒ#ƒc#Sc†RÓbÃ’ÃbÃãÂÓRã3““sƒ“ƒ#ƒc#Sc†RÓ`­˜­‹=Š}˜˜¢ÂÓRãCSsc3ƒ“3#“VRÓbÃ3ÃrÃãÂÓRãCSsc3ƒ“3#“VRÓ`­Š­‹‹}˜¢ÂÓRãC“C“CC“†RÓbÃbÃBÃãÂÓRãC“C“CC“†RÓ`­ŠŠ}˜M‹˜­Š}‹bÂÓRãCScCSSƒc3cc#SFRÓbÃ“bÃcbÃãÂÓRãCScCSSƒc3cc#SFRÓ`­Š}˜M˜}˜­Šm˜rÂÓRãCƒC33#“sC3SSC–RÓbÃcc"Ã#"ÃãÂÓRãCƒC33#“sC3SSC–RÓ`­˜]‹]‹ÂÓRãC3##C#CC“s#vRÓbÃ3ÃCÃãÂÓRãC3##C#CC“s#vRÓ`­Š}˜MŠ}‹=Š}‹=˜¢ÂÓRãC3C3Scc“cCsFRÓbÃc’Ãs’ÃãÂÓRãC3C3Scc“cCsFRÓ`­Š}ŠÝŠ­‹Š}˜˜­˜rÂÓRãC#ssC“c3#Cs#fRÓbÃrÃrÃãÂÓRãC#ssC“c3#Cs#fRÓ`­ŠŠ}‹‹-ŠrÂÓRãC###ƒ#3“sSs“fRÓbÃbÃRÃãÂÓRãC###ƒ#3“sSs“fRÓ`­Š}˜MŠ­‹]˜m˜­‹˜­˜rÂÓRãC#“#ƒs“3C#C“RÓbÃRÃRÃãÂÓRãC#“#ƒs“3C#C“RÓ`­Š}˜MŠ}‹Š­˜]Š}Šý˜­˜rÂÓRãC#3##““S“C3cƒsFRÓbÃ3RÃ#RÃãÂÓRãC#3##““S“C3cƒsFRÓ`¦7‚ÂÓRãC#SC#“S3ƒS“ƒ“RÓbÃ"Ã"ÃãÂÓRãC#SC#“S3ƒS“ƒ“RÓ`­Š}˜M‹˜]˜BÂÓRãC#ƒC3S“CSs“#fRÓbÃSc‚Ã#cbÃãÂÓRãC#ƒC3S“CSs“#fRÓ`­Š}˜M˜]‹-Š}ŠýŠ}˜MŠ­‹­˜­‹‹=Š˜=˜­˜RÂÓRãC#ƒƒ#c#“3s“S#CCVRÓbÃRÃBÃãÂÓRãC#ƒƒ#c#“3s“S#CCVRÓ`­Š}˜MŠý‹­˜­Š½‹ÂÓRãC#“ƒ#3““3sƒ#“FRÓbÃRÃ2ÃãÂÓRãC#“ƒ#3““3sƒ#“FRÓ`­˜˜-Š}˜MŠ¢ÂÓRãC33ƒ“cS3Ccs#&RÓbÃSsRÃ3CÃãÂÓRãC33ƒ“cS3Ccs#&RÓ`­ŠŠÝŠòÂÓRãC33sCssƒSƒvRÓbÃ2Ã‚ÃãÂÓRãC33sCssƒSƒvRÓ`­˜m˜­˜rÂÓRãC3ƒ“““#““sc6RÓbÃÃ‚ÃãÂÓRãC3ƒ“““#““sc6RÓ`­˜Ší‹=Š}Šm‹ÂÓRãC3“ƒƒ#ssƒ##SFRÓbÃ#rÃbÃãÂÓRãC3“ƒƒ#ssƒ##SFRÓ`­˜­˜-˜˜]˜ŠrÂÓRãC3“3ƒ“#““scƒ&RÓbÃ"Ã"ÃãÂÓRãC3“3ƒ“#““scƒ&RÓ`­Š}˜M˜]ŠŠ­˜=‹ÂÓRãC3“ƒcSCs“ƒC6RÓbÃBÃ2ÃãÂÓRãC3“ƒcSCs“ƒC6RÓ`­Š­˜˜˜­‹˜}ŠrÂÓRãCC#C#3ƒc#cs#&RÓbÃ’Ã’ÃãÂÓRãCC#C#3ƒc#cs#&RÓ`­Š}˜M˜]‹=Š­˜‹Šý˜rÂÓRãCCcCSƒC##ss“†RÓbÃ"Ã"ÃãÂÓRãCCcCSƒC##ss“†RÓ`­‹=Š}˜=‹2ÂÓRãCC“cƒ#3S#ƒ&RÓbÃSrÃ#ÃãÂÓRãCC“cƒ#3S#ƒ&RÓ`­˜]Š­˜=Š}˜]˜M˜rÂÓRãCScƒS#ƒ3S“3“&RÓbÃSÃC"ÃãÂÓRãCScƒS#ƒ3S“3“&RÓ`­Š}˜MŠŠÝ‹ÂÓRãCScƒcscƒC“3FRÓbÃ3ÃrÃãÂÓRãCScƒcscƒC“3FRÓ`­Š­‹˜M˜­˜]˜¢ÂÓRãCSc#scƒ#S#3s3cVRÓbÃ’ÃRÃãÂÓRãCSc#scƒ#S#3s3cVRÓ`­ŠÝ‹]˜˜MŠrÂÓRãCcƒScCƒcc#6RÓbÃrÃbÃãÂÓRãCcƒScCƒcc#6RÓ`­‹˜­Š}˜M‹ŠýŠòÂÓRãCc“#ƒs3“#sRÓbÃ“rÃsÃãÂÓRãCc“#ƒs3“#sRÓ`­ŠŠ­‹Š}ŠÍ‹’ÂÓRãCc“#3C“ƒ#6RÓbÃSrÃ#‚ÃãÂÓRãCc“#3C“ƒ#6RÓ`­ŠÝ˜-˜˜-˜}ŠrÂÓRãCc#Ss3SsS3ƒ“–RÓbÃÃrÃãÂÓRãCc#Ss3SsS3ƒ“–RÓ`­Š}˜‹mŠÒÂÓRãCcC“3“Cƒ“cFRÓbÃ“Ãs2ÃãÂÓRãCcC“3“Cƒ“cFRÓ`­˜Š­‹˜=˜­Š‚ÂÓRãCcsss“#S33fRÓbÃ#BÃrÃãÂÓRãCcsss“#S33fRÓ`­˜Š}˜MŠ½Š}˜m˜¢ÂÓRãCcƒ#“C#“S#“VRÓbÃs"ÃSÃãÂÓRãCcƒ#“C#“S#“VRÓ`­Š‹=‹‹˜rÂÓRãCc““#Cc33s#ƒVRÓbÃC"Ã3"ÃãÂÓRãCc““#Cc33s#ƒVRÓ`­˜]‹=Š­˜]‹˜rÂÓRãCs3sC#“ƒSCSc36RÓbÃcÃC’ÃãÂÓRãCs3sC#“ƒSCSc36RÓ`­˜˜]‹=Š}‹Šý˜rÂÓRãCs3“cC##CsCs““fRÓbÃ’Ã‚ÃãÂÓRãCs3“cC##CsCs““fRÓ`­Š}˜]˜Š}˜MŠrÂÓRãCsS“s3c“#ƒs#“RÓbÃ2Ã2ÃãÂÓRãCsS“s3c“#ƒs#“RÓ`­˜]Š­ŠÝŠýŠ½˜­˜bÂÓRãCss#S3Sƒ#ƒSC#vRÓbÃ2Ã2ÃãÂÓRãCss#S3Sƒ#ƒSC#vRÓ`­˜Š}˜M‹˜]˜BÂÓRãCsƒ#SCccƒsC#†RÓbÃsÃc"ÃãÂÓRãCsƒ#SCccƒsC#†RÓ`­Š}˜MŠ­‹‹˜­˜ÂÓRãCsƒCcsSCc“&RÓbÃBÃ"ÃãÂÓRãCsƒCcsSCc“&RÓ`­˜M˜M˜]ŠÝŠ}˜‹˜rÂÓRãCƒSS3cc“cSFRÓbÃ#ÃbÃãÂÓRãCƒSS3cc“cSFRÓ`­‹ŠÝ˜MŠ}Š¢ÂÓRãCƒSƒs“ƒSSs“#VRÓbÃ2Ã2ÃãÂÓRãCƒSƒs“ƒSSs“#VRÓ`­ŠŠ}˜M˜]˜]˜M˜=˜rÂÓRãCƒsc#3cS3SsfRÓbÃS"ÃbÃãÂÓRãCƒsc#3cS3SsfRÓ`­ŠŠ}˜MŠ­˜‹}˜­˜bÂÓRãCƒscSCs#3SsvRÓbÃbÃ2ÃãÂÓRãCƒscSCs#3SsvRÓ`­˜Š}˜MŠ­‹]˜m˜­˜ÂÓRãC“3CccsSc33##sFRÓbÃbÃBÃãÂÓRãC“3CccsSc33##sFRÓ`­˜]˜=Š}Š­Š‚ÂÓRãC“c3SSC3“#ƒcCVRÓbÃ3"Ã#2ÃãÂÓRãC“c3SSC3“#ƒcCVRÓ`­˜MŠý˜bÂÓRãS#3““3sSƒƒVRÓbÃ"ÃÃãÂÓRãS#3““3sSƒƒVRÓ`­Š­˜mŠ­ŠíŠ‚ÂÓRãSCc3SƒS3#C3cFRÓbÃbÃbÃãÂÓRãSCc3SƒS3#C3cFRÓ`­˜Š}˜M‹Š}ŠÍŠÝ˜¢ÂÓRãSSSƒƒsƒ““ƒvRÓbÃbÃBÃãÂÓRãSSSƒƒsƒ““ƒvRÓ`­ŠÍ˜‹Š}ŠÂÓRãSC“““S“ƒ#CFRÓbÃ‚ÃRÃãÂÓRãSC“““S“ƒ#CFRÓ`­Š}‹=˜MŠ}˜2ÂÓRãSscscSƒ#Sc–RÓbÃ#bÃs‚ÃãÂÓRãSscscSƒ#Sc–RÓ`­˜M˜M˜]˜­Š½Š}˜=‹˜­˜M˜­Š¢ÂÓRãS3ƒ“s“Cc3CSsVRÓbÃbÃBÃãÂÓRãS3ƒ“s“Cc3CSsVRÓ`­˜‹M‹Š}ŠmŠÒÂÓRãSsƒ3Sssc#fRÓbÃRÃ2ÃãÂÓRãSsƒ3Sssc#fRÓ`­˜mŠÝ˜bÂÓRãS#3“#cs3#s#RÓbÃ#rÃ#2ÃãÂÓRãS#3“#cs3#s#RÓ`­Š}˜M˜]Š­˜]˜­‹-˜rÂÓRãS##cCCC#c#CsFRÓbÃ#Ã#ÃãÂÓRãS##cCCC#c#CsFRÓ`­Š}˜MŠ}˜}Š}˜M˜¢ÂÓRãS#Cc“ƒ#cs#ƒ““vRÓbÃ"Ã‚ÃãÂÓRãS#Cc“ƒ#cs#ƒ““vRÓ`­Š}˜M˜m‹MŠ}‹}Š}Š¢ÂÓRãS#Scsƒ#cC3sCs3VRÓbÃBÃBÃãÂÓRãS#Scsƒ#cC3sCs3VRÓ`­˜MŠ­˜m‹˜­˜RÂÓRãS#sCs#s#CƒCSsSFRÓbÃ"Ã‚ÃãÂÓRãS#sCs#s#CƒCSsSFRÓ`­˜]ŠÝ˜M˜M˜˜bÂÓRãS#s“ƒs3ƒs3SFRÓbÃBÃBÃãÂÓRãS#s“ƒs3ƒs3SFRÓ`­Š}˜M˜M˜­Š}˜-˜}Š}‹=˜Š}˜"ÂÓRãS3cSsS33s“CFRÓbÃ#’Ã2ÃãÂÓRãS3cSsS33s“CFRÓ`­Š}˜M‹Š½˜­˜]Š}˜M‹˜-Š}‹˜­˜}Š}˜=‹=Š­‹Š}Š}˜M˜MŠÍ˜­˜m‹=˜­‹ŠrÂÓRãS3cSsS33s“CFRÓbÃ#’Ã2ÃãÂÓRãS3cSsS33s“CFRÓ`­Ší˜]‹=˜rÂÓRãS3cccSSc3ƒsƒS–RÓbÃCrÃ3bÃãÂÓRãS3cccSSc3ƒsƒS–RÓ`­Š}˜M˜]‹]˜MŠÝ˜rÂÓRãS3“Cscƒ“#c“fRÓbÃ#"Ã’ÃãÂÓRãS3“Cscƒ“#c“fRÓ`­Š}‹ŠŠ}ŠÝ˜}ŠrÂÓRãS3ccSƒSC“Sƒ#SRÓbÃ#BÃC2ÃãÂÓRãS3ccSƒSC“Sƒ#SRÓ`­˜]Š­˜Š}‹-˜bÂÓRãS3ƒCC3“c“#cƒƒ†RÓbÃrÃbÃãÂÓRãS3ƒCC3“c“#cƒƒ†RÓ`­Š˜MŠ}Šý˜mŠrÂÓRãSC#ƒcƒC3cƒS3FRÓbÃrÃrÃãÂÓRãSC#ƒcƒC3cƒS3FRÓ`­Š}˜M‹=Šý˜­‹˜¢ÂÓRãSC#S#ƒƒSsC“CƒRÓbÃƒBÃ3rÃãÂÓRãSC#S#ƒƒSsC“CƒRÓ`­˜]Š}‹-˜bÂÓRãSC3S3S“cƒCVRÓbÃRÃÃãÂÓRãSC3S3S“cƒCVRÓ`­˜M˜]Š­˜‹=‹rÂÓRãSCC33Sc3cscƒ#RÓbÃÃ’ÃãÂÓRãSCC33Sc3cscƒ#RÓ`­Š}˜M˜=˜Š}˜­˜rÂÓRãSCS3ƒc#SSƒCsVRÓbÃbÃbÃãÂÓRãSCS3ƒc#SSƒCsVRÓ`­Š}˜MŠrÂÓRãSCsS3cƒ“3cCsFRÓbÃ33bÃ“BÃãÂÓRãSCsS3cƒ“3cCsFRÓ`­˜Š}˜ŠòÂÓRãSCs“3ƒƒ33#C3SRÓbÃBÃBÃãÂÓRãSCs“3ƒƒ33#C3SRÓ`­Š}‹=Š­Š½˜mŠ}Šm˜¢ÂÓRãSSsC#CC“ƒsRÓbÃ’Ã’ÃãÂÓRãSSsC#CC“ƒsRÓ`­˜Š˜m˜2ÂÓRãSSƒƒ“ƒCƒSSƒc–RÓbÃ“2ÃcrÃãÂÓRãSSƒƒ“ƒCƒSSƒc–RÓ`­˜ŠÝ˜˜=˜]˜rÂÓRãSSCs3#“ccccƒSfRÓbÃrÃ’ÃãÂÓRãSSCs3#“ccccƒSfRÓ`­Š}˜M‹Š}ŠmŠý˜rÂÓRãScCcScccƒ3sVRÓbÃCRÃƒÃãÂÓRãScCcScccƒ3sVRÓ`­Š}˜M‹˜­Š}‹m˜­˜rÂÓRãSc3s#ƒ3C#SfRÓbÃÃbÃãÂÓRãSc3s#ƒ3C#SfRÓ`­˜­‹=˜}˜RÂÓRãSc#3c“CSscSC–RÓbÃsrÃc"ÃãÂÓRãSc#3c“CSscSC–RÓ`­Š˜BÂÓRãSc#s#S#cs“3#“3&RÓbÃc‚ÃS"ÃãÂÓRãSc#s#S#cs“3#“3&RÓ`­Š}˜M˜]‹=Š­˜-˜­˜BÂÓRãScSCsS““scCSFRÓbÃ#2Ã2ÃãÂÓRãScSCsS““scCSFRÓ`­Š}˜mŠý˜]Š}ŠÍ˜rÂÓRãSss#s3S3FRÓbÃbÃBÃãÂÓRãSss#s3S3FRÓ`­˜Š}˜M‹]˜mŠ}‹Š}Š¢ÂÓRãSs“CsƒSƒsƒƒs#VRÓbÃSBÃ3RÃãÂÓRãSs“CsƒSƒsƒƒs#VRÓ`­˜M˜MŠ}‹MŠíŠ}‹RÂÓRãSs“sCs3“sCC#“VRÓbÃRÃ2ÃãÂÓRãSs“sCs3“sCC#“VRÓ`­˜­Šý‹‹=˜˜bÂÓRãSƒc3cs“sƒScfRÓbÃ2Ã2ÃãÂÓRãSƒc3cs“sƒScfRÓ`­˜m‹Š}˜]˜­˜rÂÓRãSƒCsSC3C“SsvRÓbÃBÃBÃãÂÓRãSƒCsSC3C“SsvRÓ`­˜Š}˜MŠ}ŠŠ­˜=Š}‹ÂÓRãSƒccSC“““sƒ#ƒVRÓbÃƒÃSBÃãÂÓRãSƒccSC“““sƒ#ƒVRÓ`­˜‹˜-˜]˜¢ÂÓRãSƒssƒ“sƒcƒ3cƒ“FRÓbÃ2Ã2ÃãÂÓRãSƒssƒ“sƒcƒ3cƒ“FRÓ`­˜‹mŠ}Šm˜¢ÂÓRãSƒssƒ“sƒcƒ3cƒ“FRÓbÃ2Ã2ÃãÂÓRãSƒssƒ“sƒcƒ3cƒ“FRÓ`­Š}‹‹m˜¢ÂÓRãSƒssƒ“sƒcƒ3cƒ“FRÓbÃ2Ã2ÃãÂÓRãSƒssƒ“sƒcƒ3cƒ“FRÓ`­Š}˜M˜]˜Š}‹]˜Š}Š¢ÂÓRãS“““c3ƒ#c#VRÓbÃ3Ã#2ÃãÂÓRãS“““c3ƒ#c#VRÓ`­˜]‹Š­Š‹rÂÓRãcC3#c3cƒvRÓbÃRÃÃãÂÓRãcC3#c3cƒvRÓ`­‹˜­Š}˜MŠ}˜M˜-‹}Š}‹Š}˜M‹Š‹’ÂÓRãcƒ“ƒƒ“c#S–RÓbÃÃrÃãÂÓRãcƒ“ƒƒ“c#S–RÓ`­˜]˜M˜ÂÓRãcS3s#3s“3#Ss&RÓbÃ3Ã"ÃãÂÓRãcS3s#3s“3#Ss&RÓ`­Š˜­Š­‹ÂÓRãc##css#ƒ&RÓbÃRÃBÃãÂÓRãc##css#ƒ&RÓ`­Š}˜]˜˜bÂÓRãc##css#ƒ&RÓbÃRÃBÃãÂÓRãc##css#ƒ&RÓ`­Š}˜M˜M˜-Š}ŠŠ}Š¢ÂÓRãc#sCCs3“ƒcsVRÓbÃ‚ÃrÃãÂÓRãc#sCCs3“ƒcsVRÓ`­˜m‹=Š}˜mŠòÂÓRãcs#C“Cs3#ƒƒFRÓbÃCbÃSÃãÂÓRãcs#C“Cs3#ƒƒFRÓ`­Š}˜MŠ}Šý˜˜­˜}Š}˜MŠý˜Š}Šm˜­˜rÂÓRãc##SSsƒ“sC“ƒSvRÓbÃ’Ã2ÃãÂÓRãc##SSsƒ“sC“ƒSvRÓ`­˜‹=Š}˜}˜RÂÓRãc#3CC3C“C“##†RÓbÃÃ’ÃãÂÓRãc#3CC3C“C“##†RÓ`­˜m˜}Š}Šm˜¢ÂÓRãc#c3cƒ3c3##CsFRÓbÃ3"ÃBÃãÂÓRãc#c3cƒ3c3##CsFRÓ`­˜]˜Š}˜˜-˜rÂÓRãc3#Sƒsc“3#Ss#RÓbÃ#3"Ã#ÃãÂÓRãc3#Sƒsc“3#Ss#RÓ`­˜MŠ}Š­˜]Š}˜RÂÓRãc3#cƒ“ƒ3s“ƒvRÓbÃ3BÃ#BÃãÂÓRãc3#cƒ“ƒ3s“ƒvRÓ`­˜MŠ}˜¢ÂÓRãc3#ƒ“#ƒsc3S3#vRÓbÃ“ÃSRÃãÂÓRãc3#ƒ“#ƒsc3S3#vRÓ`­˜˜-‹‹ÂÓRãc3C###s#ƒ3vRÓbÃrÃrÃãÂÓRãc3C###s#ƒ3vRÓ`­Š}˜M‹‹˜­‹bÂÓRãc3S3ƒ“C“#cCVRÓbÃÃCBÃãÂÓRãc3S3ƒ“C“#cCVRÓ`­Š}˜MŠ}‹Š­˜­Š}Šý˜­˜rÂÓRãc3SsƒƒƒSc33VRÓbÃ#RÃbÃãÂÓRãc3SsƒƒƒSc33VRÓ`­Š}˜M˜]˜m‹MŠ}Š¢ÂÓRãc3Sƒ“CsCss“##&RÓbÃ3ÃsbÃãÂÓRãc3Sƒ“CsCss“##&RÓ`­˜Š}˜­‹˜‹2ÂÓRãcC3S3#c““3“S“6RÓbÃBÃBÃãÂÓRãcC3S3#c““3“S“6RÓ`­˜]Ší‹ŠÍ˜¢ÂÓRãcC3sƒS“3sƒsccVRÓbÃ’Ã‚ÃãÂÓRãcC3sƒS“3sƒsccVRÓ`­Š­Šý˜-˜­˜"ÂÓRãcScC##333Cs&RÓbÃÃBÃãÂÓRãcScC##333Cs&RÓ`­ŠýŠ}Šm˜]ŠrÂÓRãcSSƒ3C##3csS†RÓbÃ#rÃ#ÃãÂÓRãcSSƒ3C##3csS†RÓ`­˜Š­Šý‹˜­Š˜}˜RÂÓRãcSs3#ƒ3s“c“s““VRÓbÃBÃBÃãÂÓRãcSs3#ƒ3s“c“s““VRÓ`­Š}˜‹]Š¢ÂÓRãcc#C“#CƒS#s3fRÓbÃbÃC2ÃãÂÓRãcc#C“#CƒS#s3fRÓ`­˜‹Š‹ÂÓRãcc##3c33CCc“†RÓbÃ#’Ã#RÃãÂÓRãcc##3c33CCc“†RÓ`­Ší‹}˜rÂÓRãccCƒCƒ“s#cc6RÓbÃS‚ÃÃãÂÓRãccCƒCƒ“s#cc6RÓ`­Š}˜MŠ}˜M˜]˜˜m˜­˜˜RÂÓRãccCCƒ3sc#“CƒvRÓbÃBÃ’ÃãÂÓRãccCCƒ3sc#“CƒvRÓ`­Š}˜M˜]‹‹-‹-˜rÂÓRãccS3“ƒƒCSC#ƒvRÓbÃ"ÃÃãÂÓRãccS3“ƒƒCSC#ƒvRÓ`­Š}˜MŠ}‹mŠ}˜Š}Š¢ÂÓRãccssC#sS3C#CƒƒcVRÓbÃ#2ÃRÃãÂÓRãccssC#sS3C#CƒƒcVRÓ`­˜-‹Š}Š˜rÂÓRãccƒsC#“3cSSVRÓbÃSRÃ#’ÃãÂÓRãccƒsC#“3cSSVRÓ`­Š}‹=Š­˜m˜Š}‹ÂÓRãccƒ3s#Cƒƒ##6RÓbÃ2Ã2ÃãÂÓRãccƒ3s#Cƒƒ##6RÓ`­ŠŠ}‹=˜]Š}ŠÂÓRãccƒSc#SCs#SSVRÓbÃÃbÃãÂÓRãccƒSc#SCs#SSVRÓ`­Š}˜M˜]‹=Š­˜-˜M˜rÂÓRãccƒcƒƒ3cCƒ“FRÓbÃÃ’ÃãÂÓRãccƒcƒƒ3cCƒ“FRÓ`­˜]ŠÝ˜M˜¢ÂÓRãcsC#“Cs“ƒƒ3C–RÓbÃ2ÃÃãÂÓRãcsC#“Cs“ƒƒ3C–RÓ`­Š}˜˜MŠrÂÓRãcsCsS“cc#“ƒC“vRÓbÃC2Ã3rÃãÂÓRãcsCsS“cc#“ƒC“vRÓ`­ŠŠ}˜MŠ}˜m‹=ŠÍŠ}˜RÂÓRãcƒƒ3cƒc“ƒS“vRÓbÃÃ’ÃãÂÓRãcƒƒ3cƒc“ƒS“vRÓ`­Š}˜MŠ}Š½˜m˜¢ÂÓRãcƒS##3ƒc#“VRÓbÃ#rÃrÃãÂÓRãcƒS##3ƒc#“VRÓ`­‹M‹­˜BÂÓRãc“sƒ3“#s“cƒCVRÓbÃSÃ3ÃãÂÓRãc“sƒ3“#s“cƒCVRÓ`­Š}˜M‹M‹˜­˜ÂÓRãc“#S#sS“s“s6RÓbÃ#bÃ2ÃãÂÓRãc“#S#sS“s“s6RÓ`­Š}˜M‹Š}˜¢ÂÓRãc“33#ƒC“s3CcfRÓbÃ2Ã2ÃãÂÓRãc“33#ƒC“s3CcfRÓ`­Š}˜MŠ­ŠÍŠ}‹˜rÂÓRãc“Cƒ““3cs#ƒ3–RÓbÃÃC"ÃãÂÓRãc“Cƒ““3cs#ƒ3–RÓ`­Š­ŠŠ}‹}ŠBÂÓRãc“c3ƒc##cSƒ†RÓbÃC2Ã3ÃãÂÓRãc“c3ƒc##cSƒ†RÓ`­ŠÝ˜]˜ŠòÂÓRãc“ƒSƒC#33SSc#cfRÓbÃ#RÃ#ÃãÂÓRãc“ƒSƒC#33SSc#cfRÓ`­‹˜]˜MŠ}Šm˜}˜RÂÓRãc“““3ccƒƒ#fRÓbÃbÃRÃãÂÓRãc“““3ccƒƒ#fRÓ`­‹ŠM‹=Š}ŠÂÓRãsƒcc#s“SvRÓbÃSRÃCÃãÂÓRãsƒcc#s“SvRÓ`­˜MŠ­Š­˜˜M˜¢ÂÓRãs#“SƒCSC#SƒVRÓbÃ2Ã2ÃãÂÓRãs#“SƒCSC#SƒVRÓ`­˜m˜]˜‹ŠÂÂÓRãs3ƒƒƒ“3ScCCƒvRÓbÃ3"Ãƒ"ÃãÂÓRãs3ƒƒƒ“3ScCCƒvRÓ`­ŠÝŠ}˜M˜­˜rÂÓRãsCCƒ3““3ƒCSVRÓbÃ2Ã2ÃãÂÓRãsCCƒ3““3ƒCSVRÓ`­˜mŠÍŠ}ŠÝŠrÂÓRãsSCƒƒCsC“†RÓbÃBÃBÃãÂÓRãsSCƒƒCsC“†RÓ`­˜]Š˜­˜bÂÓRãs“Sƒƒƒcƒ#cC&RÓbÃBÃ2ÃãÂÓRãs“Sƒƒƒcƒ#cC&RÓ`­˜Š}˜M˜]˜mŠ­ŠÂÂÓRãs“C“C3c“ƒ“3c†RÓbÃRÃBÃãÂÓRãs“C“C3c“ƒ“3c†RÓ`­˜Š}˜MŠ}ŠÍŠ­˜]Š}‹˜­˜rÂÓRãs3cSƒsƒ#3ƒ##†RÓbÃC"Ã#BÃãÂÓRãs3cSƒsƒ#3ƒ##†RÓ`­˜m‹‹Š­˜mŠrÂÓRãs#“#3cS33#“†RÓbÃrÃrÃãÂÓRãs#“#3cS33#“†RÓ`­Š‹˜-ŠòÂÓRãsc#“cƒ3ƒSƒƒvRÓbÃ#rÃ‚ÃãÂÓRãsc#“cƒ3ƒSƒƒvRÓ`­Š­ŠÍ˜}˜­‹"ÂÓRãs##““ƒ#C“ƒs3c#–RÓbÃ‚Ã2ÃãÂÓRãs##““ƒ#C“ƒs3c#–RÓ`­˜Š­ŠŠ}Šý˜BÂÓRãs#CSƒS“cccscS6RÓbÃ#rÃbÃãÂÓRãs#CSƒS“cccscS6RÓ`­˜Š}˜M‹]‹­˜­‹˜rÂÓRãs#C#cC####ƒƒƒfRÓbÃBÃÃãÂÓRãs#C#cC####ƒƒƒfRÓ`­Š­‹=Š­˜mŠòÂÓRãs#CC33#cC#SC“FRÓbÃrÃbÃãÂÓRãs#CC33#cC#SC“FRÓ`­˜˜-Š˜BÂÓRãs#c3ƒsC3cSCS&RÓbÃrÃbÃãÂÓRãs#c3ƒsC3cSCS&RÓ`­Š}˜M˜]˜=Š}˜Š}Š¢ÂÓRãs#cƒ“ƒ#“cƒCcc&RÓbÃ#BÃ3‚ÃãÂÓRãs#cƒ“ƒ#“cƒCcc&RÓ`­Š­‹˜˜­˜}˜¢ÂÓRãs#s#ƒsƒƒcSCS6RÓbÃrÃBÃãÂÓRãs#s#ƒsƒƒcSCS6RÓ`­˜mŠ}Šý˜¢ÂÓRãs#“Cƒccc3cƒƒ#vRÓbÃ#"ÃÃãÂÓRãs#“Cƒccc3cƒƒ#vRÓ`­˜­‹Š­Š‹ÂÓRãs3#ss#“ƒƒsfRÓbÃƒÃSRÃãÂÓRãs3#ss#“ƒƒsfRÓ`­˜˜]‹=Š­˜-Š˜BÂÓRãsC#C#33“sƒSc&RÓbÃbÃbÃãÂÓRãsC#C#33“sƒSc&RÓ`­Ší‹}Š­˜}ŠrÂÓRãsC“3S3CSc“#ƒsvRÓbÃ#Ã#ÃãÂÓRãsC“3S3CSc“#ƒsvRÓ`­Š}˜M‹‹˜˜rÂÓRãsC“3ƒcscCs“3cCVRÓbÃ‚ÃrÃãÂÓRãsC“3ƒcscCs“3cCVRÓ`­Š}˜m‹˜-Š}Šý˜rÂÓRãsC“C#3cs33c6RÓbÃÃÃãÂÓRãsC“C#3cs33c6RÓ`­˜]‹mŠ}‹˜˜rÂÓRãsSƒS“ssccƒCVRÓbÃ#"Ã"ÃãÂÓRãsSƒS“ssccƒCVRÓ`­Š}Ší‹ÂÓRãsS#Cƒ3CƒCƒ“c3RÓbÃc’Ã3BÃãÂÓRãsS#Cƒ3CƒCƒ“c3RÓ`­˜Š}˜M˜˜-Š}Šm˜­˜rÂÓRãsSS33ccSssƒsc–RÓbÃ"ÃÃãÂÓRãsSS33ccSssƒsc–RÓ`­ŠÝŠ}˜]˜M˜¢ÂÓRãsc3cƒS##sCs#–RÓbÃRÃ’ÃãÂÓRãsc3cƒS##sCs#–RÓ`­ŠŠ}˜M˜]˜-Š}‹˜m˜rÂÓRãscS3ƒcc33ƒ#CS6RÓbÃc’Ã3bÃãÂÓRãscS3ƒcc33ƒ#CS6RÓ`­˜Š}˜MŠ}˜]Š­˜mŠ}˜bÂÓRãss33ƒCC“CcfRÓbÃ2Ã2ÃãÂÓRãss33ƒCC“CcfRÓ`­˜‹]˜mŠ}‹’ÂÓRãssC#S#ss3CC#C3CfRÓbÃrÃbÃãÂÓRãssC#S#ss3CC#C3CfRÓ`­‹‹-˜]˜}ŠrÂÓRãss“ƒc3ssƒSVRÓbÃ#BÃ#ÃãÂÓRãss“ƒc3ssƒSVRÓ`­Š­‹Š}˜˜m˜­˜rÂÓRãsƒccc3SƒfRÓbÃbÃbÃãÂÓRãsƒccc3SƒfRÓ`­Š}˜M˜]Š­‹}˜‹˜­˜bÂÓRãsƒcCC“cSƒƒ3cVRÓbÃ‚ÃRÃãÂÓRãsƒcCC“cSƒƒ3cVRÓ`­Š}˜M‹­Š}˜MŠ‚ÂÓRãsƒs“##SS#c“RÓbÃ#ÃÃãÂÓRãsƒs“##SS#c“RÓ`­Š}‹}˜M˜-Š¢ÂÓRãs“CcCc#ccSS3S6RÓbÃ32Ãc"ÃãÂÓRãs“CcCc#ccSS3S6RÓ`­˜­‹˜m˜¢ÂÓRãs“s####“#vRÓbÃCÃ#"ÃãÂÓRãs“s####“#vRÓ`­Š}˜M˜]ŠM˜}˜M˜rÂÓRãs“ƒ3CCc##s“FRÓbÃ32Ã#ÃãÂÓRãs“ƒ3CCc##s“FRÓ`­Š}˜M‹=Š}Š˜-Š}˜M‹=‹‹ÂÓRãs“ƒ“CsC#sScƒCFRÓbÃ2Ã2ÃãÂÓRãs“ƒ“CsC#sScƒCFRÓ`­Š}˜MŠíŠ‹˜}Š}˜MŠ­Š}‹˜­Ší‹M‹˜=˜rÂÓRãs“ƒ“CsC#sScƒCFRÓbÃ2Ã2ÃãÂÓRãs“ƒ“CsC#sScƒCFRÓ`­Š}˜MŠ}˜-‹Š‚ÂÓRãs“ƒ“CsC#sScƒCFRÓbÃ2Ã2ÃãÂÓRãs“ƒ“CsC#sScƒCFRÓ`­˜‹=Š­Š­˜­ŠÒÂÓRãs““s3“ƒsS“3sfRÓbÃÃRÃãÂÓRãs““s3“ƒsS“3sfRÓ`­˜]ŠÝŠý˜ŠýŠrÂÓRãƒcs#““cSsscSVRÓbÃBÃÃãÂÓRãƒcs#““cSsscSVRÓ`­˜‹=˜­‹=˜}˜RÂÓRãƒcc3scsƒ##3RÓbÃrÃbÃãÂÓRãƒcc3scsƒ##3RÓ`­˜Š½˜MŠ}Š½˜]Š}Šm˜rÂÓRãƒ3Sƒ3“ƒcssƒ6RÓbÃ2Ã2ÃãÂÓRãƒ3Sƒ3“ƒcssƒ6RÓ`­Š}˜M‹=˜m˜Š}Š¢ÂÓRãƒsS#3c“#ƒS#FRÓbÃ#ƒÃ"ÃãÂÓRãƒsS#3c“#ƒS#FRÓ`­Š}˜mŠ­‹˜mŠ¢ÂÓRãƒs#sss#S3sƒ†RÓbÃCÃ#‚ÃãÂÓRãƒs#sss#S3sƒ†RÓ`­˜Ší‹}˜‹rÂÓRãƒ“ƒSss3#3ƒƒc–RÓbÃ2ÃbÃãÂÓRãƒ“ƒSss3#3ƒƒc–RÓ`­Š}˜MŠ}˜mŠ‹Š}Š½Š}Š¢ÂÓRãƒCCcƒS#SS#RÓbÃ#"ÃRÃãÂÓRãƒCCcƒS#SS#RÓ`­˜]‹]Šý‹ŠrÂÓRãƒCCs“S“#3cscVRÓbÃÃ’ÃãÂÓRãƒCCs“S“#3cscVRÓ`­˜‹˜]˜M˜­Š}Š­˜}ŠrÂÓRãƒsCCSSƒcSS“VRÓbÃrÃbÃãÂÓRãƒsCCSSƒcSS“VRÓ`­Šý˜‹˜¢ÂÓRãƒsCCS33CsC3sVRÓbÃ3BÃ#"ÃãÂÓRãƒsCCS33CsC3sVRÓ`­˜­Š­˜˜M˜¢ÂÓRãƒ“ƒS“sƒƒcssƒVRÓbÃ#2Ã’ÃãÂÓRãƒ“ƒS“sƒƒcssƒVRÓ`­˜Š­ŠÝ˜M˜­˜M˜}ŠrÂÓRãƒ#ccƒ#cScSs–RÓbÃBÃBÃãÂÓRãƒ#ccƒ#cScSs–RÓ`­‹˜­Š}˜MŠ}˜M˜Š­‹˜rÂÓRãƒ#3#c#CSSS“VRÓbÃÃ’ÃãÂÓRãƒ#3#c#CSSS“VRÓ`­˜Š}‹mŠ}˜Š¢ÂÓRãƒ#CƒCSƒ“#ƒSC“cVRÓbÃS#‚Ã3#ÃãÂÓRãƒ#CƒCSƒ“#ƒSC“cVRÓ`­Š}˜M˜]˜˜-˜ÂÓRãƒ#Ss#c33C“cC–RÓbÃRÃRÃãÂÓRãƒ#Ss#c33C“cC–RÓ`­˜Š­‹]Šý˜­‹ÂÓRãƒ3ƒ3c3ƒs“SCcsfRÓbÃbÃbÃãÂÓRãƒ3ƒ3c3ƒs“SCcsfRÓ`­˜]‹˜M˜-˜rÂÓRãƒ3#S3ss#ƒs“cƒCVRÓbÃ2Ã2ÃãÂÓRãƒ3#S3ss#ƒs“cƒCVRÓ`­˜˜M˜]‹˜rÂÓRãƒ3C3““ƒ#sC“#fRÓbÃ2Ã2ÃãÂÓRãƒ3C3““ƒ#sC“#fRÓ`­Š}ŠÍ˜mŠÝ˜rÂÓRãƒ3Cƒ3“c3#†RÓbÃ2Ã2ÃãÂÓRãƒ3Cƒ3“c3#†RÓ`­ŠÝŠ}˜M˜­ŠrÂÓRãƒ3scƒ3Cc“#c“CVRÓbÃ#s2ÃsBÃãÂÓRãƒ3scƒ3Cc“#c“CVRÓ`­ŠÝ˜]ŠòÂÓRãƒ3ƒs3S3#SScƒCSVRÓbÃ3rÃ’ÃãÂÓRãƒ3ƒs3S3#SScƒCSVRÓ`­Š}˜-Š­‹]Š}ŠòÂÓRãƒ3“ƒCS“3Ccsss6RÓbÃ3Ã#rÃãÂÓRãƒ3“ƒCS“3Ccsss6RÓ`­˜Š­ŠÝŠý˜­ŠýŠrÂÓRãƒC3S#3“c“cƒƒvRÓbÃ#Ã’ÃãÂÓRãƒC3S#3“c“cƒƒvRÓ`­Š}˜M˜]‹Š}˜=‹"ÂÓRãƒCcs3CscƒRÓbÃs’ÃƒrÃãÂÓRãƒCcs3CscƒRÓ`­˜M˜­‹=Š}˜}˜RÂÓRãƒCs33sc##sS#–RÓbÃBÃ2ÃãÂÓRãƒCs33sc##sS#–RÓ`­ŠÝ˜­Šý‹ÂÓRãƒCsscƒC##“ƒ“#“FRÓbÃBÃ2ÃãÂÓRãƒCsscƒC##“ƒ“#“FRÓ`­˜]Š­‹Š}˜=˜]˜rÂÓRãƒS#s“Ssc“S“FRÓbÃ2Ã2ÃãÂÓRãƒS#s“Ssc“S“FRÓ`­˜Š­Ší‹]˜­‹RÂÓRãƒSCC“ƒ3SCssfRÓbÃbÃBÃãÂÓRãƒSCC“ƒ3SCssfRÓ`¥2ÂÓRãƒSC“Cƒ3CC#ƒcvRÓbÃ#rÃbÃãÂÓRãƒSC“Cƒ3CC#ƒcvRÓ`­Š}˜MŠ‹˜]ŠÍ˜rÂÓRãƒS“3sCƒcSs“#VRÓbÃbÃ2ÃãÂÓRãƒS“3sCƒcSs“#VRÓ`­ŠŠ}ŠÝŠýŠ²ÂÓRãƒcsCcsSSSc3““VRÓbÃ2Ã2ÃãÂÓRãƒcsCcsSSSc3““VRÓ`­˜MŠ}Š‹Š}‹"ÂÓRãƒc#SCƒƒ#“S#SS#–RÓbÃrÃrÃãÂÓRãƒc#SCƒƒ#“S#SS#–RÓ`­˜]Š}˜M˜=ŠrÂÓRãƒc3c#cc“#VRÓbÃÃÃãÂÓRãƒc3c#cc“#VRÓ`­‹MŠM˜˜bÂÓRãƒcC“c3Sc3“ƒfRÓbÃ#RÃ#"ÃãÂÓRãƒcC“c3Sc3“ƒfRÓ`­Š}˜MŠÍ˜­˜‹=˜­Š}‹=˜­˜rÂÓRãƒcS“““C##S–RÓbÃ‚ÃRÃãÂÓRãƒcS“““C##S–RÓ`­Š}˜M˜]‹-Š}ŠýŠ}˜MŠ­‹­˜­‹Šý˜‹ÂÓRãƒcƒ“ƒƒ“ƒ3“SCCFRÓbÃ3"ÃBÃãÂÓRãƒcƒ“ƒƒ“ƒ3“SCCFRÓ`­Š}˜MŠ}˜˜M˜˜­Š}Š¢ÂÓRãƒc“c#c3c#Cc6RÓbÃRÃBÃãÂÓRãƒc“c#c3c#Cc6RÓ`­˜Š}˜M‹]˜mŠ}‹˜­˜rÂÓRãƒc“S#3ƒ““cc&RÓbÃ#"ÃÃãÂÓRãƒc“S#3ƒ““cc&RÓ`­˜=Š½˜­‹˜rÂÓRãƒs##Scc3Cƒ6RÓbÃBÃÃãÂÓRãƒs##Scc3Cƒ6RÓ`­˜‹=˜MŠ}‹=˜BÂÓRãƒssCS“ƒS#ƒ&RÓbÃrÃbÃãÂÓRãƒssCS“ƒS#ƒ&RÓ`­˜‹=Š­‹]Šý‹ÂÓRãƒs#3s“Cs““&RÓbÃbÃBÃãÂÓRãƒs#3s“Cs““&RÓ`­Š­˜m˜]˜­˜rÂÓRãƒsCƒ33#C33##3ƒVRÓbÃc2ÃƒÃãÂÓRãƒsCƒ33#C33##3ƒVRÓ`­˜­Š­˜˜-‹’ÂÓRãƒsƒ““sƒCsCs#†RÓbÃÃc2ÃãÂÓRãƒsƒ““sƒCsCs#†RÓ`­Š}˜M‹M˜=˜˜¢ÂÓRãƒƒCƒcƒ““#ƒ3†RÓbÃÃ2ÃãÂÓRãƒƒCƒcƒ““#ƒ3†RÓ`­Š}˜MŠ}˜-˜M˜­˜]˜¢ÂÓRãƒƒƒ“ƒƒC#3S#ƒ3FRÓbÃ#2ÃrÃãÂÓRãƒƒƒ“ƒƒC#3S#ƒ3FRÓ`­Š}˜MŠ­‹­˜­‹Š}ŠÍ˜]Š}˜M˜¢ÂÓRãƒ“CS3“c#sc–RÓbÃ3bÃ"ÃãÂÓRãƒ“CS3“c#sc–RÓ`­Š}˜M‹˜MŠ}˜-Š}Š¢ÂÓRãƒ“cs3cCCC“3&RÓbÃ#BÃbÃãÂÓRãƒ“cs3cCCC“3&RÓ`­˜Š}˜M˜]˜mŠí˜‹bÂÓRãƒ“s#Cƒ##Scƒ–RÓbÃrÃRÃãÂÓRãƒ“s#Cƒ##Scƒ–RÓ`­˜}˜mŠ}˜2ÂÓRã“c#cC#ƒƒ3c3–RÓbÃ3SRÃsRÃãÂÓRã“c#cC#ƒƒ3c3–RÓ`­‹˜m˜}ŠrÂÓRã“Scs““sc“#“FRÓbÃ32Ãs‚ÃãÂÓRã“Scs““sc“#“FRÓ`­˜­˜Š­ŠÒÂÓRã“s#““Sƒc3cvRÓbÃ2Ã2ÃãÂÓRã“s#““Sƒc3cvRÓ`­‹ŠmŠ}‹=˜rÂÓRã“ƒ3““C“33SsRÓbÃbÃÃãÂÓRã“ƒ3““C“33SsRÓ`­Š}‹‹]Šý˜rÂÓRã“““scC3s“cƒ“VRÓbÃ3ÃBÃãÂÓRã“““scC3s“cƒ“VRÓ`­‹M˜}˜‹ÂÓRã“3c#ƒ#s3CRÓbÃBÃ2ÃãÂÓRã“3c#ƒ#s3CRÓ`­˜˜­Š‹‹"ÂÓRã“#CSCc3S3#†RÓbÃ2Ã2ÃãÂÓRã“#CSCc3S3#†RÓ`­˜MŠ‹‹bÂÓRã“Cƒ#sc“#ƒSfRÓbÃƒ‚Ãc‚ÃãÂÓRã“Cƒ#sc“#ƒSfRÓ`­Š‹]˜MŠ}ŠÝ˜­˜rÂÓRã“Ss“csSC33Sc3VRÓbÃBÃBÃãÂÓRã“Ss“csSC33Sc3VRÓ`­Š}˜M˜]‹=ŠM˜˜M˜rÂÓRã“sssƒSƒ##cFRÓbÃ#rÃ#2ÃãÂÓRã“sssƒSƒ##cFRÓ`­ŠŠ}‹-˜BÂÓRã“ƒS#Cƒ“S#ƒƒVRÓbÃ#cBÃ#ÃãÂÓRã“ƒS#Cƒ“S#ƒƒVRÓ`­Š}‹]ŠýŠ}‹ÂÓRã“#ƒƒSCSC3c–RÓbÃ#cRÃ2ÃãÂÓRã“#ƒƒSCSC3c–RÓ`­Š­Ší‹m‹’ÂÓRã“#S3cs##“#“VRÓbÃ3Ã#"ÃãÂÓRã“#S3cs##“#“VRÓ`­˜‹˜‹’ÂÓRã“#ScSc“#““Cs6RÓbÃ‚ÃƒrÃãÂÓRã“#ScSc“#““Cs6RÓ`­Š}˜M˜]Š­Šý‹Š‚ÂÓRã“#c3ƒC3#SƒcfRÓbÃBÃBÃãÂÓRã“#c3ƒC3#SƒcfRÓ`­˜]‹Š­˜]ŠòÂÓRã“#c33ƒ#“36RÓbÃBÃBÃãÂÓRã“#c33ƒ#“36RÓ`­Š˜-˜­Š}Šý˜rÂÓRã“3ƒ#SS“cCscvRÓbÃ32Ã#BÃãÂÓRã“3ƒ#SS“cCscvRÓ`­˜M˜M˜]‹=Š­˜}˜M˜=˜­˜bÂÓRã“3ƒc33ƒcScs†RÓbÃBÃ"ÃãÂÓRã“3ƒc33ƒcScs†RÓ`­Š}ŠíŠ­Š}‹Š¢ÂÓRã“3C3CƒcC3SsfRÓbÃ‚Ã‚ÃãÂÓRã“3C3CƒcC3SsfRÓ`­‹]ŠÝ˜­ŠÒÂÓRã“3c#sC#sƒ“6RÓbÃBÃRÃãÂÓRã“3c#sC#sƒ“6RÓ`­Š}˜M‹=‹‹}Š}˜m˜­˜rÂÓRã“3ƒƒSsƒ““ƒSc““†RÓbÃrÃ2ÃãÂÓRã“3ƒƒSsƒ““ƒSc““†RÓ`­˜Š}‹=Š­˜MŠ}˜RÂÓRã“Cƒ#C“cC3#ƒ#&RÓbÃ‚ÃrÃãÂÓRã“Cƒ#C“cC3#ƒ#&RÓ`­Š}˜M˜]‹mŠ}‹Š˜rÂÓRã“CCSƒsƒ33##“VRÓbÃ3Ã‚ÃãÂÓRã“CCSƒsƒ33##“VRÓ`­˜Š}˜M˜]˜-Š}˜}˜¢ÂÓRã“CC3CsƒsSƒƒ“S†RÓbÃbÃ2ÃãÂÓRã“CC3CsƒsSƒƒ“S†RÓ`­˜]‹˜‹ÂÓRã“CSƒsSscSsS#ƒ†RÓbÃ2ÃrÃãÂÓRã“CSƒsSscSsS#ƒ†RÓ`­Š­‹]‹˜ÂÓRã“Ccs““CCC3fRÓbÃRÃ2ÃãÂÓRã“Ccs““CCC3fRÓ`­˜˜]‹Š}˜MŠÍ˜rÂÓRã“Csƒ““sƒsƒsCVRÓbÃ3RÃ#2ÃãÂÓRã“Csƒ““sƒsƒsCVRÓ`­Š}˜MŠ­‹˜=˜­Š˜rÂÓRã“CƒcCssSCc#Cc&RÓbÃRÃBÃãÂÓRã“CƒcCssSCc#Cc&RÓ`­˜-‹}Š}‹ŠrÂÓRã“C“ƒsC3c“Sc“–RÓbÃÃÃãÂÓRã“C“ƒsC3c“Sc“–RÓ`­Š­‹­‹}˜­Š­˜}ŠrÂÓRã“Ss##sCS3c““RÓbÃƒÃ#BÃãÂÓRã“Ss##sCS3c““RÓ`­˜m˜‹˜­˜rÂÓRã“S3c##“SCCc“S“6RÓbÃ#rÃS‚ÃãÂÓRã“S3c##“SCCc“S“6RÓ`­Š}˜M‹­‹˜˜rÂÓRã“SScs#CS†RÓbÃ#ÃÃãÂÓRã“SScs#CS†RÓ`­˜m˜­˜‹"ÂÓRã“Sc#Ss““S6RÓbÃ2Ã2ÃãÂÓRã“Sc#Ss““S6RÓ`­Š}˜MŠÍ˜]‹’ÂÓRã“SƒcS3ƒ“S“c&RÓbÃBÃBÃãÂÓRã“SƒcS3ƒ“S“c&RÓ`­˜M˜MŠ­ŠÝŠý˜­Š}Š¢ÂÓRã“cscC““cƒƒ#RÓbÃ"Ã"ÃãÂÓRã“cscC““cƒƒ#RÓ`­Š­ŠÝ‹˜¢ÂÓRã“cScSC“sƒs“CSVRÓbÃ’ÃbÃãÂÓRã“cScSC“sƒs“CSVRÓ`­˜­Š­‹m˜]˜bÂÓRã“cSCsSCƒC3CSC†RÓbÃƒ’ÃcÃãÂÓRã“cSCsSCƒC3CSC†RÓ`­ŠÝŠ}˜MŠ}Š¢ÂÓRã“c“ƒCSCƒsCVRÓbÃCBÃ#bÃãÂÓRã“c“ƒCSCƒsCVRÓ`­Š}˜M˜Š­‹˜}Š}˜M˜m˜-Šý˜­˜}Š}˜M˜-‹˜‹m‹]Š}˜˜¢ÂÓRã“s3#“c“S##ƒ“VRÓbÃ2Ã2ÃãÂÓRã“s3#“c“S##ƒ“VRÓ`­˜]ŠÝ˜‹˜­ŠrÂÓRã“sSCcs#s3“ƒ“ƒVRÓbÃrÃrÃãÂÓRã“sSCcs#s3“ƒ“ƒVRÓ`­Š}˜M‹M˜]˜˜BÂÓRã“sƒS#c3#“#ƒcvRÓbÃBÃRÃãÂÓRã“sƒS#c3#“#ƒcvRÓ`­˜Š}˜MŠ­˜]˜˜­˜MŠ}˜M˜]˜]˜M˜=˜rÂÓRã“ƒ#“SSC#CSƒ#SC6RÓbÃRÃ2ÃãÂÓRã“ƒ#“SSC#CSƒ#SC6RÓ`­Š­˜-˜­˜­˜RÂÓRã“ƒ3sc#ƒ#ƒS#†RÓbÃ32Ãs’ÃãÂÓRã“ƒ3sc#ƒ#ƒS#†RÓ`­˜Š}˜MŠ}˜]˜bÂÓRã“ƒ3Cc“3s##fRÓbÃ3BÃ#BÃãÂÓRã“ƒ3Cc“3s##fRÓ`­˜‹]˜Š­˜rÂÓRã“ƒCƒCcSC#c“S#†RÓbÃBÃBÃãÂÓRã“ƒCƒCcSC#c“S#†RÓ`­˜­˜]Š½˜M˜}ŠrÂÓRã“ƒs“ƒ#s#ƒ““FRÓbÃBÃBÃãÂÓRã“ƒs“ƒ#s#ƒ““FRÓ`­Š}˜MŠ­‹Š}˜-ŠòÂÓRã“ƒƒ“SsS#CSsFRÓbÃ#2ÃrÃãÂÓRã“ƒƒ“SsS#CSsFRÓ`­˜Š‹Š}ŠŠ}Š¢ÂÓRã“ƒƒ#CCCƒ33c&RÓbÃ2Ã2ÃãÂÓRã“ƒƒ#CCCƒ33c&RÓ`­Š}˜M˜]‹-Š}ŠýŠ}˜MŠ­‹­˜­‹Š}˜MŠÝ˜=˜­‹ÂÓRã““ƒS“C3ƒsRÓbÃbÃRÃãÂÓRã““ƒS“C3ƒsRÓ`­˜mŠíŠ˜rÂÓRã““#S#CccsCƒ3VRÓbÃrÃbÃãÂÓRã““#S#CccsCƒ3VRÓ`­Š­˜]˜˜BÂÓRã““3Ss“sƒScc6RÓbÃBÃBÃãÂÓRã““3Ss“sƒScc6RÓ`­˜˜]‹ŠýŠ}Š¢ÂÓRã““cƒSscsC““RÓbÃ3BÃrÃãÂÓRã““cƒSscsC““RÓ`­Š}˜M˜]‹˜ŠÂÂÓbã#sCS3C“c“C–RÓbÃRÃRÃãÂÓbã#sCS3C“c“C–RÓ`­˜‹=Š­˜-˜˜RÂÓbãCƒS#csCVRÓbÃBÃBÃãÂÓbãCƒS#csCVRÓ`­Š}˜M‹}‹˜­˜-˜rÂÓbã“ScSCc3sƒscFRÓbÃ2ÃÃãÂÓbã“ScSCc3sƒscFRÓ`­Š}˜M˜˜-‹˜rÂÓbã3C“3SS3#ScVRÓbÃsÃ3ÃãÂÓbã3C“3SS3#ScVRÓ`­Š­‹=ŠÍ˜­˜M˜}˜RÂÓbã3Sƒc#cS##CƒVRÓbÃÃÃãÂÓbã3Sƒc#cS##CƒVRÓ`­˜M˜-‹}Š}‹˜¢ÂÓbãCcCƒ#ƒc“cSSƒVRÓbÃÃÃãÂÓbãCcCƒ#ƒc“cSSƒVRÓ`­Š}‹-Š}˜M˜rÂÓbãccSs#3“3&RÓbÃBÃ’ÃãÂÓbãccSs#3“3&RÓ`­‹mŠâÂÓbã#3c“ƒc“#3cs#S6RÓbÃ3‚ÃrÃãÂÓbã#3c“ƒc“#3cs#S6RÓ`­˜]˜m‹]Š}Š¢ÂÓbã#3“3#Cƒ#“#3VRÓbÃ#bÃ‚ÃãÂÓbã#3“3#Cƒ#“#3VRÓ`­Š}‹=Š}‹=ŠrÂÓbã#c“C“##cc3cVRÓbÃrÃRÃãÂÓbã#c“C“##cc3cVRÓ`­˜]‹Ší‹RÂÓbã#sScSS3cfRÓbÃbÃRÃãÂÓbã#sScSS3cfRÓ`­‹MŠm˜˜bÂÓbã3#“3#cƒ3c6RÓbÃ#‚ÃRÃãÂÓbã3#“3#cƒ3c6RÓ`­˜M˜MŠ}‹=Š­ŠíŠýŠ}˜RÂÓbã3S3c3#3cSƒVRÓbÃRÃRÃãÂÓbã3S3c3#3cSƒVRÓ`­Š}˜M˜]˜}˜RÂÓbã3cC“s#s#†RÓbÃBÃ"ÃãÂÓbã3cC“s#s#†RÓ`­˜MŠ}‹=Š­‹Š}Š­˜­ŠÍ˜­˜rÂÓbã3#“#S#s3#sƒC#VRÓbÃbÃbÃãÂÓbã3#“#S#s3#sƒC#VRÓ`­‹=˜M‹=˜M˜rÂÓbã3#ƒ“ƒs3Cc3##3VRÓbÃ‚ÃsÃãÂÓbã3#ƒ“ƒs3Cc3##3VRÓ`­˜‹m‹˜}ŠrÂÓbã3“Cƒ3#c#CRÓbÃrÃ"ÃãÂÓbã3“Cƒ3#c#CRÓ`­Š}˜MŠý˜˜M˜¢ÂÓbãC3Csc“3cS33&RÓbÃ#RÃ“‚ÃãÂÓbãC3Csc“3cS33&RÓ`­˜]‹Š}‹=˜RÂÓbãCcC3“s##3&RÓbÃrÃbÃãÂÓbãCcC3“s##3&RÓ`­˜ŠŠ}˜M˜]˜-Š}‹˜m˜rÂÓbãC3C“cs##ScC†RÓbÃ2ÃbÃãÂÓbãC3C“cs##ScC†RÓ`­Š}˜M˜mŠ}˜Š½ŠrÂÓbãC3CS“ƒs“&RÓbÃBÃ2ÃãÂÓbãC3CS“ƒs“&RÓ`­Š}‹]Šý‹Š¢ÂÓbãCSS3csƒSƒƒRÓbÃ‚Ãc2ÃãÂÓbãCSS3csƒSƒƒRÓ`­˜Š}‹2ÂÓbãS3SC#“ƒ33“ƒ“VRÓbÃ#BÃÃãÂÓbãS3SC#“ƒ33“ƒ“VRÓ`­‹=Š¢ÂÓbãS“#3sssc#fRÓbÃRÃÃãÂÓbãS“#3sssc#fRÓ`­˜M‹‹}˜BÂÓbãc#“cC#3SC3VRÓbÃBÃ2ÃãÂÓbãc#“cC#3SC3VRÓ`­Š}˜M˜]‹-Š}ŠýŠ}˜MŠ­‹­˜­‹˜­˜m‹=Š}Š‚ÂÓbãcCC#csƒCSs““6RÓbÃSÃ‚ÃãÂÓbãcCC#csƒCSs““6RÓ`­˜M˜MŠ­‹M‹­˜­˜BÂÓbãcCscS#“CssFRÓbÃ’Ã2ÃãÂÓbãcCscS#“CssFRÓ`­Š}˜M‹­‹Š}Šm˜¢ÂÓbãcS“#ccCs3cRÓbÃ3RÃ#RÃãÂÓbãcS“#ccCs3cRÓ`­˜]‹‹˜˜­˜rÂÓbãcc3SC“33“cs#ƒ6RÓbÃ2Ã2ÃãÂÓbãcc3SC“33“cs#ƒ6RÓ`­Š}˜MŠ½˜MŠ}Š½˜˜bÂÓbãcƒ“33s3““CC&RÓbÃRÃBÃãÂÓbãcƒ“33s3““CC&RÓ`­Š­˜m˜˜­‹’ÂÓbãc“S3c#cCCCVRÓbÃcÃCBÃãÂÓbãc“S3c#cCCCVRÓ`­˜˜m‹=Š˜rÂÓbãs##ƒ#c#3†RÓbÃ‚Ãs2ÃãÂÓbãs##ƒ#c#3†RÓ`­Š}˜MŠ}˜]Š}˜RÂÓbãs33C“s3“3“Ss#VRÓbÃ#BÃbÃãÂÓbãs33C“s3“3“Ss#VRÓ`­‹˜­Š}˜MŠ}˜MŠ˜mŠòÂÓbãsSScCƒƒs“VRÓbÃbÃbÃãÂÓbãsSScCƒƒs“VRÓ`­Š}‹=‹2ÂÓbãssC#c“cccSVRÓbÃRÃ"ÃãÂÓbãssC#c“cccSVRÓ`­Š­‹Š}˜]˜MŠ}Š¢ÂÓbãƒ3ƒ###CS#ƒcVRÓbÃÃ‚ÃãÂÓbãƒ3ƒ###CS#ƒcVRÓ`­Š­ŠÝ˜M˜­˜BÂÓbãƒCS33CS3“C–RÓbÃ’ÃbÃãÂÓbãƒCS33CS3“C–RÓ`­ŠŠ}Šý‹ÂÓbãƒCƒ#c3#ss6RÓbÃ2Ã2ÃãÂÓbãƒCƒ#c3#ss6RÓ`­‹}˜­‹Š}˜bÂÓbãƒCƒcS“ƒcsSC–RÓbÃRÃRÃãÂÓbãƒCƒcS“ƒcsSC–RÓ`­Š­˜m‹M˜­‹rÂÓbãƒc##CC“ƒCC3fRÓbÃÃRÃãÂÓbãƒc##CC“ƒCC3fRÓ`­˜M˜MŠ­‹‹MŠÒÂÓbã“sSsC3sCƒsRÓbÃrÃrÃãÂÓbã“sSsC3sCƒsRÓ`­˜m˜Š}˜­Š}Š¢ÂÓbã“3“S#3#3RÓbÃ2Ã‚ÃãÂÓbã“3“S#3#3RÓ`­Š}‹=Š­˜}ŠýŠ}˜ÂÓbã““Sƒƒc“C3ƒƒ3SƒVRÓbÃBÃBÃãÂÓbã““Sƒƒc“C3ƒƒ3SƒVRÓ`­Š}˜mŠ­˜-˜BÂÓbãcc3Sƒƒss3cFRÓbÃ2Ã’ÃãÂÓbãcc3Sƒƒss3cFRÓ`­‹Š}Šý˜M˜rÂÓbãC#“#“ƒ#ƒ#ƒVRÓbÃ#‚Ã#ÃãÂÓbãC#“#“ƒ#ƒ#ƒVRÓ`­Š}˜MŠÝ‹]‹ÂÓbã“#ss““cs3fRÓbÃÃrÃãÂÓbã“#ss““cs3fRÓ`­˜ŠÝ˜­Š²ÂÓbãs“C#3cfRÓbÃ‚Ã‚ÃãÂÓbãs“C#3cfRÓ`­˜]‹]‹˜˜ÂÓbã#“3“ƒsS3#†RÓbÃÃBÃãÂÓbã#“3“ƒsS3#†RÓ`­Š­Š­‹ŠÍ˜RÂÓbã##ƒcCSCcƒccvRÓbÃbÃ2ÃãÂÓbã##ƒcCSCcƒccvRÓ`­Š}˜m‹˜]˜rÂÓbã3CCs#s“sRÓbÃc‚ÃCbÃãÂÓbã3CCs#s“sRÓ`­ŠÝ‹]Š}˜m˜rÂÓbãƒSsC“C3S“C†RÓbÃC"Ã’ÃãÂÓbãƒSsC“C3S“C†RÓ`­˜Š}˜MŠ}Š­‹]Š}˜MŠ}Š¢ÂÓbã#cs#ƒ“ScC#ƒ–RÓbÃÃ3RÃãÂÓbã#cs#ƒ“ScC#ƒ–RÓ`­‹=˜­‹}‹˜rÂÓbã3#CCS#ƒCs“vRÓbÃ2Ã2ÃãÂÓbã3#CCS#ƒCs“vRÓ`­˜M˜MŠŠÝŠ²ÂÓbã#sScSƒ#CVRÓbÃBÃBÃãÂÓbã#sScSƒ#CVRÓ`­˜Š}‹Š­˜]ŠýŠ¢ÂÓbã33ƒs#3CCS“svRÓbÃBÃBÃãÂÓbã33ƒs#3CCS“svRÓ`­˜M‹˜]˜˜RÂÓbã33““ƒƒ“Sƒ33S&RÓbÃrÃrÃãÂÓbã33““ƒƒ“Sƒ33S&RÓ`­˜Š­‹=Š­˜}Šý˜ÂÓbãSS““#333c#“SfRÓbÃ#ÃRÃãÂÓbãSS““#333c#“SfRÓ`­˜m˜-ŠòÂÓbã#“SS#cC#“RÓbÃbÃBÃãÂÓbã#“SS#cC#“RÓ`­ŠíŠ}‹RÂÓbã#Cs3C#“S““vRÓbÃsRÃSBÃãÂÓbã#Cs3C#“S““vRÓ`­Š}˜MŠ}˜M˜¢ÂÓbã#ƒScƒsCƒcCsRÓbÃS’Ã3ÃãÂÓbã#ƒScƒsCƒcCsRÓ`­˜M˜M‹˜]˜M˜­Š}Š¢ÂÓbã333CcCS#“FRÓbÃ#bÃ#ÃãÂÓbã333CcCS#“FRÓ`­‹˜­Š}˜MŠrÂÓbã3#3sƒs3cS“c“vRÓbÃSCrÃ#3bÃãÂÓbã3#3sƒs3cS“c“vRÓ`­Š}˜M˜]Šý˜­‹ÂÓbã3ƒsSs3SƒC#VRÓbÃbÃ3’ÃãÂÓbã3ƒsSs3SƒC#VRÓ`­Š}˜M˜]‹MŠ­‹˜=˜}‹=Š}˜­˜m˜Š˜­˜2ÂÓbãCc“c#“sƒƒƒvRÓbÃbÃBÃãÂÓbãCc“c#“sƒƒƒvRÓ`­Š}˜MŠ­‹­˜­˜­‹Š}˜M‹M‹˜=Š}Š¢ÂÓbãCc“c#“sƒƒƒvRÓbÃbÃBÃãÂÓbãCc“c#“sƒƒƒvRÓ`­˜m˜=‹=˜M˜­˜bÂÓbãCc“c#“sƒƒƒvRÓbÃbÃBÃãÂÓbãCc“c#“sƒƒƒvRÓ`­Š}˜M‹-˜]˜­˜M˜}Š}˜MŠí˜M˜­ŠÂÂÓbãCc“c#“sƒƒƒvRÓbÃbÃBÃãÂÓbãCc“c#“sƒƒƒvRÓ`­˜˜‹ÂÓbãCƒsS“cƒ“ƒc#RÓbÃBÃBÃãÂÓbãCƒsS“cƒ“ƒc#RÓ`­˜Š}˜MŠ}‹ŠŠ}ŠÒÂÓbãCsƒƒcƒƒ“#ƒcƒ†RÓbÃƒrÃ3ÃãÂÓbãCsƒƒcƒƒ“#ƒcƒ†RÓ`­Š}˜MŠ}˜-‹]˜¢ÂÓbãCƒCC“cCC“c†RÓbÃ#ÃbÃãÂÓbãCƒCC“cCC“c†RÓ`­Š}˜M˜˜‹=˜Š}Š­˜­˜rÂÓbãCƒƒC3cSs3ƒ#C†RÓbÃ“rÃSbÃãÂÓbãCƒƒC3cSs3ƒ#C†RÓ`­Š}Ší‹Š¢ÂÓbãCƒ““s#c3sC#scvRÓbÃ#"ÃÃãÂÓbãCƒ““s#c3sC#scvRÓ`­˜m‹ŠòÂÓbãS#ssƒcƒsc“ƒ#&RÓbÃ2Ã2ÃãÂÓbãS#ssƒcƒsc“ƒ#&RÓ`­Š}˜M˜]˜-‹‹ÂÓbãSC#Csc33“3ƒcFRÓbÃ’ÃsÃãÂÓbãSC#Csc33“3ƒcFRÓ`­Š}Ší‹˜}ŠrÂÓbãSsS“3c““Sƒ6RÓbÃRÃ2ÃãÂÓbãSsS“3c““Sƒ6RÓ`­ŠŠ}˜MŠ}‹‹Š}Š‚ÂÓbãSƒscs3C3“cSS†RÓbÃBÃBÃãÂÓbãSƒscs3C3“cSS†RÓ`­˜-Šý˜]˜˜rÂÓbãSƒscs3C3“cSS†RÓbÃBÃBÃãÂÓbãSƒscs3C3“cSS†RÓ`­˜‹m‹˜ŠrÂÓbãSƒscs3C3“cSS†RÓbÃBÃBÃãÂÓbãSƒscs3C3“cSS†RÓ`­Š}˜M‹MŠŠ}Š‚ÂÓbãSƒƒS3s“ƒC6RÓbÃS2Ã#‚ÃãÂÓbãSƒƒS3s“ƒC6RÓ`­Š}˜}Š­˜]Š}˜]Š}Š¢ÂÓbãcs#SS#3s#ƒVRÓbÃBÃBÃãÂÓbãcs#SS#3s#ƒVRÓ`­˜M˜M‹Š}‹­Š˜­˜bÂÓbãc3##“scC3csvRÓbÃRÃBÃãÂÓbãc3##“scC3csvRÓ`­˜Š}˜MŠ}Š­˜Š}˜"ÂÓbãc##CƒSƒ#CvRÓbÃrÃRÃãÂÓbãc##CƒSƒ#CvRÓ`­Š}˜MŠ½˜-Š}˜˜¢ÂÓbãcSS“s“ScCsRÓbÃÃrÃãÂÓbãcSS“s“ScCsRÓ`­˜­‹Š}˜˜-˜rÂÓbãcs“ƒcc#C#ƒCVRÓbÃ"ÃÃãÂÓbãcs“ƒcc#C#ƒCVRÓ`¦6öÝ˜]‹˜M˜˜]Š}Š¢ÂÓbãcƒƒSsc#c“cƒcFRÓbÃ2Ã2ÃãÂÓbãcƒƒSsc#c“cƒcFRÓ`­Š}˜M˜=˜m˜}˜BÂÓbãc“scssCƒcs#fRÓbÃBÃBÃãÂÓbãc“scssCƒcs#fRÓ`­Š}˜=Š‹˜}ŠrÂÓbãs3scsc##3“3FRÓbÃ3"ÃrÃãÂÓbãs3scsc##3“3FRÓ`­˜M˜MŠ­˜˜-‹Š}Š¢ÂÓbãss3“CS#cƒc3CFRÓbÃÃ‚ÃãÂÓbãss3“CS#cƒc3CFRÓ`­˜‹]Šý˜­˜-˜rÂÓbãsƒ““SC“ƒ3#“c–RÓbÃ2Ã2ÃãÂÓbãsƒ““SC“ƒ3#“c–RÓ`­Š}˜M˜]Šý‹˜˜]˜rÂÓbãs“ƒcsSs“–RÓbÃrÃ’ÃãÂÓbãs“ƒcsSs“–RÓ`­Š‹˜-˜­˜rÂÓbãƒS##s#CC#cSVRÓbÃ‚ÃrÃãÂÓbãƒS##s#CC#cSVRÓ`­Ší˜M˜­˜rÂÓbãƒSScssssƒC3“c–RÓbÃ2Ã2ÃãÂÓbãƒSScssssƒC3“c–RÓ`­Š­˜‹˜­˜M˜}ŠrÂÓbãƒS“ƒ#3s#3“3#6RÓbÃbÃbÃãÂÓbãƒS“ƒ#3s#3“3#6RÓ`­˜M˜ŠÍ˜ŠòÂÓbãƒƒS3Cc“Sssƒ#6RÓbÃ#rÃ’ÃãÂÓbãƒƒS3Cc“Sssƒ#6RÓ`­˜Š}Š­Š}ŠÝ˜rÂÓbã“ƒScƒƒssCSc“FRÓbÃRÃ2ÃãÂÓbã“ƒScƒƒssCSc“FRÓ`­Š}˜M˜Š½˜­˜-˜rÂÓbã“#ƒ#3Sƒ“CSc“RÓbÃ’ÃrÃãÂÓbã“#ƒ#3Sƒ“CSc“RÓ`­Š­‹˜-˜­˜rÂÓbã“#““3C“3†RÓbÃ#ÃrÃãÂÓbã“#““3C“3†RÓ`­ŠŠíŠ‹Š}Š¢ÂÓbã“33#cSC“#3cRÓbÃÃrÃãÂÓbã“33#cSC“#3cRÓ`­Š­˜‹m˜­ŠÝ˜¢ÂÓbã“ccc“Sƒ3ssVRÓbÃ‚Ã‚ÃãÂÓbã“ccc“Sƒ3ssVRÓ`­Š­˜-Šý˜]˜rÂÓbã““s##ƒ#“RÓbÃbÃBÃãÂÓbã““s##ƒ#“RÓ`­˜Š}Ší‹˜¢ÂÓbã““ƒS33S#ss&RÓbÃ3‚Ã#2ÃãÂÓbã““ƒS33S#ss&RÓ`­˜]Š­˜‹=‹}˜rÂÓbã#Sc““C#SVRÓbÃbÃRÃãÂÓbã#Sc““C#SVRÓ`­ŠŠ}˜M‹Šm˜­‹2ÂÓbã#sƒ#SCcƒ“3–RÓbÃ2Ã2ÃãÂÓbã#sƒ#SCcƒ“3–RÓ`­Š}˜M˜]ŠíŠ}Š‹"ÂÓbã#33“ƒC#3CSc“CVRÓbÃc"Ã#rÃãÂÓbã#33“ƒC#3CSc“CVRÓ`­˜˜=˜MŠ}ŠÂÓbã#3sC33ssFRÓbÃbÃ2ÃãÂÓbã#3sC33ssFRÓ`­˜˜=˜BÂÓbã#3ƒc“3sƒSc“SSfRÓbÃ#rÃ’ÃãÂÓbã#3ƒc“3sƒSc“SSfRÓ`­ŠíŠý˜]Š}Š­˜rÂÓbã#c#C#s3#S“3cCfRÓbÃ"ÃÃãÂÓbã#c#C#s3#S“3cCfRÓ`­Š}Š‹˜]Š­˜}ŠrÂÓbã#ƒ3s“C#CSƒCSVRÓbÃRÃBÃãÂÓbã#ƒ3s“C#CSƒCSVRÓ`­ŠŠ}˜MŠ}‹MŠ}‹˜rÂÓbã#“SCƒƒsC“6RÓbÃ‚Ã‚ÃãÂÓbã#“SCƒƒsC“6RÓ`­Š­˜-˜m˜¢ÂÓbã#S3S3SS3SSS†RÓbÃ’Ã‚ÃãÂÓbã#S3S3SS3SSS†RÓ`­˜­˜˜˜"ÂÓbã#sS“c“#Sc3“3&RÓbÃbÃRÃãÂÓbã#sS“c“#Sc3“3&RÓ`­Š}˜M˜‹-‹Š}ŠÂÓbã#“##3#cƒƒcVRÓbÃƒ’ÃSÃãÂÓbã#“##3#cƒƒcVRÓ`­Š­‹]˜]˜­˜RÂÓbã###ƒsC“c“†RÓbÃ3RÃ#bÃãÂÓbã###ƒsC“c“†RÓ`­‹‹m˜˜­Š­˜}˜RÂÓbã##SscƒCCƒsc3&RÓbÃ2Ã’ÃãÂÓbã##SscƒCCƒsc3&RÓ`­ŠÝ‹]ŠòÂÓbã##sC#S3Cƒc“VRÓbÃ2Ã2ÃãÂÓbã##sC#S3Cƒc“VRÓ`­‹m˜]Š}˜bÂÓbã##ssCƒƒSS#VRÓbÃÃSBÃãÂÓbã##ssCƒƒSS#VRÓ`­Š}‹˜]Š}˜M˜rÂÓbã#3ss#cƒ#ScS#SVRÓbÃ’ÃBÃãÂÓbã#3ss#cƒ#ScS#SVRÓ`­Š­‹Š­Š‹˜}ŠrÂÓbã#3“3“SscƒSscVRÓbÃBÃBÃãÂÓbã#3“3“SscƒSscVRÓ`­ŠÍ˜˜}‹ÂÓbã#C#C#3ƒ3CCƒs“36RÓbÃrÃrÃãÂÓbã#C#C#3ƒ3CCƒs“36RÓ`­ŠŠ}˜M˜-˜­˜]˜rÂÓbã#Csƒ#cƒ“SS#RÓbÃrÃbÃãÂÓbã#Csƒ#cƒ“SS#RÓ`­‹=˜˜"ÂÓbã#Ss“CScc#fRÓbÃ#C’ÃRÃãÂÓbã#Ss“CScc#fRÓ`­˜]ŠíŠ­‹RÂÓbã#S###css#CsS3FRÓbÃ2Ã2ÃãÂÓbã#S###css#CsS3FRÓ`­Š˜]ŠÍŠ}˜M‹2ÂÓbã#Ss3“cc33C#S“VRÓbÃRÃBÃãÂÓbã#Ss3“cc33C#S“VRÓ`­˜]‹=˜­‹Š­˜rÂÓbã#cC“3CS#ccC–RÓbÃbÃbÃãÂÓbã#cC“3CS#ccC–RÓ`­Š}˜M˜]‹Š}ŠòÂÓbã#c“ƒƒ“S#““c3&RÓbÃ3BÃ32ÃãÂÓbã#c“ƒƒ“S#““c3&RÓ`­˜=Š}‹˜MŠ­˜˜bÂÓbã#cSc#s#33ƒ33S6RÓbÃBÃBÃãÂÓbã#cSc#s#33ƒ33S6RÓ`­‹˜­Š­‹"ÂÓbã#cSc#s#33ƒ33S6RÓbÃBÃBÃãÂÓbã#cSc#s#33ƒ33S6RÓ`­Š}ŠÝŠòÂÓbã#sS3S3“CCCcVRÓbÃ#ƒbÃƒ‚ÃãÂÓbã#sS3S3“CCCcVRÓ`­Š}˜M‹]‹˜ŠòÂÓbã#sƒSsƒs#“33#VRÓbÃbÃ2ÃãÂÓbã#sƒSsƒs#“33#VRÓ`­˜Š}˜MŠ}˜]˜˜m˜­ŠrÂÓbã#s3CcS#ƒ3ƒ3VRÓbÃ’ÃrÃãÂÓbã#s3CcS#ƒ3ƒ3VRÓ`­˜­‹-Š}˜BÂÓbã#sCSC“3“#SƒsVRÓbÃSbÃC"ÃãÂÓbã#sCSC“3“#SƒsVRÓ`­Š}˜MŠ­‹]Šý˜­‹ÂÓbã#sS3s#c#S“3Cƒ&RÓbÃCrÃ#rÃãÂÓbã#sS3s#c#S“3Cƒ&RÓ`­˜]˜=Š}˜Š}˜rÂÓbã#sƒ“SCCƒccƒssCfRÓbÃSÃ#‚ÃãÂÓbã#sƒ“SCCƒccƒssCfRÓ`­˜M˜MŠÍ˜}Š}Š¢ÂÓbã#s“sSS“ƒCƒ–RÓbÃ#Ã‚ÃãÂÓbã#s“sSS“ƒCƒ–RÓ`­Š}˜MŠ­ŠÝ‹=˜bÂÓbã#ƒ#cs“cSC#“&RÓbÃc2ÃCRÃãÂÓbã#ƒ#cs“cSC#“&RÓ`­˜­‹=˜]ŠÒÂÓbã#ƒcC3ƒc“#fRÓbÃBÃ"ÃãÂÓbã#ƒcC3ƒc“#fRÓ`­Š}˜M‹}Š˜¢ÂÓbã#ƒ#scC#cCcSs3ƒsVRÓbÃ2Ã’ÃãÂÓbã#ƒ#scC#cCcSs3ƒsVRÓ`­Š½˜-Š}˜˜rÂÓbã#ƒ“ƒƒ“sSCsCc“–RÓbÃ3Ã#BÃãÂÓbã#ƒ“ƒƒ“sSCsCc“–RÓ`­Š}˜M˜]Š­Š}Ší‹˜rÂÓbã#“S“C#cCs“VRÓbÃ’ÃÃãÂÓbã#“S“C#cCs“VRÓ`­˜M˜MŠ­˜‹-˜­‹Š}Š¢ÂÓbã#“sSsƒCsc“#ssvRÓbÃ"ÃrÃãÂÓbã#“sSsƒCsc“#ssvRÓ`­‹}˜‹Š¢ÂÓbã333S#s“Cƒ3#3#“VRÓbÃ‚ÃrÃãÂÓbã333S#s“Cƒ3#3#“VRÓ`­Š}˜MŠÝ˜‹ÂÓbã3S#c#3S“#FRÓbÃÃRÃãÂÓbã3S#c#3S“#FRÓ`­˜=˜MŠrÂÓbã3ƒc#Ss“SSSc“–RÓbÃƒ’ÃSbÃãÂÓbã3ƒc#Ss“SSSc“–RÓ`­Š­Š}Š‹˜rÂÓbã3ƒs##33C#3VRÓbÃC"ÃsBÃãÂÓbã3ƒs##33C#3VRÓ`­Š}˜M˜]Šý˜m˜¢ÂÓbã3“#C3cs#““vRÓbÃ3"Ã#ÃãÂÓbã3“#C3cs#““vRÓ`­ŠŠ­‹}Š˜­˜"ÂÓbã3s##c“S3ƒ6RÓbÃc‚Ã#‚ÃãÂÓbã3s##c“S3ƒ6RÓ`­Š˜-Š}ŠÂÓbã3sS##C“ƒcssƒfRÓbÃSÃ#ÃãÂÓbã3sS##C“ƒcssƒfRÓ`­Š}˜M˜Š}˜-‹’ÂÓbã3ƒ“c3ƒcsC“sSSfRÓbÃ3rÃ#’ÃãÂÓbã3ƒ“c3ƒcsC“sSSfRÓ`­Š}˜M˜]‹-Š}ŠýŠ}˜MŠ­‹­˜­‹Š}‹Š}Šý˜rÂÓbã3##c3SƒsƒƒRÓbÃrÃ2ÃãÂÓbã3##c3SƒsƒƒRÓ`­˜Š}˜M‹=Š‹˜˜bÂÓbã3##sƒ“sC““CSFRÓbÃRÃRÃãÂÓbã3##sƒ“sC““CSFRÓ`­˜m‹=ŠŠ­˜}ŠrÂÓbã3#3cC#C#ssCc3VRÓbÃSbÃ#bÃãÂÓbã3#3cC#C#ssCc3VRÓ`­˜Š}˜M˜=˜RÂÓbã3#SSs3S#ƒRÓbÃ3’ÃsRÃãÂÓbã3#SSs3S#ƒRÓ`­‹}˜]˜ŠÝŠ}Š­˜}ŠrÂÓbã3#SƒCsƒ3ƒccs#RÓbÃRÃ2ÃãÂÓbã3#SƒCsƒ3ƒccs#RÓ`­Š}Š­‹Š}Š˜rÂÓbã3#ƒsCc3C3“ƒCC#–RÓbÃCÃ3’ÃãÂÓbã3#ƒsCc3C3“ƒCC#–RÓ`­ŠÍ˜}Š}Š¢ÂÓbã33S“#ƒss3c“ƒ–RÓbÃ3RÃ#bÃãÂÓbã33S“#ƒss3c“ƒ–RÓ`­Š}˜M‹M˜]‹=˜­˜rÂÓbã33c33ƒc3C3ssc3VRÓbÃs‚Ã#‚ÃãÂÓbã33c33ƒc3C3ssc3VRÓ`­ŠŠ}˜M‹‹­˜RÂÓbã33“S#SƒCSs##sc†RÓbÃc2ÃC’ÃãÂÓbã33“S#SƒCSs##sc†RÓ`­˜]˜=Š}˜Š}Š¢ÂÓbã3C3s3“#“““cC&RÓbÃƒ"ÃrÃãÂÓbã3C3s3“#“““cC&RÓ`­Š}˜MŠ}Š­‹Š}Š‚ÂÓbã3CS#SCs3ƒssfRÓbÃ#BÃ’ÃãÂÓbã3CS#SCs3ƒssfRÓ`­Š}˜M‹­‹Š˜­˜rÂÓbã3CSCcCƒcƒ“ƒ#–RÓbÃ32ÃrÃãÂÓbã3CSCcCƒcƒ“ƒ#–RÓ`­Š‹‹Š}˜­˜rÂÓbã3CSssSsSc33S“sRÓbÃ3‚Ã#’ÃãÂÓbã3CSssSsSc33S“sRÓ`­˜Š}˜M˜]‹˜=ŠŠ}Š¢ÂÓbã3S#“ƒ“s“CS&RÓbÃBÃBÃãÂÓbã3S#“ƒ“s“CS&RÓ`­˜MŠ­˜˜M˜­ŠòÂÓbã3Sc3sƒ3C“##6RÓbÃ#rÃbÃãÂÓbã3Sc3sƒ3C“##6RÓ`­Š}˜MŠ½˜MŠ}Š½˜­˜bÂÓbã3S3“c3“SC3#ƒfRÓbÃBÃ’ÃãÂÓbã3S3“c3“SC3#ƒfRÓ`­˜Š½˜]Š}˜m˜˜bÂÓbã3SC“cƒƒCSScS#s†RÓbÃ2Ã2ÃãÂÓbã3SC“cƒƒCSScS#s†RÓ`­Š}˜M˜]‹Š}˜-Š˜rÂÓbã3SSƒCSCscc&RÓbÃCbÃÃãÂÓbã3SSƒCSCscc&RÓ`­˜=Š˜­‹ŠrÂÓbã3SƒƒS“S#3““cvRÓbÃc2ÃCbÃãÂÓbã3SƒƒS“S#3““cvRÓ`­Š}ŠÝŠ­˜­Š}ŠÍŠ}Š­˜}˜RÂÓbã3SƒSS#“#ƒsS33s6RÓbÃ‚ÃrÃãÂÓbã3SƒSS#“#ƒsS33s6RÓ`­Š}˜M˜}˜˜M˜mŠý˜­˜rÂÓbã3c3#ƒ#ƒs“#“vRÓbÃÃRÃãÂÓbã3c3#ƒ#ƒs“#“vRÓ`­˜˜­‹Š­˜]ŠòÂÓbã3c3ƒsScsCsC–RÓbÃRÃRÃãÂÓbã3c3ƒsScsCsC–RÓ`­Š}˜M˜‹-Š}‹˜rÂÓbã3c3ƒs“#CC33ƒ3CFRÓbÃ#bÃSÃãÂÓbã3c3ƒs“#CC33ƒ3CFRÓ`­˜M˜MŠ}˜˜m‹]˜rÂÓbã3cS3S3ƒ#ccS†RÓbÃbÃBÃãÂÓbã3cS3S3ƒ#ccS†RÓ`­˜M˜MŠ}ŠmŠÝ˜rÂÓbã3cs#“C“ƒc“s#&RÓbÃÃ‚ÃãÂÓbã3cs#“C“ƒc“s#&RÓ`­Š˜]‹MŠ}‹˜­‹’ÂÓbã3cƒ#C33“Scƒ†RÓbÃ2ÃÃãÂÓbã3cƒ#C33“Scƒ†RÓ`­˜Š}‹=Š­‹­˜MŠ}˜BÂÓbã3cƒ“3“ccƒƒ“VRÓbÃbÃBÃãÂÓbã3cƒ“3“ccƒƒ“VRÓ`­Š}‹Š­˜Š}‹Š}Š¢ÂÓbã3scƒCCsƒ33RÓbÃƒRÃ3ÃãÂÓbã3scƒCCsƒ33RÓ`­˜˜]ŠÍ˜]˜‹˜rÂÓbã3s3cƒs#ƒ“#CVRÓbÃƒ’ÃC‚ÃãÂÓbã3s3cƒs#ƒ“#CVRÓ`­Š}˜­ŠýŠ}‹’ÂÓbã3ss#Cƒ##3#3S†RÓbÃsÃ“"ÃãÂÓbã3ss#Cƒ##3#3S†RÓ`­Š}˜MŠ­˜˜m‹=˜¢ÂÓbã3s3“csƒ3ScS36RÓbÃBÃrÃãÂÓbã3s3“csƒ3ScS36RÓ`­Š}˜M˜Š­‹˜}Š}˜M‹M‹˜=Š}Š­Š}˜MŠ}˜‹Š}ŠýŠ}˜MŠí‹-˜­˜m˜}Š}Ší‹˜­Š}˜MŠ}ŠÍ˜]Š}˜M˜¢ÂÓbã3sSSC33“#s3s“&RÓbÃ"Ã"ÃãÂÓbã3sSSC33“#s3s“&RÓ`­˜Š}˜MŠ}‹˜MŠ}˜bÂÓbã3ƒ3#S“ƒƒC“S#6RÓbÃ’ÃÃãÂÓbã3ƒ3#S“ƒƒC“S#6RÓ`­Š}˜MŠ‹Š}‹-˜­˜BÂÓbã3ƒCcƒ#“##ƒcscRÓbÃ3Ã‚ÃãÂÓbã3ƒCcƒ#“##ƒcscRÓ`­˜Š}˜MŠ­˜=Š}˜M˜­˜ÂÓbã3ƒCsCs##c3#3C#VRÓbÃBÃÃãÂÓbã3ƒCsCs##c3#3C#VRÓ`­˜ŠÝŠ}Šm˜BÂÓbã3ƒSƒS“33c#3vRÓbÃ’Ã‚ÃãÂÓbã3ƒSƒS“33c#3vRÓ`­˜­Š­ŠÝ˜-˜"ÂÓbã3ƒƒcCscssC#C#“&RÓbÃRÃBÃãÂÓbã3ƒƒcCscssC#C#“&RÓ`­˜M‹Š‹rÂÓbã3“ƒs“#““SRÓbÃ"Ã’ÃãÂÓbã3“ƒs“#““SRÓ`­˜˜]˜=˜˜mŠ}Š¢ÂÓbã3“Cs33““CCsccfRÓbÃBÃ2ÃãÂÓbã3“Cs33““CCsccfRÓ`­Š}˜M˜]ŠýŠ}‹‹2ÂÓbãCSCscCCƒc–RÓbÃrÃRÃãÂÓbãCSCscCCƒc–RÓ`­˜˜-Šý‹Š}Š­˜}˜RÂÓbãC“sƒ“S“ccƒƒ3vRÓbÃBÃ2ÃãÂÓbãC“sƒ“S“ccƒƒ3vRÓ`­˜Š}˜M˜m‹˜­˜˜rÂÓbãCc#ƒ“sc#cƒ†RÓbÃ2Ã2ÃãÂÓbãCc#ƒ“sc#cƒ†RÓ`­‹=˜­Š}‹=˜rÂÓbãC3““3cCS“3VRÓbÃ3#2ÃƒBÃãÂÓbãC3““3cCS“3VRÓ`­˜]ŠÝ‹}Š­˜¢ÂÓbãCƒScSCƒ“SCFRÓbÃRÃ2ÃãÂÓbãCƒScSCƒ“SCFRÓ`­‹=Š­˜Š}‹]˜BÂÓbãC#S#c“ƒ33cƒvRÓbÃ"ÃÃãÂÓbãC#S#c“ƒ33cƒvRÓ`­Š}˜M˜}Š}˜RÂÓbãC#sSƒc#C#ƒ##&RÓbÃrÃRÃãÂÓbãC#sSƒc#C#ƒ##&RÓ`­Š}˜MŠ˜­Š¢ÂÓbãCSC#sCC#ƒc†RÓbÃBÃ2ÃãÂÓbãCSC#sCC#ƒc†RÓ`­Š}˜M˜]‹=˜]˜ŠÒÂÓbãC##Cƒƒ3#s“s“S&RÓbÃbÃBÃãÂÓbãC##Cƒƒ3#s“s“S&RÓ`­˜M˜MŠ­˜-Šý˜RÂÓbãC#c3sSƒƒc3ƒSS“†RÓbÃBÃBÃãÂÓbãC#c3sSƒƒc3ƒSS“†RÓ`­Š}‹=Š˜"ÂÓbãC#cSss#Ccƒ3“Cƒ†RÓbÃrÃrÃãÂÓbãC#cSss#Ccƒ3“Cƒ†RÓ`­Š}˜M˜]˜˜‹bÂÓbãC#cSss#Ccƒ3“Cƒ†RÓbÃrÃrÃãÂÓbãC#cSss#Ccƒ3“Cƒ†RÓ`­˜]‹MŠ­‹˜=˜­˜}ŠrÂÓbãC33cƒc3“6RÓbÃ"ÃrÃãÂÓbãC33cƒc3“6RÓ`­˜]˜]Š}˜m‹Š­˜}ŠrÂÓbãC33C3ƒS3c36RÓbÃrÃRÃãÂÓbãC33C3ƒS3c36RÓ`­ŠŠ­‹]˜m˜­‹’ÂÓbãC3#C“ƒƒ“S3RÓbÃ’Ã’ÃãÂÓbãC3#C“ƒƒ“S3RÓ`­Š­‹]˜m˜­‹’ÂÓbãC33ƒss#sc#“3RÓbÃcbÃ3‚ÃãÂÓbãC33ƒss#sc#“3RÓ`­Šý˜M˜­˜MŠrÂÓbãC3c#s#S3C&RÓbÃ‚ÃRÃãÂÓbãC3c#s#S3C&RÓ`­˜M˜ŠÝ‹RÂÓbãC3s##“sccS3SsvRÓbÃSBÃSÃãÂÓbãC3s##“sccS3SsvRÓ`­˜MŠ­˜Š}‹]˜­˜BÂÓbãC3sƒc3SCs#C#S–RÓbÃRÃRÃãÂÓbãC3sƒc3SCs#C#S–RÓ`­˜­ŠÝŠ}˜‹‚ÂÓbãC3ƒccs3CCƒCƒVRÓbÃrÃRÃãÂÓbãC3ƒccs3CCƒCƒVRÓ`­˜bÂÓbãC3“SƒcCcƒc#s3†RÓbÃBÃ2ÃãÂÓbãC3“SƒcCcƒc#s3†RÓ`­Š­Š­‹˜=‹"ÂÓbãCCScs#cC3RÓbÃ2Ã2ÃãÂÓbãCCScs#cC3RÓ`­Š˜­Šm˜rÂÓbãCSsSƒCSss“ƒ3S3&RÓbÃ’Ãƒ2ÃãÂÓbãCSsSƒCSss“ƒ3S3&RÓ`­˜Š}˜M˜]Š­‹m˜]˜m˜rÂÓbãCc“ƒS““###&RÓbÃBÃBÃãÂÓbãCc“ƒS““###&RÓ`­˜MŠ­ŠÍŠ}˜‹"ÂÓbãCc33C33cƒCsƒ““FRÓbÃÃBÃãÂÓbãCc33C33cƒCsƒ““FRÓ`­˜Š}˜M‹˜]˜˜MŠ}Š¢ÂÓbãCcCSƒSCƒ#3C#cfRÓbÃbÃ"ÃãÂÓbãCcCSƒSCƒ#3C#cfRÓ`­Š}ŠÝŠ­˜Š}˜MŠ}Š¢ÂÓbãCcSCSc3“3“C†RÓbÃrÃ2ÃãÂÓbãCcSCSc3“3“C†RÓ`­Š}˜M‹]˜­˜ÂÓbãCss#ƒccSS“SƒvRÓbÃ’ÃrÃãÂÓbãCss#ƒccSS“SƒvRÓ`­ŠÝ˜­˜m˜rÂÓbãCsC33C3S33fRÓbÃ“Ãs2ÃãÂÓbãCsC33C3S33fRÓ`­˜]˜M˜]˜‹2ÂÓbãCsS##3C33S“s†RÓbÃRÃRÃãÂÓbãCsS##3C33S“s†RÓ`­Š}˜M‹M‹˜=˜}Š}ŠÍ˜]Š}˜M˜¢ÂÓbãCscƒ3cS#3C6RÓbÃRÃ2ÃãÂÓbãCscƒ3cS#3C6RÓ`­Š­˜MŠ˜­˜rÂÓbãCssC3#C#C3SFRÓbÃCrÃ3’ÃãÂÓbãCssC3#C#C3SFRÓ`­Š­ŠÍŠ}˜rÂÓbãCsƒsƒc#“CSƒssVRÓbÃCcbÃ#c2ÃãÂÓbãCsƒsƒc#“CSƒssVRÓ`­Š}˜M‹=˜­Š}Šý˜¢ÂÓbãCs“csS#S3#cƒ#cVRÓbÃ’ÃBÃãÂÓbãCs“csS#S3#cƒ#cVRÓ`­˜]‹˜}ŠòÂÓbãCs““cC#CsSsSVRÓbÃ#‚Ã#ÃãÂÓbãCs““cC#CsSsSVRÓ`­Š}˜MŠ}‹˜MŠ}˜mŠŠ}˜MŠ}‹MŠ}‹˜rÂÓbãCƒC“3cCCsS“VRÓbÃ2Ã2ÃãÂÓbãCƒC“3cCCsS“VRÓ`­Š­‹]˜m˜­˜˜mŠrÂÓbãCƒ3sCs#3SCC#s3VRÓbÃbÃbÃãÂÓbãCƒ3sCs#3SCC#s3VRÓ`­Š­‹˜M˜­˜]Š}Š¢ÂÓbãCƒ3sSƒS“–RÓbÃ3BÃ"ÃãÂÓbãCƒ3sSƒS“–RÓ`­‹˜-˜ŠýŠrÂÓbãCƒƒc“““ƒc3Cƒc3–RÓbÃ#"ÃRÃãÂÓbãCƒƒc“““ƒc3Cƒc3–RÓ`­˜}Š}‹M˜RÂÓbãC“s3CScƒCcs#6RÓbÃbÃ‚ÃãÂÓbãC“s3CScƒCcs#6RÓ`­Š}‹}˜M˜-Š­˜rÂÓbãSCS“3#3S#SCƒFRÓbÃRÃ"ÃãÂÓbãSCS“3#3S#SCƒFRÓ`­˜M˜]‹Š}˜MŠÍ˜rÂÓbãScsƒsƒCƒ3#ƒƒ†RÓbÃ3rÃrÃãÂÓbãScsƒsƒCƒ3#ƒƒ†RÓ`­˜Šý˜-˜rÂÓbãSƒS3c#sƒcS3FRÓbÃ‚Ã‚ÃãÂÓbãSƒS3c#sƒcS3FRÓ`­Š}Š½ŠŠ­Š¢ÂÓbãS#S#ƒ“cƒ#ƒ#VRÓbÃ2ÃÃãÂÓbãS#S#ƒ“cƒ#ƒ#VRÓ`­˜-˜­Š}˜MŠý˜˜m˜¢ÂÓbãS3CƒcS“s#6RÓbÃbÃBÃãÂÓbãS3CƒcS“s#6RÓ`­‹˜Š˜­‹Š­˜‚ÂÓbãS3CƒcS“s#6RÓbÃbÃBÃãÂÓbãS3CƒcS“s#6RÓ`­Š}˜M˜m‹‹˜rÂÓbãS3#s3“#ƒs3CfRÓbÃSBÃ#‚ÃãÂÓbãS3#s3“#ƒs3CfRÓ`­Š}˜MŠÝ‹]‹˜­˜rÂÓbãSC#C“c““##s“–RÓbÃ"Ã’ÃãÂÓbãSC#C“c““##s“–RÓ`­Š}˜MŠ˜­Šm˜­˜rÂÓbãSCC33CCCC#3ƒvRÓbÃƒBÃCBÃãÂÓbãSCC33CCCC#3ƒvRÓ`­Š}˜MŠý˜­˜˜mŠ}˜M‹Š‹’ÂÓbãSSƒƒcSƒS†RÓbÃbÃbÃãÂÓbãSSƒƒcSƒS†RÓ`­˜Š}˜M‹-˜]˜­˜M˜rÂÓbãSss#cC“cscCVRÓbÃ2ÃRÃãÂÓbãSss#cC“cscCVRÓ`­˜Š}˜M˜]‹MŠ­‹˜­Š}Š¢ÂÓbãSss“3““s#sS6RÓbÃSrÃ#BÃãÂÓbãSss“3““s#sS6RÓ`­˜MŠ­‹=˜}˜­˜BÂÓbãS##ƒcCccƒƒ3S†RÓbÃ’ÃbÃãÂÓbãS##ƒcCccƒƒ3S†RÓ`­Š}‹‹=Š}˜BÂÓbãS3#“sC““3CFRÓbÃCÃ3ÃãÂÓbãS3#“sC““3CFRÓ`­ŠýŠ}˜˜‹2ÂÓbãS33SCS##ƒ3cRÓbÃ"ÃbÃãÂÓbãS33SCS##ƒ3cRÓ`­˜]˜‹Šý˜­˜}ŠrÂÓbãS3s3ƒ#Sc“Sƒs“cfRÓbÃbÃ2ÃãÂÓbãS3s3ƒ#Sc“Sƒs“cfRÓ`­Š}˜MŠÍ‹˜­ŠÂÓbãSC##S##3sƒ&RÓbÃ#rÃ"ÃãÂÓbãSC##S##3sƒ&RÓ`­˜-‹=˜]˜¢ÂÓbãSCCCcSs“#sccVRÓbÃRÃ2ÃãÂÓbãSCCCcSs“#sccVRÓ`­‹ŠýŠ}ŠýŠ}Š¢ÂÓbãSCS3#ccS#“ƒ–RÓbÃ‚Ã‚ÃãÂÓbãSCS3#ccS#“ƒ–RÓ`­Š­˜]˜mŠÒÂÓbãSCSc##3ƒ##ƒ3vRÓbÃ3Ã#ÃãÂÓbãSCSc##3ƒ##ƒ3vRÓ`­Š}˜M‹˜Š}ŠmŠòÂÓbãSCSs#ƒƒS“6RÓbÃs’Ãc2ÃãÂÓbãSCSs#ƒƒS“6RÓ`­Š}˜M‹=Šý˜­Šý˜rÂÓbãSCssSS“33SCC“vRÓbÃBÃBÃãÂÓbãSCssSS“33SCC“vRÓ`­Š}˜M‹m‹­˜‹rÂÓbãSS3ƒs“cs3#c#VRÓbÃC’Ã#‚ÃãÂÓbãSS3ƒs“cs3#c#VRÓ`­Ší‹=Š}‹˜rÂÓbãSS#ƒƒC##cS#&RÓbÃC2Ã#RÃãÂÓbãSS#ƒƒC##cS#&RÓ`­˜MŠ­˜=Š}˜M˜­˜ÂÓbãSS#“sƒCƒ3ƒ3s#VRÓbÃ’Ã‚ÃãÂÓbãSS#“sƒCƒ3ƒ3s#VRÓ`­Š}˜M˜]Š}‹m˜­˜rÂÓbãSS3cƒ3ƒscCSFRÓbÃ3S2Ã3ÃãÂÓbãSS3cƒ3ƒscCSFRÓ`­Š}Š­˜]Š}˜]˜}ŠrÂÓbãSSC3CCS“CC“SvRÓbÃ"Ã’ÃãÂÓbãSSC3CCS“CC“SvRÓ`­˜Š}‹‹mŠ}ŠÂÓbãSSƒ###CS#S3sc6RÓbÃCÃ#bÃãÂÓbãSSƒ###CS#S3sc6RÓ`­Š­˜-Šý˜]ŠrÂÓbãSSƒScc“3#S““cSVRÓbÃRÃBÃãÂÓbãSSƒScc“3#S““cSVRÓ`­Š}˜MŠ­‹Š}˜˜bÂÓbãScC33ƒ#ccc“sScfRÓbÃ3’ÃC’ÃãÂÓbãScC33ƒ#ccc“sScfRÓ`§7F2ÂÓbãScCSC“cS“ƒ&RÓbÃ#3ÃS"ÃãÂÓbãScCSC“cS“ƒ&RÓ`­˜]˜ŠÝŠòÂÓbãSc“Sƒ““3#3C3c&RÓbÃbÃÃãÂÓbãSc“Sƒ““3#3C3c&RÓ`­˜Š}˜MŠŠýŠÂÓbãSƒ#S3C3sSfRÓbÃC’Ã32ÃãÂÓbãSƒ#S3C3sSfRÓ`­˜MŠ}˜]Š}˜m˜rÂÓbãSƒC“SSƒCƒ#ƒfRÓbÃRÃRÃãÂÓbãSƒC“SSƒCƒ#ƒfRÓ`­‹=‹˜­ŠrÂÓbãSƒCCC#ƒSC3sSsFRÓbÃ#RÃ#"ÃãÂÓbãSƒCCC#ƒSC3sSsFRÓ`­˜MŠý‹˜RÂÓbãSƒS#cƒ3C3“sC6RÓbÃ3BÃSÃãÂÓbãSƒS#cƒ3C3“sC6RÓ`­˜Š}˜MŠÝ˜=˜˜]˜rÂÓbãSƒc#“cScSsCFRÓbÃbÃRÃãÂÓbãSƒc#“cScSsCFRÓ`­ŠŠ}˜M˜m‹‹ÂÓbãSƒcC#“#“3†RÓbÃ#rÃ#rÃãÂÓbãSƒcC#“#“3†RÓ`­Š}˜MŠÍ˜˜¢ÂÓbãS“Sc“S#ƒCc6RÓbÃRÃBÃãÂÓbãS“Sc“S#ƒCc6RÓ`­˜MŠ}ŠÍ˜BÂÓbãS“s##SSS“cƒRÓbÃS"ÃRÃãÂÓbãS“s##SSS“cƒRÓ`­Š­‹]ŠÝ˜­ŠÝ˜rÂÓbãc#C3s3C3CCsƒ6RÓbÃ#’Ã#’ÃãÂÓbãc#C3s3C3CCsƒ6RÓ`­˜]˜]˜=˜mŠrÂÓbãc“s3sSCsSvRÓbÃbÃbÃãÂÓbãc“s3sSCsSvRÓ`­˜˜‹Š¢ÂÓbãc3SSc###3“RÓbÃBÃÃãÂÓbãc3SSc###3“RÓ`­ŠŠ}˜M‹M‹˜=Š}Š¢ÂÓbãcss#CC““33SfRÓbÃ“RÃ3rÃãÂÓbãcss#CC““33SfRÓ`­ŠÝ˜]˜MŠ­˜}ŠrÂÓbãcƒ3ScS#sCsfRÓbÃ2Ã2ÃãÂÓbãcƒ3ScS#sCsfRÓ`­Š}˜MŠ½Š}˜MŠ½Š}˜M˜]Š˜­‹Š}Š¢ÂÓbãc“ƒc“#ƒ#3ƒccƒFRÓbÃRÃRÃãÂÓbãc“ƒc“#ƒ#3ƒccƒFRÓ`­Š­˜-˜BÂÓbãc33S“Cƒcssc6RÓbÃS"Ã3‚ÃãÂÓbãc33S“Cƒcssc6RÓ`­Š}˜MŠ}˜mŠí˜Š}‹bÂÓbãcSCc3cƒcc“cVRÓbÃC3rÃc"ÃãÂÓbãcSCc3cƒcc“cVRÓ`­Š}˜M‹=ŠýŠÝŠ}˜bÂÓbãcƒscsC“#CFRÓbÃRÃ2ÃãÂÓbãcƒscsC“#CFRÓ`­‹]Š}˜˜­ŠrÂÓbãc#“sCc33“ScCFRÓbÃrÃRÃãÂÓbãc#“sCc33“ScCFRÓ`­‹ŠŠýŠ}˜M‹=˜MŠ}˜RÂÓbãc#CscƒƒƒƒSCFRÓbÃbÃ’ÃãÂÓbãc#CscƒƒƒƒSCFRÓ`­Š}˜M˜]‹=Š­ŠýŠ}˜]˜rÂÓbãc#ƒcsssƒ3“3CfRÓbÃ’ÃSbÃãÂÓbãc#ƒcsssƒ3“3CfRÓ`­˜­˜m‹]Š‚ÂÓbãc#ƒscs3“ƒƒ“ƒ–RÓbÃbÃbÃãÂÓbãc#ƒscs3“ƒƒ“ƒ–RÓ`­˜Š­ŠŠ}˜­˜mŠ¢ÂÓbãc#“3CƒSs#c“C#“sVRÓbÃRÃ2ÃãÂÓbãc#“3CƒSs#c“C#“sVRÓ`­Š}˜MŠ}˜mŠ­˜}Š}Šm˜­˜rÂÓbãc#“ƒSC““sCCsSRÓbÃrÃBÃãÂÓbãc#“ƒSC““sCCsSRÓ`­‹=˜mŠ­˜}ŠrÂÓbãc3S3cƒsScCfRÓbÃ#ÃbÃãÂÓbãc3S3cƒsScCfRÓ`­‹˜BÂÓbãcC#3sCsC“fRÓbÃƒ’Ã’ÃãÂÓbãcC#3sCsC“fRÓ`­˜­‹MŠ­‹‹rÂÓbãcCcscC##csCsVRÓbÃÃÃãÂÓbãcCcscC##csCsVRÓ`­Š}˜MŠ­˜Š}‹]˜BÂÓbãcCƒ33ƒ“c#ƒc#s“FRÓbÃsrÃ#bÃãÂÓbãcCƒ33ƒ“c#ƒc#s“FRÓ`­˜Š}˜M‹=˜m˜˜¢ÂÓbãcSss3ccƒS“#fRÓbÃSÃCRÃãÂÓbãcSss3ccƒS“#fRÓ`­Š}˜M˜]Š­Ší‹˜rÂÓbãcS“c##s3ƒcS“&RÓbÃ’Ã2ÃãÂÓbãcS“c##s3ƒcS“&RÓ`­˜Š}˜]‹˜­˜=ŠrÂÓbãcc3c“ƒ““CSsVRÓbÃrÃRÃãÂÓbãcc3c“ƒ““CSsVRÓ`­˜]‹=Š­‹‹‹mŠrÂÓbãcs“ƒ#SScƒ“#&RÓbÃBÃBÃãÂÓbãcs“ƒ#SScƒ“#&RÓ`­˜M˜MŠ}˜­˜-Š}˜ÂÓbãcsCƒCƒs#33vRÓbÃ‚Ã2ÃãÂÓbãcsCƒCƒs#33vRÓ`­ŠŠ}˜MŠ}‹˜]Š}˜BÂÓbãcssCSCC“3SƒsSfRÓbÃ’Ã‚ÃãÂÓbãcssCSCC“3SƒsSfRÓ`­˜Š}˜MŠ}‹=Š­˜}˜MŠ}˜2ÂÓbãcƒ3““cSSCsCScvRÓbÃ#ÃrÃãÂÓbãcƒ3““cSSCsCScvRÓ`­Š}˜MŠŠ}‹=˜­˜˜2ÂÓbãcƒScScC#3scsfRÓbÃRÃRÃãÂÓbãcƒScScC#3scsfRÓ`­Š}˜MŠýŠ}Šm˜RÂÓbãcƒc3“3ScCƒ#&RÓbÃ#BÃ#"ÃãÂÓbãcƒc3“3ScCƒ#&RÓ`­Š}‹=Š­‹ŠýŠ}ŠýŠrÂÓbãcƒc“ƒ““SSscsVRÓbÃbÃ"ÃãÂÓbãcƒc“ƒ““SSscsVRÓ`­˜Š}˜M‹Š}˜RÂÓbãc“CCCssSƒƒcSRÓbÃ‚ÃbÃãÂÓbãc“CCCssSƒƒcSRÓ`­ŠŠ}˜M˜]ŠíŠ}˜M˜˜rÂÓbãc“ƒcƒƒ“#C#†RÓbÃ’ÃRÃãÂÓbãc“ƒcƒƒ“#C#†RÓ`­Š}˜MŠ˜m˜=Š}˜M‹Š‹’ÂÓbãs“Ccc3C##ƒ6RÓbÃSÃrÃãÂÓbãs“Ccc3C##ƒ6RÓ`­˜˜-˜˜rÂÓbãs#ƒ“C3“Cc&RÓbÃ#bÃ#RÃãÂÓbãs#ƒ“C3“Cc&RÓ`­‹M‹˜=Š­Š}˜bÂÓbãs#SƒSs“#Cƒs†RÓbÃÃRÃãÂÓbãs#SƒSs“#Cƒs†RÓ`­˜˜}˜mŠrÂÓbãs#CCSƒ3#“sS&RÓbÃRÃRÃãÂÓbãs#CCSƒ3#“sS&RÓ`­Š}˜MŠ}˜M˜=Š­‹˜˜m˜­˜=˜]ŠrÂÓbãsSc“Sc3SccsFRÓbÃbÃbÃãÂÓbãsSc“Sc3SccsFRÓ`­˜M‹ŠýŠ}ŠòÂÓbãsS#ƒ3C#“c“fRÓbÃRÃRÃãÂÓbãsS#ƒ3C#“c“fRÓ`­Š­˜]Š½˜BÂÓbãscCccƒƒ“36RÓbÃ#s‚ÃCrÃãÂÓbãscCccƒƒ“36RÓ`­˜M˜MŠíŠý˜]Š}Š¢ÂÓbãs“ƒ3s3“S3Cƒ3FRÓbÃ#BÃrÃãÂÓbãs“ƒ3s3“S3Cƒ3FRÓ`­˜Š}˜MŠÝŠ}˜-ŠrÂÓbãsC““cc3cƒs3VRÓbÃRÃ2ÃãÂÓbãsC““cc3cƒs3VRÓ`­Š}˜MŠ}‹}˜MŠ}‹’ÂÓbãs#c#CsCS3s##VRÓbÃÃsÃãÂÓbãs#c#CsCS3s##VRÓ`­˜m˜]˜˜}ŠrÂÓbãs##C“S“sscƒƒ#fRÓbÃ#ÃBÃãÂÓbãs##C“S“sscƒƒ#fRÓ`­Š}˜MŠý‹˜‹2ÂÓbãs#3CƒC“SC3VRÓbÃ2Ã2ÃãÂÓbãs#3CƒC“SC3VRÓ`­Š}˜M˜]‹‹‹ÂÓbãs#33#ccc33sVRÓbÃ#ÃC"ÃãÂÓbãs#33#ccc33sVRÓ`­Š}˜M˜]‹­˜M˜-˜rÂÓbãs#S3“C#ScC“vRÓbÃ‚ÃBÃãÂÓbãs#S3“C#ScC“vRÓ`­˜M˜‹Š}Šm˜ÂÓbãs#cCcSC#“ƒ“#ƒ“&RÓbÃBÃBÃãÂÓbãs#cCcSC#“ƒ“#ƒ“&RÓ`­˜M˜MŠ}‹=Š­˜­˜BÂÓbãs#sƒ3Css3S†RÓbÃBÃ2ÃãÂÓbãs#sƒ3Css3S†RÓ`­Š}˜MŠ}˜]‹˜­˜=˜­˜­˜bÂÓbãs3s#SC3ƒcƒ“&RÓbÃ2Ã2ÃãÂÓbãs3s#SC3ƒcƒ“&RÓ`­Š}˜M˜]˜]˜­‹-Š}Š¢ÂÓbãs3scSscc#3ƒ&RÓbÃ‚ÃrÃãÂÓbãs3scSscc#3ƒ&RÓ`­Š}˜MŠ½Š}˜m˜­Š}˜M˜]Š˜­‹Š}Š¢ÂÓbãs3ƒCƒ#3#3ccƒ&RÓbÃRÃRÃãÂÓbãs3ƒCƒ#3#3ccƒ&RÓ`­˜MŠ}‹ŠŠ}ŠÒÂÓbãs3“##S3Cs““&RÓbÃƒ‚Ã#‚ÃãÂÓbãs3“##S3Cs““&RÓ`­Š}˜M˜-Š}‹Šý˜rÂÓbãsCƒs“3cCƒSƒCCVRÓbÃ32ÃBÃãÂÓbãsCƒs“3cCƒSƒCCVRÓ`­Š}˜MŠý˜‹=‹˜¢ÂÓbãsSƒ33SƒvRÓbÃbÃBÃãÂÓbãsSƒ33SƒvRÓ`­˜˜}Š}˜]‹BÂÓbãsSƒƒƒcƒs3cƒS†RÓbÃ’Ã2ÃãÂÓbãsSƒƒƒcƒs3cƒS†RÓ`­Š}˜MŠÝŠòÂÓbãsScs#s#sCc3&RÓbÃ#ƒRÃ“2ÃãÂÓbãsScs#s#sCc3&RÓ`­Š­Šý‹M˜­˜bÂÓbãscc#SS“CSCVRÓbÃ32Ã3ÃãÂÓbãscc#SS“CSCVRÓ`­Š}˜MŠ}‹=ŠŠ}˜m˜­˜rÂÓbãscƒcƒC“#ƒƒ#3SSRÓbÃbÃBÃãÂÓbãscƒcƒC“#ƒƒ#3SSRÓ`­˜‹=Š}˜]ŠŠrÂÓbãsc“cƒ3“#CCFRÓbÃrÃ‚ÃãÂÓbãsc“cƒ3“#CCFRÓ`­˜-‹˜‹m˜}ŠrÂÓbãsscs#c“c#ƒƒsFRÓbÃBÃÃãÂÓbãsscs#c“c#ƒƒsFRÓ`­˜MŠ}‹‹mŠ}ŠÂÓbãsssƒƒcS#SfRÓbÃS’ÃSÃãÂÓbãsssƒƒcS#SfRÓ`­ŠŠ}‹=Š­‹Š}Š­˜­ŠÍ˜­˜rÂÓbãss“3cƒ“sƒCSc6RÓbÃRÃRÃãÂÓbãss“3cƒ“sƒCSc6RÓ`­˜]‹=ŠÍ˜M˜rÂÓbãsƒ3“C3ccS##“&RÓbÃ3Ã#2ÃãÂÓbãsƒ3“C3ccS##“&RÓ`­˜=Š}˜-˜BÂÓbãsƒCCs#CC“““#6RÓbÃrÃRÃãÂÓbãsƒCCs#CC“““#6RÓ`­Š}˜MŠ­˜=Š}˜]˜BÂÓbãsƒsc#cScscS3FRÓbÃSRÃ3BÃãÂÓbãsƒsc#cScscS3FRÓ`­˜Š­Š­˜]Š}‹M˜¢ÂÓbãsƒƒScƒSS3cSƒfRÓbÃRÃRÃãÂÓbãsƒƒScƒSS3cSƒfRÓ`­˜M˜M˜]˜Š}ŠòÂÓbãs“s3##ƒ“sCC6RÓbÃ’Ã2ÃãÂÓbãs“s3##ƒ“sCC6RÓ`­Š}˜MŠ}˜]Š}˜m˜rÂÓbãƒCc“sS3C#†RÓbÃ#BÃ‚ÃãÂÓbãƒCc“sS3C#†RÓ`­‹ŠÍŠ}˜BÂÓbãƒ#CsCC33C“#vRÓbÃ’ÃrÃãÂÓbãƒ#CsCC33C“#vRÓ`­Š}˜MŠ}˜RÂÓbãƒS“#Cs#ƒ“SRÓbÃ#RÃ‚ÃãÂÓbãƒS“#Cs#ƒ“SRÓ`­Š}˜M‹=‹ŠýŠ}˜bÂÓbãƒS“c#3csc3CRÓbÃÃRÃãÂÓbãƒS“c#3csc3CRÓ`­˜=˜MŠ}˜‹2ÂÓbãƒS“c#3csc3CRÓbÃÃRÃãÂÓbãƒS“c#3csc3CRÓ`­ŠíŠ‹˜rÂÓbãƒSS##S“ƒsVRÓbÃ3rÃ3ÃãÂÓbãƒSS##S“ƒsVRÓ`­˜‹=˜­‹ÂÓbãƒsccsƒ“s“VRÓbÃ2Ã2ÃãÂÓbãƒsccsƒ“s“VRÓ`­Š}˜M‹]˜˜-Š}Š­Š}˜M‹Š}ŠÍŠÝ˜¢ÂÓbãƒCccƒ#3cSCCCFRÓbÃ#BÃ2ÃãÂÓbãƒCccƒ#3cSCCCFRÓ`­Š}˜M˜]‹=Š­ŠÝ˜-˜rÂÓbãƒ33“#SscƒS&RÓbÃ3"ÃS‚ÃãÂÓbãƒ33“#SscƒS&RÓ`­˜M˜M‹˜]˜­˜BÂÓbãƒ3cSCcCƒ33ƒsFRÓbÃ3ÃÃãÂÓbãƒ3cSCcCƒ33ƒsFRÓ`­˜]˜-Š}‹}‹˜rÂÓbãƒC#ƒCC#C“svRÓbÃbÃBÃãÂÓbãƒC#ƒCC#C“svRÓ`­˜˜]‹Š}ŠÍ‹˜rÂÓbãƒC#cƒ##S“ƒ“#&RÓbÃƒ"ÃcRÃãÂÓbãƒC#cƒ##S“ƒ“#&RÓ`­˜MŠ­˜˜˜­‹ÂÓbãƒcc“c#SS3““sVRÓbÃsÃC’ÃãÂÓbãƒcc“c#SS3““sVRÓ`­˜MŠ}˜mŠÍŠ}‹"ÂÓbãƒc““cC3cCVRÓbÃ‚Ã‚ÃãÂÓbãƒc““cC3cCVRÓ`­˜ŠŠýŠ}˜­˜rÂÓbãƒc#s“#“cCsS#VRÓbÃrÃbÃãÂÓbãƒc#s“#“cCsS#VRÓ`­˜Š­˜]˜˜­˜BÂÓbãƒcCƒ##CsCSSVRÓbÃ32Ã#2ÃãÂÓbãƒcCƒ##CsCSSVRÓ`­‹]‹ŠÝŠ¢ÂÓbãƒs#Cƒ#c3c“FRÓbÃBÃ2ÃãÂÓbãƒs#Cƒ#c3c“FRÓ`­˜]ŠÝ˜˜MŠ}Š¢ÂÓbãƒs#ƒs#s“S“ƒ“vRÓbÃrÃrÃãÂÓbãƒs#ƒs#s“S“ƒ“vRÓ`­Š}‹Š­ŠŠ}‹˜rÂÓbãƒsc3SS“S3“CSfRÓbÃRÃBÃãÂÓbãƒsc3SS“S3“CSfRÓ`­Š}‹˜MŠ}˜ÂÓbãƒscS#C3cCƒ3S†RÓbÃ2Ã’ÃãÂÓbãƒscS#C3cCƒ3S†RÓ`­Š­˜m‹˜­˜]˜}ŠrÂÓbãƒssSsccs3c“CS†RÓbÃ#Ã‚ÃãÂÓbãƒssSsccs3c“CS†RÓ`­Š}˜M‹M˜]‹˜¢ÂÓbãƒƒC#S3CƒFRÓbÃÃbÃãÂÓbãƒƒC#S3CƒFRÓ`­Š}˜M˜]˜mŠý˜]ŠÍ˜rÂÓbãƒƒS33CC#33c#S†RÓbÃÃRÃãÂÓbãƒƒS33CC#33c#S†RÓ`­˜‹=Š}‹˜­˜rÂÓbãƒƒS3c“s#“##c#FRÓbÃ2Ã2ÃãÂÓbãƒƒS3c“s#“##c#FRÓ`­˜]‹M˜˜‹ŠrÂÓbãƒƒS3c“s#“##c#FRÓbÃ2Ã2ÃãÂÓbãƒƒS3c“s#“##c#FRÓ`­˜Š‹‹Š}˜­˜rÂÓbãƒƒS“C3CSs#s#Sc#VRÓbÃ2Ã2ÃãÂÓbãƒƒS“C3CSs#s#Sc#VRÓ`­˜Š­Šý˜-˜­˜"ÂÓbãƒƒsScS“S“3fRÓbÃS2ÃSÃãÂÓbãƒƒsScS“S“3fRÓ`­˜Š}Š­ŠÝŠ}ŠòÂÓbãƒƒ“cssƒ“cCC“VRÓbÃrÃBÃãÂÓbãƒƒ“cssƒ“cCC“VRÓ`­Š}˜MŠýŠ}‹˜]˜rÂÓbãƒ“s##CScc–RÓbÃ3‚Ã#‚ÃãÂÓbãƒ“s##CScc–RÓ`­˜­˜-Š­‹]‹ÂÓbãƒ“Cƒs#S3“SSS6RÓbÃ"ÃÃãÂÓbãƒ“Cƒs#S3“SSS6RÓ`­‹M‹Š}˜=Š­˜}˜]ŠrÂÓbãƒ“SSc3Ccƒ33RÓbÃ2Ã2ÃãÂÓbãƒ“SSc3Ccƒ33RÓ`­Š­Š}ŠÍ˜­‹ÂÓbãƒ“cCƒ“3cCC3VRÓbÃBÃ‚ÃãÂÓbãƒ“cCƒ“3cCC3VRÓ`­˜-Š}Š˜M˜­˜rÂÓbãƒ“ƒ“C33#ƒ#sfRÓbÃrÃbÃãÂÓbãƒ“ƒ“C33#ƒ#sfRÓ`­˜Š}˜¢ÂÓbã“#CScs3“ƒFRÓbÃ‚ÃBÃãÂÓbã“#CScs3“ƒFRÓ`­Š˜mŠÍŠ}ŠÒÂÓbã“““c#C“ƒsCSƒRÓbÃ3‚Ã3"ÃãÂÓbã“““c#C“ƒsCSƒRÓ`­Š}‹MŠ­˜]˜BÂÓbã“###3cƒ3sƒ6RÓbÃrÃBÃãÂÓbã“###3cƒ3sƒ6RÓ`­‹˜­Š}˜M˜­˜bÂÓbã“#c3Scc“ƒS“–RÓbÃBÃBÃãÂÓbã“#c3Scc“ƒS“–RÓ`­˜Š˜‹m˜BÂÓbã“##C3cSccCcCcVRÓbÃ’ÃrÃãÂÓbã“##C3cSccCcCcVRÓ`­Š}˜M˜-Š}˜m˜˜m˜¢ÂÓbã“#Ccs“3ss3ƒƒfRÓbÃc2ÃS‚ÃãÂÓbã“#Ccs“3ss3ƒƒfRÓ`­Š}˜M˜mŠ}‹]‹ÂÓbã“33C#ƒc3C3#cvRÓbÃCBÃc"ÃãÂÓbã“33C#ƒc3C3#cvRÓ`­˜˜]‹MŠ}‹˜­‹’ÂÓbã“3ƒ#s#SCC“ƒ3ƒ†RÓbÃ3Ã#ÃãÂÓbã“3ƒ#s#SCC“ƒ3ƒ†RÓ`­˜Š}˜]˜m˜rÂÓbã“3ƒsCS33ƒC“ƒSFRÓbÃ‚ÃrÃãÂÓbã“3ƒsCS33ƒC“ƒSFRÓ`­˜­˜mŠŠ¢ÂÓbã“3ƒƒsƒ33SSC&RÓbÃ3"ÃÃãÂÓbã“3ƒƒsƒ33SSC&RÓ`­‹­‹˜]Š¢ÂÓbã“3ƒ“33#3cSSs†RÓbÃbÃBÃãÂÓbã“3ƒ“33#3cSSs†RÓ`­‹]Šý‹Š¢ÂÓbã“CC##ƒSS#CcvRÓbÃrÃBÃãÂÓbã“CC##ƒSS#CcvRÓ`­Š}‹=˜˜}ŠrÂÓbã“C3C#cscƒsC#s†RÓbÃrÃrÃãÂÓbã“C3C#cscƒsC#s†RÓ`­‹=˜}˜M˜rÂÓbã“CSƒ“ƒccccƒs“#VRÓbÃÃÃãÂÓbã“CSƒ“ƒccccƒs“#VRÓ`­Š}ŠÝŠ­˜]Š}˜M˜­˜rÂÓbã“Cc#cs“cƒcS“fRÓbÃ‚Ã‚ÃãÂÓbã“Cc#cs“cƒcS“fRÓ`­˜M˜M˜]˜Š}‹ŠòÂÓbã“Sƒ#3Sss“#6RÓbÃ#Ã2ÃãÂÓbã“Sƒ#3Sss“#6RÓ`­Š}˜MŠÝ‹Š}‹˜rÂÓbã“SCƒ“#C333sƒƒRÓbÃ2Ã’ÃãÂÓbã“SCƒ“#C333sƒƒRÓ`­˜]Ší‹]‹]ŠrÂÓbã“SscC3cS3C3C3fRÓbÃ‚Ã‚ÃãÂÓbã“SscC3cS3C3C3fRÓ`­Š}Š­˜]Š}˜RÂÓbã“Sƒs3“ss33–RÓbÃ3bÃ‚ÃãÂÓbã“Sƒs3“ss33–RÓ`­˜­‹=˜]˜¢ÂÓbã“Sƒƒ“S#c“3ƒ†RÓbÃrÃrÃãÂÓbã“Sƒƒ“S#c“3ƒ†RÓ`­Š}˜MŠ­‹=˜}˜­˜MŠ}Š¢ÂÓbã“csCSƒƒsCcCVRÓbÃCƒ"ÃS2ÃãÂÓbã“csCSƒƒsCcCVRÓ`­ŠŠ}˜MŠý˜]Š}˜RÂÓbã“cƒ#cs3C“ƒcvRÓbÃbÃÃãÂÓbã“cƒ#cs3C“ƒcvRÓ`­˜­‹M˜=˜M˜˜bÂÓbã“cƒ3CƒS3csCRÓbÃRÃRÃãÂÓbã“cƒ3CƒS3csCRÓ`­˜­‹MŠ­˜]˜BÂÓbã“c“S“#S“3ƒcVRÓbÃRÃ#BÃãÂÓbã“c“S“#S“3ƒcVRÓ`­Š­‹‹˜¢ÂÓbã“c“sƒss“ƒccs–RÓbÃrÃrÃãÂÓbã“c“sƒss“ƒccs–RÓ`­Š}˜M˜‹˜M˜¢ÂÓbã“c“ƒSc“Cƒ3336RÓbÃS‚Ã#’ÃãÂÓbã“c“ƒSc“Cƒ3336RÓ`­˜­‹˜‹’ÂÓbã“sCsƒƒ3C#RÓbÃ2Ã"ÃãÂÓbã“sCsƒƒ3C#RÓ`­˜Š}‹]ŠýŠ}‹ÂÓbã“sSc“3c“ƒc3FRÓbÃ3bÃBÃãÂÓbã“sSc“3c“ƒc3FRÓ`­Š}˜MŠ}‹m˜Š}ŠÂÓbã“sc“3“ƒcC3“vRÓbÃ2Ã2ÃãÂÓbã“sc“3“ƒcC3“vRÓ`­˜Š}˜M‹˜-˜]˜­˜rÂÓbã“sƒ“3s3“SsƒSFRÓbÃ‚ÃbÃãÂÓbã“sƒ“3s3“SsƒSFRÓ`­Š­˜}˜RÂÓbã“sƒ3Cƒ“CcS“S†RÓbÃÃ‚ÃãÂÓbã“sƒ3Cƒ“CcS“S†RÓ`­Š}˜M‹Š}‹-˜¢ÂÓbã“sƒsccsCcC#3cCFRÓbÃƒRÃBÃãÂÓbã“sƒsccsCcC#3cCFRÓ`­ŠŠ­‹‹M˜­ŠÒÂÓbã“s“S3Sƒ3ƒcVRÓbÃbÃbÃãÂÓbã“s“S3Sƒ3ƒcVRÓ`¤•%RÂÓbã“ƒ#SSSC#sc&RÓbÃÃrÃãÂÓbã“ƒ#SSSC#sc&RÓ`­˜]˜mŠ}˜‹=˜rÂÓbã“ƒ3“C“csc#c“VRÓbÃ#bÃ’ÃãÂÓbã“ƒ3“C“csc#c“VRÓ`­˜-Šý‹Š­˜}ŠrÂÓbã“ƒ3ƒs#sc#ƒƒƒ†RÓbÃ3RÃ3"ÃãÂÓbã“ƒ3ƒs#sc#ƒƒƒ†RÓ`­˜Š}˜MŠ­ŠÍŠ}‹˜­˜rÂÓbã“ƒCcS#“ƒcCƒVRÓbÃ‚ÃRÃãÂÓbã“ƒCcS#“ƒcCƒVRÓ`­Š}˜M˜]˜m‹M˜Šý˜rÂÓbã“ƒSCCS33ƒ#3sFRÓbÃÃrÃãÂÓbã“ƒSCCS33ƒ#3sFRÓ`­Š}˜M‹m‹˜­Š˜­˜rÂÓbã“ƒccC3“#C“#vRÓbÃbÃRÃãÂÓbã“ƒccC3“#C“#vRÓ`­˜Š}˜MŠ}‹=Š­˜-‹Š}‹ÂÓbã“““C“C##S###VRÓbÃ2Ã2ÃãÂÓbã“““C“C##S###VRÓ`­Š}˜MŠÝ˜¢ÂÓrãS3C#Sc#6RÓbÃbÃ2ÃãÂÓrãS3C#Sc#6RÓ`­Š‹}‹˜­˜"ÂÓrãcC“ƒScƒ3ƒc“VRÓbÃÃrÃãÂÓrãcC“ƒScƒ3ƒc“VRÓ`­‹=Š­˜]˜=˜bÂÓrãc“ƒc33FRÓbÃBÃÃãÂÓrãc“ƒc33FRÓ`­˜]˜‹mŠÝŠrÂÓrã#sCS#“3SscVRÓbÃCÃ3rÃãÂÓrã#sCS#“3SscVRÓ`­˜-˜m˜Š}Š­˜}ŠrÂÓrãCCsSS“†RÓbÃBÃBÃãÂÓrãCCsSS“†RÓ`­˜Š}˜M‹]˜=˜˜2ÂÓrãS“csCSCs–RÓbÃSRÃ#ÃãÂÓrãS“csCSCs–RÓ`­ŠŠí˜M˜"ÂÓrã#33SS3C“3CsfRÓbÃBÃ2ÃãÂÓrã#33SS3C“3CsfRÓ`­˜Š}˜MŠ}ŠŠ­˜=Š}‹Š}Š¢ÂÓrã#3CSS3Cs#“sS“VRÓbÃ‚Ã‚ÃãÂÓrã#3CSS3Cs#“sS“VRÓ`­Š}˜M˜]˜MŠÝ˜]‹‹m˜‚ÂÓrã#““s“ƒsƒƒs“FRÓbÃ2Ã2ÃãÂÓrã#““s“ƒsƒƒs“FRÓ`­˜M˜MŠŠ­‹˜˜=˜­˜]Š}˜˜­Š}Š­˜]ŠÝ˜]ŠòÂÓrã#““s“ƒsƒƒs“FRÓbÃ2Ã2ÃãÂÓrã#““s“ƒsƒƒs“FRÓ`­˜Š­ŠÒÂÓrã33Sc3s3SCc#CSVRÓbÃ#bÃs"ÃãÂÓrã33Sc3s3SCc#CSVRÓ`­Š}‹]ŠýŠ}‹Š}Š¢ÂÓrã3s#SƒScSc“sVRÓbÃÃ#ÃãÂÓrã3s#SƒScSc“sVRÓ`­˜]‹]Šý˜"ÂÓrãCsCS#s#Cƒƒ&RÓbÃbÃRÃãÂÓrãCsCS#s#Cƒƒ&RÓ`­Š}˜MŠÍ˜­ŠòÂÓrãCc#ƒcCC6RÓbÃ#BÃrÃãÂÓrãCc#ƒcCC6RÓ`­˜M˜­ŠM˜=ŠòÂÓrãC#SSs#3““ƒfRÓbÃBÃBÃãÂÓrãC#SSs#3““ƒfRÓ`­˜Ší‹ÂÓrãC3CsSƒ“ƒsc“VRÓbÃBÃBÃãÂÓrãC3CsSƒ“ƒsc“VRÓ`­Š}‹=Š­‹‹Š}‹bÂÓrãC3ƒCC“sS6RÓbÃrÃBÃãÂÓrãC3ƒCC“sS6RÓ`­‹˜­Š}˜MŠ}˜MŠ˜m˜ŠòÂÓrãCS3cSƒ“ƒ#“#FRÓbÃÃ’ÃãÂÓrãCS3cSƒ“ƒ#“#FRÓ`­Š}˜M˜]‹MŠ­‹˜2ÂÓrãCSsC3c“c3#sRÓbÃ3#2Ã#2ÃãÂÓrãCSsC3c“c3#sRÓ`­˜­˜˜M˜­˜Š}‹­˜MŠ}˜"ÂÓrãCSƒCsCS#“c&RÓbÃ#bÃBÃãÂÓrãCSƒCsCS#“c&RÓ`­˜Š}‹˜MŠrÂÓrãCccCs“ƒ“#sCCc†RÓbÃ2Ã2ÃãÂÓrãCccCs“ƒ“#sCCc†RÓ`­˜M˜M‹]˜˜-˜rÂÓrãCƒ“C3“S“ƒc#“–RÓbÃ3BÃ‚ÃãÂÓrãCƒ“C3“S“ƒc#“–RÓ`­Š}˜M˜‹Š}ŠÂÓrãC“3CCsc“ƒ#3FRÓbÃ’Ã2ÃãÂÓrãC“3CCsc“ƒ#3FRÓ`­˜Š}˜M˜]‹]Š}‹˜­˜ÂÓrãS3Cƒ“3S#&RÓbÃ3RÃ’ÃãÂÓrãS3Cƒ“3S#&RÓ`­Š}˜MŠ}‹=Š­˜­‹Š}Š˜­˜rÂÓrãSSSc“sc#sFRÓbÃ#"ÃBÃãÂÓrãSSSc“sc#sFRÓ`­ŠÍ˜ŠýŠ­˜}ŠrÂÓrãSS“sccc#333SVRÓbÃ"ÃÃãÂÓrãSS“sccc#333SVRÓ`­Š˜­Š}˜mŠ}Š­˜}˜RÂÓrãS“CC33#3ƒƒ3&RÓbÃBÃÃãÂÓrãS“CC33#3ƒƒ3&RÓ`­Š}˜M˜]˜­‹=‹ÂÓrãcƒSSssSC†RÓbÃbÃ2ÃãÂÓrãcƒSSssSC†RÓ`­˜]˜mŠ}˜-‹]˜rÂÓrãcCSƒ#3#ƒ“3–RÓbÃBÃ2ÃãÂÓrãcCSƒ#3#ƒ“3–RÓ`­˜Š}˜M˜]‹m˜]˜m˜rÂÓrãcSscs3##ssƒVRÓbÃbÃbÃãÂÓrãcSscs3##ssƒVRÓ`­ŠŠ˜­‹˜}ŠrÂÓrãccƒ“sƒ“C“sC#S†RÓbÃRÃBÃãÂÓrãccƒ“sƒ“C“sC#S†RÓ`­ŠŠ}˜MŠ}‹˜MŠ}˜bÂÓrãc“C3“Sc“SFRÓbÃ3rÃS2ÃãÂÓrãc“C3“Sc“SFRÓ`­˜-Š}‹Š‚ÂÓrãssƒccS#S#C3fRÓbÃ2Ã2ÃãÂÓrãssƒccS#S#C3fRÓ`­Š}˜M˜=‹˜­˜RÂÓrãs3C#cƒSSCcRÓbÃ3bÃ‚ÃãÂÓrãs3C#cƒSSCcRÓ`­‹‹­ŠŠ­˜}˜RÂÓrãsc“sCCcsS#“3c#VRÓbÃBÃ2ÃãÂÓrãsc“sCCcsS#“3c#VRÓ`­Š}˜M˜Š}‹ŠòÂÓrãƒƒc“sƒ3CcvRÓbÃbÃRÃãÂÓrãƒƒc“sƒ3CcvRÓ`­Š}˜MŠ­˜-Š}‹˜­‹ÂÓrãƒ“Css##†RÓbÃBÃÃãÂÓrãƒ“Css##†RÓ`­Š}˜MŠ½Š}˜m˜˜¢ÂÓrãƒ##3cCcs3#s“–RÓbÃcRÃbÃãÂÓrãƒ##3cCcs3#s“–RÓ`­‹˜­Š}˜MŠ}˜MŠ˜mŠýŠ}˜M˜m˜-Šý˜­˜}Š}˜M˜-‹˜‹m‹]Š}˜˜¢ÂÓrãƒƒCƒ3S3CcCs“cSfRÓbÃÃÃãÂÓrãƒƒCƒ3S3CcCs“cSfRÓ`­Š}ŠÍ‹Š­˜rÂÓrã“3s33cCs“#“6RÓbÃ“rÃ3"ÃãÂÓrã“3s33cCs“#“6RÓ`­Š}˜MŠý˜=Š­˜‹˜rÂÓrã“““#“Ss“Ss“&RÓbÃbÃBÃãÂÓrã“““#“Ss“Ss“&RÓ`­Š}˜MŠ­˜‹m˜­ŠÒÂÓrãSCs33c“#ƒvRÓbÃRÃRÃãÂÓrãSCs33c“#ƒvRÓ`­Š}˜MŠ}˜­Š}˜RÂÓrãcSsC3C“#SFRÓbÃSrÃ#RÃãÂÓrãcSsC3C“#SFRÓ`­Š}˜M˜]˜ŠÍ˜rÂÓrãC#cc#S3“VRÓbÃBÃ’ÃãÂÓrãC#cc#S3“VRÓ`­ŠÝŠýŠýŠ­˜}ŠrÂÓrãsƒS#““3#sƒSFRÓbÃC’Ã’ÃãÂÓrãsƒS#““3#sƒSFRÓ`­˜Š}˜­‹Š}ŠýŠ}Š¢ÂÓrã#C3#sCCƒ“ƒ&RÓbÃÃ‚ÃãÂÓrã#C3#sCCƒ“ƒ&RÓ`­‹M‹Š}ŠmŠÒÂÓrã#Cs3Cc“3“3“ƒFRÓbÃCRÃ3BÃãÂÓrã#Cs3Cc“3“3“ƒFRÓ`­Š˜]˜}Š}‹Š}Š¢ÂÓrã#S“ƒƒcƒCƒ&RÓbÃ2Ã2ÃãÂÓrã#S“ƒƒcƒCƒ&RÓ`­˜Š}˜MŠ}Ší˜MŠ}˜"ÂÓrã#S“ƒƒcƒCƒ&RÓbÃ2Ã2ÃãÂÓrã#S“ƒƒcƒCƒ&RÓ`­Š‹=˜­‹ÂÓrã#S“ƒƒcƒCƒ&RÓbÃ2Ã2ÃãÂÓrã#S“ƒƒcƒCƒ&RÓ`­Š}˜M˜Š}Šm‹-˜­˜bÂÓrã#S#sC“ss#CSfRÓbÃ’ÃrÃãÂÓrã#S#sC“ss#CSfRÓ`­ŠŠ}ŠýŠ}ŠÂÓrã#cƒc“#ƒsCVRÓbÃS‚Ã#‚ÃãÂÓrã#cƒc“#ƒsCVRÓ`§6—6†VÒÂÓrã3#C#S3sC3CCfRÓbÃ#Ã‚ÃãÂÓrã3#C#S3sC3CCfRÓ`­Š}‹=˜MŠ}˜]˜­˜rÂÓrã3#s“c3sƒ###6RÓbÃ2ÃrÃãÂÓrã3#s“c3sƒ###6RÓ`­˜­˜-Š}˜RÂÓrã3c““scC3ƒVRÓbÃÃ’ÃãÂÓrã3c““scC3ƒVRÓ`­Š}˜M˜]ŠM‹=‹=˜¢ÂÓrãCcSccC“3s3fRÓbÃ3ÃrÃãÂÓrãCcSccC“3s3fRÓ`­Š}˜M˜mŠÝŠ}‹2ÂÓrãCƒSC3cCC3SfRÓbÃc2ÃCÃãÂÓrãCƒSC3cCC3SfRÓ`­˜Š}‹ŠýŠ}ŠòÂÓrãS#ssc#s#s†RÓbÃBÃ’ÃãÂÓrãS#ssc#s#s†RÓ`­‹=˜˜­‹=‹ŠrÂÓrãSc#c“Cƒ3ƒSƒ3fRÓbÃ#rÃbÃãÂÓrãSc#c“Cƒ3ƒSƒ3fRÓ`­‹˜­Š}˜MŠ}Š¢ÂÓrãc3CsSc““##RÓbÃS’Ã3’ÃãÂÓrãc3CsSc““##RÓ`­˜MŠ}‹˜]Š}˜BÂÓrãcc#33c3“ƒSs#vRÓbÃS2Ã3ÃãÂÓrãcc#33c3“ƒSs#vRÓ`­Š­Ší‹˜­ŠÂÂÓrãs3“Cc“s#3VRÓbÃ‚Ã‚ÃãÂÓrãs3“Cc“s#3VRÓ`­˜Š}‹ŠÍ‹’ÂÓrãsƒSC3##SS36RÓbÃ3ÃBÃãÂÓrãsƒSC3##SS36RÓ`­˜Š}˜MŠÍŠý˜­Šý˜rÂÓrãsƒcs#ccSƒsSs“RÓbÃrÃ2ÃãÂÓrãsƒcs#ccSƒsSs“RÓ`­˜Š}˜M‹]˜­˜bÂÓrãƒ#CsC“SscƒSRÓbÃCRÃ3rÃãÂÓrãƒ#CsC“SscƒSRÓ`­˜‹‹m˜ŠrÂÓrãƒCs##cscsCsS–RÓbÃ2Ã2ÃãÂÓrãƒCs##cscsCsS–RÓ`­Š‹M‹‹rÂÓrãƒSƒ“S####s3VRÓbÃ2Ã2ÃãÂÓrãƒSƒ“S####s3VRÓ`­Š‹‹]ŠòÂÓrã“#ƒ3C“SSCsfRÓbÃSÃ#"ÃãÂÓrã“#ƒ3C“SSCsfRÓ`­˜]˜}Š}˜]˜}ŠrÂÓrã#ƒcsSCcc“cVRÓbÃC‚Ã3RÃãÂÓrã#ƒcsSCcc“cVRÓ`­˜=Š}Š˜‹ÂÓrã#SƒsC#3c““sVRÓbÃ’ÃrÃãÂÓrã#SƒsC#3c““sVRÓ`­‹=Š}˜mŠÍŠ}˜¢ÂÓrã#SƒsC#3c““sVRÓbÃ’ÃrÃãÂÓrã#SƒsC#3c““sVRÓ`­Š}˜M˜]‹-Š}ŠýŠ}˜MŠ­‹­˜­‹Š­˜=˜˜­˜bÂÓrã##cC3cSsCC†RÓbÃ"ÃbÃãÂÓrã##cC3cSsCC†RÓ`­Š}˜M˜]˜‹=˜]˜­˜rÂÓrã#Sƒc#c#SSs““–RÓbÃ2ÃrÃãÂÓrã#Sƒc#c#SSs““–RÓ`­Š}‹=Š­ŠÝ˜-Š}˜-˜}ŠrÂÓrã#s“#3s“ss3VRÓbÃbÃBÃãÂÓrã#s“#3s“ss3VRÓ`­˜MŠ­Š}Š½˜­‹ÂÓrã#Cs3sS#“ccƒc–RÓbÃBÃ2ÃãÂÓrã#Cs3sS#“ccƒc–RÓ`­Š}˜MŠ­Š}˜]˜­˜mŠ}Š¢ÂÓrã###S3cCƒC&RÓbÃbÃBÃãÂÓrã###S3cCƒC&RÓ`­˜Š}˜MŠÝ˜Š}˜MŠ}Š¢ÂÓrã##c“ƒSss#C“Cc6RÓbÃbÃbÃãÂÓrã##c“ƒSss#C“Cc6RÓ`­˜Š­˜]˜=˜­˜bÂÓrã###c“S“3ƒcVRÓbÃƒbÃs"ÃãÂÓrã###c“S“3ƒcVRÓ`­Š­˜Š}ŠM˜MŠrÂÓrã###sCc“CCc3sfRÓbÃsRÃrÃãÂÓrã###sCc“CCc3sfRÓ`­ŠŠ‹˜mŠ}˜]ŠÂÂÓrã##c“ƒC33S33†RÓbÃ’Ã2ÃãÂÓrã##c“ƒC33S33†RÓ`­˜M˜M˜]‹=Š}˜=˜bÂÓrã#3scƒsS“SS†RÓbÃ2Ã2ÃãÂÓrã#3scƒsS“SS†RÓ`­Š}˜}ŠýŠ}˜ŠrÂÓrã#3C3Ss“c““c3C–RÓbÃBÃBÃãÂÓrã#3C3Ss“c““c3C–RÓ`­Šý˜‹Š­˜rÂÓrã#3c#CC“ƒ“c#s3VRÓbÃ#ÃrÃãÂÓrã#3c#CC“ƒ“c#s3VRÓ`­˜]˜Š}ŠòÂÓrã#3ƒ“sSC3“c–RÓbÃ#RÃƒ’ÃãÂÓrã#3ƒ“sSC3“c–RÓ`­Š}˜M‹M˜}‹ÂÓrã#3“Sƒss#3#3ƒ3VRÓbÃs2Ãƒ2ÃãÂÓrã#3“Sƒss#3#3ƒ3VRÓ`­˜Š­‹]Šý‹ÂÓrã#C3C3C#3CVRÓbÃ#2Ã’ÃãÂÓrã#C3C3C#3CVRÓ`­˜‹˜­Š}ŠýŠ­˜rÂÓrã#C“cS#SC3#CVRÓbÃ2Ã2ÃãÂÓrã#C“cS#SC3#CVRÓ`­Š}˜M˜]‹-Š}ŠýŠ}˜MŠ­‹­˜­‹Š}‹=˜­ŠÂÂÓrã#C##33“#c6RÓbÃ3‚ÃRÃãÂÓrã#C##33“#c6RÓ`­˜]ŠŠýŠm˜¢ÂÓrã#C#sSSƒ#C#“SC†RÓbÃ#"ÃÃãÂÓrã#C#sSSƒ#C#“SC†RÓ`­‹˜MŠ}˜-Š}Š¢ÂÓrã#CSS#sCc“ƒRÓbÃ2ÃsÃãÂÓrã#CSS#sCc“ƒRÓ`­Š}ŠýŠ}‹Š­˜}˜]ŠrÂÓrã#CSsCsC3scRÓbÃBÃBÃãÂÓrã#CSsCsC3scRÓ`­˜M˜MŠÍŠ}˜]‹˜rÂÓrã#CsCsC“ƒcc#cƒ3†RÓbÃBÃ2ÃãÂÓrã#CsCsC“ƒcc#cƒ3†RÓ`­˜˜­Š­˜­ŠÒÂÓrã#SsSCƒs3SsRÓbÃ’Ã"ÃãÂÓrã#SsSCƒs3SsRÓ`­Š}˜MŠ­‹‹M˜­ŠÒÂÓrã#S“ƒcCCC#ƒs3c&RÓbÃCÃrÃãÂÓrã#S“ƒcCCC#ƒs3c&RÓ`­˜=˜Š}˜­˜rÂÓrã#c#3c“ƒ“SC“VRÓbÃS"Ã3BÃãÂÓrã#c#3c“ƒ“SC“VRÓ`­Š}˜M˜]ŠM˜}˜M˜­˜bÂÓrã#c3“3c“#CC&RÓbÃ3’Ã#ÃãÂÓrã#c3“3c“#CC&RÓ`­Š}˜M‹Š}˜]˜}˜]˜-‹ÂÓrã#sS3CƒcCC“#3C6RÓbÃRÃBÃãÂÓrã#sS3CƒcCC“#3C6RÓ`­Š}˜M˜]‹­‹Š‚ÂÓrã#sSCS“#3cƒC3SƒFRÓbÃ’ÃBÃãÂÓrã#sSCS“#3cƒC3SƒFRÓ`­‹˜-Š‚ÂÓrã#sScccCC3S#Ss3–RÓbÃCÃ32ÃãÂÓrã#sScccCC3S#Ss3–RÓ`­˜‹=˜­ŠŠýŠrÂÓrã#ƒS#“sssScC3ƒfRÓbÃrÃbÃãÂÓrã#ƒS#“sssScC3ƒfRÓ`­Š}˜M‹ŠŠòÂÓrã#“SSc#“CSSƒsFRÓbÃS’Ã#"ÃãÂÓrã#“SSc#“CSSƒsFRÓ`­Š}˜MŠ}ŠÝ‹=Š}ŠÂÓrã#“Sc3c##ƒ3sc†RÓbÃ“rÃcÃãÂÓrã#“Sc3c##ƒ3sc†RÓ`­˜M‹=˜}˜RÂÓrã#“#“sƒcccs“CfRÓbÃc"ÃbÃãÂÓrã#“#“sƒcccs“CfRÓ`­˜˜]‹˜=‹"ÂÓrã#“#scsƒ“S3s&RÓbÃ3"Ã#RÃãÂÓrã#“#scsƒ“S3s&RÓ`­˜MŠÍ˜m˜rÂÓrã#“CScsc3ƒcƒƒc#6RÓbÃcS2Ã#‚ÃãÂÓrã#“CScsc3ƒcƒƒc#6RÓ`­˜­˜m‹˜=‹2ÂÓrã#“c3CƒCS3“cƒcfRÓbÃ“"ÃCbÃãÂÓrã#“c3CƒCS3“cƒcfRÓ`­˜Š}‹mŠ}˜˜rÂÓrã#“cssƒSC3““SccVRÓbÃ3rÃ#"ÃãÂÓrã#“cssƒSC3““SccVRÓ`­‹˜M˜˜RÂÓrã#“s“Sc#s“C““fRÓbÃ’ÃbÃãÂÓrã#“s“Sc#s“C““fRÓ`­‹-‹Š}‹˜rÂÓrã3“3c#3CSc“&RÓbÃ#bÃbÃãÂÓrã3“3c#3CSc“&RÓ`­˜M˜]‹=ŠÒÂÓrã3C3C“Sƒ–RÓbÃCbÃbÃãÂÓrã3C3C“Sƒ–RÓ`­˜‹=˜­Š­˜RÂÓrã3sSc#cCScsfRÓbÃRÃ"ÃãÂÓrã3sSc#cCScsfRÓ`­˜Š}˜M˜mŠ}ŠmŠ‚ÂÓrã3sCc“C#c#“VRÓbÃBÃ2ÃãÂÓrã3sCc“C#c#“VRÓ`­Š}˜MŠ‹M‹˜¢ÂÓrã3sƒs3s#ƒ#33FRÓbÃ#"ÃbÃãÂÓrã3sƒs3s#ƒ#33FRÓ`­Š}˜M˜]˜‹]˜M˜rÂÓrã3##ƒ3sS3ScVRÓbÃ"ÃÃãÂÓrã3##ƒ3sS3ScVRÓ`­ŠÝ‹=Š}Š˜¢ÂÓrã3S““C“c#“S6RÓbÃ3bÃ"ÃãÂÓrã3S““C“c#“S6RÓ`­˜Š}˜MŠ}‹}˜Š}ŠÂÓrã3ƒ““cƒC3Sƒ#“–RÓbÃ3’Ã#BÃãÂÓrã3ƒ““cƒC3Sƒ#“–RÓ`­Š}˜MŠ­‹ŠŠm˜rÂÓrã3###ƒsSc“Cc#RÓbÃ2ÃrÃãÂÓrã3###ƒsSc“Cc#RÓ`­˜Š}˜M˜}˜mŠý‹=˜­˜rÂÓrã3##C““ƒsƒ##RÓbÃ’ÃbÃãÂÓrã3##C““ƒsƒ##RÓ`­˜Š}˜MŠí‹˜ŠÂÂÓrã3#3Sƒ#sSc“C#c6RÓbÃBÃBÃãÂÓrã3#3Sƒ#sSc“C#c6RÓ`­Š}˜MŠ­Šý‹˜­Š‚ÂÓrã3#SC3#sSSsS†RÓbÃSBÃ32ÃãÂÓrã3#SC3#sSSsS†RÓ`­Š}ŠÍŠ­˜]Š}‹˜}ŠrÂÓrã3#““3Sss#ƒCc“†RÓbÃSRÃCBÃãÂÓrã3#““3Sss#ƒCc“†RÓ`­Š}˜M˜]ŠM˜}˜BÂÓrã33S#SƒC33cC#–RÓbÃBÃ2ÃãÂÓrã33S#SƒC33cC#–RÓ`­Š­‹˜=˜­Š‚ÂÓrã33scCƒƒSCƒƒS&RÓbÃsBÃ3rÃãÂÓrã33scCƒƒSCƒƒS&RÓ`­˜m˜-Š}‹BÂÓrã33“cC“#3Sƒ&RÓbÃÃ’ÃãÂÓrã33“cC“#3Sƒ&RÓ`­‹Š}Š‹rÂÓrã33##CƒCCƒs#sFRÓbÃcbÃSRÃãÂÓrã33##CƒCCƒs#sFRÓ`­‹=Š­˜mŠí˜‹bÂÓrã3CS##C3SƒC#SFRÓbÃRÃBÃãÂÓrã3CS##C3SƒC#SFRÓ`­˜Š­‹˜M˜­˜]Š}Š¢ÂÓrã3SC#ƒcsCƒ“s““6RÓbÃrÃRÃãÂÓrã3SC#ƒcsCƒ“s““6RÓ`­˜Š}˜MŠ­‹M˜­˜­ŠòÂÓrã3Scƒ“Csƒ#ƒ##3#VRÓbÃcBÃ’ÃãÂÓrã3Scƒ“Csƒ#ƒ##3#VRÓ`­‹MŠí‹RÂÓrã3cƒ#c3“33“c3S†RÓbÃc"ÃC"ÃãÂÓrã3cƒ#c3“33“c3S†RÓ`­˜Š}˜M‹=˜mŠýŠ}Š¢ÂÓrã3scƒƒCƒ3ƒcc&RÓbÃC‚Ã‚ÃãÂÓrã3scƒƒCƒ3ƒcc&RÓ`­ŠýŠ}˜¢ÂÓrã3sCƒ#sƒCƒCccsFRÓbÃbÃ2ÃãÂÓrã3sCƒ#sƒCƒCccsFRÓ`­˜‹M˜m‹­˜}Š}˜¢ÂÓrã3sSsSsSƒƒ“vRÓbÃ’ÃÃãÂÓrã3sSsSsSƒƒ“vRÓ`­˜‹‹mŠ¢ÂÓrã3ssS#3sSS““VRÓbÃbÃRÃãÂÓrã3ssS#3sSS““VRÓ`­˜=Ší‹}˜˜rÂÓrã3ƒCƒƒSCS#3ƒ&RÓbÃ2Ã2ÃãÂÓrã3ƒCƒƒSCS#3ƒ&RÓ`­˜˜}Šý‹ÂÓrã3ƒC##“csccSƒs–RÓbÃBÃ2ÃãÂÓrã3ƒC##“csccSƒs–RÓ`­‹=˜­‹=Š}˜}˜RÂÓrã3ƒC“SC3#3sS6RÓbÃ’ÃBÃãÂÓrã3ƒC“SC3#3sS6RÓ`­Š}˜M‹­Š}˜M˜­˜rÂÓrã3ƒ“3C3ScS“#“fRÓbÃ2Ã2ÃãÂÓrã3ƒ“3C3ScS“#“fRÓ`­Š}˜MŠ}˜mŠ}Š˜­Š‚ÂÓrãC#c3S“33VRÓbÃ#SÃƒÃãÂÓrãC#c3S“33VRÓ`­Š}˜M˜]‹-Š}˜­ŠrÂÓrãCSsCCsCscFRÓbÃ3RÃ#ÃãÂÓrãCSsCCsCscFRÓ`­Š}˜MŠ­ŠÝ˜˜­‹-˜¢ÂÓrãCcsC“SSSƒ““fRÓbÃ2Ã2ÃãÂÓrãCcsC“SSSƒ““fRÓ`­‹ŠÍ˜M˜rÂÓrãCƒ3Ss3ƒ“ƒsc#–RÓbÃ#2Ã#ÃãÂÓrãCƒ3Ss3ƒ“ƒsc#–RÓ`­Š}‹˜MŠ}˜bÂÓrãCcs3#C3#Cs–RÓbÃ3SbÃs"ÃãÂÓrãCcs3#C3#Cs–RÓ`­Š}˜M˜]‹=ŠÍ˜M˜rÂÓrãCƒsCƒS3ƒ†RÓbÃ3bÃ#RÃãÂÓrãCƒsCƒS3ƒ†RÓ`­‹-˜]˜m˜¢ÂÓrãC#333cƒS#“&RÓbÃRÃRÃãÂÓrãC#333cƒS#“&RÓ`­Š}˜-Š­‹]Š}Šý˜¢ÂÓrãC#Cs“sCCc“ƒ3s6RÓbÃ2Ã"ÃãÂÓrãC#Cs“sCCc“ƒ3s6RÓ`­Š˜m˜=˜­˜bÂÓrãC#3ƒ#33sSCƒ6RÓbÃBÃBÃãÂÓrãC#3ƒ#33sSCƒ6RÓ`­˜Š­ŠÍŠý‹ÂÓrãC#CSCƒCsS#S3S†RÓbÃ’ÃRÃãÂÓrãC#CSCƒCsS#S3S†RÓ`­˜Š}Š˜MŠ}‹¢ÂÓrãC#S“#3CcƒSƒ3VRÓbÃ’Ã2ÃãÂÓrãC#S“#3CcƒSƒ3VRÓ`­Š}˜M‹=Š}ŠmŠ˜rÂÓrãC#ƒ“S3S“ƒƒC“CC3fRÓbÃRÃBÃãÂÓrãC#ƒ“S3S“ƒƒC“CC3fRÓ`­Š}˜M˜=˜Š}ŠŠ}Š¢ÂÓrãC3##SS3“CS“CCfRÓbÃCÃ3BÃãÂÓrãC3##SS3“CS“CCfRÓ`­Š­Šý‹˜­ŠÍ˜¢ÂÓrãC33ƒ3##cƒc#SC#FRÓbÃc‚Ã3ÃãÂÓrãC33ƒ3##cƒc#SC#FRÓ`­ŠÝ‹=Š}ŠŠ}Š¢ÂÓrãC3Cs“C#ƒSS““CvRÓbÃ‚Ãs"ÃãÂÓrãC3Cs“C#ƒSS““CvRÓ`­˜Š}˜M˜MŠÍ˜m˜rÂÓrãC3cƒ3#ss#s†RÓbÃrÃRÃãÂÓrãC3cƒ3#ss#s†RÓ`­˜˜M˜]˜‹˜˜¢ÂÓrãC3ƒ3“sƒS“ScFRÓbÃ‚Ã‚ÃãÂÓrãC3ƒ3“sƒS“ScFRÓ`­˜]ŠM˜}˜M˜rÂÓrãC3“S#ƒ“###““ƒ6RÓbÃ2Ã2ÃãÂÓrãC3“S#ƒ“###““ƒ6RÓ`­˜M˜m‹M‹ÂÓrãCC3CScsS#C#ƒ“VRÓbÃ#BÃ#ÃãÂÓrãCC3CScsS#C#ƒ“VRÓ`­Š­˜-‹˜­‹ŠrÂÓrãCCCsƒC##3#FRÓbÃ"ÃRÃãÂÓrãCCCsƒC##3#FRÓ`­˜Š‹ŠòÂÓrãCCssƒ#sƒ“S33S–RÓbÃcrÃC’ÃãÂÓrãCCssƒ#sƒ“S33S–RÓ`­Š­ŠÝ˜M˜­˜rÂÓrãCS#3ScCCc““ƒ–RÓbÃ2ÃbÃãÂÓrãCS#3ScCCc““ƒ–RÓ`­˜Š}˜M˜m‹}Š}˜"ÂÓrãCS#C“sƒƒcƒ3ƒ6RÓbÃrÃRÃãÂÓrãCS#C“sƒƒcƒ3ƒ6RÓ`­Š}ŠÍŠ­˜]Š}‹Š}Š¢ÂÓrãCSCsƒ#“ƒ3ƒcVRÓbÃ3RÃ32ÃãÂÓrãCSCsƒ#“ƒ3ƒcVRÓ`­ŠýŠ}‹˜]˜rÂÓrãCSCcCƒƒS#S3FRÓbÃ‚ÃRÃãÂÓrãCSCcCƒƒS#S3FRÓ`­Š­˜m˜]˜‚ÂÓrãCSƒ#ƒƒ#Sƒƒ3FRÓbÃÃÃãÂÓrãCSƒ#ƒƒ#Sƒƒ3FRÓ`­Š}˜MŠ­˜‹-˜­‹Š}Š¢ÂÓrãCS“S“3#ƒSs3RÓbÃC"ÃsRÃãÂÓrãCS“S“3#ƒSs3RÓ`­˜­˜˜‹˜}ŠrÂÓrãCccS“3Sƒ##33VRÓbÃBÃBÃãÂÓrãCccS“3Sƒ##33VRÓ`­‹˜M˜­˜}˜RÂÓrãCcs“ƒƒ3s#“vRÓbÃ#‚Ã#rÃãÂÓrãCcs“ƒƒ3s#“vRÓ`­˜M˜]Š½˜BÂÓrãCs3“33“cs“sFRÓbÃ"ÃÃãÂÓrãCs3“33“cs“sFRÓ`­˜]˜mŠ}˜˜M˜rÂÓrãCsCs3ƒ3s#SƒƒSFRÓbÃBÃ‚ÃãÂÓrãCsCs3ƒ3s#SƒƒSFRÓ`­Š}˜MŠ˜-Š}ŠÂÓrãCss#3SC“3ƒ““cvRÓbÃ2Ã2ÃãÂÓrãCss#3SC“3ƒ““cvRÓ`­Š}˜M˜m‹‹ÂÓrãCƒ3cCc“#sssFRÓbÃcbÃCrÃãÂÓrãCƒ3cCc“#sssFRÓ`­˜˜˜"ÂÓrãCƒ3S“ƒc“cƒcƒ“6RÓbÃ#ÃRÃãÂÓrãCƒ3S“ƒc“cƒcƒ“6RÓ`­Š}˜M˜]ŠÝ˜­‹}˜rÂÓrãCƒcƒ#CSc##s6RÓbÃ’ÃrÃãÂÓrãCƒcƒ#CSc##s6RÓ`­˜­ŠŠÝŠ½Š}˜bÂÓrãCƒcS3sCcCS3#†RÓbÃ’Ã2ÃãÂÓrãCƒcS3sCcCS3#†RÓ`­˜]Š­˜=Š}˜ŠbÂÓrãCƒ“cCs“3SƒS“VRÓbÃ’Ã‚ÃãÂÓrãCƒ“cCs“3SƒS“VRÓ`­˜­˜-Š­‹ŠÝŠ}˜bÂÓrãCƒ“cCs“3SƒS“VRÓbÃ’Ã‚ÃãÂÓrãCƒ“cCs“3SƒS“VRÓ`­Š­˜]˜=˜­˜m˜}˜RÂÓrãC“CCsC“cc#VRÓbÃ2Ã2ÃãÂÓrãC“CCsC“cc#VRÓ`­Š}˜M˜]ŠÍ˜]‹’ÂÓrãC“#CC#cSss3S–RÓbÃC’Ã#BÃãÂÓrãC“#CC#cSss3S–RÓ`­˜˜]˜m‹ÂÓrãSƒc3C3SC““RÓbÃc"Ã#RÃãÂÓrãSƒc3C3SC““RÓ`­Š­Š}‹˜­Ší˜­˜rÂÓrãS#3cs“3Ss#s–RÓbÃbÃÃãÂÓrãS#3cs“3Ss#s–RÓ`­Ší‹}˜˜rÂÓrãS3S#ss3“3CƒFRÓbÃcbÃC‚ÃãÂÓrãS3S#ss3“3CƒFRÓ`­˜Š}˜}ŠýŠ}˜˜}ŠrÂÓrãS3s“cs33333“6RÓbÃBÃBÃãÂÓrãS3s“cs33333“6RÓ`­Š}˜M˜]˜m‹˜]˜rÂÓrãSccCSs“cS“ƒVRÓbÃC‚Ã#bÃãÂÓrãSccCSs“cS“ƒVRÓ`­Š}˜MŠ}ŠÝ˜]‹ÂÓrãSƒ#“S3SS3“#VRÓbÃ3bÃRÃãÂÓrãSƒ#“S3SS3“#VRÓ`­Š­‹m‹˜}ŠrÂÓrãS“3sCsƒsƒs“s“ƒVRÓbÃrÃ2ÃãÂÓrãS“3sCsƒsƒs“s“ƒVRÓ`­ŠŠ}˜MŠ­‹-Š}˜RÂÓrãS“s#ƒ#“Ssss3s†RÓbÃRÃ2ÃãÂÓrãS“s#ƒ#“Ssss3s†RÓ`­ŠÍ‹˜Š‚ÂÓrãS#3ƒƒsFRÓbÃS"Ã’ÃãÂÓrãS#3ƒƒsFRÓ`­˜M˜M‹˜-Š}Š˜rÂÓrãSC#SCccc#ƒ6RÓbÃ“"Ã#ÃãÂÓrãSC#SCccc#ƒ6RÓ`­˜]‹Š}ŠÍ‹’ÂÓrãS3sC3“SCs“&RÓbÃƒbÃSRÃãÂÓrãS3sC3“SCs“&RÓ`­Š‹˜ŠÂÂÓrãSS3c#sc#“S#VRÓbÃ3CRÃ3BÃãÂÓrãSS3c#sc#“S#VRÓ`­˜M˜]‹Š}˜­˜­‹ÂÓrãSS3s““ccCsc6RÓbÃS"Ã#"ÃãÂÓrãSS3s““ccCsc6RÓ`­Ší˜‹bÂÓrãSƒ3#S“CCSc–RÓbÃ3"ÃƒÃãÂÓrãSƒ3#S“CCSc–RÓ`­˜M˜­˜]Š­ŠòÂÓrãS“3SC“C3sFRÓbÃ3BÃ2ÃãÂÓrãS“3SC“C3sFRÓ`­Š}˜MŠÝ‹=Š}Š˜­˜rÂÓrãS#3#SC3ƒcƒs“3VRÓbÃrÃBÃãÂÓrãS#3#SC3ƒcƒs“3VRÓ`­˜Š}˜M˜]‹‹‹bÂÓrãS#s3ƒScSSS“C6RÓbÃ‚ÃbÃãÂÓrãS#s3ƒScSSS“C6RÓ`­˜Š}˜‹Š}ŠòÂÓrãS#ƒ#c#ƒ“CCƒƒSsVRÓbÃ’ÃBÃãÂÓrãS#ƒ#c#ƒ“CCƒƒSsVRÓ`­Šý˜Š}‹˜¢ÂÓrãS#ƒ“S“#c3c3sCVRÓbÃ2Ã2ÃãÂÓrãS#ƒ“S“#c3c3sCVRÓ`­˜­˜]‹ÂÓrãS3#“CƒƒSCsCSC–RÓbÃÃÃãÂÓrãS3#“CƒƒSCsCSC–RÓ`­‹Š‹˜­˜rÂÓrãS33ƒ3ƒ#s#CC“3VRÓbÃC‚Ã#"ÃãÂÓrãS33ƒ3ƒ#s#CC“3VRÓ`­Š}˜M˜]‹-Š}ŠýŠ}˜MŠ­‹­˜­‹Š}‹=Š­Š½˜]Š}‹ÂÓrãS3CS3ƒs#ƒfRÓbÃÃbÃãÂÓrãS3CS3ƒs#ƒfRÓ`­˜Š}‹mŠ}˜Š­˜}ŠrÂÓrãS3csƒs#s#ccC“FRÓbÃCbÃbÃãÂÓrãS3csƒs#s#ccC“FRÓ`­Š‹Š}Š˜rÂÓrãS3s“CSs##3““3RÓbÃbÃbÃãÂÓrãS3s“CSs##3““3RÓ`­˜]‹­‹˜­Š}Š¢ÂÓrãSCCcs3“3#ƒ“ƒc–RÓbÃÃrÃãÂÓrãSCCcs3“3#ƒ“ƒc–RÓ`­˜˜=Š}˜˜rÂÓrãSSƒsCS#3S#C“VRÓbÃ#"Ã2ÃãÂÓrãSSƒsCS#3S#C“VRÓ`­Š}˜M‹=˜˜­˜M˜RÂÓrãSSC3Sƒ““Cƒƒ3cVRÓbÃbÃRÃãÂÓrãSSC3Sƒ““Cƒƒ3cVRÓ`­Š˜}‹ŠrÂÓrãSS“Cs#CCƒS#c#s–RÓbÃƒbÃc2ÃãÂÓrãSS“Cs#CCƒS#c#s–RÓ`­˜m‹]˜ÂÓrãSS“c3#cS#ƒ#CC–RÓbÃS#2ÃBÃãÂÓrãSS“c3#cS#ƒ#CC–RÓ`­Š˜]Ší‹]‹]Š}Š¢ÂÓrãSS“s#3“S#“ƒC“#fRÓbÃrÃÃãÂÓrãSS“s#3“S#“ƒC“#fRÓ`­‹=Š­ŠÝ‹]˜BÂÓrãScSc#sS##3ƒRÓbÃbÃRÃãÂÓrãScSc#sS##3ƒRÓ`­˜Š}˜MŠ}˜M˜­Š}˜ÂÓrãScSsC###cƒC&RÓbÃÃ’ÃãÂÓrãScSsC###cƒC&RÓ`­ŠÍ˜Š}˜mŠ‚ÂÓrãSc“c#CCs3s3#6RÓbÃ2Ã2ÃãÂÓrãSc“c#CCs3s3#6RÓ`­˜˜]˜=Š}Š­Š‚ÂÓrãSsCSSƒCsscƒ†RÓbÃRÃ’ÃãÂÓrãSsCSSƒCsscƒ†RÓ`­Ší‹}˜Š}Š¢ÂÓrãSsC#3ƒcƒscSSCfRÓbÃCBÃ3RÃãÂÓrãSsC#3ƒcƒscSSCfRÓ`­˜ŠÍ˜˜MŠý˜]Š}˜bÂÓrãSsS#“SCcS3CCVRÓbÃ‚ÃrÃãÂÓrãSsS#“SCcS3CCVRÓ`­‹=‹˜­‹’ÂÓrãSƒƒƒ“C“sƒS“c“–RÓbÃ3‚ÃRÃãÂÓrãSƒƒƒ“C“sƒS“c“–RÓ`­‹MŠ­˜¢ÂÓrãSƒ““3S#3SCsƒSvRÓbÃÃ‚ÃãÂÓrãSƒ““3S#3SCsƒSvRÓ`­˜‹˜-˜RÂÓrãS“#Cc3#ƒSc&RÓbÃÃ’ÃãÂÓrãS“#Cc3#ƒSc&RÓ`­ŠŠý˜‹’ÂÓrãS“3s3#CcsC#Ss&RÓbÃ#BÃ#ÃãÂÓrãS“3s3#CcsC#Ss&RÓ`­Š}˜MŠ}‹=Š­Š½˜mŠ}Šm˜¢ÂÓrãS“C#s#c#sc“ƒVRÓbÃÃÃãÂÓrãS“C#s#c#sc“ƒVRÓ`­˜M˜M‹M‹˜‹rÂÓrãS“sƒ“csC#s““&RÓbÃRÃRÃãÂÓrãS“sƒ“csC#s““&RÓ`­‹mŠí˜]ŠrÂÓrãS“sCs33cƒ3ƒS“cVRÓbÃbÃBÃãÂÓrãS“sCs33cƒ3ƒS“cVRÓ`­Š}˜MŠ}ŠÍ˜mŠ˜¢ÂÓrãc3S“cccs#“C#ƒVRÓbÃ#bÃ2ÃãÂÓrãc3S“cccs#“C#ƒVRÓ`­Š­˜Š}˜˜-ŠrÂÓrãcsSSSccC†RÓbÃ’Ã‚ÃãÂÓrãcsSSSccC†RÓ`­˜Š}˜‹˜ŠŠrÂÓrãc3sSss3cC†RÓbÃCBÃ32ÃãÂÓrãc3sSss3cC†RÓ`­˜M˜M˜]˜­Š}˜rÂÓrãc#3CsSssc–RÓbÃ2Ã2ÃãÂÓrãc#3CsSssc–RÓ`­Š­˜‹-˜­‹Š}Š¢ÂÓrãcC““C“#Sƒ3SvRÓbÃCrÃƒ2ÃãÂÓrãcC““C“#Sƒ3SvRÓ`­Š}˜M˜-Š}˜m˜˜m˜­˜­˜bÂÓrãcc“ƒƒS#“S#cvRÓbÃbÃ2ÃãÂÓrãcc“ƒƒS#“S#cvRÓ`­Š}˜M˜˜m˜­˜­˜bÂÓrãcƒ3Cc3SsC#VRÓbÃ2Ã2ÃãÂÓrãcƒ3Cc3SsC#VRÓ`­˜Š}˜M˜]˜]Š}‹‹=Š}Š¢ÂÓrãc###sCcCs#RÓbÃ’Ã‚ÃãÂÓrãc###sCcCs#RÓ`­˜˜]Š}˜­˜‚ÂÓrãc#S3“““S3Scƒ#–RÓbÃ#‚Ã2ÃãÂÓrãc#S3“““S3Scƒ#–RÓ`­Š­˜‹˜­˜BÂÓrãc#sC33cCsS3&RÓbÃc2ÃC2ÃãÂÓrãc#sC33cCsS3&RÓ`­Š­˜mŠ}˜‹=˜­˜rÂÓrãc#s“ƒ“CsCcc&RÓbÃc‚ÃSÃãÂÓrãc#s“ƒ“CsCcc&RÓ`­Š}˜M‹˜MŠ}˜]˜rÂÓrãc#sc“c#c6RÓbÃCÃ‚ÃãÂÓrãc#sc“c#c6RÓ`­Š­‹­˜M˜­˜ÂÓrãc#sƒƒS3sƒS–RÓbÃrÃRÃãÂÓrãc#sƒƒS3sƒS–RÓ`­Š}ŠýŠ}Šm˜rÂÓrãc3S“Ssƒsƒs#3ƒ†RÓbÃ2Ã2ÃãÂÓrãc3S“Ssƒsƒs#3ƒ†RÓ`­˜ŠÝŠ}‹]˜BÂÓrãcCCSS#sƒC#“CS&RÓbÃ"ÃrÃãÂÓrãcCCSS#sƒC#“CS&RÓ`­˜MŠíŠý˜]Š}Š¢ÂÓrãcSSc#S#Sƒ“FRÓbÃCRÃc"ÃãÂÓrãcSSc#S#Sƒ“FRÓ`­˜MŠ}‹­˜MŠ}˜"ÂÓrãcSSƒ“C##ƒ#S#†RÓbÃ2Ã2ÃãÂÓrãcSSƒ“C##ƒ#S#†RÓ`­Š}˜MŠí˜M˜­ŠÍ˜­˜rÂÓrãcS3CC“CSScRÓbÃ33’Ã#BÃãÂÓrãcS3CC“CSScRÓ`¤f÷&×56—FRÂÓrãcSC#SSƒƒ3ƒFRÓbÃ2Ã2ÃãÂÓrãcSC#SSƒƒ3ƒFRÓ`¦×¥&RÂÓrãcSs3sCC“3S3&RÓbÃrÃrÃãÂÓrãcSs3sCC“3S3&RÓ`¥”rÂÓrãcSs3sCC“3S3&RÓbÃrÃrÃãÂÓrãcSs3sCC“3S3&RÓ`­ŠŠ­˜‹˜­˜ÂÓrãcSsS#S#ƒ3ƒCs†RÓbÃ2Ã2ÃãÂÓrãcSsS#S#ƒ3ƒCs†RÓ`­˜˜]‹˜=‹˜rÂÓrãcSs“3c#ssCcC6RÓbÃ‚ÃRÃãÂÓrãcSs“3c#ssCcC6RÓ`­˜MŠ}˜­˜bÂÓrãcS“#Sƒ3C33C†RÓbÃbÃBÃãÂÓrãcS“#Sƒ3C33C†RÓ`­Š­‹m˜]˜bÂÓrãcc3s“CƒsscsCfRÓbÃƒbÃS‚ÃãÂÓrãcc3s“CƒsscsCfRÓ`­˜]˜mŠ}˜-‹MŠ}Š¢ÂÓrãccSc#cc6RÓbÃCÃ#BÃãÂÓrãccSc#cc6RÓ`­Š}˜M‹m‹˜‹˜­˜rÂÓrãcsƒsCCƒCS3FRÓbÃ’Ã2ÃãÂÓrãcsƒsCCƒCS3FRÓ`­Š­˜˜-‹Š}˜bÂÓrãcss#c“#C3S3sFRÓbÃ#Ã’ÃãÂÓrãcss#c“#C3S3sFRÓ`­˜-˜­Š}‹2ÂÓrãcsSS#CCsc3s†RÓbÃ#‚Ã2ÃãÂÓrãcsSS#CCsc3s†RÓ`­ŠÍ‹-˜­˜BÂÓrãcscSC33c“SRÓbÃBÃ2ÃãÂÓrãcscSC33c“SRÓ`­˜M˜MŠ}‹M‹Š}˜ÂÓrãcss3C3S“cs3&RÓbÃ’Ã‚ÃãÂÓrãcss3C3S“cs3&RÓ`­˜M‹M‹Š}˜=˜rÂÓrãcƒCƒscC3ƒƒƒVRÓbÃbÃbÃãÂÓrãcƒCƒscC3ƒƒƒVRÓ`­˜]˜­ŠýŠ}˜m˜­˜rÂÓrãcƒC“CS#sƒS3†RÓbÃbÃbÃãÂÓrãcƒC“CS#sƒS3†RÓ`­Š}˜MŠ}‹=Š­˜Š}Šý˜rÂÓrãcƒscC3#SS6RÓbÃsÃRÃãÂÓrãcƒscC3#SS6RÓ`­˜Š}˜M˜­˜˜RÂÓrãcƒ““3sc#“ƒFRÓbÃrÃ‚ÃãÂÓrãcƒ““3sc#“ƒFRÓ`­‹]˜]˜]Š¢ÂÓrãsS“C#SƒS3sRÓbÃbÃbÃãÂÓrãsS“C#SƒS3sRÓ`­˜˜­ŠM˜=ŠòÂÓrãs#SSCSs“sSƒ6RÓbÃ’ÃrÃãÂÓrãs#SSCSs“sSƒ6RÓ`­Š}˜MŠ}Š­ŠÝŠ}Šý˜­˜rÂÓrãsC3##SS““fRÓbÃÃBÃãÂÓrãsC3##SS““fRÓ`­Š}˜MŠ­Š}‹=‹˜rÂÓrãs“ƒCcsƒ3#vRÓbÃ32ÃrÃãÂÓrãs“ƒCcsƒ3#vRÓ`­˜M˜­Š­˜]˜=˜bÂÓrãs#cƒ“SS#“SƒfRÓbÃ2Ã"ÃãÂÓrãs#cƒ“SS#“SƒfRÓ`­˜]˜-Šý˜RÂÓrãsSƒ3c“CSCscvRÓbÃ“rÃSbÃãÂÓrãsSƒ3c“CSCscvRÓ`­˜-Š}˜MŠ¢ÂÓrãs#ƒcSscƒc6RÓbÃSƒÃ3bÃãÂÓrãs#ƒcSscƒc6RÓ`­Šý‹‹ŠrÂÓrãs##sƒc3SSCvRÓbÃ2Ã2ÃãÂÓrãs##sƒc3SSCvRÓ`­˜Š}‹]˜MŠ}ŠÒÂÓrãs#ƒ3ScƒsSƒƒ#–RÓbÃ‚ÃbÃãÂÓrãs#ƒ3ScƒsSƒƒ#–RÓ`­˜]Š­‹-Š}˜]˜mŠrÂÓrãs3s#sƒƒ#c3CRÓbÃBÃBÃãÂÓrãs3s#sƒƒ#c3CRÓ`­Š}˜MŠ­˜-˜¢ÂÓrãs3#“csC3sCSFRÓbÃ’Ã‚ÃãÂÓrãs3#“csC3sCSFRÓ`­˜M‹˜MŠ}˜]˜rÂÓrãs3#cSc#3ƒƒƒ&RÓbÃbÃRÃãÂÓrãs3#cSc#3ƒƒƒ&RÓ`­˜‹=˜­Š}‹=˜rÂÓrãs3scƒ##3C#6RÓbÃbÃBÃãÂÓrãs3scƒ##3C#6RÓ`­Š}˜M˜]ŠÝŠ}‹=Š˜­˜rÂÓrãs3ƒ“s##S““ss6RÓbÃbÃÃãÂÓrãs3ƒ“s##S““ss6RÓ`­Š}˜M˜]‹}˜M˜-˜rÂÓrãs3“33SCc“ƒ#ƒ36RÓbÃ2Ã2ÃãÂÓrãs3“33SCc“ƒ#ƒ36RÓ`­ŠÍ˜}˜Šý˜}˜RÂÓrãs3“ƒSƒcC†RÓbÃ"Ã"ÃãÂÓrãs3“ƒSƒcC†RÓ`­˜Š}˜M˜]‹=Š­˜}˜M˜=˜­˜bÂÓrãsC3s3cScƒ““fRÓbÃÃÃãÂÓrãsC3s3cScƒ““fRÓ`­˜­ŠÝ˜­˜¢ÂÓrãsC3ssS“ssƒC&RÓbÃrÃbÃãÂÓrãsC3ssS“ssƒC&RÓ`­Š}˜M˜]˜­ŠýŠ}˜m˜­˜rÂÓrãsS“SSƒ“cc“ƒ36RÓbÃ#"Ã2ÃãÂÓrãsS“SSƒ“cc“ƒ36RÓ`­˜M˜M˜]˜m‹MŠ}Š¢ÂÓrãsS3CSC3Ss#Sƒ#fRÓbÃ##RÃCBÃãÂÓrãsS3CSC3Ss#Sƒ#fRÓ`­Š­‹}Š˜-˜}ŠrÂÓrãsSSƒCsƒ“#CSsFRÓbÃBÃBÃãÂÓrãsSSƒCsƒ“#CSsFRÓ`­˜Š}‹=‹˜rÂÓrãsS“SƒsC““cCFRÓbÃ3rÃ3ÃãÂÓrãsS“SƒsC““cCFRÓ`­˜=˜­˜]˜­ŠrÂÓrãsS“c3ƒC#ƒ#&RÓbÃ#2Ã‚ÃãÂÓrãsS“c3ƒC#ƒ#&RÓ`­Š˜]‹˜=‹"ÂÓrãsc#3SSƒsS#36RÓbÃ#bÃ#2ÃãÂÓrãsc#3SSƒsS#36RÓ`­Š}˜MŠ˜m˜­Š}˜bÂÓrãscCscSS#cƒƒcƒVRÓbÃ3S2Ã#"ÃãÂÓrãscCscSS#cƒƒcƒVRÓ`­˜Š}Š­˜‹˜rÂÓrãsc“sS33“sSvRÓbÃCÃ#bÃãÂÓrãsc“sS33“sSvRÓ`­ŠŠ}˜-˜rÂÓrãss3s“Cƒ“FRÓbÃ#BÃ’ÃãÂÓrãss3s“Cƒ“FRÓ`­˜Š}˜M˜]‹]Š}˜m‹’ÂÓrãss3CCs3#sƒVRÓbÃbÃÃãÂÓrãss3CCs3#sƒVRÓ`­Š}˜M˜‹]˜BÂÓrãssC““ƒcSƒ“RÓbÃ"Ã"ÃãÂÓrãssC““ƒcSƒ“RÓ`­Š}˜MŠ­˜=˜­˜­˜ÂÓrãssc#SC3ƒSssVRÓbÃRÃBÃãÂÓrãssc#SC3ƒSssVRÓ`­Š}˜M˜]‹-Š}ŠýŠ}˜MŠ­‹­˜­‹Š}˜MŠ}Š­‹]Š}˜MŠ}Š¢ÂÓrãssscc#ƒ“CƒƒcsFRÓbÃ"ÃBÃãÂÓrãssscc#ƒ“CƒƒcsFRÓ`­Š˜m˜-‹}Š­˜­˜bÂÓrãssssS#3sƒ“SƒSfRÓbÃ3BÃRÃãÂÓrãssssS#3sƒ“SƒSfRÓ`­Š}˜MŠ­‹­˜­‹Š}˜MŠÍ‹-˜­‹˜rÂÓrãsƒ#c3C#ƒCVRÓbÃC"ÃBÃãÂÓrãsƒ#c3C#ƒCVRÓ`­˜Š}˜MŠ­‹=˜˜­˜rÂÓrãsƒC#3cS3s“sCƒ–RÓbÃrÃbÃãÂÓrãsƒC#3cS3s“sCƒ–RÓ`­Š}‹Š­˜]ŠòÂÓrãsƒ#““3c“c#C“sfRÓbÃRÃ"ÃãÂÓrãsƒ#““3c“c#C“sfRÓ`­‹=Š­‹M˜]˜BÂÓrãs“3S3““33#ƒfRÓbÃRÃBÃãÂÓrãs“3S3““33#ƒfRÓ`­˜­‹=Š­˜-Š˜BÂÓrãs“C3S3Sƒ#–RÓbÃ"ÃÃãÂÓrãs“C3S3Sƒ#–RÓ`­Š˜]ŠŠ}Šý‹˜rÂÓrãs“sCSƒsCS#3ƒƒsVRÓbÃrÃbÃãÂÓrãs“sCSƒsCS#3ƒƒsVRÓ`­Š}˜m‹˜=Š}‹=ŠrÂÓrãƒCcScS““CsFRÓbÃ2Ã2ÃãÂÓrãƒCcScS““CsFRÓ`­˜­‹M‹­˜BÂÓrãƒS3sCc“33SC#†RÓbÃC‚Ã#bÃãÂÓrãƒS3sCc“33SC#†RÓ`­˜M˜MŠ}ŠÝŠ­˜­Š}‹}˜­Š}Š¢ÂÓrãƒccSCCS33ƒ#vRÓbÃC2ÃRÃãÂÓrãƒccSCCS33ƒ#vRÓ`­˜˜]‹Šý˜BÂÓrãƒsƒsS“S3csSC†RÓbÃrÃ’ÃãÂÓrãƒsƒsS“S3csSC†RÓ`­˜M˜M‹=˜m˜Š}Š¢ÂÓrãƒ##3scS“c6RÓbÃ3‚Ã"ÃãÂÓrãƒ##3scS“c6RÓ`­˜Š}˜M˜]Šý˜]ŠÂÂÓrãƒ#“Cs3“cƒ3vRÓbÃÃÃãÂÓrãƒ#“Cs3“cƒ3vRÓ`­˜M˜MŠ­˜‹]˜BÂÓrãƒ#SssSCcC3vRÓbÃRÃBÃãÂÓrãƒ#SssSCcC3vRÓ`­˜˜M˜bÂÓrãƒ#ccƒ#ƒc3sSvRÓbÃ#ÃBÃãÂÓrãƒ#ccƒ#ƒc3sSvRÓ`­˜˜-‹}Š}‹Š}Š­˜}ŠrÂÓrãƒ#“s“SƒC#CC3svRÓbÃ"Ã"ÃãÂÓrãƒ#“s“SƒC#CC3svRÓ`­˜]‹]‹}˜˜¢ÂÓrãƒ3Sƒ3##3SsS#3RÓbÃbÃRÃãÂÓrãƒ3Sƒ3##3SsS#3RÓ`­‹]˜­Š}˜m˜rÂÓrãƒCCs3Ccc“sfRÓbÃ“BÃ3"ÃãÂÓrãƒCCs3Ccc“sfRÓ`­˜M˜­‹=Š­ŠíŠý˜RÂÓrãƒC#C3“#ƒ#3ƒS†RÓbÃ#‚ÃRÃãÂÓrãƒC#C3“#ƒ#3ƒS†RÓ`­˜=Š}‹=Š}‹2ÂÓrãƒC#C3“#ƒ#3ƒS†RÓbÃ#‚ÃRÃãÂÓrãƒC#C3“#ƒ#3ƒS†RÓ`­˜]‹]˜]˜RÂÓrãƒC#C3“#ƒ#3ƒS†RÓbÃ#‚ÃRÃãÂÓrãƒC#C3“#ƒ#3ƒS†RÓ`­‹ŠŠýŠ}˜M˜]˜M˜2ÂÓrãƒCCcƒ3CsCvRÓbÃRÃ‚ÃãÂÓrãƒCCcƒ3CsCvRÓ`­Š}˜M‹‹˜­‹m˜rÂÓrãƒCSc#Cƒs“3Cs6RÓbÃ2Ã2ÃãÂÓrãƒCSc#Cƒs“3Cs6RÓ`­˜]˜˜-‹˜}ŠrÂÓrãƒC“ss3ƒC““sFRÓbÃ#RÃ#"ÃãÂÓrãƒC“ss3ƒC““sFRÓ`­˜˜}˜Š}˜]‹BÂÓrãƒC“sCSS33“CCcFRÓbÃ#"Ã#"ÃãÂÓrãƒC“sCSS33“CCcFRÓ`­‹=‹˜­‹˜rÂÓrãƒSC#sc#3“ssVRÓbÃBÃ"ÃãÂÓrãƒSC#sc#3“ssVRÓ`­Š}˜M‹˜=˜­‹-˜rÂÓrãƒSS“ƒ“S“CCsfRÓbÃ“2ÃrÃãÂÓrãƒSS“ƒ“S“CCsfRÓ`­‹=˜­‹=Š­˜˜­ŠòÂÓrãƒcC3“3“ƒC#ƒ3#vRÓbÃ’Ã’ÃãÂÓrãƒcC3“3“ƒC#ƒ3#vRÓ`­Š‹}˜˜BÂÓrãƒsc#c“SCCsSsFRÓbÃ3BÃbÃãÂÓrãƒsc#c“SCCsSsFRÓ`­Š}˜MŠ}‹Šý˜bÂÓrãƒss“#s3#S#ƒFRÓbÃBÃ‚ÃãÂÓrãƒss“#s3#S#ƒFRÓ`­‹BÂÓrãƒsSc3SƒƒS3C“vRÓbÃÃrÃãÂÓrãƒsSc3SƒƒS3C“vRÓ`­Š}‹]ŠÝŠ}Š‚ÂÓrãƒƒS“S#s“C3ƒS&RÓbÃc2ÃCRÃãÂÓrãƒƒS“S#s“C3ƒS&RÓ`­˜‹ŠM˜­˜rÂÓrãƒƒsC“ƒcccSƒ#&RÓbÃ#2Ã#ÃãÂÓrãƒƒsC“ƒcccSƒ#&RÓ`­Š}˜MŠ}˜mŠí˜Š}‹mŠ}Š¢ÂÓrãƒƒ“##3sSsƒ3c–RÓbÃ2Ã2ÃãÂÓrãƒƒ“##3sSsƒ3c–RÓ`­Š}˜MŠ}‹˜MŠ}˜mŠ}Š¢ÂÓrãƒ“3ssCsS#Cs#FRÓbÃ3rÃ"ÃãÂÓrãƒ“3ssCsS#Cs#FRÓ`­˜]˜=‹‹Š}Š¢ÂÓrãƒ“s3SS3CCcs6RÓbÃbÃRÃãÂÓrãƒ“s3SS3CCcs6RÓ`­Š˜-Šý‹ÂÓrãƒ“Ccs#C#CCsCFRÓbÃ‚ÃrÃãÂÓrãƒ“Ccs#C#CCsCFRÓ`­Š}˜MŠ}‹=Š­‹Š}Š­˜­ŠÍ˜¢ÂÓrã“3###“33cc–RÓbÃsRÃSbÃãÂÓrã“3###“33cc–RÓ`­Š˜m˜=˜­˜rÂÓrã“C“3#cSƒ#6RÓbÃ#RÃbÃãÂÓrã“C“3#cSƒ#6RÓ`­Š‹m˜]Š}˜bÂÓrã“##c“SCS“#SRÓbÃBÃÃãÂÓrã“##c“SCS“#SRÓ`­Š­Š}‹=‹2ÂÓrã““s#ƒ“c3c“s3&RÓbÃ‚Ã‚ÃãÂÓrã““s#ƒ“c3c“s3&RÓ`­˜]˜}˜mŠý‹=˜¢ÂÓrã“#s“SCc“C†RÓbÃ’ÃrÃãÂÓrã“#s“SCc“C†RÓ`­Š}˜M˜]˜Š}˜˜-˜rÂÓrã“C““3sCsSsvRÓbÃSC2Ã“bÃãÂÓrã“C““3sCsSsvRÓ`­ŠÝŠý˜­Š²ÂÓrã“C3ScƒCcS3fRÓbÃc’Ã3ÃãÂÓrã“C3ScƒCcS3fRÓ`­Š}˜M˜-Š}˜}ŠrÂÓrã“s3sƒ#cƒsƒcvRÓbÃbÃbÃãÂÓrã“s3sƒ#cƒsƒcvRÓ`­Š}˜MŠý˜‹ÂÓrã“ƒ##ƒ“#ƒ“fRÓbÃ3‚Ã3"ÃãÂÓrã“ƒ##ƒ“#ƒ“fRÓ`­˜M‹˜M˜2ÂÓrã“#“ƒS#3ƒcs†RÓbÃ#"Ãc"ÃãÂÓrã“#“ƒS#3ƒcs†RÓ`­Š}˜M˜]˜MŠ}Š˜rÂÓrã“#3“SC3#3vRÓbÃ33rÃ#2ÃãÂÓrã“#3“SC3#3vRÓ`­‹]˜Š­˜¢ÂÓrã“#ƒ3#sCcƒƒ&RÓbÃrÃrÃãÂÓrã“#ƒ3#sCcƒƒ&RÓ`­Š}˜MŠ}˜‹˜Š˜­˜rÂÓrã“33SƒƒC3S#cFRÓbÃRÃ"ÃãÂÓrã“33SƒƒC3S#cFRÓ`­Š­‹Šý˜­˜m˜­˜rÂÓrã“3csC3ƒ#ssvRÓbÃ2Ã2ÃãÂÓrã“3csC3ƒ#ssvRÓ`­˜˜]Š}Šý˜rÂÓrã“3#SCCS#3VRÓbÃ‚ÃbÃãÂÓrã“3#SCCS#3VRÓ`­Š}˜mŠ­‹˜mŠ}‹M˜˜mŠ}˜BÂÓrã“3#Cc#CCƒcCc#–RÓbÃRÃrÃãÂÓrã“3#Cc#CCƒcCc#–RÓ`­ŠÝŠ}‹=ŠŠ­˜¢ÂÓrã“3#Cƒ““sSsƒ#–RÓbÃ’Ã2ÃãÂÓrã“3#Cƒ““sSsƒ#–RÓ`­‹m˜]Š¢ÂÓrã“333“SCCCSƒs#cFRÓbÃ2Ã2ÃãÂÓrã“333“SCCCSƒs#cFRÓ`­˜=‹‹m˜‚ÂÓrã“3cS#CS3sRÓbÃ’Ã"ÃãÂÓrã“3cS#CS3sRÓ`­Š}˜M‹Š}˜]˜}Š}˜M˜]‹˜=‹"ÂÓrã“3c“##ScS3ƒƒ#RÓbÃbÃbÃãÂÓrã“3c“##ScS3ƒƒ#RÓ`­˜Š}˜MŠ½˜-Š}˜˜­˜rÂÓrã“3ƒ#c#3S“ss3“&RÓbÃRÃBÃãÂÓrã“3ƒ#c#3S“ss3“&RÓ`­Š}˜M˜]‹˜m˜­˜rÂÓrã“3“#Cc“#–RÓbÃSRÃC"ÃãÂÓrã“3“#Cc“#–RÓ`­˜Š}‹˜-Š}˜RÂÓrã“Cc#3sS“SC#fRÓbÃRÃRÃãÂÓrã“Cc#3sS“SC#fRÓ`­Š}˜m˜‹=˜}˜RÂÓrã“C3ƒ#“#““fRÓbÃBÃÃãÂÓrã“C3ƒ#“#““fRÓ`­Š}˜MŠ}˜}˜RÂÓrã“CCc“CƒScs†RÓbÃÃ’ÃãÂÓrã“CCc“CƒScs†RÓ`­Š}˜MŠ}‹=Š­˜}˜MŠ}˜=˜­˜}Š}˜M‹}˜­Š}‹ÂÓrã“S#S“s#S#FRÓbÃbÃ2ÃãÂÓrã“S#S“s#S#FRÓ`­˜]˜=Š½˜ÂÓrã“S##“#cS“sCRÓbÃBÃBÃãÂÓrã“S##“#cS“sCRÓ`­Š}˜M˜-˜m˜˜bÂÓrã“S#3#Ss#3Ss–RÓbÃ’ÃrÃãÂÓrã“S#3#Ss#3Ss–RÓ`­˜]˜-‹}‹’ÂÓrã“SC“333Cc#3cvRÓbÃrÃRÃãÂÓrã“SC“333Cc#3cvRÓ`­˜ŠÝŠ}˜MŠ}Š¢ÂÓrã“Sc3s“s““Cƒ“CFRÓbÃ2Ã2ÃãÂÓrã“Sc3s“s““Cƒ“CFRÓ`­˜m˜‹˜}ŠrÂÓrã“SƒS3SC#ƒsCƒcRÓbÃ#rÃ#BÃãÂÓrã“SƒS3SC#ƒsCƒcRÓ`­Š­‹Š½‹ÂÓrã“cSCc“Sc“3“RÓbÃ#bÃrÃãÂÓrã“cSCc“Sc“3“RÓ`­Š­˜‹˜­˜rÂÓrã“c3#“ƒ“3s#CSVRÓbÃ"ÃrÃãÂÓrã“c3#“ƒ“3s#CSVRÓ`­Š­‹˜¢ÂÓrã“cSS3ƒs#cc3S6RÓbÃ32Ã’ÃãÂÓrã“cSS3ƒs#cc3S6RÓ`­Š}˜M˜]‹=ŠM˜˜M˜­˜bÂÓrã“cƒSCƒ33sssCCVRÓbÃ#BÃ#2ÃãÂÓrã“cƒSCƒ33sssCCVRÓ`­Š}˜MŠ}˜bÂÓrã“cƒsSC#“Cscƒ#†RÓbÃ3"ÃƒÃãÂÓrã“cƒsSC#“Cscƒ#†RÓ`­Š­ŠÝ‹=˜mŠ¢ÂÓrã“s#“#s#“c“6RÓbÃcRÃ3RÃãÂÓrã“s#“#s#“c“6RÓ`­˜­˜]˜M˜2ÂÓrã“sCS3“Sƒ3VRÓbÃ#RÃ#ÃãÂÓrã“sCS3“Sƒ3VRÓ`­ŠŠ}‹=˜RÂÓrã“ssS3sƒ3CƒƒS3–RÓbÃÃS"ÃãÂÓrã“ssS3sƒ3CƒƒS3–RÓ`­Š}˜MŠ}ŠÝŠýŠ²ÂÓrã“sƒ3c#S#C“C3#RÓbÃBÃBÃãÂÓrã“sƒ3c#S#C“C3#RÓ`­˜]˜-Šý˜]ŠrÂÓrã“ƒc“CS3“ƒ#&RÓbÃRÃrÃãÂÓrã“ƒc“CS3“ƒ#&RÓ`­˜M˜MŠ}˜m‹MŠ}ŠÂÓrã“ƒ3cC#C3S3sRÓbÃS2ÃSBÃãÂÓrã“ƒ3cC#C3S3sRÓ`­˜]‹=Š­˜}Šý˜˜rÂÓrã“ƒCCs#3ƒ#ƒƒSVRÓbÃ‚ÃrÃãÂÓrã“ƒCCs#3ƒ#ƒƒSVRÓ`­˜M‹MŠ˜=˜rÂÓrã“ƒC3Cs3C“#“s–RÓbÃ‚Ã2ÃãÂÓrã“ƒC3Cs3C“#“s–RÓ`­˜Š}˜M˜]‹=Š}˜mŠý˜rÂÓrã“ƒSSS“cC3SsRÓbÃrÃbÃãÂÓrã“ƒSSS“cC3SsRÓ`­‹­‹˜ÂÓrã“ƒSƒC#ƒSCƒƒCFRÓbÃÃRÃãÂÓrã“ƒSƒC#ƒSCƒƒCFRÓ`­˜Š}˜MŠ}‹=Š­‹MŠ}‹˜­˜rÂÓrã“ƒcsc#3#s“#†RÓbÃrÃRÃãÂÓrã“ƒcsc#3#s“#†RÓ`­Š}˜M‹]Š}˜MŠÒÂÓrã“ƒcƒC3ssCƒsVRÓbÃRÃBÃãÂÓrã“ƒcƒC3ssCƒsVRÓ`­Š}˜M‹˜=Š}Šm‹"ÂÓrã““#C“c“C#ƒVRÓbÃ’ÃrÃãÂÓrã““#C“c“C#ƒVRÓ`­˜Š}‹˜}‹ÂÓrã“““sc#S“#ƒcS6RÓbÃS2Ã#BÃãÂÓrã“““sc#S“#ƒcS6RÓ`­Š­˜˜-‹Š}Š¢ÂÓrã““#ƒ#3c“c#sƒ#SvRÓbÃ#3‚Ã#rÃãÂÓrã““#ƒ#3c“c#sƒ#SvRÓ`­‹‹Š¢ÂÓrã““C“3S#ƒCC&RÓbÃRÃRÃãÂÓrã““C“3S#ƒCC&RÓ`­˜M˜‹}˜m˜mŠrÂÓrã““SSs“cƒS33“ƒƒ†RÓbÃBÃ2ÃãÂÓrã““SSs“cƒS33“ƒƒ†RÓ`­˜Š­‹-˜­ŠòÂÓrã““scƒc##CCSƒc†RÓbÃrÃRÃãÂÓrã““scƒc##CCSƒc†RÓ`­‹=˜­‹-˜­ŠòÂÓ‚ãS33c“CS#fRÓbÃRÃ2ÃãÂÓ‚ãS33c“CS#fRÓ`­Š}˜MŠÝ‹mŠ}‹˜¢ÂÓ‚ãC#CCs3ScCsfRÓbÃRÃBÃãÂÓ‚ãC#CCs3ScCsfRÓ`­˜]Š­˜]˜m˜­ŠrÂÓ‚ãCS“ƒ3s33#6RÓbÃ‚ÃRÃãÂÓ‚ãCS“ƒ3s33#6RÓ`­˜]‹}‹Šý˜rÂÓ‚ãS3““ƒSs#S#CsFRÓbÃCbÃbÃãÂÓ‚ãS3““ƒSs#S#CsFRÓ`­˜Š­˜Š}‹˜­ŠâÂÓ‚ãc#csSsSs†RÓbÃBÃBÃãÂÓ‚ãc#csSsSs†RÓ`­Š}‹‹mŠ}Šm˜rÂÓ‚ã#ScCcƒƒC6RÓbÃ2Ã2ÃãÂÓ‚ã#ScCcƒƒC6RÓ`­˜MŠ}‹=˜}˜RÂÓ‚ã#cssSS“#S†RÓbÃƒ‚ÃcBÃãÂÓ‚ã#cssSS“#S†RÓ`­˜Š­˜˜‹ÂÓ‚ã3#C3#sƒƒ6RÓbÃ’ÃrÃãÂÓ‚ã3#C3#sƒƒ6RÓ`­˜Š}˜MŠíŠ‹˜rÂÓ‚ã3sc#3“ƒ3cCƒ†RÓbÃRÃRÃãÂÓ‚ã3sc#3“ƒ3cCƒ†RÓ`­˜M˜M˜‹‹RÂÓ‚ãCC3CCs3cƒ“&RÓbÃ‚ÃbÃãÂÓ‚ãCC3CCs3cƒ“&RÓ`­Š}˜MŠ­˜m˜-˜­Š‚ÂÓ‚ãCS“CSssS#“SƒcFRÓbÃÃbÃãÂÓ‚ãCS“CSssS#“SƒcFRÓ`­Š}‹m‹Š}‹ÂÓ‚ãCcCƒƒs3cs&RÓbÃBÃ2ÃãÂÓ‚ãCcCƒƒs3cs&RÓ`­˜=˜˜˜­ŠòÂÓ‚ãCccƒScC##C“S6RÓbÃSRÃ32ÃãÂÓ‚ãCccƒScC##C“S6RÓ`­Š}˜M˜M˜-Š}ŠÒÂÓ‚ãS3CsC#3s#3RÓbÃBÃ2ÃãÂÓ‚ãS3CsC#3s#3RÓ`­˜]Š­Š}˜m˜rÂÓ‚ãcS““sCSƒ#ƒ†RÓbÃbÃ"ÃãÂÓ‚ãcS““sCSƒ#ƒ†RÓ`­Š}˜M˜]‹Š­Š‹rÂÓ‚ãs“S##3“s““ƒS–RÓbÃBÃ2ÃãÂÓ‚ãs“S##3“s““ƒS–RÓ`­˜˜­ŠÝ˜"ÂÓ‚ãsSss“CCSS3cƒFRÓbÃBÃBÃãÂÓ‚ãsSss“CCSS3cƒFRÓ`­Š}˜M‹‹˜­˜RÂÓ‚ãsc##s“#3Ss–RÓbÃ2Ã2ÃãÂÓ‚ãsc##s“#3Ss–RÓ`­˜MŠ}˜}˜]˜­˜rÂÓ‚ãƒSs3ƒSCsSss#vRÓbÃrÃrÃãÂÓ‚ãƒSs3ƒSCsSss#vRÓ`­Š}˜M˜]‹=Š­ŠíŠý˜]˜­˜bÂÓ‚ãƒsss3SC“SS3CvRÓbÃC’Ã3"ÃãÂÓ‚ãƒsss3SC“SS3CvRÓ`­Š}˜MŠ}˜]˜­‹˜rÂÓ‚ã“ccc#CcCS“ƒ&RÓbÃBÃBÃãÂÓ‚ã“ccc#CcCS“ƒ&RÓ`­ŠŠ}‹=‹‹’ÂÓ‚ã““3c3#C“33Cƒ&RÓbÃRÃRÃãÂÓ‚ã““3c3#C“33Cƒ&RÓ`­Š­Š}˜=˜­˜Š­‹M˜¢ÂÓ‚ã#“3SCCVRÓbÃ’ÃRÃãÂÓ‚ã#“3SCCVRÓ`­˜Ší˜M˜"ÂÓ‚ã“3SS#s#s6RÓbÃ32Ã#2ÃãÂÓ‚ã“3SS#s#s6RÓ`­˜M‹Šý˜­ŠòÂÓ‚ãƒSsccc3CSRÓbÃC"ÃBÃãÂÓ‚ãƒSsccc3CSRÓ`­Š}ŠÍ˜mŠý˜rÂÓ‚ã“3#S“33SsS6RÓbÃBÃBÃãÂÓ‚ã“3#S“33SsS6RÓ`­Š}ŠíŠ­‹]Š}‹ÂÓ‚ã3“cCS“#CƒVRÓbÃ‚ÃbÃãÂÓ‚ã3“cCS“#CƒVRÓ`­ŠŠ}˜‹m˜BÂÓ‚ãC“ƒƒ#Ss#SC“&RÓbÃbÃbÃãÂÓ‚ãC“ƒƒ#Ss#SC“&RÓ`­Š}˜M˜]‹=ŠÍŠòÂÓ‚ã“ƒƒ3sSƒ#ƒ“vRÓbÃÃ‚ÃãÂÓ‚ã“ƒƒ3sSƒ#ƒ“vRÓ`­Šý˜‹Š}Š¢ÂÓ‚ã““CsƒCSs3CFRÓbÃ"ÃÃãÂÓ‚ã““CsƒCSs3CFRÓ`­˜˜=˜Š}ŠŠ­˜}ŠrÂÓ‚ã##c“3cscs“RÓbÃbÃRÃãÂÓ‚ã##c“3cscs“RÓ`­Š}ŠŠ­ŠýŠ}ŠÂÓ‚ã#Sƒƒ#“CsC3ƒ#RÓbÃ#s‚ÃC2ÃãÂÓ‚ã#Sƒƒ#“CsC3ƒ#RÓ`­˜Š}˜m‹MŠ}ŠÂÓ‚ã3CCƒƒs“SƒƒVRÓbÃCbÃ3rÃãÂÓ‚ã3CCƒƒs“SƒƒVRÓ`­Š­ŠM‹=‹2ÂÓ‚ã3#CCcƒ3#c#ƒ“S6RÓbÃBÃBÃãÂÓ‚ã3#CCcƒ3#c#ƒ“S6RÓ`­‹-˜˜RÂÓ‚ã3ƒS“#C“c33sfRÓbÃ‚Ã‚ÃãÂÓ‚ã3ƒS“#C“c33sfRÓ`­Š}˜]˜­Š}˜mŠ­˜­Š¢ÂÓ‚ã3ƒS3ƒ#SSvRÓbÃ3SÃ#RÃãÂÓ‚ã3ƒS3ƒ#SSvRÓ`­Š}ŠýŠ¢ÂÓ‚ãCC#CsSs“CƒC†RÓbÃ#bÃrÃãÂÓ‚ãCC#CsSs“CƒC†RÓ`­‹}˜‹ÂÓ‚ãCSCS3“ƒ“scVRÓbÃÃ‚ÃãÂÓ‚ãCSCS3“ƒ“scVRÓ`­Š˜MŠ}‹=Š­˜­˜2ÂÓ‚ãCcCcƒƒSs##FRÓbÃ"Ã’ÃãÂÓ‚ãCcCcƒƒSs##FRÓ`­Š}˜MŠ­ŠÝŠ}˜M˜ÂÓ‚ãSSC33C“ƒƒc#S“vRÓbÃbÃrÃãÂÓ‚ãSSC33C“ƒƒc#S“vRÓ`­˜]‹Š}˜˜"ÂÓ‚ãS“c#CSC“ƒ“C6RÓbÃcrÃ3rÃãÂÓ‚ãS“c#CSC“ƒ“C6RÓ`­˜Š}˜MŠ­ŠÝ‹=˜bÂÓ‚ãc33#C#ƒS“C†RÓbÃRÃRÃãÂÓ‚ãc33#C#ƒS“C†RÓ`­Š}˜M‹˜-˜RÂÓ‚ãccsCc#c3ƒSsfRÓbÃ3bÃ3ÃãÂÓ‚ãccsCc#c3ƒSsfRÓ`­˜Š­˜‹=˜­‹’ÂÓ‚ãcs“S3S“Cƒc#VRÓbÃ3Ã#‚ÃãÂÓ‚ãcs“S3S“Cƒc#VRÓ`­˜˜]‹’ÂÓ‚ãsC3ƒƒƒƒƒ#s6RÓbÃSBÃC2ÃãÂÓ‚ãsC3ƒƒƒƒƒ#s6RÓ`­Š}˜M˜]‹-Š}ŠýŠ}˜MŠ­‹­˜­‹Š˜m˜2ÂÓ‚ãsS#sc“#ƒ““S#fRÓbÃCrÃRÃãÂÓ‚ãsS#sc“#ƒ““S#fRÓ`­˜Š}˜M‹‹]Š}Šm‹ÂÓ‚ãƒƒƒ3s“#sƒƒ&RÓbÃƒÃ3‚ÃãÂÓ‚ãƒƒƒ3s“#sƒƒ&RÓ`­˜­ŠÝ˜‹‚ÂÓ‚ãƒ#cs#c3#ƒcC†RÓbÃbÃbÃãÂÓ‚ãƒ#cs#c3#ƒcC†RÓ`¦‡GGÂÓ‚ãƒ3S“#ƒ“s3VRÓbÃ#RÃ#ÃãÂÓ‚ãƒ3S“#ƒ“s3VRÓ`­˜M˜MŠ­‹˜]˜­‹ÂÓ‚ã“C3cs#s#s#CC–RÓbÃ#rÃÃãÂÓ‚ã“C3cs#s#s#CC–RÓ`­˜}ŠM˜MŠ}ŠÂÓ‚ã“Ss#SC33†RÓbÃÃrÃãÂÓ‚ã“Ss#SC33†RÓ`­˜]Š˜=‹ÂÓ‚ã##c33CC“#cRÓbÃ2ÃÃãÂÓ‚ã##c33CC“#cRÓ`­Š­˜m‹RÂÓ‚ã#3c#3#CcfRÓbÃ"Ã‚ÃãÂÓ‚ã#3c#3#CcfRÓ`­˜]‹Š­Š‹}˜rÂÓ‚ã#ƒSSƒC3C#fRÓbÃRÃBÃãÂÓ‚ã#ƒSSƒC3C#fRÓ`­Š}˜‹]˜¢ÂÓ‚ã#3s“3C#ssƒvRÓbÃs’Ãc"ÃãÂÓ‚ã#3s“3C#ssƒvRÓ`­Š}˜MŠ}ŠíŠŠ}‹˜­˜rÂÓ‚ã#C#Cs#“sƒcC&RÓbÃrÃrÃãÂÓ‚ã#C#Cs#“sƒcC&RÓ`­Š}˜MŠÝ‹m‹˜­˜rÂÓ‚ã#ScscCCcƒVRÓbÃRÃBÃãÂÓ‚ã#ScscCCcƒVRÓ`­˜Š­Š}˜=˜­ŠýŠrÂÓ‚ã#cƒ“#“sƒ3cc“fRÓbÃ‚Ã‚ÃãÂÓ‚ã#cƒ“#“sƒ3cc“fRÓ`­˜M˜-Š}ŠŠ}Š¢ÂÓ‚ã##3c3Css“#sFRÓbÃ’ÃrÃãÂÓ‚ã##3c3Css“#sFRÓ`­Š}˜MŠ}‹Š­˜]Š}ŠýŠ}Š¢ÂÓ‚ã##Cs3ƒSSSƒ3–RÓbÃ2Ã‚ÃãÂÓ‚ã##Cs3ƒSSSƒ3–RÓ`­˜m‹MŠ}‹}Š}Š¢ÂÓ‚ã##S3“ƒCƒscƒ3fRÓbÃ"Ã’ÃãÂÓ‚ã##S3“ƒCƒscƒ3fRÓ`­Š}˜MŠ}‹=Š­˜}˜MŠ}˜2ÂÓ‚ã##sCSS“ccsfRÓbÃ#’Ã“"ÃãÂÓ‚ã##sCSS“ccsfRÓ`­Š­˜mŠ}˜˜BÂÓ‚ã#3cSsCCvRÓbÃRÃRÃãÂÓ‚ã#3cSsCCvRÓ`­Š}˜M˜-Š}Šý˜]˜­˜bÂÓ‚ã#3S#SsSc3#RÓbÃrÃrÃãÂÓ‚ã#3S#SsSc3#RÓ`­˜M˜MŠ˜m˜=˜­˜bÂÓ‚ã#3c“3#Sc3ƒs#FRÓbÃ’Ã"ÃãÂÓ‚ã#3c“3#Sc3ƒs#FRÓ`­Š}˜MŠíŠ˜­‹ÂÓ‚ã#CSS““C“sƒƒ6RÓbÃÃ3bÃãÂÓ‚ã#CSS““C“sƒƒ6RÓ`­ŠÝŠÍ˜]ŠrÂÓ‚ã#CSssSSc#c6RÓbÃ3"Ã‚ÃãÂÓ‚ã#CSssSSc#c6RÓ`­˜­˜m˜Š‚ÂÓ‚ã#Cc3##s3cc#“vRÓbÃrÃrÃãÂÓ‚ã#Cc3##s3cc#“vRÓ`­Š­˜‹-˜­‹Š}Š­˜}ŠrÂÓ‚ã#C“ƒ#“cc##cƒ†RÓbÃƒrÃrÃãÂÓ‚ã#C“ƒ#“cc##cƒ†RÓ`­Š}˜M‹M˜"ÂÓ‚ã#Sƒ33cƒ#sc6RÓbÃCRÃRÃãÂÓ‚ã#Sƒ33cƒ#sc6RÓ`­˜Š}˜M˜]‹=Š}˜mŠòÂÓ‚ã#Sƒ33cƒ#sc6RÓbÃ##RÃRÃãÂÓ‚ã#Sƒ33cƒ#sc6RÓ`­˜Š}ŠÝŠ­˜Š}‹‚ÂÓ‚ã#Sƒ33cƒ#sc6RÓbÃCRÃRÃãÂÓ‚ã#Sƒ33cƒ#sc6RÓ`­Š}˜M˜]‹=Š}˜mŠòÂÓ‚ã#Sƒ33cƒ#sc6RÓbÃƒÃRÃãÂÓ‚ã#Sƒ33cƒ#sc6RÓ`­Š˜]‹‹˜RÂÓ‚ã#Sƒ33cƒ#sc6RÓbÃCRÃRÃãÂÓ‚ã#Sƒ33cƒ#sc6RÓ`­˜Š}˜MŠ­˜‹˜­‹¢ÂÓ‚ã#cCS33#C#ƒSFRÓbÃBÃ2ÃãÂÓ‚ã#cCS33#C#ƒSFRÓ`­˜­˜]˜=˜m˜mŠrÂÓ‚ã#cƒ33SƒccC6RÓbÃBÃBÃãÂÓ‚ã#cƒ33SƒccC6RÓ`­‹}Š˜­‹˜¢ÂÓ‚ã#cCC#C“SƒS#fRÓbÃ2Ã‚ÃãÂÓ‚ã#cCC#C“SƒS#fRÓ`­Š}˜MŠ­˜‹]˜BÂÓ‚ã#cccc3sS3ƒ3sS&RÓbÃ3rÃ#RÃãÂÓ‚ã#cccc3sS3ƒ3sS&RÓ`­˜M˜M˜Š}ŠmŠÒÂÓ‚ã#sS3SCsƒSCƒC6RÓbÃbÃbÃãÂÓ‚ã#sS3SCsƒSCƒC6RÓ`­Š}˜M˜]˜-Š}˜˜BÂÓ‚ã#sS“ƒƒS#“cSS&RÓbÃ‚ÃbÃãÂÓ‚ã#sS“ƒƒS#“cSS&RÓ`­Š}˜m˜mŠrÂÓ‚ã#scs3c“#“3Csc3†RÓbÃrÃ2ÃãÂÓ‚ã#scs3c“#“3Csc3†RÓ`­Š}˜M˜m˜-Šý˜­˜]˜MŠ}ŠÝ‹Š}Š­Š}ŠýŠ}ŠÂÓ‚ã#ƒCSScssƒ3†RÓbÃ3rÃ‚ÃãÂÓ‚ã#ƒCSScssƒ3†RÓ`­ŠŠ}‹˜]Š}˜BÂÓ‚ã#ƒs33“ƒsccs“&RÓbÃsbÃcrÃãÂÓ‚ã#ƒs33“ƒsccs“&RÓ`­˜M˜M‹˜MŠ}˜-˜rÂÓ‚ã#“#s“CS#3##FRÓbÃBÃBÃãÂÓ‚ã#“#s“CS#3##FRÓ`­˜]˜=Š}˜mŠ­˜}ŠrÂÓ‚ã#“SS#s“3ƒ““3FRÓbÃ#Ã’ÃãÂÓ‚ã#“SS#s“3ƒ““3FRÓ`­˜ŠíŠý˜]˜rÂÓ‚ã3CSCS3ƒ##CFRÓbÃ#bÃ#"ÃãÂÓ‚ã3CSCS3ƒ##CFRÓ`­˜M˜MŠ­‹‹˜ÂÓ‚ã3ƒcSss3cƒ“SSFRÓbÃrÃrÃãÂÓ‚ã3ƒcSss3cƒ“SSFRÓ`­Š}˜M˜]‹-Š}ŠýŠ}˜MŠ­‹­˜­‹Š}˜M‹-Š}˜]˜BÂÓ‚ã33c3c#ƒ#sfRÓbÃbÃrÃãÂÓ‚ã33c3c#ƒ#sfRÓ`­˜M˜M˜]ŠÍŠ­˜]‹’ÂÓ‚ã3“c#“3ƒ“3“cvRÓbÃ2Ã2ÃãÂÓ‚ã3“c#“3ƒ“3“cvRÓ`­Š}˜M‹˜M˜]˜¢ÂÓ‚ã3“cCSSƒ#SCSVRÓbÃbÃ‚ÃãÂÓ‚ã3“cCSSƒ#SCSVRÓ`­Š}˜M˜‹ŠòÂÓ‚ã3#CcC333&RÓbÃ32ÃÃãÂÓ‚ã3#CcC333&RÓ`­˜˜­ŠÝŠ­Š}ŠÂÂÓ‚ã3##ƒƒ3#c“3ƒ3†RÓbÃ2Ã2ÃãÂÓ‚ã3##ƒƒ3#c“3ƒ3†RÓ`­Š}˜MŠ}‹=Š­˜‹=Š}‹Š}Š¢ÂÓ‚ã3#CcsSsC#ssSSC†RÓbÃRÃRÃãÂÓ‚ã3#CcsSsC#ssSSC†RÓ`­Š}˜MŠ­Š}ŠÍ˜­‹˜¢ÂÓ‚ã3#Sc“csS3SƒsvRÓbÃRÃÃãÂÓ‚ã3#Sc“csS3SƒsvRÓ`­˜M‹‹Š}˜­˜rÂÓ‚ã333c“3SCc“#SfRÓbÃRÃ2ÃãÂÓ‚ã333c“3SCc“#SfRÓ`­Š}˜MŠýŠ}‹˜]˜­˜bÂÓ‚ã3SƒƒSƒ33“sfRÓbÃBÃBÃãÂÓ‚ã3SƒƒSƒ33“sfRÓ`­Š}˜M˜]ŠíŠ­˜M˜ÂÓ‚ã3SCƒCsc3“Ssc“VRÓbÃ2Ã2ÃãÂÓ‚ã3SCƒCsc3“Ssc“VRÓ`­˜]ŠM‹M‹ŠrÂÓ‚ã3Sƒ##Sss#“3FRÓbÃCÃ‚ÃãÂÓ‚ã3Sƒ##Sss#“3FRÓ`­Š}˜M˜]ŠÝŠ­˜˜¢ÂÓ‚ã3S“SSc#sƒs3FRÓbÃS#RÃ’ÃãÂÓ‚ã3S“SSc#sƒs3FRÓ`­ŠŠ}˜M˜}˜­Šý‹˜ŠÍ˜­˜bÂÓ‚ã3c3SƒƒSƒ“c#&RÓbÃ2Ã2ÃãÂÓ‚ã3c3SƒƒSƒ“c#&RÓ`­˜Š}Šm‹mŠrÂÓ‚ã3cSƒss#“C“ƒc##†RÓbÃ2Ã2ÃãÂÓ‚ã3cSƒss#“C“ƒc##†RÓ`­˜M˜M‹]ŠÝ˜rÂÓ‚ã3cƒ#3S“Ss3ƒcsƒRÓbÃrÃBÃãÂÓ‚ã3cƒ#3S“Ss3ƒcsƒRÓ`­Š}˜M‹˜]˜­˜BÂÓ‚ã3cƒ3S3“Cƒsc–RÓbÃ’ÃCrÃãÂÓ‚ã3cƒ3S3“Cƒsc–RÓ`­˜Š}˜MŠ­‹=˜}˜­˜MŠ}Š¢ÂÓ‚ã3c“ƒ“ƒCS#c“ƒSFRÓbÃrÃBÃãÂÓ‚ã3c“ƒ“ƒCS#c“ƒSFRÓ`¦RÂÓ‚ã3sCc33ƒcsCs#fRÓbÃBÃBÃãÂÓ‚ã3sCc33ƒcsCs#fRÓ`¦"ÂÓ‚ã3sCc33ƒcsCs#fRÓbÃBÃBÃãÂÓ‚ã3sCc33ƒcsCs#fRÓ`­Š}˜M‹=Š}Š‹’ÂÓ‚ã3ƒ#CCƒCCcsƒ“s†RÓbÃBÃ2ÃãÂÓ‚ã3ƒ#CCƒCCcsƒ“s†RÓ`­˜­‹˜˜"ÂÓ‚ã3ƒ#“33ƒ3#ScfRÓbÃrÃ2ÃãÂÓ‚ã3ƒ#“33ƒ3#ScfRÓ`­˜Š}˜m˜}ŠrÂÓ‚ã3ƒS33cƒƒScc“ƒVRÓbÃ#bÃ#"ÃãÂÓ‚ã3ƒS33cƒƒScc“ƒVRÓ`­˜Š­‹}Š˜­˜"ÂÓ‚ã3ƒcS##3cƒ“3VRÓbÃS’ÃCBÃãÂÓ‚ã3ƒcS##3cƒ“3VRÓ`­Š}˜M‹=‹‹˜rÂÓ‚ã3ƒcƒCS3S3#sS3RÓbÃ#2ÃrÃãÂÓ‚ã3ƒcƒCS3S3#sS3RÓ`­Š­Š­˜Š}˜‹ÂÓ‚ã3ƒ“3“s“3C#c&RÓbÃ#Ã"ÃãÂÓ‚ã3ƒ“3“s“3C#c&RÓ`­Š­ŠÝ˜˜­‹"ÂÓ‚ã3“CS3““ƒFRÓbÃc2ÃS"ÃãÂÓ‚ã3“CS3““ƒFRÓ`­˜Š}˜MŠ}˜mŠÍŠ}‹-Š}Š¢ÂÓ‚ã3“C“S#“3ƒƒvRÓbÃÃÃãÂÓ‚ã3“C“S#“3ƒƒvRÓ`­˜Š}˜MŠ}ŠŠýŠ}‹’ÂÓ‚ã3“ƒSssƒ##ƒs#RÓbÃbÃbÃãÂÓ‚ã3“ƒSssƒ##ƒs#RÓ`­Š}˜M˜]‹=ŠM˜˜M˜­˜rÂÓ‚ãC333CsƒS&RÓbÃcbÃCrÃãÂÓ‚ãC333CsƒS&RÓ`­Š}˜MŠ}‹­‹˜­˜}˜mŠ}Šý˜2ÂÓ‚ãC““#s“36RÓbÃ2Ã2ÃãÂÓ‚ãC““#s“36RÓ`­Š}˜M‹]ŠÝ˜­˜}‹-˜­Š}Šý˜rÂÓ‚ãC““#s“36RÓbÃ2Ã2ÃãÂÓ‚ãC““#s“36RÓ`­Š}˜MŠ­˜˜-‹Š}Š­‹]Š}˜˜˜MŠrÂÓ‚ãC““#s“36RÓbÃ2Ã2ÃãÂÓ‚ãC““#s“36RÓ`­Š}˜MŠ­˜˜-‹Š}Š­˜}‹˜˜¢ÂÓ‚ãC““#s“36RÓbÃ2Ã2ÃãÂÓ‚ãC““#s“36RÓ`­Š}˜MŠ­˜˜-‹Š}Š­Š}˜M˜­˜]Š}˜]˜rÂÓ‚ãC““#s“36RÓbÃ2Ã2ÃãÂÓ‚ãC““#s“36RÓ`­Š}˜MŠ­˜˜-‹Š}Š­Š}˜M˜]‹Š}‹˜¢ÂÓ‚ãC““#s“36RÓbÃ2Ã2ÃãÂÓ‚ãC““#s“36RÓ`­Š}˜MŠ­˜˜-‹Š}Š­Š}˜M‹M‹˜"ÂÓ‚ãC““#s“36RÓbÃ2Ã2ÃãÂÓ‚ãC““#s“36RÓ`­Š}˜MŠ­˜˜-‹Š}Š­‹=ŠýŠ}˜˜=˜‚ÂÓ‚ãC““#s“36RÓbÃ2Ã2ÃãÂÓ‚ãC““#s“36RÓ`­Š}˜MŠ­˜˜-‹Š}Š­Š}˜MŠý‹˜­‹2ÂÓ‚ãC““#s“36RÓbÃ2Ã2ÃãÂÓ‚ãC““#s“36RÓ`­Šý˜M˜}‹-˜­Š}Šý˜rÂÓ‚ãC““#s“36RÓbÃ2Ã2ÃãÂÓ‚ãC““#s“36RÓ`­Š}Ší‹˜­Š}˜MŠ­˜]˜˜­˜bÂÓ‚ãC““#s“36RÓbÃ2Ã2ÃãÂÓ‚ãC““#s“36RÓ`­Š}˜MŠ­˜˜-‹Š}Š­Š}‹=˜Š}˜"ÂÓ‚ãC““#s“36RÓbÃ2Ã2ÃãÂÓ‚ãC““#s“36RÓ`­Š­‹˜=˜­‹"ÂÓ‚ãCSc#s3#“#&RÓbÃ#RÃ#ÃãÂÓ‚ãCSc#s3#“#&RÓ`­Š}˜MŠŠ}‹=˜˜­˜2ÂÓ‚ãCc33CƒƒƒCƒƒ“fRÓbÃbÃ"ÃãÂÓ‚ãCc33CƒƒƒCƒƒ“fRÓ`­‹-Š}‹ÂÓ‚ãC33ƒ3ƒs“vRÓbÃbÃRÃãÂÓ‚ãC33ƒ3ƒs“vRÓ`­˜M˜M‹˜-˜ŠòÂÓ‚ãCsƒ#cƒ“3fRÓbÃ2Ã2ÃãÂÓ‚ãCsƒ#cƒ“3fRÓ`­˜]˜m‹=ŠÍ˜]˜rÂÓ‚ãC#ƒscCsssCcc†RÓbÃBÃBÃãÂÓ‚ãC#ƒscCsssCcc†RÓ`­Š}˜M‹M˜-˜­˜"ÂÓ‚ãC##SCC“c“C3“RÓbÃ‚Ã‚ÃãÂÓ‚ãC##SCC“c“C3“RÓ`­˜]‹Š}˜M˜­˜rÂÓ‚ãC#“ƒSc#ƒC##cFRÓbÃbÃbÃãÂÓ‚ãC#“ƒSc#ƒC##cFRÓ`­˜MŠ­ŠÝ˜-˜­˜"ÂÓ‚ãC3CC3S“#ƒSFRÓbÃs"Ã#ÃãÂÓ‚ãC3CC3S“#ƒSFRÓ`­˜]‹Š}˜]˜BÂÓ‚ãC3CcƒSCSScS#“3fRÓbÃs‚Ã32ÃãÂÓ‚ãC3CcƒSCSScS#“3fRÓ`­˜Š}˜MŠ­˜-˜m˜­Š}Š¢ÂÓ‚ãC3cƒSƒ“SSS&RÓbÃ3"Ã3ÃãÂÓ‚ãC3cƒSƒ“SSS&RÓ`¦"ÂÓ‚ãC3“CSƒs3S&RÓbÃ#Ã#ÃãÂÓ‚ãC3“CSƒs3S&RÓ`­Š­‹=˜˜­Š}Š¢ÂÓ‚ãCCSƒCsƒ#“ƒ#C“6RÓbÃRÃ2ÃãÂÓ‚ãCCSƒCsƒ#“ƒ#C“6RÓ`­˜]Š­Š}Š‹ŠrÂÓ‚ãCCS““#3CSSƒFRÓbÃSÃ2ÃãÂÓ‚ãCCS““#3CSSƒFRÓ`­Š½˜]Š}‹ÂÓ‚ãCCƒCƒ##“33sCvRÓbÃ3’ÃC’ÃãÂÓ‚ãCCƒCƒ##“33sCvRÓ`­Š‹Š}˜­‹2ÂÓ‚ãCSCS“#sc3–RÓbÃRÃBÃãÂÓ‚ãCSCS“#sc3–RÓ`¦'’ÂÓ‚ãCSscSsc33c3vRÓbÃcÃ2ÃãÂÓ‚ãCSscSsc33c3vRÓ`­˜˜}˜RÂÓ‚ãCSCcS“ccƒc#“6RÓbÃÃ’ÃãÂÓ‚ãCSCcS“ccƒc#“6RÓ`­˜Š}˜-Š­ŠýŠ}‹ÂÓ‚ãCcC#s##S3ScCSS–RÓbÃ2Ã2ÃãÂÓ‚ãCcC#s##S3ScCSS–RÓ`­˜Š}˜M˜]˜}Š}‹˜rÂÓ‚ãCcC#s##S3ScCSS–RÓbÃ2Ã2ÃãÂÓ‚ãCcC#s##S3ScCSS–RÓ`­Š}˜M˜-‹˜­Š‚ÂÓ‚ãCs3cƒsƒS#S3CvRÓbÃSBÃ3"ÃãÂÓ‚ãCs3cƒsƒS#S3CvRÓ`­Š}˜MŠ½Š}˜m˜­Š}˜MŠ}˜­‹Š}ŠýŠ}Š¢ÂÓ‚ãCsS“SSs“#“3“3†RÓbÃRÃRÃãÂÓ‚ãCsS“SSs“#“3“3†RÓ`­Š‹=ŠýŠ}ŠòÂÓ‚ãCs“#CS“ƒC3“ƒVRÓbÃ#"ÃÃãÂÓ‚ãCs“#CS“ƒC3“ƒVRÓ`­˜m˜-Šý˜­˜rÂÓ‚ãCs“ScScS3csCFRÓbÃcS’ÃsÃãÂÓ‚ãCs“ScScS3csCFRÓ`­Š}˜M‹-˜­Š}‹˜rÂÓ‚ãCƒs3“sScsss“&RÓbÃ’ÃRÃãÂÓ‚ãCƒs3“sScsss“&RÓ`­˜Š}˜MŠÝ˜=˜˜]˜­˜rÂÓ‚ãC“3#“##S“cc““FRÓbÃRÃBÃãÂÓ‚ãC“3#“##S“cc““FRÓ`­˜Š}˜M˜Š}˜-‹’ÂÓ‚ãC“c3“sCCs“SVRÓbÃRÃBÃãÂÓ‚ãC“c3“sCCs“SVRÓ`­˜]‹]˜m‹˜­˜bÂÓ‚ãS“““cssc“FRÓbÃBÃ2ÃãÂÓ‚ãS“““cssc“FRÓ`­Š}˜MŠ­ŠÝŠ­˜­˜rÂÓ‚ãScCCsc3#fRÓbÃ##ÃrÃãÂÓ‚ãScCCsc3#fRÓ`­Š­˜]‹m˜¢ÂÓ‚ãS#c“C““3“FRÓbÃ’Ã‚ÃãÂÓ‚ãS#c“C““3“FRÓ`­Š}˜M˜]˜Šý‹˜˜bÂÓ‚ãSS3Ss“#“CcsCs6RÓbÃ"ÃBÃãÂÓ‚ãSS3Ss“#“CcsCs6RÓ`­Š}˜M˜ŠýŠ}Šm‹˜ŠýŠ}Šm‹’ÂÓ‚ãSS3Ss“#“CcsCs6RÓbÃ#BÃBÃãÂÓ‚ãSS3Ss“#“CcsCs6RÓ`­Š}˜M˜ŠýŠ}Šm‹Š}˜M‹Š}ŠÍŠÝ˜¢ÂÓ‚ãSS3Ss“#“CcsCs6RÓbÃ"ÃBÃãÂÓ‚ãSS3Ss“#“CcsCs6RÓ`­˜Š}Ší‹˜­˜ŠýŠ}Šm‹’ÂÓ‚ãSS3Ss“#“CcsCs6RÓbÃ#BÃBÃãÂÓ‚ãSS3Ss“#“CcsCs6RÓ`­ŠŠ}˜M‹=˜m˜rÂÓ‚ãSS3Ss“#“CcsCs6RÓbÃ"ÃBÃãÂÓ‚ãSS3Ss“#“CcsCs6RÓ`­Š}˜M‹}˜MŠŠ}ŠÍ˜]Š}˜M˜¢ÂÓ‚ãSS3Ss“#“CcsCs6RÓbÃ#BÃBÃãÂÓ‚ãSS3Ss“#“CcsCs6RÓ`­Š}˜M˜Š­‹˜}˜ŠýŠ}Šm‹’ÂÓ‚ãSS3Ss“#“CcsCs6RÓbÃ#BÃBÃãÂÓ‚ãSS3Ss“#“CcsCs6RÓ`­Š}‹=Š}‹=˜­˜rÂÓ‚ãSccCS3Cƒc“CFRÓbÃCbÃ32ÃãÂÓ‚ãSccCS3Cƒc“CFRÓ`­˜ŠÍŠ}‹-Š}˜bÂÓ‚ãS“S3“cccSsSƒvRÓbÃRÃÃãÂÓ‚ãS“S3“cccSsSƒvRÓ`­Š}˜M˜]˜mŠ}Ší˜¢ÂÓ‚ãS#cS33s3Cs6RÓbÃÃ‚ÃãÂÓ‚ãS#cS33s3Cs6RÓ`­‹]ŠÝ˜˜¢ÂÓ‚ãS#“##cC#3#SsRÓbÃ“BÃs2ÃãÂÓ‚ãS#“##cC#3#SsRÓ`­˜Š­ŠÝ‹˜¢ÂÓ‚ãS#Ccƒ#3#ƒ33–RÓbÃ2Ã2ÃãÂÓ‚ãS#Ccƒ#3#ƒ33–RÓ`­˜]‹ŠÝ˜M˜rÂÓ‚ãS#ƒ3Sc“#C3ƒ3fRÓbÃ3ÃsrÃãÂÓ‚ãS#ƒ3Sc“#C3ƒ3fRÓ`­Š}˜M‹­Š}˜­˜rÂÓ‚ãS#ƒƒ“ƒƒ#ccc#cSFRÓbÃ2Ã2ÃãÂÓ‚ãS#ƒƒ“ƒƒ#ccc#cSFRÓ`­Š}˜MŠ}‹=Š­Š½˜]Š}‹˜­˜rÂÓ‚ãS3C3s#“ScƒvRÓbÃ3sBÃsRÃãÂÓ‚ãS3C3s#“ScƒvRÓ`­˜Š}˜MŠ}‹MŠ­‹Š}‹}Š}Š¢ÂÓ‚ãS33CCCsƒ3ssc–RÓbÃRÃ2ÃãÂÓ‚ãS33CCCsƒ3ssc–RÓ`­Š}˜M˜]˜˜M˜¢ÂÓ‚ãS3Cs#c#C#Cƒc3RÓbÃRÃBÃãÂÓ‚ãS3Cs#c#C#Cƒc3RÓ`­Š}˜M˜mŠ}Šm˜­˜rÂÓ‚ãS3ccƒS“cs#cfRÓbÃ‚ÃrÃãÂÓ‚ãS3ccƒS“cs#cfRÓ`­Š}˜MŠ­Šý‹˜­Š˜¢ÂÓ‚ãS3sC#33#SsƒƒC†RÓbÃ’ÃrÃãÂÓ‚ãS3sC#33#SsƒƒC†RÓ`­ŠÍ‹-˜­‹˜rÂÓ‚ãS3“CCC3C“3CcCRÓbÃ#S2Ã“"ÃãÂÓ‚ãS3“CCC3C“3CcCRÓ`­˜Š}˜M˜]˜-Šý‹˜rÂÓ‚ãSCC#SSS#s3cFRÓbÃrÃrÃãÂÓ‚ãSCC#SSS#s3cFRÓ`­Š}˜M˜mŠ}Š­ŠÍ˜rÂÓ‚ãSCc“SsSC#S#ƒ3†RÓbÃsbÃC‚ÃãÂÓ‚ãSCc“SsSC#S#ƒ3†RÓ`­Š}˜MŠ˜mŠ}ŠÂÓ‚ãSSƒC33“Csc#C&RÓbÃ3rÃS2ÃãÂÓ‚ãSSƒC33“Csc#C&RÓ`­‹=˜]˜˜rÂÓ‚ãSSCScC3cƒCC#ƒFRÓbÃƒ2Ã#rÃãÂÓ‚ãSSCScC3cƒCC#ƒFRÓ`­Š˜MŠ}‹=Š­˜­˜=˜­˜rÂÓ‚ãSSƒSC##CcsVRÓbÃrÃBÃãÂÓ‚ãSSƒSC##CcsVRÓ`­˜Š­˜˜-‹Š}Š­˜}ŠrÂÓ‚ãSc3CCscƒ“cƒCVRÓbÃBÃBÃãÂÓ‚ãSc3CCscƒ“cƒCVRÓ`­˜M˜M˜]‹‹=˜˜RÂÓ‚ãScSƒs##S#cƒ“VRÓbÃ‚ÃrÃãÂÓ‚ãScSƒs##S#cƒ“VRÓ`­˜M˜M˜]‹=Š­Š½˜]‹ÂÓ‚ãSsc“sƒccƒ6RÓbÃbÃBÃãÂÓ‚ãSsc“sƒccƒ6RÓ`­Š‹‹m˜}ŠrÂÓ‚ãSscssCcC##sS&RÓbÃBÃÃãÂÓ‚ãSscssCcC##sS&RÓ`­Š}˜M˜Š}˜-‹˜rÂÓ‚ãSsCScC“#SS6RÓbÃrÃ#BÃãÂÓ‚ãSsCScC“#SS6RÓ`­˜M˜M‹-‹Š}‹˜rÂÓ‚ãSss#3sSSƒ“c6RÓbÃbÃRÃãÂÓ‚ãSss#3sSSƒ“c6RÓ`­˜­‹M˜}Šý˜}ŠrÂÓ‚ãSss3csCsƒS3VRÓbÃ"ÃÃãÂÓ‚ãSss3csCsƒS3VRÓ`­Š}˜M˜]ŠíŠ}˜M˜˜­˜bÂÓ‚ãSs“3sccC3ƒ3FRÓbÃÃbÃãÂÓ‚ãSs“3sccC3ƒ3FRÓ`­Š}˜MŠ­‹­˜­˜­‹˜­˜mŠ‹’ÂÓ‚ãSƒCscCC#“ƒ&RÓbÃ’Ã2ÃãÂÓ‚ãSƒCscCC#“ƒ&RÓ`­Š­‹MŠ}‹Š­‹ŠòÂÓ‚ãSƒCƒsSƒcS“CVRÓbÃ3bÃ’ÃãÂÓ‚ãSƒCƒsSƒcS“CVRÓ`­ŠŠ­˜=Š}˜M˜­˜ÂÓ‚ãSƒ#SsSc3ccssFRÓbÃ2ÃbÃãÂÓ‚ãSƒ#SsSc3ccssFRÓ`­˜M˜M‹=‹˜Šý˜­˜­˜bÂÓ‚ãSƒ3ƒS3sƒsCƒ“3&RÓbÃbÃ"ÃãÂÓ‚ãSƒ3ƒS3sƒsCƒ“3&RÓ`­Š}˜M˜=Š½˜­‹˜¢ÂÓ‚ãSƒcCSƒ“#ƒRÓbÃ‚ÃCbÃãÂÓ‚ãSƒcCSƒ“#ƒRÓ`­Š}˜M˜]‹]Šý‹ÂÓ‚ãSƒƒC#Cƒ#“ƒvRÓbÃSÃC"ÃãÂÓ‚ãSƒƒC#Cƒ#“ƒvRÓ`­Š}˜MŠÍ˜mŠ}ŠÒÂÓ‚ãSƒƒCƒƒss3“ƒ“FRÓbÃ‚ÃrÃãÂÓ‚ãSƒƒCƒƒss3“ƒ“FRÓ`­Š}˜M˜]˜mŠ­ŠÍŠ}˜M‹Š‹’ÂÓ‚ãS“c“C3ƒ3ƒCFRÓbÃ2Ã2ÃãÂÓ‚ãS“c“C3ƒ3ƒCFRÓ`­˜}˜˜­˜rÂÓ‚ãS“sƒ“csC#ƒs†RÓbÃ’ÃbÃãÂÓ‚ãS“sƒ“csC#ƒs†RÓ`­‹M˜‹}ŠrÂÓ‚ãc#S#“Csƒ3ƒcRÓbÃRÃRÃãÂÓ‚ãc#S#“Csƒ3ƒcRÓ`­˜Š}˜MŠ­˜‹˜­˜ÂÓ‚ãcs“Cƒc“3Cƒ3†RÓbÃbÃRÃãÂÓ‚ãcs“Cƒc“3Cƒ3†RÓ`­Š­‹}Š˜­˜-ŠrÂÓ‚ãccƒ“S#“–RÓbÃrÃbÃãÂÓ‚ãccƒ“S#“–RÓ`­Š}˜M˜]˜}˜M˜rÂÓ‚ãc#c#sCS3sFRÓbÃrÃBÃãÂÓ‚ãc#c#sCS3sFRÓ`­Š­Š­‹}˜MŠ‚ÂÓ‚ãcCSC3#c#“s#vRÓbÃ32Ã#ÃãÂÓ‚ãcCSC3#c#“s#vRÓ`­Š}˜M˜]‹-˜ŠòÂÓ‚ãcSSƒc3SCƒCVRÓbÃ#’ÃbÃãÂÓ‚ãcSSƒc3SCƒCVRÓ`­ŠýŠ}Šm˜RÂÓ‚ãc###Cc“†RÓbÃRÃRÃãÂÓ‚ãc###Cc“†RÓ`­Š­˜Š}ŠM˜BÂÓ‚ãc#cs“SsSsfRÓbÃsrÃbÃãÂÓ‚ãc#cs“SsSsfRÓ`­˜M˜˜­‹2ÂÓ‚ãc3SsCs“c“CvRÓbÃbÃbÃãÂÓ‚ãc3SsCs“c“CvRÓ`­Š}˜MŠ­˜ŠÍ˜}Š}Š¢ÂÓ‚ãc3CC“cCƒƒCcC†RÓbÃbÃ"ÃãÂÓ‚ãc3CC“cCƒƒCcC†RÓ`­ŠŠ}˜m˜}ŠrÂÓ‚ãc3c3s“Cc#ƒƒ&RÓbÃ’Ã’ÃãÂÓ‚ãc3c3s“Cc#ƒƒ&RÓ`­Š}˜M˜]˜mŠý˜]ŠÂÂÓ‚ãc3##3S#3C““vRÓbÃ‚ÃBÃãÂÓ‚ãc3##3S#3C““vRÓ`­Š}‹‹mŠ}Šm˜}ŠrÂÓ‚ãc3CsSCc#“CSCVRÓbÃc"ÃCRÃãÂÓ‚ãc3CsSCc#“CSCVRÓ`­Š}‹Š}ŠÂÓ‚ãcCcƒCCsccVRÓbÃ2Ã#ÃãÂÓ‚ãcCcƒCCsccVRÓ`­Ší˜­Š}‹Š}Š¢ÂÓ‚ãcC3#S“#s3“ƒVRÓbÃCbÃ3"ÃãÂÓ‚ãcC3#S“#s3“ƒVRÓ`­‹M‹Š}˜=Š}Š¢ÂÓ‚ãcCc#“ƒc#SC3†RÓbÃS"Ã#ÃãÂÓ‚ãcCc#“ƒc#SC3†RÓ`­˜Š­‹˜M˜­˜BÂÓ‚ãcCƒsCcƒsC“3s&RÓbÃbÃBÃãÂÓ‚ãcCƒsCcƒsC“3s&RÓ`­˜Š}˜M˜­Š}ŠŠ}˜bÂÓ‚ãcSƒƒ#ƒ#“3sC#&RÓbÃ2Ã2ÃãÂÓ‚ãcSƒƒ#ƒ#“3sC#&RÓ`­˜]˜-Š}‹Š˜rÂÓ‚ãcS#ƒSs33SC“fRÓbÃ‚ÃbÃãÂÓ‚ãcS#ƒSs33SC“fRÓ`­ŠÝ˜=˜˜]˜­ŠrÂÓ‚ãcS#ƒc““#c3c3RÓbÃ2Ã2ÃãÂÓ‚ãcS#ƒc““#c3c3RÓ`­ŠŠ}˜M˜]Šý˜­˜m˜rÂÓ‚ãcS3s3ƒCsƒS““SƒvRÓbÃ3"ÃRÃãÂÓ‚ãcS3s3ƒCsƒS““SƒvRÓ`­˜˜]˜=Š}˜Š}Š­˜}˜RÂÓ‚ãccS“s3CcC“cvRÓbÃrÃBÃãÂÓ‚ãccS“s3CcC“cvRÓ`­Š‹˜mŠ}˜]ŠÍ˜}ŠrÂÓ‚ãcssSCs3S“ƒC#sFRÓbÃ’ÃRÃãÂÓ‚ãcssSCs3S“ƒC#sFRÓ`­Š}˜MŠ­ŠÝ˜]˜­˜BÂÓ‚ãcƒS“ƒ33C3&RÓbÃSrÃ#ÃãÂÓ‚ãcƒS“ƒ33C3&RÓ`­Š}‹Š­ŠýŠ}˜MŠrÂÓ‚ãcƒSC“c3ƒ#sc6RÓbÃ2Ã2ÃãÂÓ‚ãcƒSC“c3ƒ#sc6RÓ`­˜]˜˜m˜˜]‹ÂÓ‚ãcƒSS#““C3ƒƒCfRÓbÃÃbÃãÂÓ‚ãcƒSS#““C3ƒƒCfRÓ`­‹]Š}˜˜˜MŠ}ŠÝ˜­Š}ŠòÂÓ‚ãcƒƒ3S“3s#SvRÓbÃ2Ã2ÃãÂÓ‚ãcƒƒ3S“3s#SvRÓ`­˜}‹˜˜­ŠÝ˜­Š}ŠòÂÓ‚ãcƒƒ3S“3s#SvRÓbÃ2Ã2ÃãÂÓ‚ãcƒƒ3S“3s#SvRÓ`­Š}˜M˜]‹Š}‹˜­ŠÝ˜­Š}ŠòÂÓ‚ãcƒƒ3S“3s#SvRÓbÃ2Ã2ÃãÂÓ‚ãcƒƒ3S“3s#SvRÓ`­Š­‹mŠ}‹˜Š¢ÂÓ‚ãc“Cs#3“cƒ3ƒ†RÓbÃBÃBÃãÂÓ‚ãc“Cs#3“cƒ3ƒ†RÓ`­Š­Š}Š½‹ÂÓ‚ãc“S“ƒ““Cc3##cVRÓbÃƒ"ÃCÃãÂÓ‚ãc“S“ƒ““Cc3##cVRÓ`­Š}˜M˜]‹Šý˜MŠ}Š¢ÂÓ‚ãc“c3ScƒSS“3VRÓbÃC’Ã’ÃãÂÓ‚ãc“c3ScƒSS“3VRÓ`­Š}˜M˜]˜˜‹m˜­˜rÂÓ‚ãsS#“Sc#scvRÓbÃÃBÃãÂÓ‚ãsS#“Sc#scvRÓ`­˜-˜­˜ŠýŠrÂÓ‚ãsC3ƒƒ“3“c&RÓbÃ2Ã2ÃãÂÓ‚ãsC3ƒƒ“3“c&RÓ`­Š}˜MŠ­‹-Š}˜]Š}Š¢ÂÓ‚ãsSs““ƒcCƒ“6RÓbÃ3’Ã#RÃãÂÓ‚ãsSs““ƒcCƒ“6RÓ`­Š}Š‹Š}‹"ÂÓ‚ãs#3#Cƒ#sc6RÓbÃ32Ã3ÃãÂÓ‚ãs#3#Cƒ#sc6RÓ`­˜Š}˜MŠ­‹Š}˜˜bÂÓ‚ãs#ƒc3“cscccVRÓbÃCrÃ3rÃãÂÓ‚ãs#ƒc3“cscccVRÓ`­Š}˜M˜m˜˜-Š}Š¢ÂÓ‚ãsSC“3CS“c3ƒ&RÓbÃCBÃ3RÃãÂÓ‚ãsSC“3CS“c3ƒ&RÓ`­Š}‹=Š­˜}˜MŠ}˜=˜rÂÓ‚ãsƒ“ƒCCscS3s&RÓbÃ#2ÃRÃãÂÓ‚ãsƒ“ƒCCscS3s&RÓ`­˜Š}‹=˜}˜BÂÓ‚ãs“#SC“sƒs3C3&RÓbÃbÃBÃãÂÓ‚ãs“#SC“sƒs3C3&RÓ`­Š}˜M˜]‹-Š}ŠýŠ}˜MŠ­‹­˜­‹Š}˜MŠÍ‹-˜­‹˜rÂÓ‚ãs3c“cs#s#sƒ3fRÓbÃ2ÃrÃãÂÓ‚ãs3c“cs#s#sƒ3fRÓ`­Š}˜M˜]‹-Š}‹‹˜­˜bÂÓ‚ãs3333cƒ“c““FRÓbÃbÃ‚ÃãÂÓ‚ãs3333cƒ“c““FRÓ`­˜Š}‹]Šý‹Š¢ÂÓ‚ãs33S“s3ƒs#S#–RÓbÃCrÃrÃãÂÓ‚ãs33S“s3ƒs#S#–RÓ`­˜‹˜­ŠòÂÓ‚ãs3ƒ3C“3#c3sƒVRÓbÃ‚ÃBÃãÂÓ‚ãs3ƒ3C“3#c3sƒVRÓ`­˜]Š}˜­˜=‹˜‹=˜Š¢ÂÓ‚ãsCC3#“3ƒƒSSc†RÓbÃ2Ã2ÃãÂÓ‚ãsCC3#“3ƒƒSSc†RÓ`­Š}˜M˜]‹}Š}‹˜RÂÓ‚ãsCCS#3S“ssC3ss–RÓbÃ’ÃbÃãÂÓ‚ãsCCS#3S“ssC3ss–RÓ`­˜Š­˜‹mŠÒÂÓ‚ãsCSSs“ƒscFRÓbÃ2Ã2ÃãÂÓ‚ãsCSSs“ƒscFRÓ`­˜˜]ŠŠ­˜=‹˜rÂÓ‚ãsCs#sCcSS#3c&RÓbÃÃÃãÂÓ‚ãsCs#sCcSS#3c&RÓ`­Š}˜M˜]˜mŠ}‹=ŠŠ}Š¢ÂÓ‚ãsCƒs“3##C3&RÓbÃRÃ2ÃãÂÓ‚ãsCƒs“3##C3&RÓ`­˜Š}˜}Š­˜]Š}˜]˜}ŠrÂÓ‚ãsCƒ“3ƒs“#sCSƒVRÓbÃ2Ã2ÃãÂÓ‚ãsCƒ“3ƒs“#sCSƒVRÓ`­‹=˜­˜mŠ­ŠÂÂÓ‚ãsC“csSsƒ3“c3FRÓbÃ#‚Ã#ÃãÂÓ‚ãsC“csSsƒ3“c3FRÓ`­Š­˜mŠ­˜}ŠÍ˜}ŠrÂÓ‚ãsS3CS3ƒScCƒ6RÓbÃ‚Ã‚ÃãÂÓ‚ãsS3CS3ƒScCƒ6RÓ`­Š}˜MŠ˜MŠýŠ}˜bÂÓ‚ãsS3s#sƒSƒcsVRÓbÃBÃ2ÃãÂÓ‚ãsS3s#sƒSƒcsVRÓ`­ŠŠ}˜MŠ}˜m‹˜]˜rÂÓ‚ãsScSSS#“ScfRÓbÃRÃRÃãÂÓ‚ãsScSSS#“ScfRÓ`­˜MŠ}ŠÝŠý˜¢ÂÓ‚ãsScscs#CC“s†RÓbÃÃbÃãÂÓ‚ãsScscs#CC“s†RÓ`­˜‹}Š}˜MŠ˜rÂÓ‚ãscSC““sSc#SSƒ&RÓbÃ#bÃÃãÂÓ‚ãscSC““sSc#SSƒ&RÓ`­Š}˜M‹-˜=˜˜­˜rÂÓ‚ãss“ƒs3sc“c“S&RÓbÃ3"ÃbÃãÂÓ‚ãss“ƒs3sc“c“S&RÓ`­˜]‹˜=‹-˜­˜rÂÓ‚ãss“3CcssCC3ssVRÓbÃC’Ã’ÃãÂÓ‚ãss“3CcssCC3ssVRÓ`­˜MŠíŠý˜]˜rÂÓ‚ãsƒ3ƒ“#cS“3“s“&RÓbÃcRÃSÃãÂÓ‚ãsƒ3ƒ“#cS“3“s“&RÓ`­˜]‹-˜­ŠÂÂÓ‚ãsƒS“#3Cs3s&RÓbÃ#rÃ‚ÃãÂÓ‚ãsƒS“#3Cs3s&RÓ`­˜]‹Š}ŠÍ‹˜¢ÂÓ‚ãsƒsƒƒS#“S&RÓbÃ#rÃ’ÃãÂÓ‚ãsƒsƒƒS#“S&RÓ`­˜m˜-˜˜RÂÓ‚ãsƒƒƒC#C3SS&RÓbÃBÃBÃãÂÓ‚ãsƒƒƒC#C3SS&RÓ`­Š}˜=‹=˜­ŠòÂÓ‚ãsƒ“3ƒsSƒƒ“S†RÓbÃƒBÃ3‚ÃãÂÓ‚ãsƒ“3ƒsSƒƒ“S†RÓ`­˜Š}˜M‹M˜=‹ÂÓ‚ãs“ƒ3ƒSƒcC#3ƒcfRÓbÃ2Ã2ÃãÂÓ‚ãs“ƒ3ƒSƒcC#3ƒcfRÓ`­˜]Š}˜m‹’ÂÓ‚ãƒcSCc#ss#FRÓbÃBÃBÃãÂÓ‚ãƒcSCc#ss#FRÓ`­ŠŠ}˜M‹M‹˜ÂÓ‚ãƒcSCc#ss#FRÓbÃBÃBÃãÂÓ‚ãƒcSCc#ss#FRÓ`­˜Š}ŠíŠ­‹]Š}‹]Š}Š­˜rÂÓ‚ãƒcSCc#ss#FRÓbÃBÃBÃãÂÓ‚ãƒcSCc#ss#FRÓ`­‹˜]˜­ŠòÂÓ‚ãƒs#SScƒs“##6RÓbÃBÃBÃãÂÓ‚ãƒs#SScƒs“##6RÓ`­˜M˜MŠÝ˜Š}‹ÂÓ‚ãƒ#c#ccSƒss#cSVRÓbÃRÃ2ÃãÂÓ‚ãƒ#c#ccSƒss#cSVRÓ`­Š‹Š}ŠŠ}Š¢ÂÓ‚ãƒS#3c3#S3&RÓbÃbÃBÃãÂÓ‚ãƒS#3c3#S3&RÓ`­Š}‹=Š­‹}˜MŠ}‹’ÂÓ‚ãƒ#C“cCc“S#33c36RÓbÃC‚Ã‚ÃãÂÓ‚ãƒ#C“cCc“S#33c36RÓ`­˜Š­ŠŠ}‹}ŠBÂÓ‚ãƒ#SƒCCCccS#ƒ6RÓbÃÃBÃãÂÓ‚ãƒ#SƒCCCccS#ƒ6RÓ`­˜Š}˜MŠ­˜ŠÍ˜­˜rÂÓ‚ãƒC3c“cC“6RÓbÃBÃBÃãÂÓ‚ãƒC3c“cC“6RÓ`­Š˜Š}‹˜M˜­˜rÂÓ‚ãƒC#c“sCss36RÓbÃrÃbÃãÂÓ‚ãƒC#c“sCss36RÓ`­˜M‹M‹­˜BÂÓ‚ãƒCsc““#“Sƒ“FRÓbÃbÃBÃãÂÓ‚ãƒCsc““#“Sƒ“FRÓ`­ŠŠ}˜M‹­Š}ŠÂÓ‚ãƒCƒsCS3#3RÓbÃrÃBÃãÂÓ‚ãƒCƒsCS3#3RÓ`­˜Š}˜MŠ­‹‹M˜­ŠÝŠ}Š¢ÂÓ‚ãƒS#S“cc“3c#†RÓbÃ3Ã#BÃãÂÓ‚ãƒS#S“cc“3c#†RÓ`­˜Š}˜M‹Š}˜M˜]˜­˜rÂÓ‚ãƒSc##“CccCCRÓbÃ3bÃ32ÃãÂÓ‚ãƒSc##“CccCCRÓ`­˜M˜MŠ}‹˜]Š}˜BÂÓ‚ãƒScSCƒ##3ƒSFRÓbÃ3’Ã#‚ÃãÂÓ‚ãƒScSCƒ##3ƒSFRÓ`­Š}˜MŠ­Š}˜RÂÓ‚ãƒcSs3cCScSCSfRÓbÃ#ÃBÃãÂÓ‚ãƒcSs3cCScSCSfRÓ`­Š}˜‹ŠòÂÓ‚ãƒc“cƒ3c“ƒC33#–RÓbÃ2Ã2ÃãÂÓ‚ãƒc“cƒ3c“ƒC33#–RÓ`­Š}˜MŠ­˜m˜˜­‹’ÂÓ‚ãƒs33c“SSƒ“#C†RÓbÃ‚Ã‚ÃãÂÓ‚ãƒs33c“SSƒ“#C†RÓ`­˜Š}˜M˜]‹}Š}‹˜RÂÓ‚ãƒs3cS#3cSCƒc6RÓbÃBÃBÃãÂÓ‚ãƒs3cS#3cSCƒc6RÓ`­ŠŠý˜‹˜rÂÓ‚ãƒscs““Ss#““CFRÓbÃ3Ã#ÃãÂÓ‚ãƒscs““Ss#““CFRÓ`­ŠÝ˜­Š}ŠòÂÓ‚ãƒss#“ƒCS#3S33C6RÓbÃ‚ÃRÃãÂÓ‚ãƒss#“ƒCS#3S33C6RÓ`­˜˜­‹]˜BÂÓ‚ãƒƒC“S3S“ƒS“†RÓbÃ“RÃSBÃãÂÓ‚ãƒƒC“S3S“ƒS“†RÓ`­Š}˜MŠÍŠ}˜mŠ˜­˜rÂÓ‚ãƒƒcƒS“SsS3ƒ“FRÓbÃbÃRÃãÂÓ‚ãƒƒcƒS“SsS3ƒ“FRÓ`­Š}˜MŠ­‹}˜˜­‹ÂÓ‚ãƒƒCSCscƒCC“Sƒ†RÓbÃs2ÃCrÃãÂÓ‚ãƒƒCSCscƒCC“Sƒ†RÓ`­˜‹M‹˜=Š}˜rÂÓ‚ãƒƒsc#CSc†RÓbÃbÃ"ÃãÂÓ‚ãƒƒsc#CSc†RÓ`­Š}˜M˜]‹=Š­˜-Š˜M˜¢ÂÓ‚ãƒƒscƒ3ƒcƒ#cƒ6RÓbÃ#RÃrÃãÂÓ‚ãƒƒscƒ3ƒcƒ#cƒ6RÓ`­˜˜BÂÓ‚ãƒ“C#ƒC3“ƒ#3vRÓbÃ2Ã2ÃãÂÓ‚ãƒ“C#ƒC3“ƒ#3vRÓ`­˜˜-˜ÂÓ‚ãƒ“S#cSƒ3““33FRÓbÃ‚ÃÃãÂÓ‚ãƒ“S#cSƒ3““33FRÓ`­‹=˜˜­‹ÂÓ‚ãƒ“sScSsSS#CVRÓbÃBÃBÃãÂÓ‚ãƒ“sScSsSS#CVRÓ`­‹˜MŠ}ŠÂÓ‚ã“3ƒƒSSs3FRÓbÃ"ÃrÃãÂÓ‚ã“3ƒƒSSs3FRÓ`­˜]˜}Š}‹Š}Š­˜}˜RÂÓ‚ã“ScC#ƒ“C3Ss–RÓbÃbÃbÃãÂÓ‚ã“ScC#ƒ“C3Ss–RÓ`­Š}˜=˜­Š}‹2ÂÓ‚ã““3ƒc3“cSC#vRÓbÃRÃ2ÃãÂÓ‚ã““3ƒc3“cSC#vRÓ`­‹Šm˜­‹=˜rÂÓ‚ã“S#c#ƒCƒS–RÓbÃ3‚Ã#RÃãÂÓ‚ã“S#c#ƒCƒS–RÓ`­Š}‹=Š­˜-Š˜MŠ¢ÂÓ‚ã“#sƒcsƒƒSsSfRÓbÃBÃBÃãÂÓ‚ã“#sƒcsƒƒSsSfRÓ`­˜­˜m˜­Š˜˜m˜}˜RÂÓ‚ã“#3ƒS“SƒSSS3ƒ6RÓbÃ3RÃ3ÃãÂÓ‚ã“#3ƒS“SƒSSS3ƒ6RÓ`­˜M˜­Š­˜RÂÓ‚ã“#S3CScS“C–RÓbÃbÃRÃãÂÓ‚ã“#S3CScS“C–RÓ`­˜‹]˜˜BÂÓ‚ã“#Ss3C““cS“†RÓbÃcBÃCBÃãÂÓ‚ã“#Ss3C““cS“†RÓ`¦Æ¶‡&&6&RÂÓ‚ã“#sssScƒSCvRÓbÃ2Ã2ÃãÂÓ‚ã“#sssScƒSCvRÓ`­Š}˜M˜]˜}Š­˜]˜rÂÓ‚ã“#ƒƒ3##&RÓbÃ‚ÃrÃãÂÓ‚ã“#ƒƒ3##&RÓ`­Š}˜MŠŠíŠ}‹˜­˜rÂÓ‚ã“#ƒ3CcsƒCƒC#RÓbÃ#bÃÃãÂÓ‚ã“#ƒ3CcsƒCƒC#RÓ`­Š}˜M˜]‹=Š­Š½˜]‹˜­˜bÂÓ‚ã“3#s#cS“s33†RÓbÃS32ÃsRÃãÂÓ‚ã“3#s#cS“s33†RÓ`­˜Š}˜M˜˜-Š¢ÂÓ‚ã“3sƒCSc3“cƒs&RÓbÃ‚ÃbÃãÂÓ‚ã“3sƒCSc3“cƒs&RÓ`­Š­Šý‹M˜bÂÓ‚ã“C“s3sƒC#cCCFRÓbÃrÃBÃãÂÓ‚ã“C“s3sƒC#cCCFRÓ`­˜]˜m‹]Š­˜rÂÓ‚ã“C3sƒƒSƒ“sVRÓbÃBÃBÃãÂÓ‚ã“C3sƒƒSƒ“sVRÓ`­Š­˜]˜=˜m˜rÂÓ‚ã“Ccs3#“3sƒS3SRÓbÃBÃBÃãÂÓ‚ã“Ccs3#“3sƒS3SRÓ`­˜‹M‹˜=Š}Š­˜}ŠrÂÓ‚ã“CƒC3##Sccs3VRÓbÃbÃbÃãÂÓ‚ã“CƒC3##Sccs3VRÓ`­Š}˜M˜]‹-Š}ŠýŠ}˜MŠ­‹­˜­‹‹=Š}˜­˜=˜‚ÂÓ‚ã“SC“C“cc3ƒ&RÓbÃ‚Ã‚ÃãÂÓ‚ã“SC“C“cc3ƒ&RÓ`­Š­Š­˜Š}˜‹bÂÓ‚ã“S#C3SSsss“##FRÓbÃ2Ã2ÃãÂÓ‚ã“S#C3SSsss“##FRÓ`­Š˜­Šý˜2ÂÓ‚ã“SCC#css3s3“fRÓbÃBÃ2ÃãÂÓ‚ã“SCC#css3s3“fRÓ`­˜˜ŠýŠ}˜˜˜bÂÓ‚ã“ScCC“3“cccfRÓbÃ#rÃ‚ÃãÂÓ‚ã“ScCC“3“cccfRÓ`­˜Š}˜MŠ}‹-Šý˜}Š}‹ÂÓ‚ã“c#ƒ#CS#3ƒ3#†RÓbÃÃ‚ÃãÂÓ‚ã“c#ƒ#CS#3ƒ3#†RÓ`­˜Š‹-˜­Š}Šý˜rÂÓ‚ã“s3s#“#“c“3C†RÓbÃS2Ã#rÃãÂÓ‚ã“s3s#“#“c“3C†RÓ`¦ÒÂÓ‚ã“sCsSƒ3s#ƒ6RÓbÃÃRÃãÂÓ‚ã“sCsSƒ3s#ƒ6RÓ`­˜ŠŠ}˜MŠ­‹Š}˜˜bÂÓ‚ã“sC“S#ƒ3cSsc3SFRÓbÃrÃbÃãÂÓ‚ã“sC“S#ƒ3cSsc3SFRÓ`­˜­Š­‹Š}ŠÍ‹’ÂÓ‚ã“sS“##3““C3c#VRÓbÃcÃ’ÃãÂÓ‚ã“sS“##3““C3c#VRÓ`­˜­Ší‹m‹’ÂÓ‚ã“ƒcCc#“cƒ#3fRÓbÃ#‚Ã#"ÃãÂÓ‚ã“ƒcCc#“cƒ#3fRÓ`­‹}˜˜BÂÓ‚ã““ƒ#CsƒsS““C–RÓbÃ’Ã’ÃãÂÓ‚ã““ƒ#CsƒsS““C–RÓ`­˜MŠ­Šý‹˜­Š‚ÂÓ‚ã““c“sccscƒ3SfRÓbÃ’Ã‚ÃãÂÓ‚ã““c“sccscƒ3SfRÓ`­Š}˜M˜=‹Š˜˜bÂÓ‚ã““ƒsƒSSƒssS3cfRÓbÃ"ÃCBÃãÂÓ‚ã““ƒsƒSSƒssS3cfRÓ`­‹˜­Š}˜MŠ}˜]˜=‹‹ÂÓ’ã3CCsCcfRÓbÃBÃBÃãÂÓ’ã3CCsCcfRÓ`­˜‹M‹Š}‹˜}ŠrÂÓ’ãC“c“3s“#ƒ–RÓbÃRÃ2ÃãÂÓ’ãC“c“3s“#ƒ–RÓ`­Š­Šý‹˜2ÂÓ’ãcs#ss#sFRÓbÃ2Ã2ÃãÂÓ’ãcs#ss#sFRÓ`­˜­‹‹­Š‚ÂÓ’ãƒs3csSƒcCVRÓbÃ#BÃ#ÃãÂÓ’ãƒs3csSƒcCVRÓ`­˜‹˜]˜M˜­˜rÂÓ’ã3ƒSsS“CcC&RÓbÃ"ÃÃãÂÓ’ã3ƒSsS“CcC&RÓ`­˜Š}˜MŠ}‹}˜Š}ŠŠ}Š¢ÂÓ’ãcss#s#c#“vRÓbÃ’Ã‚ÃãÂÓ’ãcss#s#c#“vRÓ`­Š}˜MŠÝ‹˜]˜­˜bÂÓ’ã##cƒ##ƒcS336RÓbÃ3#bÃ#2ÃãÂÓ’ã##cƒ##ƒcS336RÓ`­ŠŠ}˜M˜]ŠÝŠ}˜‹‚ÂÓ’ã#“ƒc““CS3SƒS&RÓbÃÃ’ÃãÂÓ’ã#“ƒc““CS3SƒS&RÓ`­˜Š}˜M‹‹M‹˜­˜bÂÓ’ã3ƒC“C#3ƒC#CfRÓbÃ3BÃ#"ÃãÂÓ’ã3ƒC“C#3ƒC#CfRÓ`­Š}˜M‹}˜MŠ}Š‚ÂÓ’ã33“sc“CscƒS–RÓbÃ3ÃrÃãÂÓ’ã33“sc“CscƒS–RÓ`­‹MŠ}˜}ŠòÂÓ’ã3“scƒƒs“c“6RÓbÃ2Ã2ÃãÂÓ’ã3“scƒƒs“c“6RÓ`­˜Š}˜MŠý˜˜M˜­˜rÂÓ’ãCƒC3ƒs#““ƒƒfRÓbÃBÃ"ÃãÂÓ’ãCƒC3ƒs#““ƒƒfRÓ`­Š˜mŠ­Š}ŠmŠÂÂÓ’ãSCƒ3#“SCsS#RÓbÃ#rÃÃãÂÓ’ãSCƒ3#“SCsS#RÓ`¦×ÂÓ’ãcSƒsƒcƒCƒƒƒRÓbÃ3rÃ’ÃãÂÓ’ãcSƒsƒcƒCƒƒƒRÓ`­˜M˜M˜]‹MŠ}‹˜­‹’ÂÓ’ãcc#“Cc#ƒC““†RÓbÃC2Ã#’ÃãÂÓ’ãcc#“Cc#ƒC““†RÓ`§6˜‹˜M˜2ÂÓ’ãcƒscsS3cƒ“s–RÓbÃRÃRÃãÂÓ’ãcƒscsS3cƒ“s–RÓ`­˜Š}‹=Š­˜‹=Š}‹Š}Š¢ÂÓ’ãc3C3C“ƒ3cƒFRÓbÃ"ÃÃãÂÓ’ãc3C3C“ƒ3cƒFRÓ`­Š­Š˜-˜¢ÂÓ’ãcCss#S#s3CS†RÓbÃS2ÃCBÃãÂÓ’ãcCss#S#s3CS†RÓ`­Š˜‹Š}˜M˜­˜rÂÓ’ãcSc3S3cs“ƒƒ&RÓbÃRÃRÃãÂÓ’ãcSc3S3cs“ƒƒ&RÓ`­‹‹˜ÂÓ’ãsC“sC“#3VRÓbÃCrÃrÃãÂÓ’ãsC“sC“#3VRÓ`­˜Š}Š˜-Š¢ÂÓ’ãƒSc“3ƒCS#vRÓbÃƒrÃ#ÃãÂÓ’ãƒSc“3ƒCS#vRÓ`­˜=Š}˜˜BÂÓ’ãƒ#C“#css#sƒ&RÓbÃ#RÃ#ÃãÂÓ’ãƒ#C“#css#sƒ&RÓ`­˜]˜]Š½˜M˜¢ÂÓ’ãƒ#“Cs#s3Cc“C–RÓbÃ#RÃ#ÃãÂÓ’ãƒ#“Cs#s3Cc“C–RÓ`­Š}Š‹Š}˜RÂÓ’ãƒsSSC3Scƒ3“FRÓbÃSRÃ#’ÃãÂÓ’ãƒsSSC3Scƒ3“FRÓ`­Š}˜M˜]ŠíŠ­˜M‹}˜rÂÓ’ãƒƒ#s###cS3C3c6RÓbÃRÃ’ÃãÂÓ’ãƒƒ#s###cS3C3c6RÓ`­Š}˜M˜­ŠrÂÓ’ã“ƒ#scƒS“3ƒC6RÓbÃ#’Ã#ÃãÂÓ’ã“ƒ#scƒS“3ƒC6RÓ`­ŠÍ˜m˜Š‚ÂÓ’ã“##sCSc#ScSSvRÓbÃ#‚Ã#ÃãÂÓ’ã“##sCSc#ScSSvRÓ`­Š­˜ŠÍ˜­˜}Š}Š­˜}˜RÂÓ’ã“#3sc“cSfRÓbÃ2Ã2ÃãÂÓ’ã“#3sc“cSfRÓ`­˜M˜]ŠMŠ­˜]‹ÂÓ’ã““3ƒS3s#s““3–RÓbÃ‚ÃbÃãÂÓ’ã““3ƒS3s#s““3–RÓ`­Š}˜M‹=Š}Šm˜M˜}Š}˜M˜Š­‹˜}Š}˜M‹Š‹’ÂÓ’ã““CƒƒC“3C#vRÓbÃ"Ã"ÃãÂÓ’ã““CƒƒC“3C#vRÓ`­Š­‹-Š}˜]˜bÂÓ’ã““S3csScCƒC&RÓbÃrÃRÃãÂÓ’ã““S3csScCƒC&RÓ`­˜ŠÝ‹m˜‹ÂÓ’ãCcss“CsƒFRÓbÃBÃ2ÃãÂÓ’ãCcss“CsƒFRÓ`­˜Š}˜MŠý˜Š}ŠÍ˜bÂÓ’ãƒs“ƒc3cC#3fRÓbÃ2Ã"ÃãÂÓ’ãƒs“ƒc3cC#3fRÓ`­˜]‹M˜=˜M˜rÂÓ’ãS3ƒCƒc#CScScFRÓbÃ#BÃÃãÂÓ’ãS3ƒCƒc#CScScFRÓ`­˜]˜ŠŠ}˜­˜BÂÓ’ãcc#“ƒƒC3ƒRÓbÃRÃ‚ÃãÂÓ’ãcc#“ƒƒC3ƒRÓ`­‹=˜MŠ}‹=˜BÂÓ’ã“CScsCss3SCfRÓbÃ3bÃ#"ÃãÂÓ’ã“CScsCss3SCfRÓ`­ŠŠ}˜}Š­˜]Š}˜RÂÓ’ã#Cc“SCSƒ†RÓbÃ‚Ã‚ÃãÂÓ’ã#Cc“SCSƒ†RÓ`­Š}˜MŠ­‹=‹˜rÂÓ’ã#cC“sƒsc“VRÓbÃ33ÃS‚ÃãÂÓ’ã#cC“sƒsc“VRÓ`­˜M˜-˜Š}Šm˜RÂÓ’ã#sC““c3C#c#RÓbÃbÃbÃãÂÓ’ã#sC““c3C#c#RÓ`­˜˜-‹=˜RÂÓ’ã#ƒ3c3S“S3cs36RÓbÃÃbÃãÂÓ’ã#ƒ3c3S“S3cs36RÓ`­˜M˜=˜RÂÓ’ã#ƒc3sƒcc#cƒ6RÓbÃÃÃãÂÓ’ã#ƒc3sƒcc#cƒ6RÓ`­Š}˜M˜]˜m‹M˜‹˜rÂÓ’ã3#“C#ƒ3#cFRÓbÃ’Ã’ÃãÂÓ’ã3#“C#ƒ3#cFRÓ`­ŠŠ}˜MŠ}ŠÝŠ­˜Š}‹‚ÂÓ’ã3Cc##3S†RÓbÃbÃRÃãÂÓ’ã3Cc##3S†RÓ`­‹M‹˜=Š­˜rÂÓ’ã3Ccƒ#“3S“S†RÓbÃbÃRÃãÂÓ’ã3Ccƒ#“3S“S†RÓ`­‹=Š­˜-Šý˜RÂÓ’ã3ƒƒ#Sƒ#s3#FRÓbÃ#ÃBÃãÂÓ’ã3ƒƒ#Sƒ#s3#FRÓ`­˜Š}˜M˜]‹Š­˜]Šý˜rÂÓ’ãCƒ“#“Sc#ƒ6RÓbÃÃrÃãÂÓ’ãCƒ“#“Sc#ƒ6RÓ`­˜]˜-Š}˜˜M˜­˜}ŠrÂÓ’ãCc3c“3SssSƒSRÓbÃBÃ2ÃãÂÓ’ãCc3c“3SssSƒSRÓ`­Š}˜MŠ­ŠÝ‹m˜­‹ÂÓ’ãCS#33ƒ“cs&RÓbÃ2ÃbÃãÂÓ’ãCS#33ƒ“cs&RÓ`­Š}˜MŠ}ŠŠ­˜=Š}‹˜¢ÂÓ’ãCSCCSS#“##3†RÓbÃ#Ã’ÃãÂÓ’ãCSCCSS#“##3†RÓ`­˜}˜RÂÓ’ãSSS3SS#VRÓbÃ3Ã#BÃãÂÓ’ãSSS3SS#VRÓ`­‹˜­Š}˜MŠ}‹=˜RÂÓ’ãSSSs3cƒCS33FRÓbÃ‚Ã2ÃãÂÓ’ãSSSs3cƒCS33FRÓ`­Š}˜M‹˜­‹BÂÓ’ãSc3#“#Cc3S3RÓbÃ2Ã2ÃãÂÓ’ãSc3#“#Cc3S3RÓ`­˜Š}˜MŠíŠ}‹]˜rÂÓ’ãSƒƒƒ3sssCS#&RÓbÃCÃ#rÃãÂÓ’ãSƒƒƒ3sssCS#&RÓ`­ŠŠ­Š}˜}˜­˜BÂÓ’ãc#S#ƒ#3SsRÓbÃ2Ã2ÃãÂÓ’ãc#S#ƒ#3SsRÓ`­˜MŠÍ‹˜BÂÓ’ãc#cS“#ScƒƒsfRÓbÃBÃBÃãÂÓ’ãc#cS“#ScƒƒsfRÓ`­˜]˜m‹]Š˜rÂÓ’ãc“CCc#csSRÓbÃ#ÃrÃãÂÓ’ãc“CCc#csSRÓ`­˜]˜M˜­Š}‹˜¢ÂÓ’ãsƒSs33Ssƒss“vRÓbÃBÃÃãÂÓ’ãsƒSs33Ssƒss“vRÓ`­˜=Š}˜]˜MŠrÂÓ’ãsCS“csCsc–RÓbÃ#RÃ#BÃãÂÓ’ãsCS“csCsc–RÓ`­Š}˜M˜]˜-Š}Š˜MŠ}Š¢ÂÓ’ãscSSCƒs#ƒƒvRÓbÃ2Ã2ÃãÂÓ’ãscSSCƒs#ƒƒvRÓ`­Š}˜MŠ­‹}˜‹˜­˜rÂÓ’ã“cSS“ƒCƒcS“VRÓbÃ2ÃrÃãÂÓ’ã“cSS“ƒCƒcS“VRÓ`­Š}˜MŠ­‹-Š}˜]˜}ŠrÂÓ’ã#3S3ccCVRÓbÃ3’Ã#‚ÃãÂÓ’ã#3S3ccCVRÓ`­‹M˜=˜­Š‚ÂÓ’ã#C#SsSSc3#“FRÓbÃ’ÃRÃãÂÓ’ã#C#SsSSc3#“FRÓ`­˜]Š­‹]˜BÂÓ’ã#CSSSCCsƒSs&RÓbÃrÃbÃãÂÓ’ã#CSSSCCsƒSs&RÓ`­˜m‹˜­‹Š}Š­˜}ŠrÂÓ’ã#ccƒ#cs3C“6RÓbÃ"Ã’ÃãÂÓ’ã#ccƒ#cs3C“6RÓ`­Š}˜MŠ­‹­˜­‹Š}˜MŠ}˜}˜M˜¢ÂÓ’ã###“3SC3c–RÓbÃ’Ã2ÃãÂÓ’ã###“3SC3c–RÓ`­Š}˜M˜]‹˜]˜˜BÂÓ’ã#s““ƒcƒ#s†RÓbÃ#‚Ã‚ÃãÂÓ’ã#s““ƒcƒ#s†RÓ`­‹]˜=˜˜2ÂÓ’ã#3scC##33†RÓbÃ‚Ã3‚ÃãÂÓ’ã#3scC##33†RÓ`­Š}‹=Š­‹mŠ}˜˜rÂÓ’ã#ƒC3CSCcs&RÓbÃÃ’ÃãÂÓ’ã#ƒC3CSCcs&RÓ`­Š}˜MŠŠ}ŠÝ˜rÂÓ’ã#“ƒc3ss#“#vRÓbÃ3Ã"ÃãÂÓ’ã#“ƒc3ss#“#vRÓ`­Š}˜MŠ­˜˜-˜ÂÓ’ã##S“3c“SƒFRÓbÃ#RÃ3‚ÃãÂÓ’ã##S“3c“SƒFRÓ`­ŠÝŠ}˜M˜rÂÓ’ã##s#“ƒƒ#ƒsVRÓbÃc’ÃS2ÃãÂÓ’ã##s#“ƒƒ#ƒsVRÓ`­Š}˜M˜]Š‹˜˜M˜rÂÓ’ã##sS“ƒcs“C3†RÓbÃBÃ2ÃãÂÓ’ã##sS“ƒcs“C3†RÓ`­Š˜­˜mŠ‹’ÂÓ’ã#3ƒSccSƒ#3ccFRÓbÃÃ2ÃãÂÓ’ã#3ƒSccSƒ#3ccFRÓ`­‹˜-˜]˜¢ÂÓ’ã#Ccƒƒ#S3Ssc&RÓbÃ#’Ã#ÃãÂÓ’ã#Ccƒƒ#S3Ssc&RÓ`­˜Š}˜MŠ­‹-Š}˜]˜}ŠrÂÓ’ã#C“#sSƒS33ccVRÓbÃ‚Ã‚ÃãÂÓ’ã#C“#sSƒS33ccVRÓ`­Š}˜Š­‹Š}‹m˜­˜rÂÓ’ã#C#SƒcS#ƒS##cfRÓbÃ‚ÃRÃãÂÓ’ã#C#SƒcS#ƒS##cfRÓ`­ŠíŠ‹Š}ŠÂÓ’ã#C#s“#c“cSƒRÓbÃ#2Ã#"ÃãÂÓ’ã#C#s“#c“cSƒRÓ`­Š}˜M˜]˜MŠÝ˜rÂÓ’ã#CS3s3“s“svRÓbÃ2Ã2ÃãÂÓ’ã#CS3s3“s“svRÓ`­Š}˜M˜-˜Š}‹}‹’ÂÓ’ã#Cƒƒ“c3cƒƒƒss“fRÓbÃBÃBÃãÂÓ’ã#Cƒƒ“c3cƒƒƒss“fRÓ`­Š}˜M‹­˜­Š}‹ÂÓ’ã#cCCƒ3cSSSƒc&RÓbÃ3"Ã‚ÃãÂÓ’ã#cCCƒ3cSSSƒc&RÓ`­ŠŠ}˜M˜]˜Š}ŠòÂÓ’ã#c3sƒCCS3SsC#FRÓbÃ2Ã2ÃãÂÓ’ã#c3sƒCCS3SsC#FRÓ`­Š­‹‹‹mŠrÂÓ’ã#s#Cƒ3ƒ#cƒS&RÓbÃ’ÃBÃãÂÓ’ã#s#Cƒ3ƒ#cƒS&RÓ`­‹-Š}ŠòÂÓ’ã#sSScsƒ3sc36RÓbÃBÃÃãÂÓ’ã#sSScsƒ3sc36RÓ`­Š}˜M˜]‹˜˜-Š}Š¢ÂÓ’ã#sc#“S33S“CSC†RÓbÃ2Ã2ÃãÂÓ’ã#sc#“S33S“CSC†RÓ`­˜]Š­˜MŠ}˜­˜ÂÓ’ã#ƒ3CS33cC#cVRÓbÃ3bÃSÃãÂÓ’ã#ƒ3CS33cC#cVRÓ`­Š}˜MŠ}˜˜M‹Š}‹2ÂÓ’ã#ƒS#33sƒƒ#“#ƒvRÓbÃBÃBÃãÂÓ’ã#ƒS#33sƒƒ#“#ƒvRÓ`­‹=˜m˜˜¢ÂÓ’ã#ƒS3“Scs33S&RÓbÃCÃ#bÃãÂÓ’ã#ƒS3“Scs33S&RÓ`­˜Š}˜MŠ}ŠýŠ}ŠÂÓ’ã#ƒsSc33#sƒ#SSfRÓbÃRÃBÃãÂÓ’ã#ƒsSc33#sƒ#SSfRÓ`­˜Š}˜M˜M˜-˜­˜RÂÓ’ã#“C3ƒsCCSƒc†RÓbÃRÃBÃãÂÓ’ã#“C3ƒsCCSƒc†RÓ`­ŠŠ}‹=˜M˜Š‚ÂÓ’ã#“c“sƒSƒ33#3SSRÓbÃ2Ã2ÃãÂÓ’ã#“c“sƒSƒ33#3SSRÓ`­Š}ŠÍ‹Š­˜}ŠrÂÓ’ã#““S3cssCCScRÓbÃBÃ’ÃãÂÓ’ã#““S3cssCCScRÓ`­Š}˜M˜]˜=Š}Š­Š‚ÂÓ’ã#““SSƒC“3“ssRÓbÃÃ’ÃãÂÓ’ã#““SSƒC“3“ssRÓ`­Š}˜M˜-˜Š}˜m˜­˜bÂÓ’ã3CƒC#ƒƒ“S&RÓbÃRÃRÃãÂÓ’ã3CƒC#ƒƒ“S&RÓ`­‹‹MŠòÂÓ’ã3#CCssCC“c“cFRÓbÃcBÃ’ÃãÂÓ’ã3#CCssCC“c“cFRÓ`­Š}˜=˜]˜BÂÓ’ã3SC“3“3scCS6RÓbÃ’Ã’ÃãÂÓ’ã3SC“3“3scCS6RÓ`­ŠŠ}˜M˜m˜]˜‚ÂÓ’ã3cƒƒ3“s#“FRÓbÃbÃbÃãÂÓ’ã3cƒƒ3“s#“FRÓ`­˜Š­˜Š}‹]˜­˜BÂÓ’ã3cs3cS3#CC“6RÓbÃBÃBÃãÂÓ’ã3cs3cS3#CC“6RÓ`­˜˜]Š­Š}˜m˜rÂÓ’ã3s3cs3#“sCSs†RÓbÃRÃBÃãÂÓ’ã3s3cs3#“sCSs†RÓ`­Š}˜M‹}Š}‹Šm˜rÂÓ’ã3“C#Cscs#cS33&RÓbÃ"ÃÃãÂÓ’ã3“C#Cscs#cS33&RÓ`­Š}˜M‹Š}ŠÍ˜M˜rÂÓ’ã3##SƒcCCfRÓbÃRÃRÃãÂÓ’ã3##SƒcCCfRÓ`­˜=˜­˜rÂÓ’ã3#cc“ƒcs#C–RÓbÃbÃBÃãÂÓ’ã3#cc“ƒcs#C–RÓ`­Š}˜M˜]Šý˜¢ÂÓ’ã3SƒScSS3C3“#VRÓbÃ##rÃ#RÃãÂÓ’ã3SƒScSS3C3“#VRÓ`­ŠŠ}˜M‹˜]˜­˜BÂÓ’ã3SƒcƒS“SƒcfRÓbÃRÃRÃãÂÓ’ã3SƒcƒS“SƒcfRÓ`­˜‹Šý˜RÂÓ’ã3c3“S“s3cCs†RÓbÃƒrÃCRÃãÂÓ’ã3c3“S“s3cCs†RÓ`­Š‹}Š}‹˜­Š}Š¢ÂÓ’ã3cSƒcSc“CCCƒ3vRÓbÃbÃRÃãÂÓ’ã3cSƒcSc“CCCƒ3vRÓ`­˜]Š­Š}Š‹Š­˜}ŠrÂÓ’ã3cccC#S3C†RÓbÃrÃbÃãÂÓ’ã3cccC#S3C†RÓ`­Š}˜M‹ŠýŠ}ŠòÂÓ’ã3cc“ƒƒSscƒ#“#VRÓbÃsBÃ3bÃãÂÓ’ã3cc“ƒƒSscƒ#“#VRÓ`­˜M˜MŠ­Šý‹˜­Š‚ÂÓ’ã3s#SssCƒ3C3ƒ#VRÓbÃ#“‚Ã’ÃãÂÓ’ã3s#SssCƒ3C3ƒ#VRÓ`­ŠŠ}˜MŠÍ˜­˜BÂÓ’ã3s#sƒCS3CCƒcFRÓbÃrÃbÃãÂÓ’ã3s#sƒCS3CCƒcFRÓ`­˜]‹=Š}Š˜-Š}Š¢ÂÓ’ã3sSƒ“S#C“ƒ3#FRÓbÃ"Ã’ÃãÂÓ’ã3sSƒ“S#C“ƒ3#FRÓ`­Š­ŠÍ‹˜­Š˜­˜rÂÓ’ã3ƒ“Ccƒƒ3ccvRÓbÃbÃRÃãÂÓ’ã3ƒ“Ccƒƒ3ccvRÓ`¤$$"ÂÓ’ã3ƒCCc#csSSCcVRÓbÃ2Ã2ÃãÂÓ’ã3ƒCCc#csSSCcVRÓ`­Š˜Š}Š˜rÂÓ’ã3ƒSccC3ssCc“#–RÓbÃÃC"ÃãÂÓ’ã3ƒSccC3ssCc“#–RÓ`­Š­Š˜mŠ­˜}ŠrÂÓ’ã3“cc3ccSsC#3RÓbÃ2Ã2ÃãÂÓ’ã3“cc3ccSsC#3RÓ`­Š­˜‹-˜­‹˜rÂÓ’ãC#S#sscC#Cs6RÓbÃ32Ã#‚ÃãÂÓ’ãC#S#sscC#Cs6RÓ`­Š}˜MŠ­‹}˜˜­‹Š}˜MŠÝŠ}˜-ŠrÂÓ’ãCCS3ƒ##SCSCFRÓbÃBÃ2ÃãÂÓ’ãCCS3ƒ##SCSCFRÓ`­ŠŠ}˜m˜Š}‹˜}ŠrÂÓ’ãCƒ3sƒcsSS3s36RÓbÃÃbÃãÂÓ’ãCƒ3sƒcsSS3s36RÓ`­˜Š}‹MŠ}ŠòÂÓ’ãC#ƒƒs“3CvRÓbÃÃÃãÂÓ’ãC#ƒƒs“3CvRÓ`­˜Š}˜]˜bÂÓ’ãCSƒSC“3cc“#&RÓbÃbÃbÃãÂÓ’ãCSƒSC“3cc“#&RÓ`­ŠŠ}‹˜]Š}˜M˜}ŠrÂÓ’ãC#““cC#6RÓbÃBÃBÃãÂÓ’ãC#““cC#6RÓ`­Š}˜M˜]ŠíŠ­‹]˜­˜bÂÓ’ãC##ƒƒSScƒC#CVRÓbÃ‚Ã‚ÃãÂÓ’ãC##ƒƒSScƒC#CVRÓ`­Š˜mŠrÂÓ’ãC#c“ƒc“S#3“FRÓbÃbÃBÃãÂÓ’ãC#c“ƒc“S#3“FRÓ`­˜]˜­˜˜2ÂÓ’ãC3ƒcsC#cscsVRÓbÃ‚Ã3ÃãÂÓ’ãC3ƒcsC#cscsVRÓ`­˜˜]‹M‹˜‹Š}Š¢ÂÓ’ãCCS3ƒSc3ƒ“†RÓbÃBÃBÃãÂÓ’ãCCS3ƒSc3ƒ“†RÓ`­˜]˜MŠ}Šm˜]˜rÂÓ’ãCSCC“3ƒCS#CC–RÓbÃBÃBÃãÂÓ’ãCSCC“3ƒCS#CC–RÓ`­˜‹˜M˜­˜rÂÓ’ãCSC“sC#“ƒsC3C&RÓbÃrÃbÃãÂÓ’ãCSC“sC#“ƒsC3C&RÓ`­˜­˜]Š½˜MŠ}˜bÂÓ’ãCc3“sCSSƒ“sc–RÓbÃ2Ã2ÃãÂÓ’ãCc3“sCSSƒ“sc–RÓ`­Š}˜MŠ˜m˜­˜rÂÓ’ãCcSƒsƒ“ƒ“C“†RÓbÃs"Ã“BÃãÂÓ’ãCcSƒsƒ“ƒ“C“†RÓ`­Š}˜M˜]Š­Š˜-˜­˜rÂÓ’ãCcƒss“3fRÓbÃS"Ã3BÃãÂÓ’ãCcƒss“3fRÓ`­˜]˜M˜­˜˜mŠrÂÓ’ãCs#CCS#ƒSSƒc6RÓbÃ#ÃÃãÂÓ’ãCs#CCS#ƒSSƒc6RÓ`­Š­˜ŠÍŠòÂÓ’ãCs#ƒss3Cc3“sRÓbÃ32Ã#bÃãÂÓ’ãCs#ƒss3Cc3“sRÓ`­ŠíŠ}˜]‹=ŠrÂÓ’ãCssCcc#c3†RÓbÃÃ’ÃãÂÓ’ãCssCcc#c3†RÓ`­Š}˜M‹˜Š}Š­Š‚ÂÓ’ãCs“cSc#ƒscC#&RÓbÃ32Ã"ÃãÂÓ’ãCs“cSc#ƒscC#&RÓ`­‹Šm˜­‹=˜­Š}˜bÂÓ’ãCs““S3C“c#ccSVRÓbÃ2Ã2ÃãÂÓ’ãCs““S3C“c#ccSVRÓ`­˜‹=Š­˜=˜˜bÂÓ’ãCƒSƒ“##ƒss3ƒvRÓbÃC’Ã3rÃãÂÓ’ãCƒSƒ“##ƒss3ƒvRÓ`­˜Š}‹=Š­ŠÝ˜‹Š¢ÂÓ’ãCƒc“C“CSs“ƒ&RÓbÃ“‚Ã#RÃãÂÓ’ãCƒc“C“CSs“ƒ&RÓ`­˜M˜]˜-Š}˜RÂÓ’ãCƒcS#CsSccƒcVRÓbÃbÃbÃãÂÓ’ãCƒcS#CsSccƒcVRÓ`­Š}˜M˜-ŠÝ‹}Š}˜m˜¢ÂÓ’ãCƒƒc3S“cSS#3&RÓbÃ#BÃBÃãÂÓ’ãCƒƒc3S“cSS#3&RÓ`­Š}˜M˜‹=Š}ŠòÂÓ’ãC“C#cc33sfRÓbÃ2ÃrÃãÂÓ’ãC“C#cc33sfRÓ`­˜‹˜"ÂÓ’ãC“Sƒ3“3cvRÓbÃC‚Ã#’ÃãÂÓ’ãC“Sƒ3“3cvRÓ`­Š}˜MŠ‹M‹˜­˜rÂÓ’ãC“ƒ“ƒ#c3CSs3RÓbÃƒ’ÃSRÃãÂÓ’ãC“ƒ“ƒ#c3CSs3RÓ`­Š}˜­˜]Š}˜bÂÓ’ãS“ssCs3s“vRÓbÃRÃRÃãÂÓ’ãS“ssCs3s“vRÓ`­˜‹˜]˜MŠ¢ÂÓ’ãSƒƒSs3#SCFRÓbÃ2Ã2ÃãÂÓ’ãSƒƒSs3#SCFRÓ`­Š}˜M‹˜M˜ÂÓ’ãS#ssCC“cS“#fRÓbÃ2Ã2ÃãÂÓ’ãS#ssCC“cS“#fRÓ`­Š}˜MŠ}˜}˜M˜­˜rÂÓ’ãSCsCSSƒ#3c#VRÓbÃ3ƒ"Ã#ÃãÂÓ’ãSCsCSSƒ#3c#VRÓ`­˜Š}˜m‹M‹}˜rÂÓ’ãScScƒƒc#““3cfRÓbÃ’Ã’ÃãÂÓ’ãScScƒƒc#““3cfRÓ`­Ší‹M˜­˜RÂÓ’ãS##SsSs“3“cvRÓbÃ’ÃrÃãÂÓ’ãS##SsSs“3“cvRÓ`­˜Š}˜MŠÍŠý˜­‹ÂÓ’ãS#c“c3#cƒSfRÓbÃBÃBÃãÂÓ’ãS#c“c3#cƒSfRÓ`­‹‹=Š}˜M˜rÂÓ’ãS3#3c3SS#cRÓbÃ#BÃ‚ÃãÂÓ’ãS3#3c3SS#cRÓ`­Š}˜M˜]˜]˜­‹-˜rÂÓ’ãSC3“C#ƒcc“†RÓbÃrÃRÃãÂÓ’ãSC3“C#ƒcc“†RÓ`­Š‹=˜MŠ}‹=˜rÂÓ’ãSC“CcCƒƒ“#RÓbÃRÃ2ÃãÂÓ’ãSC“CcCƒƒ“#RÓ`­Š}˜M˜m˜-Šý˜­˜}Š}˜MŠ­˜‹-˜­‹’ÂÓ’ãSSc3C“ƒs#“&RÓbÃC’ÃÃãÂÓ’ãSSc3C“ƒs#“&RÓ`­Š}˜M‹M‹˜=˜}Š­Š}‹˜­ŠâÂÓ’ãSSc3C“ƒs#“&RÓbÃC’ÃÃãÂÓ’ãSSc3C“ƒs#“&RÓ`­˜]‹ŠÍŠÝ˜rÂÓ’ãSc33“3#“3C3C6RÓbÃ3"Ã#ÃãÂÓ’ãSc33“3#“3C3C6RÓ`­ŠÝŠ}‹m˜m˜rÂÓ’ãSs“sS3sC“–RÓbÃbÃrÃãÂÓ’ãSs“sS3sC“–RÓ`­˜]˜mŠrÂÓ’ãSƒs#3Cs3S3csfRÓbÃBÃBÃãÂÓ’ãSƒs#3Cs3S3csfRÓ`­˜Š}˜M‹]ŠÝ‹Š}ŠÂÓ’ãSƒ3S“ƒ3“scs““s&RÓbÃ2Ã‚ÃãÂÓ’ãSƒ3S“ƒ3“scs““s&RÓ`­Š}˜MŠí˜]‹=˜˜bÂÓ’ãSƒ3ƒƒ#“c3css&RÓbÃ2Ã2ÃãÂÓ’ãSƒ3ƒƒ#“c3css&RÓ`­˜]‹Š}ŠÍ‹˜rÂÓ’ãSƒƒ3##sSs##VRÓbÃsBÃSrÃãÂÓ’ãSƒƒ3##sSs##VRÓ`­‹m‹­˜‹rÂÓ’ãS“s#ƒs33“3ƒ&RÓbÃbÃBÃãÂÓ’ãS“s#ƒs33“3ƒ&RÓ`­˜Š}˜M˜]˜-‹‹ÂÓ’ãS“3ƒC333c3#†RÓbÃrÃbÃãÂÓ’ãS“3ƒC333c3#†RÓ`­˜M˜M˜]‹MŠ­‹˜2ÂÓ’ãS“CSƒSS3“3#cSƒRÓbÃ3BÃ#ÃãÂÓ’ãS“CSƒSS3“3#cSƒRÓ`­˜]‹Š­Š‹˜rÂÓ’ãS““#“CSSsS“S6RÓbÃ3Ã‚ÃãÂÓ’ãS““#“CSSsS“S6RÓ`­Š}˜M‹-‹Š}‹˜rÂÓ’ãcccc#SƒƒsSs†RÓbÃC"Ã#2ÃãÂÓ’ãcccc#SƒƒsSs†RÓ`­˜]˜]˜­‹-˜rÂÓ’ãc“ƒ3Scs##cs–RÓbÃ#Ã’ÃãÂÓ’ãc“ƒ3Scs##cs–RÓ`­Š‹]Šý˜‹ÂÓ’ãccS3“#Cs“ƒƒc†RÓbÃ2Ã2ÃãÂÓ’ãccS3“#Cs“ƒƒc†RÓ`­Š­˜˜˜­˜"ÂÓ’ãcsS3ƒSS#3ƒ“3fRÓbÃÃ’ÃãÂÓ’ãcsS3ƒSS#3ƒ“3fRÓ`­‹˜­ŠòÂÓ’ãc#s“SC“#S““vRÓbÃBÃ2ÃãÂÓ’ãc#s“SC“#S““vRÓ`­˜­‹‹˜ÂÓ’ãc#c#s3ƒ3ƒsSƒ–RÓbÃRÃ2ÃãÂÓ’ãc#c#s3ƒ3ƒsSƒ–RÓ`­˜]Š­Š­Š}˜M˜­˜rÂÓ’ãc3ƒsSCsSS#CCc&RÓbÃ2ÃÃãÂÓ’ãc3ƒsSCsSS#CCc&RÓ`­ŠÍŠ}‹Š˜­˜rÂÓ’ãc3SSƒCS“cSs#“–RÓbÃbÃRÃãÂÓ’ãc3SSƒCS“cSs#“–RÓ`­˜˜­ŠÍ‹˜¢ÂÓ’ãc3#SccCs#“c#vRÓbÃ‚ÃbÃãÂÓ’ãc3#SccCs#“c#vRÓ`­‹}Š}˜MŠ‚ÂÓ’ãcCƒs#ƒSCs3SSS#RÓbÃS’Ã#BÃãÂÓ’ãcCƒs#ƒSCs3SSS#RÓ`­˜M‹=˜}˜]˜¢ÂÓ’ãcC“ƒCc“cs“##†RÓbÃrÃbÃãÂÓ’ãcC“ƒCc“cs“##†RÓ`­‹MŠÝ˜bÂÓ’ãcS##“3ƒcƒcc&RÓbÃbÃbÃãÂÓ’ãcS##“3ƒcƒcc&RÓ`­Š}˜M˜]‹˜‹˜­˜rÂÓ’ãcS33scS##–RÓbÃBÃ2ÃãÂÓ’ãcS33scS##–RÓ`­˜]Š­ŠÝ‹]˜MŠ}Š¢ÂÓ’ãcS3“ƒ#SS“s#“RÓbÃbÃÃãÂÓ’ãcS3“ƒ#SS“s#“RÓ`­Š­Š}Š½˜­‹ÂÓ’ãcSCs33#SsssS&RÓbÃ#Ã“2ÃãÂÓ’ãcSCs33#SsssS&RÓ`­Š­˜]‹˜­‹ÂÓ’ãcSƒ###Cc#cc3&RÓbÃbÃ2ÃãÂÓ’ãcSƒ###Cc#cc3&RÓ`­˜]Š­‹˜M˜-˜rÂÓ’ãccc#sC3““ƒSƒ†RÓbÃ’Ã"ÃãÂÓ’ãccc#sC3““ƒSƒ†RÓ`­Ší˜M˜­ŠÍ˜­˜rÂÓ’ãcc#Cccƒ3#3S&RÓbÃBÃBÃãÂÓ’ãcc#Cccƒ3#3S&RÓ`­˜‹}˜bÂÓ’ãccCƒCƒcCƒsS33FRÓbÃ‚ÃrÃãÂÓ’ãccCƒCƒcCƒsS33FRÓ`­˜]ŠÍŠýŠýŠrÂÓ’ãccSs#C3ƒ#cƒSC3FRÓbÃÃBÃãÂÓ’ãccSs#C3ƒ#cƒSC3FRÓ`­Š}˜MŠ}˜=Š­Š­Š}Š‚ÂÓ’ãcccss“#ƒƒ“fRÓbÃ#SÃSRÃãÂÓ’ãcccss“#ƒƒ“fRÓ`­Š}˜MŠ}˜]ŠýŠ}ŠòÂÓ’ãcs#s3cc#Ss##CfRÓbÃSRÃ3bÃãÂÓ’ãcs#s3cc#Ss##CfRÓ`­Š}‹Š­˜Š}‹˜rÂÓ’ãcƒS“c“#c#cCƒ6RÓbÃ#Ã2ÃãÂÓ’ãcƒS“c“#c#cCƒ6RÓ`­‹}Š}Š˜-ŠrÂÓ’ãc“S#“CC#3ƒCSS3fRÓbÃrÃ2ÃãÂÓ’ãc“S#“CC#3ƒCSS3fRÓ`­Š}˜M‹}‹˜"ÂÓ’ãc“c#3cSs#CƒssFRÓbÃRÃ"ÃãÂÓ’ãc“c#3cSs#CƒssFRÓ`­˜Š}˜M‹-˜Š}‹ÂÓ’ãc“““S3s#3sCSSs&RÓbÃRÃ2ÃãÂÓ’ãc“““S3s#3sCSSs&RÓ`­Š}˜M‹˜‹’ÂÓ’ãssccƒc#ƒc#VRÓbÃ#‚ÃbÃãÂÓ’ãssccƒc#ƒc#VRÓ`­˜]˜mŠ­ŠÍŠ}Š­˜mŠrÂÓ’ãs#c“c#c“3sc6RÓbÃ’Ã‚ÃãÂÓ’ãs#c“c#c“3sc6RÓ`­ŠŠ}˜MŠÍ˜}˜ŠòÂÓ’ãscc“s#ƒS†RÓbÃ2Ã2ÃãÂÓ’ãscc“s#ƒS†RÓ`­˜]˜MŠ}Š˜rÂÓ’ãsCƒ3C“s“c3sRÓbÃ#2Ã‚ÃãÂÓ’ãsCƒ3C“s“c3sRÓ`­Š}˜MŠ}Š‹Š}ŠòÂÓ’ãscƒ“3S“s3s#6RÓbÃRÃÃãÂÓ’ãscƒ“3S“s3s#6RÓ`­˜­‹M˜­‹ÂÓ’ãs#33C#“C#cS#svRÓbÃ#"ÃRÃãÂÓ’ãs#33C#“C#cS#svRÓ`­˜]‹=˜Šý˜rÂÓ’ãs#ScC“c“c“fRÓbÃÃBÃãÂÓ’ãs#ScC“c“c“fRÓ`­˜MŠ}‹=Š­˜}˜MŠ}˜2ÂÓ’ãs3Cscc##ƒ3ƒ“CfRÓbÃrÃbÃãÂÓ’ãs3Cscc##ƒ3ƒ“CfRÓ`­Š}˜MŠ}‹­˜MŠ˜­˜rÂÓ’ãsCCsc“C3ƒsƒRÓbÃ2Ã2ÃãÂÓ’ãsCCsc“C3ƒsƒRÓ`­ŠŠ}Šý˜Š}‹ÂÓ’ãsS3#ƒCsSs3#“†RÓbÃ2Ã2ÃãÂÓ’ãsS3#ƒCsSs3#“†RÓ`­˜˜-Š­ŠrÂÓ’ãsSCƒc##““#&RÓbÃRÃRÃãÂÓ’ãsSCƒc##““#&RÓ`­Š}˜M˜]˜‹ŠòÂÓ’ãsSS“#“CCS#FRÓbÃÃrÃãÂÓ’ãsSS“#“CCS#FRÓ`­Š}˜M˜]‹}˜M˜Š˜rÂÓ’ãsSc#sCCc3ƒ3C&RÓbÃbÃcÃãÂÓ’ãsSc#sCCc3ƒ3C&RÓ`­ŠŠ}˜MŠÝ˜­Š}ŠòÂÓ’ãscs“s“#ƒ3CsVRÓbÃCCbÃƒrÃãÂÓ’ãscs“s“#ƒ3CsVRÓ`­Š}˜M‹=ŠMŠ}˜BÂÓ’ãscƒ“Sƒ#3Scs36RÓbÃ2Ã2ÃãÂÓ’ãscƒ“Sƒ#3Scs36RÓ`­ŠŠ}˜=˜‹˜rÂÓ’ãsc“C3CSSs“sss&RÓbÃbÃbÃãÂÓ’ãsc“C3CSSs“sss&RÓ`­Š}˜M˜]ŠíŠ}‹}‹˜rÂÓ’ãsc““3#CC3#VRÓbÃSBÃ#ÃãÂÓ’ãsc““3#CC3#VRÓ`­Š­˜m˜˜­‹˜­˜rÂÓ’ãssC33CC3““#vRÓbÃBÃÃãÂÓ’ãssC33CC3““#vRÓ`­Š}˜MŠ­˜‹]˜­˜rÂÓ’ãssƒ3SS3cC3“S6RÓbÃcBÃ#rÃãÂÓ’ãssƒ3SS3cC3“S6RÓ`­Š}˜­˜rÂÓ’ãsƒc#C3S“S#s#s&RÓbÃ#3bÃÃãÂÓ’ãsƒc#C3S“S#s#s&RÓ`­˜Š}˜M‹-Š}˜RÂÓ’ãsƒc3ƒ3ƒƒ3“C–RÓbÃ2Ã2ÃãÂÓ’ãsƒc3ƒ3ƒƒ3“C–RÓ`­˜Š­Š­‹Š}˜ŠÒÂÓ’ãsƒcSs“#Ccs6RÓbÃ‚Ã2ÃãÂÓ’ãsƒcSs“#Ccs6RÓ`­˜MŠ­˜˜-‹Š}Š­˜mŠrÂÓ’ãsƒƒ“3CS““cs6RÓbÃrÃrÃãÂÓ’ãsƒƒ“3CS““cs6RÓ`­˜˜]‹=˜­‹Š­˜}ŠrÂÓ’ãsƒ““c#ƒCƒ3ƒcfRÓbÃBÃBÃãÂÓ’ãsƒ““c#ƒCƒ3ƒcfRÓ`­Š}˜M˜]˜-Š˜˜M˜­˜bÂÓ’ãs“Sƒs#SsƒCC#3vRÓbÃ2Ã2ÃãÂÓ’ãs“Sƒs#SsƒCC#3vRÓ`­‹ŠýŠrÂÓ’ãs“ƒ#cSc#ƒvRÓbÃÃÃãÂÓ’ãs“ƒ#cSc#ƒvRÓ`­˜-‹˜­˜rÂÓ’ãs““#s#cs##C“3c&RÓbÃ#ÃÃãÂÓ’ãs““#s#cs##C“3c&RÓ`­˜M˜M‹ŠýŠ}ŠòÂÓ’ãƒC3CC“ss3–RÓbÃbÃbÃãÂÓ’ãƒC3CC“ss3–RÓ`­‹=˜­˜˜M˜rÂÓ’ãƒ#cC“#33C“†RÓbÃs2Ã3ÃãÂÓ’ãƒ#cC“#33C“†RÓ`­Š}˜MŠ}Š­ŠÍŠ}˜}Š}Š¢ÂÓ’ãƒC3“3cCS†RÓbÃbÃRÃãÂÓ’ãƒC3“3cCS†RÓ`­˜M˜MŠ­‹Š}˜˜bÂÓ’ãƒ#ScCsCƒƒ“3ƒVRÓbÃS2Ã3"ÃãÂÓ’ãƒ#ScCsCƒƒ“3ƒVRÓ`­‹=˜­ŠÝŠýŠ²ÂÓ’ãƒS#3ƒ““C“#sfRÓbÃ’ÃBÃãÂÓ’ãƒS#3ƒ““C“#sfRÓ`­˜]‹Š}˜-Š˜rÂÓ’ãƒscS“sƒ#“3S#3&RÓbÃCrÃ3ÃãÂÓ’ãƒscS“sƒ#“3S#3&RÓ`­˜]ŠÍŠ}˜MŠ}Š­˜}ŠrÂÓ’ãƒƒCcs##c“C3–RÓbÃ2Ã2ÃãÂÓ’ãƒƒCcs##c“C3–RÓ`­˜˜]Šý˜­‹ÂÓ’ãƒ#“3s“ƒƒ3ƒS#†RÓbÃ3BÃrÃãÂÓ’ãƒ#“3s“ƒƒ3ƒS#†RÓ`­˜Š}‹ŠŠ}ŠÝ˜}ŠrÂÓ’ãƒ33s“SƒCƒCs†RÓbÃBÃ2ÃãÂÓ’ãƒ33s“SƒCƒCs†RÓ`­Š}˜MŠÍ˜˜­˜rÂÓ’ãƒC3ƒ3#cƒSC–RÓbÃC2ÃrÃãÂÓ’ãƒC3ƒ3#cƒSC–RÓ`­Š­‹Š}˜˜mŠ¢ÂÓ’ãƒCCƒcs“sƒ#“CfRÓbÃbÃ2ÃãÂÓ’ãƒCCƒcs“sƒ#“CfRÓ`­Š}˜MŠýŠ}‹‹=˜rÂÓ’ãƒCSC“ƒcS3“#cVRÓbÃBÃRÃãÂÓ’ãƒCSC“ƒcS3“#cVRÓ`­˜-Š}Š˜M˜}ŠrÂÓ’ãƒCcssc3#ƒ3S#ƒ†RÓbÃBÃBÃãÂÓ’ãƒCcssc3#ƒ3S#ƒ†RÓ`­Š}˜M˜­Š}˜ÂÓ’ãƒCs3ƒƒ“ƒ“cƒvRÓbÃRÃ2ÃãÂÓ’ãƒCs3ƒƒ“ƒ“cƒvRÓ`­Š}‹=Š˜‹Š}Š}‹2ÂÓ’ãƒSƒ““ƒ#ƒ#S&RÓbÃrÃrÃãÂÓ’ãƒSƒ““ƒ#ƒ#S&RÓ`­Š}˜M‹˜}Š‚ÂÓ’ãƒcc#SC3Scƒ3RÓbÃcbÃSBÃãÂÓ’ãƒcc#SC3Scƒ3RÓ`­˜ŠÝ‹RÂÓ’ãƒc#3s“#CƒCcs&RÓbÃ’ÃbÃãÂÓ’ãƒc#3s“#CƒCcs&RÓ`­Š}‹=Š˜‹’ÂÓ’ãƒccCSƒ#SS#c#“VRÓbÃSÃ#"ÃãÂÓ’ãƒccCSƒ#SS#c#“VRÓ`­ŠŠ½˜MŠ}Š²ÂÓ’ãƒcsƒ3c33sRÓbÃ2Ã2ÃãÂÓ’ãƒcsƒ3c33sRÓ`­Š­˜-˜­˜­˜]ŠrÂÓ’ãƒs3ƒC“C3ƒ–RÓbÃ’Ã’ÃãÂÓ’ãƒs3ƒC“C3ƒ–RÓ`­Š}˜M˜]Š­ŠÝŠýŠ²ÂÓ’ãƒscS“ƒCsC“vRÓbÃ#BÃ"ÃãÂÓ’ãƒscS“ƒCsC“vRÓ`­ŠÍ‹Š}ŠÂÓ’ãƒƒS““#CRÓbÃrÃ2ÃãÂÓ’ãƒƒS““#CRÓ`­˜Š}˜MŠ­‹=˜˜­˜-ŠŠ­‹˜˜=˜­˜]Š}˜M‹]ŠÝ‹Š}Š‹-˜­˜bÂÓ’ãƒƒcCCScs#ƒSƒRÓbÃ3Ã2ÃãÂÓ’ãƒƒcCCScs#ƒSƒRÓ`­˜MŠ}ŠÍ‹Š}ŠÂÓ’ãƒƒƒ““ƒ“““SS&RÓbÃ3BÃ#RÃãÂÓ’ãƒƒƒ““ƒ“““SS&RÓ`­˜Š}˜M˜]˜-Š}˜˜M˜­˜bÂÓ’ãƒ“S3C“CCs“vRÓbÃBÃÃãÂÓ’ãƒ“S3C“CCs“vRÓ`­˜˜‹"ÂÓ’ãƒ“3Sƒ3cƒCS3S&RÓbÃ’ÃRÃãÂÓ’ãƒ“3Sƒ3cƒCS3S&RÓ`­‹=Š‹’ÂÓ’ã“c#sCssS“†RÓbÃ’Ã"ÃãÂÓ’ã“c#sCssS“†RÓ`­Š­Š}Š½‹ŠrÂÓ’ã““ƒ#cC##c3sVRÓbÃ#"ÃBÃãÂÓ’ã““ƒ#cC##c3sVRÓ`­Š}˜M˜]Š}˜M˜=˜­˜bÂÓ’ã“3sƒ3“c#SVRÓbÃSRÃC‚ÃãÂÓ’ã“3sƒ3“c#SVRÓ`­˜]˜­˜MŠ}Šý˜¢ÂÓ’ã“3#CS#ƒcƒs#&RÓbÃRÃ’ÃãÂÓ’ã“3#CS#ƒcƒs#&RÓ`­Š­˜˜-‹ŠrÂÓ’ã“3Sƒ3ƒ“Ccs#s–RÓbÃRÃBÃãÂÓ’ã“3Sƒ3ƒ“Ccs#s–RÓ`­˜]Š­Š}Š‹˜‚ÂÓ’ã“CƒC3#Cc“CC–RÓbÃ3RÃRÃãÂÓ’ã“CƒC3#Cc“CC–RÓ`­˜M˜]Šý˜¢ÂÓ’ã“CƒC3#Cc“CC–RÓbÃ3RÃRÃãÂÓ’ã“CƒC3#Cc“CC–RÓ`­˜M˜MŠ}‹=Š˜‹’ÂÓ’ã“CƒC3#Cc“CC–RÓbÃ3RÃRÃãÂÓ’ã“CƒC3#Cc“CC–RÓ`­Š}‹=Š­˜-‹}Š‚ÂÓ’ã“CcsƒƒƒcS“#CsvRÓbÃ2Ã2ÃãÂÓ’ã“CcsƒƒƒcS“#CsvRÓ`­˜­˜m‹}Š˜"ÂÓ’ã“S#cC3S3C###ƒs†RÓbÃRÃÃãÂÓ’ã“S#cC3S3C###ƒs†RÓ`­˜M˜]‹Š}Šý˜bÂÓ’ã“Sc“ss#CCSCcFRÓbÃ#Ã"ÃãÂÓ’ã“Sc“ss#CCSCcFRÓ`­˜]˜ŠÍ˜}˜rÂÓ’ã“Ss3C“#33c&RÓbÃRÃRÃãÂÓ’ã“Ss3C“#33c&RÓ`­˜Š}˜MŠ‹˜­ŠòÂÓ’ã“cccCƒ#ƒ#FRÓbÃ2Ã2ÃãÂÓ’ã“cccCƒ#ƒ#FRÓ`­Š}˜M˜]Š­Š}Š‹˜­˜bÂÓ’ã“cƒSc3cSSSc†RÓbÃC’ÃÃãÂÓ’ã“cƒSc3cSSSc†RÓ`­Š­Š‹‹"ÂÓ’ã“sSSCSc3Cƒs#VRÓbÃbÃbÃãÂÓ’ã“sSSCSc3Cƒs#VRÓ`­Š}˜M˜]‹=Š­˜˜¢ÂÓ’ã“sƒScƒ#ƒ33#FRÓbÃƒBÃc2ÃãÂÓ’ã“sƒScƒ#ƒ33#FRÓ`­Š­˜˜-‹˜}ŠrÂÓ’ã“ƒ#cCƒ3ƒ3sS–RÓbÃ"ÃÃãÂÓ’ã“ƒ#cCƒ3ƒ3sS–RÓ`­˜M‹]˜=˜˜2ÂÓ’ã“ƒ33C##ƒS#CsƒFRÓbÃBÃBÃãÂÓ’ã“ƒ33C##ƒS#CsƒFRÓ`­˜­‹mŠ}˜ÂÓ’ã“ƒcƒcS3ƒ3“s##†RÓbÃrÃRÃãÂÓ’ã“ƒcƒcS3ƒ3“s##†RÓ`­˜]Š}‹˜=Š­‹2ÂÓ’ã“ƒ“C“S“c“cC6RÓbÃ#2ÃÃãÂÓ’ã“ƒ“C“S“c“cC6RÓ`­Š}˜MŠ­‹˜­˜­˜mŠ}Š¢ÂÓ’ã““C3ƒƒsƒsS““c6RÓbÃ‚ÃbÃãÂÓ’ã““C3ƒƒsƒsS““c6RÓ`­‹˜­Š}˜MŠ}˜M˜Š­‹˜}Š}˜M˜˜‹=˜Š}Š­Š}˜MŠ}˜M˜˜]˜m˜­˜˜]Š}˜M‹˜}Š‚ÂÓ’ã“““ƒcC3cCC#S†RÓbÃ2Ã2ÃãÂÓ’ã“““ƒcC3cCC#S†RÓ`­˜‹ŠòÂÓãC“3CƒSƒ–RÓRÃ#bÃ#2ÃãÂÓãC“3CƒSƒ–RÓP­ŠŠ}‹=Š­Š½˜]Š}‹ÂÓãcSs#“#cSƒ&RÓRÃÃ’ÃãÂÓãcSs#“#cSƒ&RÓP­Š}‹Š}Šý˜rÂÓãƒƒ#ss#SCRÓRÃbÃ2ÃãÂÓãƒƒ#ss#SCRÓP­˜Š½˜-Š}˜˜rÂÓã#s#ƒƒsSƒƒ6RÓRÃrÃbÃãÂÓã#s#ƒƒsSƒƒ6RÓP­Š}˜]Š­˜MŠ}˜=˜}ŠrÂÓã#““sS#Cƒ†RÓRÃRÃ2ÃãÂÓã#““sS#Cƒ†RÓP­Š}˜M˜]Šm˜rÂÓã##ƒCcƒ#c33#&RÓRÃ3Ã2ÃãÂÓã##ƒCcƒ#c33#&RÓP­˜-˜mŠ}˜rÂÓã#ƒc“c#“3ƒ“sfRÓRÃ3bÃ3ÃãÂÓã#ƒc“c#“3ƒ“sfRÓP­Š}˜MŠ}˜]Š½˜BÂÓã#ƒ#Sc3s#“ƒfRÓRÃCÃ#’ÃãÂÓã#ƒ#Sc3s#“ƒfRÓP­Š­‹Š}Ší˜­‹RÂÓã3CC““CscCCRÓRÃÃ‚ÃãÂÓã3CC““CscCCRÓP­Š}˜M‹m˜]Š}˜bÂÓã3C3s#“cƒc#vRÓRÃbÃrÃãÂÓã3C3s#“cƒc#vRÓP­˜˜-˜‹’ÂÓã3s3C3SSƒSs6RÓRÃrÃÃãÂÓã3s3C3SSƒSs6RÓP­Š‹Š}˜mŠòÂÓã3sS“#ƒ3Sƒc#vRÓRÃ#RÃ2ÃãÂÓã3sS“#ƒ3Sƒc#vRÓP­‹ŠòÂÓãCCCcƒccƒcƒCSFRÓRÃrÃrÃãÂÓãCCCcƒccƒcƒCSFRÓP­Š}˜M˜]‹=Š­˜mŠý˜­˜rÂÓãCcS#sC3#C##fRÓRÃÃbÃãÂÓãCcS#sC3#C##fRÓP­Š}˜M˜]˜mŠ}‹-˜BÂÓãCsSccSsSsSfRÓRÃbÃÃãÂÓãCsSccSsSsSfRÓP­Š}˜M˜]˜MŠ}Š˜]˜rÂÓãC“cc33ƒC†RÓRÃBÃBÃãÂÓãC“cc33ƒC†RÓP­‹‹Š}˜­Š­˜}ŠrÂÓãS3CcCƒ3CCC3FRÓRÃBÃBÃãÂÓãS3CcCƒ3CCC3FRÓP­Š}˜M‹=Š}˜­Š˜‹ÂÓãcS#Ccƒc“#s6RÓRÃ3"ÃbÃãÂÓãcS#Ccƒc“#s6RÓP­Š}˜-˜M˜­˜rÂÓãcs“cScƒcƒ3“fRÓRÃrÃbÃãÂÓãcs“cScƒcƒ3“fRÓP­˜M˜]ŠŠ}Šý‹Š}Š¢ÂÓãcƒƒSc“#ƒSc#vRÓRÃ2Ã2ÃãÂÓãcƒƒSc“#ƒSc#vRÓP­ŠŠý‹ŠÍ˜rÂÓãs##SSc336RÓRÃÃ’ÃãÂÓãs##SSc336RÓP­˜M˜M˜]‹=Š­˜-Š˜BÂÓãsC“ƒ“s3C“##6RÓRÃBÃBÃãÂÓãsC“ƒ“s3C“##6RÓP­˜]Š­Š}Š‹˜¢ÂÓãsc3#Cc“c“vRÓRÃsÃbÃãÂÓãsc3#Cc“c“vRÓP­˜˜m˜]˜‹ŠÂÂÓãs“####s“#“fRÓRÃÃbÃãÂÓãs“####s“#“fRÓP­Š­ŠÍ˜]‹’ÂÓãs“ƒƒƒƒƒ#cC3†RÓRÃ‚ÃrÃãÂÓãs“ƒƒƒƒƒ#cC3†RÓP­˜˜mŠÍ‹Š}˜bÂÓãƒƒc#3#S3#““#–RÓRÃ’Ã’ÃãÂÓãƒƒc#3#S3#““#–RÓP­˜]˜m‹MŠ}˜rÂÓãƒ“cS#c33“CƒSvRÓRÃ#‚Ã#ÃãÂÓãƒ“cS#c33“CƒSvRÓP­ŠÍ˜M‹=Š­˜rÂÓã“SS3S#“S“VRÓRÃrÃrÃãÂÓã“SS3S#“S“VRÓP­˜Š}˜M‹MŠ˜=Š}Š¢ÂÓã“s#s#ƒscCƒVRÓRÃ2Ã’ÃãÂÓã“s#s#ƒscCƒVRÓP­ŠŠ}˜MŠ‹˜­ŠòÂÓã“ƒC#Scƒc“SfRÓRÃBÃ2ÃãÂÓã“ƒC#Scƒc“SfRÓP­Š}˜-Š}˜]˜rÂÓã““3Ss#ƒCCRÓRÃ’ÃrÃãÂÓã““3Ss#ƒCCRÓP­˜Š}‹=Š­ŠŠýŠ}˜BÂÓã“3Sƒ3“S“ƒcVRÓRÃ’ÃrÃãÂÓã“3Sƒ3“S“ƒcVRÓP­˜­Šý˜­˜RÂÓãƒ3ƒssss#sc3vRÓRÃ’Ã’ÃãÂÓãƒ3ƒssss#sc3vRÓP­˜Š}˜MŠ}‹=Š­ŠýŠ}˜]˜rÂÓã““cƒSScs“†RÓRÃCBÃCÃãÂÓã““cƒSScs“†RÓP­Š}˜M˜‹Š}˜BÂÓã#c3“3SSƒ““–RÓRÃÃrÃãÂÓã#c3“3SSƒ““–RÓP­˜]˜‹=˜]˜¢ÂÓã#CCsCƒcs“#s–RÓRÃBÃ2ÃãÂÓã#CCsCƒcs“#s–RÓP­˜˜}˜­Š}˜=˜BÂÓã#sSƒ#C#ƒSvRÓRÃbÃ2ÃãÂÓã#sSƒ#C#ƒSvRÓP­˜]Š­˜mŠ}˜}˜­˜rÂÓã#sc“s“SS36RÓRÃ’Ã2ÃãÂÓã#sc“s“SS36RÓP­Š}˜M˜˜‹ÂÓã#ƒ#sc“#ƒCSs6RÓRÃBÃBÃãÂÓã#ƒ#sc“#ƒCSs6RÓP­ŠÍ˜M‹=Š}Š¢ÂÓã33#SSCs#ƒS–RÓRÃ’Ã"ÃãÂÓã33#SSCs#ƒS–RÓP­Š}˜M‹˜mŠ}‹]‹ÂÓãCC##3C3Scƒ&RÓRÃBÃbÃãÂÓãCC##3C3Scƒ&RÓP­Š}˜M˜]‹=ŠÍ˜BÂÓãCCS“sS3vRÓRÃbÃBÃãÂÓãCCS“sS3vRÓP­Š}ŠmŠ­˜]Š}˜m˜¢ÂÓãCc“S#c#cCccSRÓRÃ2Ã‚ÃãÂÓãCc“S#c#cCccSRÓP­Š}˜M˜]‹}‹Šý˜rÂÓãCsCcScS3“ƒCVRÓRÃBÃBÃãÂÓãCsCcScS3“ƒCVRÓP­Š}Š­˜-Šý˜RÂÓãSc#cs##CC“s6RÓRÃbÃRÃãÂÓãSc#cs##CC“s6RÓP­˜]Š­‹m˜]˜m˜rÂÓãScsscss3sƒƒfRÓRÃ‚ÃÃãÂÓãScsscss3sƒƒfRÓP­Š˜]ŠÍŠ}˜BÂÓãSs“ssSSsC#3sVRÓRÃRÃBÃãÂÓãSs“ssSSsC#3sVRÓP­˜Š}Ší˜MŠ}˜-˜­Š}Š¢ÂÓãSƒcƒCƒƒS#ƒ6RÓRÃ2Ã2ÃãÂÓãSƒcƒCƒƒS#ƒ6RÓP­˜]˜]Š}‹‹=Š}Š¢ÂÓãcƒsS“c“3“6RÓRÃ3‚Ã#"ÃãÂÓãcƒsS“c“3“6RÓP­Š}˜M‹=‹Šý˜¢ÂÓãs““sssCCS6RÓRÃ’ÃbÃãÂÓãs““sssCCS6RÓP­˜˜­‹}Š˜"ÂÓãƒ#S3c#“S3cvRÓRÃ3"Ã‚ÃãÂÓãƒ#S3c#“S3cvRÓP­Š­˜mŠ}‹=Š‚ÂÓãƒƒSsƒC“Sƒc#6RÓRÃBÃ2ÃãÂÓãƒƒSsƒC“Sƒc#6RÓP­Š}˜MŠí˜­˜]˜rÂÓãƒƒ“#s3cƒsVRÓRÃ‚Ã2ÃãÂÓãƒƒ“#s3cƒsVRÓP­˜Š­˜-˜MŠòÂÓã“C33sC#ƒS#6RÓRÃbÃRÃãÂÓã“C33sC#ƒS#6RÓP­Š}˜MŠÝ‹‹RÂÓã“sCƒCS“C“3cFRÓRÃbÃbÃãÂÓã“sCƒCS“C“3cFRÓP­ŠŠ}˜M‹m‹˜‹˜rÂÓã“ƒSSƒs#cƒ#SfRÓRÃ2ÃrÃãÂÓã“ƒSSƒs#cƒ#SfRÓP­˜]˜‹Šý˜­˜bÂÓã#““ƒscc†RÓRÃ‚ÃrÃãÂÓã#““ƒscc†RÓP­˜­˜Š}˜˜"ÂÓã#“3S“c#†RÓRÃ#’Ã#RÃãÂÓã#“3S“c#†RÓP­˜Š}˜M‹­Š}‹"ÂÓã#C#sCCsƒS3fRÓRÃ3BÃ#"ÃãÂÓã#C#sCCsƒS3fRÓP­Š}˜M˜]˜-Š}˜]˜rÂÓã#“c3c3S“s“vRÓRÃBÃBÃãÂÓã#“c3c3S“s“vRÓP­Š}˜M˜-‹Š}Š˜rÂÓã#c3#ƒ“#ƒs3c#†RÓRÃ3BÃ‚ÃãÂÓã#c3#ƒ“#ƒs3c#†RÓP­˜M˜­ŠÝ˜-˜"ÂÓã##CCƒ“S“3ƒ&RÓRÃRÃBÃãÂÓã##CCƒ“S“3ƒ&RÓP­Š½˜MŠ}Š½˜­˜rÂÓã#3ScSSC#“c##–RÓRÃRÃ’ÃãÂÓã#3ScSSC#“c##–RÓP­Š}˜M˜]‹]‹˜­˜rÂÓã#3Sƒ“3ƒƒƒcS3#SVRÓRÃCRÃÃãÂÓã#3Sƒ“3ƒƒƒcS3#SVRÓP­˜Š}˜MŠ­ŠÍ‹-Šm˜rÂÓã#3csCC3ƒ#“#scs†RÓRÃBÃBÃãÂÓã#3csCC3ƒ#“#scs†RÓP­Š}˜MŠ­˜˜-‹Š}Š¢ÂÓã#3sS3CƒƒCSvRÓRÃ#3‚Ã’ÃãÂÓã#3sS3CƒƒCSvRÓP­Š}˜M˜]‹-Š}ŠýŠ}˜MŠ­‹­˜­‹Š}˜MŠ­˜]˜˜­˜bÂÓã#3s“C“ƒcccssfRÓRÃÃBÃãÂÓã#3s“C“ƒcccssfRÓP­˜]ŠíŠ}˜M˜˜rÂÓã#Cs#“C3s“cS“&RÓRÃ3"ÃRÃãÂÓã#Cs#“C3s“cS“&RÓP­Š­‹˜M˜­˜RÂÓã#C#“3“#ƒ“S#cC†RÓRÃ3’ÃCRÃãÂÓã#C#“3“#ƒ“S#cC†RÓP­Š}˜MŠý˜-˜­˜-˜rÂÓã#C3s“ssssc#c#ƒVRÓRÃbÃBÃãÂÓã#C3s“ssssc#c#ƒVRÓP­Š}‹=Š­Š½˜]Š}‹ŠrÂÓã#CSSCC“S3“sC#RÓRÃ’Ã’ÃãÂÓã#CSSCC“S3“sC#RÓP­˜mŠ}ŠÍŠÒÂÓã#Cƒs#ƒcS3†RÓRÃBÃ2ÃãÂÓã#Cƒs#ƒcS3†RÓP­Š­˜Š}˜˜"ÂÓã#C“CSSƒcCsƒCc†RÓRÃcBÃSRÃãÂÓã#C“CSSƒcCsƒCc†RÓP­˜­˜mŠí˜‹bÂÓã#C“sCcS#RÓRÃbÃ’ÃãÂÓã#C“sCcS#RÓP­˜‹]‹ŠÝŠ¢ÂÓã#SCs33S#CcvRÓRÃBÃBÃãÂÓã#SCs33S#CcvRÓP­‹=˜M˜­˜RÂÓã#S“#ScS3SCsVRÓRÃ‚ÃRÃãÂÓã#S“#ScS3SCsVRÓP­˜MŠ­‹}Š˜­˜"ÂÓã#cSs“##“#Cc“–RÓRÃ32Ã#ÃãÂÓã#cSs“##“#Cc“–RÓP­˜­‹=˜}˜BÂÓã#c3cc3S“c#33S3–RÓRÃ‚Ã‚ÃãÂÓã#c3cc3S“c#33S3–RÓP­Š}˜MŠ­‹]‹˜ÂÓã#cƒCc#ƒ#CSc36RÓRÃ’ÃrÃãÂÓã#cƒCc#ƒ#CSc36RÓP­ŠŠí‹=Š}Šm‹ÂÓã#c“S#SSCS“cVRÓRÃcbÃSÃãÂÓã#c“S#SSCS“cVRÓP­‹M˜=‹˜rÂÓã#sSƒ““csCS&RÓRÃC2Ã3RÃãÂÓã#sSƒ““csCS&RÓP­˜Š}Š­˜]Š}˜RÂÓã#sC3#3ƒcc3sƒs6RÓRÃbÃÃãÂÓã#sC3#3ƒcc3sƒs6RÓP­˜Š}‹=Š­˜]‹Š}‹˜­˜rÂÓã#“#ƒCC“C36RÓRÃÃ‚ÃãÂÓã#“#ƒCC“C36RÓP­˜˜]˜˜}˜˜RÂÓã3Sƒƒƒ3ScƒC3vRÓRÃ2Ã2ÃãÂÓã3Sƒƒƒ3ScƒC3vRÓP­Š­‹}˜‹˜­˜rÂÓã3CƒƒS“3##“C6RÓRÃRÃÃãÂÓã3CƒƒS“3##“C6RÓP­Š}˜MŠÍ˜]‹˜=˜¢ÂÓã3Ss#“#c“Sc“RÓRÃ‚Ã2ÃãÂÓã3Ss#“#c“Sc“RÓP­ŠÍŠýŠýŠ¢ÂÓã3sƒs33ƒ3ssvRÓRÃbÃbÃãÂÓã3sƒs33ƒ3ssvRÓP­Š}˜M˜]˜­‹-Š}Š¢ÂÓã3ƒC3“Ccc†RÓRÃbÃBÃãÂÓã3ƒC3“Ccc†RÓP­Š­˜˜M˜­˜}ŠrÂÓã33#“ƒC3sSSs6RÓRÃ2Ã2ÃãÂÓã33#“ƒC3sSSs6RÓP­Š}‹MŠÍŠ}‹ÂÓã333sc#ScsScc–RÓRÃBÃ2ÃãÂÓã333sc#ScsScc–RÓP­˜‹=‹˜­˜}ŠrÂÓã33S3ƒscsSsc&RÓRÃÃ‚ÃãÂÓã33S3ƒscsSsc&RÓP­˜M˜ŠÝŠý˜rÂÓã33S““Sƒ“ƒcc3ƒvRÓRÃC’Ã3bÃãÂÓã33S““Sƒ“ƒcc3ƒvRÓP­Š˜˜M˜­˜]‹Š}Š¢ÂÓã33ssSƒc#“S3ƒcfRÓRÃ2ÃÃãÂÓã33ssSƒc#“S3ƒcfRÓP­‹=˜­˜˜‹ÂÓã33ƒ#33SSSC3&RÓRÃ2Ã"ÃãÂÓã33ƒ#33SSSC3&RÓP­‹­‹=Š}˜bÂÓã3Ccƒs“##scccvRÓRÃ‚Ã2ÃãÂÓã3Ccƒs“##scccvRÓP¥’ÂÓã3Cƒ3“#“#3sCFRÓRÃ32Ã2ÃãÂÓã3Cƒ3“#“#3sCFRÓP­˜Š}‹Š­˜]Š}ŠòÂÓã3c3ƒ“S#S33cS–RÓRÃrÃBÃãÂÓã3c3ƒ“S#S33cS–RÓP­˜Š}˜M˜-‹]˜­˜RÂÓã3sc#“C33“C“&RÓRÃ"Ã"ÃãÂÓã3sc#“C33“C“&RÓP­ŠŠ}‹=˜]˜rÂÓã3ssƒS#sc3#vRÓRÃBÃ2ÃãÂÓã3ssƒS#sc3#vRÓP­Š}˜M˜˜}˜­Š˜¢ÂÓã3sƒ3“sƒ#ƒ“C6RÓRÃ’Ã‚ÃãÂÓã3sƒ3“sƒ#ƒ“C6RÓP­Š­Š­˜]˜­‹"ÂÓã3ƒCsCSC#ƒFRÓRÃÃÃãÂÓã3ƒCsCSC#ƒFRÓP­˜­˜mŠ­‹‹ÂÓã3ƒSS3“Sƒ3Css6RÓRÃ’ÃrÃãÂÓã3ƒSS3“Sƒ3Css6RÓP­˜Š}˜=Š½‹ÂÓã3“33sscSƒC#s6RÓRÃ“‚ÃCbÃãÂÓã3“33sscSƒC#s6RÓP­Š}˜M‹=ŠýŠ}ŠòÂÓã3“#“##3cc3“FRÓRÃcBÃCÃãÂÓã3“#“##3cc3“FRÓP­‹˜]˜rÂÓã3“S#“#ƒS3s“RÓRÃS2ÃC’ÃãÂÓã3“S#“#ƒS3s“RÓP­˜­ŠÍ‹=ŠòÂÓã3“SƒƒCC3#&RÓRÃÃÃãÂÓã3“SƒƒCC3#&RÓP­Š}˜}ŠýŠ}˜˜rÂÓã3“ƒ““Cs##C“fRÓRÃRÃRÃãÂÓã3“ƒ““Cs##C“fRÓP­˜]‹Š}˜MŠÍ˜rÂÓãCSscC“#SCssvRÓRÃSBÃ3’ÃãÂÓãCSscC“#SCssvRÓP­Š˜m˜‹˜­˜}ŠrÂÓãCc#“s#3Cs†RÓRÃRÃRÃãÂÓãCc#“s#3Cs†RÓP­˜]‹˜Š}˜rÂÓãCcs“ƒs#3“3cfRÓRÃBÃ2ÃãÂÓãCcs“ƒs#3“3cfRÓP­Š}˜M˜=Š}˜­˜]Š}˜bÂÓãCcs“ƒs#3“3cfRÓRÃBÃ2ÃãÂÓãCcs“ƒs#3“3cfRÓP­Š}˜]‹˜rÂÓãCScsCƒ3ƒs#†RÓRÃRÃ2ÃãÂÓãCScsCƒ3ƒs#†RÓP­˜M‹=˜]˜‚ÂÓãC“Sƒ“3“3ƒsc6RÓRÃbÃ"ÃãÂÓãC“Sƒ“3“3ƒsc6RÓP­Š}˜M˜ŠýŠ}‹¢ÂÓãC#sƒƒ3s“CvRÓRÃrÃbÃãÂÓãC#sƒƒ3s“CvRÓP­˜˜­˜}Šý˜ÂÓãC##ƒCƒ3ƒc–RÓRÃ#‚Ã#BÃãÂÓãC##ƒCƒ3ƒc–RÓP­Š}˜MŠ}˜]‹˜­˜=˜¢ÂÓãC#ccC“ƒƒscS6RÓRÃCÃcrÃãÂÓãC#ccC“ƒƒscS6RÓP­˜MŠí˜‹bÂÓãC#sc“s3sc“fRÓRÃÃ’ÃãÂÓãC#sc“s3sc“fRÓP­Š}Š‹Š}ŠÂÓãC#ƒ3#s#sScC3CSfRÓRÃS2ÃSÃãÂÓãC#ƒ3#s#sScC3CSfRÓP­Š}˜]ŠýŠ}ŠýŠ}Š¢ÂÓãC3#C3#Sƒ#“3RÓRÃC2Ã#RÃãÂÓãC3#C3#Sƒ#“3RÓP­ŠŠ­‹Š}‹‹bÂÓãCScƒ“ƒC#sC#†RÓRÃ2Ã2ÃãÂÓãCScƒ“ƒC#sC#†RÓP­Š}˜MŠ­˜]˜­˜]˜¢ÂÓãCS3c3#S3“SC“c#VRÓRÃ3Ã’ÃãÂÓãCS3c3#S3“SC“c#VRÓP­˜Š}˜M˜m˜]Š}ŠÂÓãCSC##S3sc#CSs6RÓRÃbÃRÃãÂÓãCSC##S3sc#CSs6RÓP­˜˜­˜}˜RÂÓãCSssS“#s3cƒCcƒVRÓRÃbÃ2ÃãÂÓãCSssS“#s3cƒCcƒVRÓP­Š}˜MŠ­‹Š}ŠÍ‹Š}Š¢ÂÓãCc“ccC##S3C“FRÓRÃBÃBÃãÂÓãCc“ccC##S3C“FRÓP­Š}‹MŠ}ŠòÂÓãCcƒC#CSssS3“CfRÓRÃ2Ã"ÃãÂÓãCcƒC#CSssS3“CfRÓP­˜­˜Š}ŠÍ˜}˜}ŠrÂÓãCscc“SC3scc†RÓRÃRÃ2ÃãÂÓãCscc“SC3scc†RÓP­˜­ŠÝ˜]˜BÂÓãCsƒƒ“ƒSƒ“s#3&RÓRÃbÃÃãÂÓãCsƒƒ“ƒSƒ“s#3&RÓP­Š­‹=‹˜rÂÓãS#3scc#SS“S–RÓRÃC"Ã#RÃãÂÓãS#3scc#SS“S–RÓP­ŠŠ}˜M‹Š‹˜­˜bÂÓãS3S#s#ƒSS†RÓRÃbÃ2ÃãÂÓãS3S#s#ƒSS†RÓP­ŠŠ}˜MŠ­˜]‹˜­‹ÂÓãS3c“CsƒCsCC–RÓRÃrÃRÃãÂÓãS3c“CsƒCsCC–RÓP­Š}˜MŠ}˜­Šý˜¢ÂÓãSC33ƒscs3s“#cfRÓRÃÃ‚ÃãÂÓãSC33ƒscs3s“#cfRÓP­Š½˜-˜rÂÓãSC3S#3ƒ#ƒƒ“#C†RÓRÃC"Ã3ÃãÂÓãSC3S#3ƒ#ƒƒ“#C†RÓP­˜‹˜­ŠýŠrÂÓãSCSSc#“ƒ“S3cC&RÓRÃ2Ã2ÃãÂÓãSCSSc#“ƒ“S3cC&RÓP­˜Šý˜‹˜rÂÓãSC““C33sƒƒ#sRÓRÃrÃbÃãÂÓãSC““C33sƒƒ#sRÓP­˜˜­‹=˜}˜RÂÓãSSSCs“SSC3ƒvRÓRÃ#Ã‚ÃãÂÓãSSSCs“SSC3ƒvRÓP­˜m˜‹}˜­˜rÂÓãSSs#cc“s#SCc6RÓRÃbÃBÃãÂÓãSSs#cc“s#SCc6RÓP­˜M‹˜MŠ}˜-Š}Š¢ÂÓãSSƒScS#C3s3VRÓRÃ#"ÃÃãÂÓãSSƒScS#C3s3VRÓP­˜Š}˜MŠ­Ší‹]‹]˜­˜rÂÓãSscƒcccs“sS6RÓRÃ2Ã2ÃãÂÓãSscƒcccs“sS6RÓP­˜˜MŠ}ŠmŠÝŠ­˜rÂÓãSsc#c#SC#C3ƒ&RÓRÃ‚ÃrÃãÂÓãSsc#c#SC#C3ƒ&RÓP­˜ŠÍ‹˜¢ÂÓãSs“3CcccCCVRÓRÃ‚Ã2ÃãÂÓãSs“3CcccCCVRÓP­˜Š}˜‹]˜¢ÂÓãSƒs“ccƒ#Sƒ#FRÓRÃ‚ÃBÃãÂÓãSƒs“ccƒ#Sƒ#FRÓP­Š}‹=˜M˜Š‚ÂÓãS“#sSS3CƒCSC“ƒFRÓRÃbÃBÃãÂÓãS“#sSS3CƒCSC“ƒFRÓP­˜‹‹bÂÓãS““Cscc3cS“†RÓRÃ3RÃ#"ÃãÂÓãS““Cscc3cS“†RÓP­Š}˜MŠ­‹­˜­‹‹‹˜­Š‚ÂÓãc3“c#c33SScvRÓRÃRÃ2ÃãÂÓãc3“c#c33SScvRÓP­˜Š}˜M‹˜Š}ŠmŠòÂÓãcsScC“sƒSƒ“s&RÓRÃbÃRÃãÂÓãcsScC“sƒSƒ“s&RÓP­ŠŠý˜‹˜rÂÓãc3c3“Ccc3sƒVRÓRÃRÃ2ÃãÂÓãc3c3“Ccc3sƒVRÓP­Š‹˜-˜RÂÓãc#s#“““cs3RÓRÃ’Ã‚ÃãÂÓãc#s#“““cs3RÓP­‹­‹m˜˜bÂÓãc#sScS##CfRÓRÃbÃRÃãÂÓãc#sScS##CfRÓP­Š}˜MŠ­Ší˜M˜­‹RÂÓãc3Sc“3S“3c“sfRÓRÃrÃ2ÃãÂÓãc3Sc“3S“3c“sfRÓP­Š}˜]Š½˜M˜rÂÓãc3sƒSƒƒ“3ƒc#SSvRÓRÃRÃ2ÃãÂÓãc3sƒSƒƒ“3ƒc#SSvRÓP­˜˜]‹Š}˜˜-˜}ŠrÂÓãc3ƒ“ScSssSCsƒ–RÓRÃRÃBÃãÂÓãc3ƒ“ScSssSCsƒ–RÓP­˜Š­ŠÍ˜}˜­‹"ÂÓãc3“ScsƒCSsc“3†RÓRÃbÃbÃãÂÓãc3“ScsƒCSsc“3†RÓP­Š}Š˜mŠ}ŠÂÓãcS#““Scs“cCƒ&RÓRÃ#rÃrÃãÂÓãcS#““Scs“cCƒ&RÓP­˜Š}˜MŠ­˜ŠÍ˜­˜}Š}Š¢ÂÓãcS##s#SSCCSC†RÓRÃbÃbÃãÂÓãcS##s#SSCCSC†RÓP­Š­‹=Š­‹­‹˜"ÂÓãcS3#ss#scfRÓRÃ"Ã"ÃãÂÓãcS3#ss#scfRÓP­Š}˜MŠíŠ‹Š}Š¢ÂÓãcS“““##“ƒc“cFRÓRÃSBÃCÃãÂÓãcS“““##“ƒc“cFRÓP­Š}˜M˜]‹-Š}ŠýŠ}˜MŠ­‹­˜­‹Š}˜MŠŠÝ‹ÂÓãccS“ƒƒ“C33#&RÓRÃRÃ’ÃãÂÓãccS“ƒƒ“C33#&RÓP­˜Š­Š}˜}˜­˜BÂÓãcsƒs3s#cc#ƒ6RÓRÃ#bÃ#2ÃãÂÓãcsƒs3s#cc#ƒ6RÓP­˜Š}‹‹Š‚ÂÓãcs3SSƒCC#vRÓRÃ#Ã’ÃãÂÓãcs3SSƒCC#vRÓP­˜-Šý‹Š­˜rÂÓãcsSƒCC#cccSfRÓRÃ#Ã2ÃãÂÓãcsSƒCC#cccSfRÓP­˜Š}˜M˜]Š­‹­˜­Š˜­˜bÂÓãcs33C3ss“Sƒ†RÓRÃÃÃãÂÓãcs33C3ss“Sƒ†RÓP­˜=˜]‹Šý˜BÂÓãcsS#CS3##3ƒ#cVRÓRÃBÃ2ÃãÂÓãcsS#CS3##3ƒ#cVRÓP­˜M˜]‹]‹˜ÂÓãcs“s3ssCƒ3s#VRÓRÃ3rÃ#RÃãÂÓãcs“s3ssCƒ3s#VRÓP­˜Š}˜M‹Š}˜M˜]˜­˜­˜bÂÓãcƒ#Sscƒƒ#SƒfRÓRÃ2Ã2ÃãÂÓãcƒ#Sscƒƒ#SƒfRÓP­ŠŠý˜˜bÂÓãcƒC““ƒCƒ3ƒfRÓRÃ‚ÃCrÃãÂÓãcƒC““ƒCƒ3ƒfRÓP­˜˜-Š}Š˜M˜rÂÓãc“3“#33#cƒ“ƒƒ†RÓRÃRÃRÃãÂÓãc“3“#33#cƒ“ƒƒ†RÓP­˜Š}˜M˜]˜Š}‹ŠòÂÓãc“Cƒ3C3ƒ#ƒ3–RÓRÃ#ÃrÃãÂÓãc“Cƒ3C3ƒ#ƒ3–RÓP­Š}˜M˜]Š}ŠýŠ­˜­˜bÂÓãc“Ss#ƒC#S#†RÓRÃBÃBÃãÂÓãc“Ss#ƒC#S#†RÓP­‹˜]˜M˜­Š}Š­˜}˜RÂÓãc“c“3Ss“ƒ3SSCSfRÓRÃRÃ2ÃãÂÓãc“c“3Ss“ƒ3SSCSfRÓP­Š}ŠýŠ}‹Š­˜rÂÓãc“c“c33c“cScfRÓRÃ#ÃrÃãÂÓãc“c“c33c“cScfRÓP­Š}˜M‹=‹˜rÂÓãc“ss““#C“c3cvRÓRÃ"ÃÃãÂÓãc“ss““#C“c3cvRÓP­‹˜‹=˜­ŠrÂÓãc“ƒsCssCs#3vRÓRÃ#"ÃrÃãÂÓãc“ƒsCssCs#3vRÓP­˜Š}˜M˜}ŠÍ‹ÂÓãc““SSƒ#ƒ““CCRÓRÃ#ÃÃãÂÓãc““SSƒ#ƒ““CCRÓP­˜]Š­‹ŠýŠòÂÓãs#“ƒCc3“cScFRÓRÃ’Ã‚ÃãÂÓãs#“ƒCc3“cScFRÓP­Š‹]‹˜ÂÓãsC3cƒ“CSSSc3ƒVRÓRÃÃbÃãÂÓãsC3cƒ“CSSSc3ƒVRÓP­Š­‹ŠýŠý˜­˜rÂÓãsSƒƒCS“ƒs3CCC†RÓRÃ2Ã2ÃãÂÓãsSƒƒCS“ƒs3CCC†RÓP­‹MŠ}‹˜=˜ŠrÂÓãsC“3ƒ““3ƒsCVRÓRÃRÃRÃãÂÓãsC“3ƒ““3ƒsCVRÓP­Š}˜M˜]‹-Š}ŠýŠ}˜MŠ­‹­˜­‹Š}˜M˜MŠÍ˜­˜bÂÓãs##cc““Ss““vRÓRÃ’ÃbÃãÂÓãs##cc““Ss““vRÓP­ŠŠ­˜˜­Š­‹ÂÓãs#cccƒ“ƒs“CcC&RÓRÃBÃBÃãÂÓãs#cccƒ“ƒs“CcC&RÓP­˜Šý‹Š}‹=Š}Š¢ÂÓãs#s“cc3Cc“#SRÓRÃ2Ã2ÃãÂÓãs#s“cc3Cc“#SRÓP­˜]‹˜mŠrÂÓãs3CSCcss#cccVRÓRÃBÃ2ÃãÂÓãs3CSCcss#cccVRÓP­Š}˜MŠ}‹Š}˜mŠ}Š¢ÂÓãs3“C3“3#ƒs6RÓRÃ‚ÃrÃãÂÓãs3“C3“3#ƒs6RÓP­˜MŠ­‹=Š­˜]‹ÂÓãsC#sCc#3ƒC36RÓRÃ3rÃ"ÃãÂÓãsC#sCc#3ƒC36RÓP­˜Š}‹ŠòÂÓãsCsƒC33“ƒ“3“C6RÓRÃBÃ"ÃãÂÓãsCsƒC33“ƒ“3“C6RÓP­Š­ŠÍ‹=˜­ŠòÂÓãsCsƒc“cƒ#SRÓRÃ’ÃrÃãÂÓãsCsƒc“cƒ#SRÓP­˜M˜MŠÝ˜=˜˜]˜rÂÓãsCƒcs3#cS#cƒRÓRÃ3BÃ’ÃãÂÓãsCƒcs3#cS#cƒRÓP­˜­ŠÍ˜mŠ˜}ŠrÂÓãsSC#3#Scc““3CvRÓRÃ2Ã2ÃãÂÓãsSC#3#Scc““3CvRÓP­Š}‹=Š­ŠíŠýŠ}˜]˜rÂÓãsSc#cc#C3#“C&RÓRÃÃ’ÃãÂÓãsSc#cc#C3#“C&RÓP­Š}˜M‹Š}˜]˜}Š­˜RÂÓãsSs#ƒcsS#sRÓRÃrÃrÃãÂÓãsSs#ƒcsS#sRÓP­‹=˜­˜]˜=˜bÂÓãscC“cS“ƒss6RÓRÃ’ÃBÃãÂÓãscC“cS“ƒss6RÓP­˜]ŠíŠ}˜M˜˜­˜bÂÓãscƒsccScSC#&RÓRÃ2Ã2ÃãÂÓãscƒsccScSC#&RÓP­˜˜]‹=Š­˜˜­Š}Š¢ÂÓãssC3cƒ“cc36RÓRÃ’Ã‚ÃãÂÓãssC3cƒ“cc36RÓP­˜­˜]˜=˜m˜rÂÓãssS“ccCCc“&RÓRÃrÃRÃãÂÓãssS“ccCCc“&RÓP­Š}˜M‹=˜m˜˜­Š}‹=˜RÂÓãssScsƒƒSsSƒfRÓRÃ“BÃ’ÃãÂÓãssScsƒƒSsSƒfRÓP­Š}˜M˜]˜-˜­˜]˜­˜bÂÓãsƒCCcCSc“3ƒSsfRÓRÃ#BÃ‚ÃãÂÓãsƒCCcCSc“3ƒSsfRÓP­˜=Š½Š}˜˜rÂÓãsƒC“cƒc#“cfRÓRÃbÃRÃãÂÓãsƒC“cƒc#“cfRÓP­Š­‹-Š}˜­ŠòÂÓãsƒs“Ss#cC6RÓRÃBÃ2ÃãÂÓãsƒs“Ss#cC6RÓP­Š}˜MŠÍ‹‹˜­˜rÂÓãsƒ“s3“S““#fRÓRÃ2Ã2ÃãÂÓãsƒ“s3“S““#fRÓP­Š­‹]‹˜­ŠÒÂÓãs“SCcSƒccsSvRÓRÃCRÃ3rÃãÂÓãs“SCcSƒccsSvRÓP­Š}‹=Š­‹Š}Šý˜rÂÓãs“S#sCc#Cs3s“vRÓRÃRÃBÃãÂÓãs“S#sCc#Cs3s“vRÓP­Š}˜MŠ­‹}˜‹’ÂÓãs““sƒƒScScSsFRÓRÃÃ‚ÃãÂÓãs““sƒƒScScSsFRÓP­˜]˜}˜mŠý‹=ŠrÂÓãƒ33“CcS#36RÓRÃBÃBÃãÂÓãƒ33“CcS#36RÓP­Š}˜MŠ}‹=˜­Š­Š}Š¢ÂÓãƒ##Sƒ#ƒ3sCFRÓRÃ’Ã2ÃãÂÓãƒ##Sƒ#ƒ3sCFRÓP­˜MŠ}Š‹Š}˜RÂÓãƒ###s““#SCƒfRÓRÃ2Ã2ÃãÂÓãƒ###s““#SCƒfRÓP­˜Š}‹=Š­Š½˜]Š}‹Š}Š­˜}ŠrÂÓãƒ#Sƒ#ƒsƒc“Cƒ“VRÓRÃBÃBÃãÂÓãƒ#Sƒ#ƒsƒc“Cƒ“VRÓP­˜­Š­‹Š­Š‚ÂÓãƒ#SƒS3#SCS#CvRÓRÃ3BÃ#"ÃãÂÓãƒ#SƒS3#SCS#CvRÓP­ŠŠ}˜M‹M˜Š}˜˜­˜rÂÓãƒ#“ss#3sc“ƒƒsvRÓRÃbÃBÃãÂÓãƒ#“ss#3sc“ƒƒsvRÓP­Š}˜M‹M˜}‹Š}˜m˜¢ÂÓãƒ33#s#ƒ#C“c“SRÓRÃBÃ2ÃãÂÓãƒ33#s#ƒ#C“c“SRÓP­˜Š}˜M‹Š}˜M˜]˜¢ÂÓãƒ3“Ss““3C#“C36RÓRÃ#"ÃrÃãÂÓãƒ3“Ss““3C#“C36RÓP­Š}˜MŠÍŠ}Š‹˜¢ÂÓãƒCs3“““sC#3fRÓRÃÃRÃãÂÓãƒCs3“““sC#3fRÓP­˜Š}˜MŠ}‹ŠÍ˜mŠ­˜­˜bÂÓãƒScS#C“S#3c3##VRÓRÃBÃBÃãÂÓãƒScS#C“S#3c3##VRÓP­Š}‹Š­˜]Š}Šý˜}ŠrÂÓãƒc#3c3c3ƒscVRÓRÃBÃÃãÂÓãƒc#3c3c3ƒscVRÓP­ŠŠ­‹Šý˜­˜BÂÓãƒc“S“SsƒC““SS–RÓRÃRÃÃãÂÓãƒc“S“SsƒC““SS–RÓP­˜Š}‹Šý˜ÂÓãƒs3C#CCVRÓRÃBÃBÃãÂÓãƒs3C#CCVRÓP­˜M˜M˜]ŠMŠ­˜]‹Š}Š¢ÂÓãƒs3c“cƒS&RÓRÃRÃRÃãÂÓãƒs3c“cƒS&RÓP­Š}˜MŠÍŠý˜­‹˜­‹Šm˜­‹2ÂÓãƒƒC“#S3CsƒCc#C†RÓRÃ2Ã2ÃãÂÓãƒƒC“#S3CsƒCc#C†RÓP­Š}˜MŠ}‹]˜­˜M˜˜­‹]˜BÂÓãƒƒC“#S3CsƒCc#C†RÓRÃ2Ã2ÃãÂÓãƒƒC“#S3CsƒCc#C†RÓP­˜Š­˜=˜M˜˜rÂÓãƒƒs3C“c“33#SfRÓRÃÃ’ÃãÂÓãƒƒs3C“c“33#SfRÓP­‹M‹Š}˜=Š­˜}ŠrÂÓãƒƒ“3C3“c3ƒs3vRÓRÃÃrÃãÂÓãƒƒ“3C3“c3ƒs3vRÓP­˜M‹‹˜‹bÂÓãƒ“CSS#s““ƒ3VRÓRÃ2Ã2ÃãÂÓãƒ“CSS#s““ƒ3VRÓP­Š˜­Š}˜mŠ}Š­˜rÂÓãƒ“C“3SS“SCƒFRÓRÃBÃBÃãÂÓãƒ“C“3SS“SCƒFRÓP­˜‹=˜­‹=Š}˜}˜RÂÓã“cCS3SSƒScƒƒ&RÓRÃRÃ2ÃãÂÓã“cCS3SSƒScƒƒ&RÓP­˜]˜-˜­˜RÂÓã“sC#CS#cƒ“&RÓRÃ’ÃrÃãÂÓã“sC#CS#cƒ“&RÓP­Š}˜M˜}˜Š}˜]‹BÂÓã“scs3csSƒC“fRÓRÃcbÃC’ÃãÂÓã“scs3csSƒC“fRÓP­Š}˜M˜]‹-Š}ŠýŠ}˜MŠ­‹­˜­‹ŠÍŠ}˜=˜‚ÂÓã“c“S“#ƒc“S3&RÓRÃÃRÃãÂÓã“c“S“#ƒc“S3&RÓP­˜-‹˜­ŠŠrÂÓã“##S“#S3C“s“&RÓRÃC"Ã#BÃãÂÓã“##S“#S3C“s“&RÓP­‹˜M˜"ÂÓã“##ƒ#cSƒC#C3fRÓRÃÃÃãÂÓã“##ƒ#cSƒC#C3fRÓP­Š}˜m‹MŠ}Š¢ÂÓã“#cSCCC33c3Cc–RÓRÃRÃRÃãÂÓã“#cSCCC33c3Cc–RÓP­Š­˜‹]˜­Š­˜}ŠrÂÓã“#ccCcS#CcƒC“†RÓRÃ3rÃƒrÃãÂÓã“#ccCcS#CcƒC“†RÓP­Š}˜M‹=Š­˜rÂÓã“C#“3“C“c“C6RÓRÃC"ÃrÃãÂÓã“C#“3“C“c“C6RÓP­˜]˜mŠ}˜‹ÂÓã“C#“3#3s“C3CS6RÓRÃBÃ’ÃãÂÓã“C#“3#3s“C3CS6RÓP­Š}˜M‹MŠí‹]˜¢ÂÓã“C3““s“3cc†RÓRÃ#Ã‚ÃãÂÓã“C3““s“3cc†RÓP­˜˜­‹=‹ÂÓã“Css#cscc“SSSRÓRÃRÃRÃãÂÓã“Css#cscc“SSSRÓP­˜Š­‹]˜m˜­˜ÂÓã“Csƒ3S3ƒs“sRÓRÃ2Ã2ÃãÂÓã“Csƒ3S3ƒs“sRÓP­˜Š}˜M˜]‹=Š}˜}˜]˜­˜bÂÓã“C“S#““S#cƒCƒfRÓRÃ‚Ã‚ÃãÂÓã“C“S#““S#cƒCƒfRÓP­Š}˜M˜˜=˜MŠ}ŠÂÓã“S#ƒ3sSS3S3ƒSRÓRÃRÃ2ÃãÂÓã“S#ƒ3sSS3S3ƒSRÓP­ŠŠ}˜M˜-˜­Š}˜RÂÓã“Sƒ3s#sƒcs3s–RÓRÃrÃBÃãÂÓã“Sƒ3s#sƒcs3s–RÓP­˜Š}˜MŠ}ŠÍ˜}‹-˜rÂÓã“cƒS3333“sFRÓRÃ2ÃÃãÂÓã“cƒS3333“sFRÓP­Š}˜MŠŠ}˜M‹­˜rÂÓã“c“C#ƒ3S#CcsfRÓRÃ3ÃC‚ÃãÂÓã“c“C#ƒ3S#CcsfRÓP­˜MŠÍ˜}˜Šý˜}ŠrÂÓã“s#S“SVRÓRÃbÃbÃãÂÓã“s#S“SVRÓP­ŠŠ}˜M˜]˜m‹}˜-˜rÂÓã“sCƒs#SSCFRÓRÃƒbÃCrÃãÂÓã“sCƒs#SSCFRÓP­˜Š}˜M‹‹Š}˜­˜rÂÓã“sS3S3“3“33VRÓRÃ2ÃÃãÂÓã“sS3S3“3“33VRÓP­˜‹=Š­Š­˜˜M˜¢ÂÓã“s#csƒƒVRÓRÃBÃBÃãÂÓã“s#csƒƒVRÓP­˜]‹Š}ŠòÂÓã“sC#SƒSS3c3†RÓRÃRÃRÃãÂÓã“sC#SƒSS3c3†RÓP­˜]Šý‹Š˜¢ÂÓã“sSCsSc#CS3C&RÓRÃ2Ã2ÃãÂÓã“sSCsSc#CS3C&RÓP­Š}˜M˜]ŠÝ˜=˜]˜rÂÓã“sƒSƒƒƒƒ3SvRÓRÃBÃ2ÃãÂÓã“sƒSƒƒƒƒ3SvRÓP­ŠíŠ‹Š­˜rÂÓã“ƒ““S#sCcC#fRÓRÃBÃBÃãÂÓã“ƒ““S#sCcC#fRÓP­Š}˜M‹}˜˜­˜M˜rÂÓã““3S##CSƒs3†RÓRÃ’ÃrÃãÂÓã““3S##CSƒs3†RÓP­˜M˜M‹}˜­‹Š}˜bÂÓã““ƒSSƒSS3c“SƒfRÓRÃrÃBÃãÂÓã““ƒSSƒSS3c“SƒfRÓP­Š‹M‹˜¢ÂÓãss#“Cƒ#ƒSfRÓRÃrÃBÃãÂÓãss#“Cƒ#ƒSfRÓP­˜M˜MŠ½˜MŠ}Š²ÂÓãCƒs“Cs#sƒ“VRÓRÃBÃBÃãÂÓãCƒs“Cs#sƒ“VRÓP­Š}˜MŠÝ˜˜BÂÓãcCCS“3“sc3SvRÓRÃ3Ã’ÃãÂÓãcCCS“3“sc3SvRÓP­Š­‹Š}‹‹bÂÓã“Sƒƒ3sccsS–RÓRÃ’Ã‚ÃãÂÓã“Sƒƒ3sccsS–RÓP­Š}˜M˜]˜mŠ­˜}˜­˜rÂÓã#3C3Cƒs&RÓRÃ3cÃBÃãÂÓã#3C3Cƒs&RÓP­ŠŠ­ŠÝ‹=˜­˜bÂÓã#CCƒ3sCsSSc†RÓRÃbÃbÃãÂÓã#CCƒ3sCsSSc†RÓP­˜­‹]‹˜ÂÓã#cƒSSSƒ#sƒ&RÓRÃ‚ÃBÃãÂÓã#cƒSSSƒ#sƒ&RÓP­Š}˜MŠ­˜‹˜˜­˜rÂÓã3#sƒC“##S&RÓRÃRÃ’ÃãÂÓã3#sƒC“##S&RÓP­˜m˜]Š}‹ŠÂÂÓã3#ScSC“SCs–RÓRÃRÃÃãÂÓã3#ScSC“SCs–RÓP­Š}˜MŠ­‹}˜‹Š}Š¢ÂÓãCƒ““sƒCScsS““†RÓRÃcÃC"ÃãÂÓãCƒ““sƒCScsS““†RÓP­Š­Š­Š‹’ÂÓãScs“ssCƒ3CVRÓRÃ##Ã’ÃãÂÓãScs“ssCƒ3CVRÓP­Š}˜MŠ}‹=Š}‹2ÂÓãcs3#sƒCSc“vRÓRÃS2ÃcrÃãÂÓãcs3#sƒCSc“vRÓP­Š}˜M‹=˜m˜rÂÓãss3SS#ƒ6RÓRÃ3‚Ã#rÃãÂÓãss3SS#ƒ6RÓP­Š}˜MŠ}‹=Š­ŠÝ˜-Š}˜"ÂÓãsCSC#3#csSRÓRÃsbÃ“2ÃãÂÓãsCSC#3#csSRÓP­Š­ŠŠý˜‚ÂÓãsSC“cƒƒcƒ3fRÓRÃRÃ2ÃãÂÓãsSC“cƒƒcƒ3fRÓP­˜]‹]‹˜˜Š}Š¢ÂÓãscCSƒS3C##cFRÓRÃcBÃ#ÃãÂÓãscCSƒS3C##cFRÓP­Š}˜M˜]‹-˜­ŠÂÂÓãƒ3SCc“cCc3“#ƒ†RÓRÃ’ÃbÃãÂÓãƒ3SCc“cCc3“#ƒ†RÓP­Š­˜ŠÝ˜­ŠòÂÓãƒc#ƒc“#ƒ3SSsvRÓRÃC"Ã#RÃãÂÓãƒc#ƒc“#ƒ3SSsvRÓP­˜]Š­˜]˜­‹"ÂÓã“CSC“sss“C†RÓRÃrÃrÃãÂÓã“CSC“sss“C†RÓP­Š}˜M˜]˜m‹˜-ŠòÂÓã“ƒS#3#cƒ&RÓRÃc"ÃC"ÃãÂÓã“ƒS#3#cƒ&RÓP­Š}˜MŠÝ‹Š}˜2ÂÓãS“SƒcC3#6RÓRÃBÃ2ÃãÂÓãS“SƒcC3#6RÓP­Š­ŠÝ‹=˜mŠrÂÓã3#3ƒcƒƒƒRÓRÃCbÃ3RÃãÂÓã3#3ƒcƒƒƒRÓP­ŠŠ­˜­‹=˜­‹ÂÓãc#3ss33RÓRÃ2Ã2ÃãÂÓãc#3ss33RÓP­Š­‹}Š˜­˜-˜rÂÓãcƒSc“scc3s†RÓRÃS2Ã#ÃãÂÓãcƒSc“scc3s†RÓP­Š­˜‹]˜­˜rÂÓã33cƒ3#ƒcFRÓRÃ#ƒBÃRÃãÂÓã33cƒ3#ƒcFRÓP­˜MŠ­˜-Šý˜RÂÓãSƒcs3sC3““vRÓRÃ2Ã2ÃãÂÓãSƒcs3sC3““vRÓP­˜m‹]˜m‹’ÂÓã#“#“3S3C“SS6RÓRÃ"Ã‚ÃãÂÓã#“#“3S3C“SS6RÓP­Š­ŠÝŠý˜­ŠrÂÓã3C“ƒ3“c“ƒs“6RÓRÃbÃÃãÂÓã3C“ƒ3“c“ƒs“6RÓP­Š}˜M˜]Š­˜]Š½˜M˜rÂÓã3cSscCScs&RÓRÃ3Ã#’ÃãÂÓã3cSscCScs&RÓP­˜m‹]˜˜­˜rÂÓãCCCS“SC#3sFRÓRÃ3RÃÃãÂÓãCCCS“SC#3sFRÓP­Šý‹ŠÍŠ¢ÂÓãCCCS“SC#3sFRÓRÃ3RÃÃãÂÓãCCCS“SC#3sFRÓP­Š}‹mŠ}˜˜­˜}˜­‹ŠÍ˜¢ÂÓãCsssƒS“cS“ssFRÓRÃ2Ã2ÃãÂÓãCsssƒS“cS“ssFRÓP­Š}˜MŠ­Ší‹}˜­‹rÂÓãCƒ“s#S“ƒƒC–RÓRÃ#Ã‚ÃãÂÓãCƒ“s#S“ƒƒC–RÓP­Š}˜MŠí˜­Š}‹Š}Š¢ÂÓãS3#3#Cƒ#CCfRÓRÃCÃ#RÃãÂÓãS3#3#Cƒ#CCfRÓP­˜M˜MŠ}˜]˜˜m˜­ŠrÂÓãc#“c##3c“vRÓRÃrÃRÃãÂÓãc#“c##3c“vRÓP­˜­ŠíŠ­˜M˜ÂÓãs““CƒCƒCC3ƒ6RÓRÃBÃ2ÃãÂÓãs““CƒCƒCC3ƒ6RÓP­Š}˜M‹=‹˜Šý˜­˜}Š}˜MŠ}Š­‹]Š}˜MŠ}Š¢ÂÓãs““S#SC##s3VRÓRÃ#rÃ2ÃãÂÓãs““S#SC##s3VRÓP­Š‹ŠŠÒÂÓãƒ“c#3SC“#3ss6RÓRÃrÃRÃãÂÓãƒ“c#3SC“#3ss6RÓP­˜‹-Š}ŠòÂÓãƒ“ccs3CSs3&RÓRÃ’ÃrÃãÂÓãƒ“ccs3CSs3&RÓP­Š}‹=˜}Š}˜RÂÓãƒ“cƒ3“scC#cSVRÓRÃ2Ã"ÃãÂÓãƒ“cƒ3“scC#cSVRÓP­˜Š}˜}˜]˜}ŠrÂÓã“CƒƒƒCCcC“fRÓRÃRÃ2ÃãÂÓã“CƒƒƒCCcC“fRÓP­˜­˜‹]˜¢ÂÓã“CCSC“3SSƒc&RÓRÃCÃ3rÃãÂÓã“CCSC“3SSƒc&RÓP­Š}˜M˜=Š­‹˜­˜2ÂÓã“S“#CSs“#SƒVRÓRÃC"Ã‚ÃãÂÓã“S“#CSs“#SƒVRÓP¤Ä´…$$ÂÓã#SƒƒCsC#“s3–RÓRÃ2Ã"ÃãÂÓã#SƒƒCsC#“s3–RÓP­˜M˜MŠ}˜M˜]˜m˜­˜˜RÂÓã#sc##ƒ“cS3CfRÓRÃ#ÃÃãÂÓã#sc##ƒ“cS3CfRÓP­Š}˜˜=Š}‹ÂÓã#SC“CC3ƒ#svRÓRÃ"Ã’ÃãÂÓã#SC“CC3ƒ#svRÓP­˜Š}˜M‹Šý˜­ŠòÂÓã#C#s#C“CC–RÓRÃÃÃãÂÓã#C#s#C“CC–RÓP­˜mŠ­Š}ŠÂÂÓã#C3ƒƒ#ƒCCCc#3VRÓRÃRÃ2ÃãÂÓã#C3ƒƒ#ƒCCCc#3VRÓP­˜]˜MŠí‹RÂÓã#“SCƒ3S3“vRÓRÃbÃ2ÃãÂÓã#“SCƒ3S3“vRÓP­Š}˜M˜]‹M‹˜"ÂÓã#3cs“ƒ#ScCƒ3&RÓRÃBÃBÃãÂÓã#3cs“ƒ#ScCƒ3&RÓP­˜Š}˜MŠ­‹Ší˜­‹RÂÓã#3s3SS#sCVRÓRÃÃbÃãÂÓã#3s3SS#sCVRÓP­ŠÝ˜-˜-˜}ŠrÂÓã#C“cCCcs&RÓRÃÃÃãÂÓã#C“cCCcs&RÓP­Š}˜MŠí‹}‹rÂÓã#Cs““sCƒCS###FRÓRÃCBÃ3‚ÃãÂÓã#Cs““sCƒCS###FRÓP­˜m‹˜]Š­˜}ŠrÂÓã#Cƒ#S#“ƒs3“ƒ†RÓRÃRÃ2ÃãÂÓã#Cƒ#S#“ƒs3“ƒ†RÓP­Š½˜Š‚ÂÓã#SC3C3C6RÓRÃSRÃ#ÃãÂÓã#SC3C3C6RÓP­˜M‹ŠÍŠ}˜BÂÓã#Sc“ƒ3ss#CSCƒ#fRÓRÃRÃ2ÃãÂÓã#Sc“ƒ3ss#CSCƒ#fRÓP­Š}˜m‹M‹}Š­˜rÂÓã#ccS“ƒ#3S““Scƒ&RÓRÃRÃBÃãÂÓã#ccS“ƒ#3S““Scƒ&RÓP­˜Š}˜MŠŠ}ŠÝ˜rÂÓã#cƒs3“Cc#c#†RÓRÃ‚Ã‚ÃãÂÓã#cƒs3“Cc#c#†RÓP­˜Š}˜M‹=ŠýŠ}ŠòÂÓã#sSSƒs3Ss“cSFRÓRÃBÃ"ÃãÂÓã#sSSƒs3Ss“cSFRÓP­˜Š}˜MŠ}˜}Š­˜]Š}˜RÂÓã#ssSS“s#“cS6RÓRÃ’ÃrÃãÂÓã#ssSS“s#“cS6RÓP­˜˜‹m‹’ÂÓã#ƒ3C#c#Scc“†RÓRÃ#ÃrÃãÂÓã#ƒ3C#c#Scc“†RÓP­‹=˜­Ší˜M˜"ÂÓã#“Cƒ#S“ƒs†RÓRÃRÃRÃãÂÓã#“Cƒ#S“ƒs†RÓP­˜M˜M˜ŠÝŠý˜rÂÓã3Cs##ƒSC3##c&RÓRÃbÃbÃãÂÓã3Cs##ƒSC3##c&RÓP­ŠŠ­ŠÝ‹=˜bÂÓã3#SC3ƒ““c“CSVRÓRÃÃrÃãÂÓã3#SC3ƒ““c“CSVRÓP­Š}˜MŠŠ}ŠÝŠ½˜­˜bÂÓã3#ƒ3cCScCsS6RÓRÃRÃRÃãÂÓã3#ƒ3cCScCsS6RÓP­˜Š}˜MŠ}ŠÝŠ­˜­Š}‹}˜­Š}Š¢ÂÓã33Cs#SC“cCSC–RÓRÃCbÃbÃãÂÓã33Cs#SC“cCSC–RÓP­˜˜]ŠíŠ}‹}‹ÂÓã33S“ƒsƒcCƒ3&RÓRÃSÃ#ÃãÂÓã33S“ƒsƒcCƒ3&RÓP­˜Š}˜MŠ­Š‹˜­˜=Š}Š¢ÂÓã33C#“3“CƒsVRÓRÃ2Ã2ÃãÂÓã33C#“3“CƒsVRÓP­ŠÍ˜}˜ŠýŠrÂÓã33SC#ScC“cFRÓRÃbÃBÃãÂÓã33SC#ScC“cFRÓP­Š­˜mŠ}‹-˜BÂÓã3C3sƒCCS“SSvRÓRÃRÃrÃãÂÓã3C3sƒCCS“SSvRÓP­˜]˜Š˜­˜BÂÓã3C“ccc“Cc3C#&RÓRÃCrÃ’ÃãÂÓã3C“ccc“Cc3C#&RÓP­Š˜}˜RÂÓã3SCCSC3#3#6RÓRÃ"ÃÃãÂÓã3SCCSC3#3#6RÓP­Š}˜M‹˜‹=˜¢ÂÓã3ccsƒƒƒcC#“VRÓRÃSRÃBÃãÂÓã3ccsƒƒƒcC#“VRÓP­Š}˜M˜]Š­˜‹=‹}˜rÂÓã3s33sc“SC#–RÓRÃƒRÃ’ÃãÂÓã3s33sc“SC#–RÓP­˜­‹=Š­˜M˜RÂÓã3s3C“S333Ss#svRÓRÃRÃBÃãÂÓã3s3C“S333Ss#svRÓP­Š}˜M‹]Š}Šý‹Š}Š¢ÂÓã3ss#“#“““Sc6RÓRÃ#‚ÃƒBÃãÂÓã3ss#“#“““Sc6RÓP­˜M˜M˜]‹=Š}˜}˜RÂÓã3ƒSƒ3cC3ƒ6RÓRÃ#2Ã#ÃãÂÓã3ƒSƒ3cC3ƒ6RÓP­˜]‹˜m˜rÂÓã3ƒcsssCC3#sSCfRÓRÃ"ÃÃãÂÓã3ƒcsssCC3#sSCfRÓP­Š}˜­ŠÍŠ}Š˜­˜rÂÓã3ƒcƒC3cC3SCs#cVRÓRÃS‚Ãs’ÃãÂÓã3ƒcƒC3cC3SCs#cVRÓP­‹˜­Š}˜M‹Š‹’ÂÓã3“Ssƒ#sƒC#c3fRÓRÃSÃRÃãÂÓã3“Ssƒ#sƒC#c3fRÓP­Š}˜M‹Š˜­‹˜rÂÓã3“cScS“#“cSFRÓRÃ"ÃbÃãÂÓã3“cScS“#“cSFRÓP­Š}˜MŠ}˜‹Š}‹¢ÂÓã3“ƒƒ##““S3ƒcƒ†RÓRÃbÃ2ÃãÂÓã3“ƒƒ##““S3ƒcƒ†RÓP­˜ŠÝŠýŠòÂÓã3“ƒƒƒcƒSsSsƒSfRÓRÃRÃ2ÃãÂÓã3“ƒƒƒcƒSsSsƒSfRÓP­Š­ŠŠ}Šý˜BÂÓãCƒ“sC#C“3c3“&RÓRÃ3rÃ#RÃãÂÓãCƒ“sC#C“3c3“&RÓP­˜]˜mŠ}˜‹=Š­˜}ŠrÂÓãCS#C3#Sƒ““ƒ3vRÓRÃ‚ÃbÃãÂÓãCS#C3#Sƒ““ƒ3vRÓP­‹MŠŠ}Š‚ÂÓãCS3“ƒSCCCs#†RÓRÃ‚Ã‚ÃãÂÓãCS3“ƒSCCCs#†RÓP­Š}˜M‹Š}‹­Š˜­˜bÂÓãCsSƒ#S#C#“6RÓRÃCbÃ3BÃãÂÓãCsSƒ#S#C#“6RÓP­˜˜]˜m‹}˜-˜rÂÓãC#3c3s“scC“fRÓRÃÃ’ÃãÂÓãC#3c3s“scC“fRÓP­Š}˜M˜]‹-Š}ŠýŠ}˜MŠ­‹­˜­‹Š­˜}Š}˜]˜rÂÓãC#CcSsSs##ccvRÓRÃ’Ã2ÃãÂÓãC#CcSsSs##ccvRÓP­Š­‹-Š}˜BÂÓãC#ƒƒcSc#cS#SCFRÓRÃ"ÃsrÃãÂÓãC#ƒƒcSc#cS#SCFRÓP­˜mŠ˜-˜¢ÂÓãC#“C“cCsc#vRÓRÃrÃRÃãÂÓãC#“C“cCsc#vRÓP­Š}˜MŠý˜˜MŠ}‹Š}Š¢ÂÓãC3SCc“#3C““VRÓRÃ‚ÃrÃãÂÓãC3SCc“#3C““VRÓP­˜˜MŠ}˜˜BÂÓãCCsƒsSScƒVRÓRÃÃbÃãÂÓãCCsƒsSScƒVRÓP­‹]Šý˜‹ÂÓãCCsSc“#CcS#scvRÓRÃs2ÃCRÃãÂÓãCCsSc“#CcS#scvRÓP­Š­Šý‹‹2ÂÓãCS3“c#C“SCcfRÓRÃC‚Ã3"ÃãÂÓãCS3“c#C“SCcfRÓP­Š}˜MŠíŠ‹ÂÓãCSƒCƒ3c“cSsCS3†RÓRÃC2Ã#RÃãÂÓãCSƒCƒ3c“cSsCS3†RÓP­‹=ŠýŠ}˜­ŠrÂÓãCc#C#SsCsSSC#fRÓRÃ2Ã2ÃãÂÓãCc#C#SsCsSSC#fRÓP­Š}˜M˜mŠ}‹2ÂÓãCc33SScs“#FRÓRÃrÃbÃãÂÓãCc33SScs“#FRÓP­˜}Š}˜mŠ­‹=˜]Š}˜bÂÓãCcCs3S3sCs“†RÓRÃ2Ã2ÃãÂÓãCcCs3S3sCs“†RÓP­˜Š}˜MŠÝ˜Š}‹‚ÂÓãCcs3Cƒ##cƒS3ƒ6RÓRÃ#’Ã#BÃãÂÓãCcs3Cƒ##cƒS3ƒ6RÓP­Š}˜MŠÝŠý˜­Š½˜}Š­Š}‹˜­ŠâÂÓãCc“s“ƒs“SSƒC6RÓRÃ"Ã"ÃãÂÓãCc“s“ƒs“SSƒC6RÓP­Š}˜MŠ}˜}˜]˜­˜rÂÓãCƒS3ƒ“CcS##fRÓRÃ"ÃÃãÂÓãCƒS3ƒ“CcS##fRÓP­Š}˜=Š­˜Š}ŠÂÓãCƒS3C“ƒ#CCcCfRÓRÃbÃbÃãÂÓãCƒS3C“ƒ#CCcCfRÓP­‹=Š}‹ŠýŠ¢ÂÓãCƒSs#ƒ3s“c3S6RÓRÃ’Ã’ÃãÂÓãCƒSs#ƒ3s“c3S6RÓP­Š­‹}˜M˜"ÂÓãCƒs#ƒ3#SSCs3#†RÓRÃ3’Ã3ÃãÂÓãCƒs#ƒ3#SSCs3#†RÓP­Š‹}‹˜­˜-˜rÂÓãScc3c3ƒcCSƒ““&RÓRÃ#Ã#ÃãÂÓãScc3c3ƒcCSƒ““&RÓP­˜MŠ}˜­ŠÍŠ}ŠòÂÓãS“sƒsƒC3“ƒ“6RÓRÃ#‚Ã’ÃãÂÓãS“sƒsƒC3“ƒ“6RÓP­˜‹=˜˜ÂÓãS##sƒƒ3css3vRÓRÃsÃS"ÃãÂÓãS##sƒƒ3css3vRÓP­ŠŠ}‹=Š­Š‹Š}ŠòÂÓãS3““S#C“s3““VRÓRÃRÃ2ÃãÂÓãS3““S#C“s3““VRÓP­ŠÍ˜­ŠýŠrÂÓãSC#3#C““3s“RÓRÃ#bÃ‚ÃãÂÓãSC#3#C““3s“RÓP­Š}˜MŠ}Š­‹]Š}˜MŠ}Š­Š}˜MŠ}Š­‹]Š}˜MŠ}Š¢ÂÓãSC#“c3SS“S#s†RÓRÃCÃRÃãÂÓãSC#“c3SS“S#s†RÓP­‹­˜­Š}Š‚ÂÓãSSS#ƒ#3“CsS6RÓRÃbÃRÃãÂÓãSSS#ƒ#3“CsS6RÓP­˜-Šý‹Š­˜mŠrÂÓãSS#“S#C#cƒ#sfRÓRÃbÃbÃãÂÓãSS#“S#C#cƒ#sfRÓP­˜Š­‹˜BÂÓãScƒsSƒƒ3C–RÓRÃ2Ã2ÃãÂÓãScƒsSƒƒ3C–RÓP­˜M˜MŠ­˜ŠÍ˜­˜}Š}Š¢ÂÓãScƒ“#3#“SSsS&RÓRÃBÃBÃãÂÓãScƒ“#3#“SSsS&RÓP­˜]‹ŠŠÝ˜rÂÓãSs“c“3cS#C†RÓRÃBÃ2ÃãÂÓãSs“c“3cS#C†RÓP­˜}˜mŠý‹=˜­˜rÂÓãSs#ssC#scRÓRÃRÃ2ÃãÂÓãSs#ssC#scRÓP­‹=‹Š}Šý˜rÂÓãSƒ#ƒc#ƒCc3s†RÓRÃ#‚Ãc"ÃãÂÓãSƒ#ƒc#ƒCc3s†RÓP­˜M‹˜]˜M˜­˜rÂÓãSƒsc“S“ƒ3“Sƒs6RÓRÃ“2ÃCRÃãÂÓãSƒsc“S“ƒ3“Sƒs6RÓP­Š}˜M˜-Š}ŠmŠòÂÓãSƒ3sS##c#SFRÓRÃbÃRÃãÂÓãSƒ3sS##c#SFRÓP­Š˜]Ší‹]‹RÂÓãSƒ3S“333““SSs&RÓRÃ2Ã2ÃãÂÓãSƒ3S“333““SSs&RÓP­˜Š}˜M˜]Š­‹­˜­Š˜­˜mŠÝ‹m‹ÂÓãSƒcƒs““3“c#““FRÓRÃbÃRÃãÂÓãSƒcƒs““3“c#““FRÓP­Ší˜M˜˜­˜rÂÓãc3“ƒCC#Ss#s336RÓRÃsÃCBÃãÂÓãc3“ƒCC#Ss#s336RÓP­Š}˜M˜]‹Š­˜‹’ÂÓãccƒ#S3Cƒ#ƒ“&RÓRÃBÃrÃãÂÓãccƒ#S3Cƒ#ƒ“&RÓP­˜˜]Š­˜‹=‹rÂÓãc#ƒcS#sƒs“FRÓRÃC"Ãs"ÃãÂÓãc#ƒcS#sƒs“FRÓP­˜‹m‹˜‹˜rÂÓãc##3Ssƒ3“3#6RÓRÃÃ‚ÃãÂÓãc##3Ssƒ3“3#6RÓP­˜Š}˜MŠÝŠòÂÓãc#“3ccC3CCC#VRÓRÃ#RÃ#ÃãÂÓãc#“3ccC3CCC#VRÓP­ŠŠ}‹}˜Š}˜BÂÓãc3#3#ƒcC3ƒ““RÓRÃRÃBÃãÂÓãc3#3#ƒcC3ƒ““RÓP­Š­Š­Š˜m˜¢ÂÓãc3CSc3cCCCsvRÓRÃRÃRÃãÂÓãc3CSc3cCCCsvRÓP­˜]˜-‹˜}ŠrÂÓãcC“c“sƒsCS36RÓRÃrÃ2ÃãÂÓãcC“c“sƒsCS36RÓP­˜M˜MŠ­˜-Š}‹˜­‹ÂÓãcSCC3#3#3ƒSssRÓRÃ2ÃRÃãÂÓãcSCC3#3#3ƒSssRÓP­Š}˜M‹=‹˜Šý˜­˜­Š­˜˜-‹’ÂÓãcS#s“C##S“Ss6RÓRÃÃ2ÃãÂÓãcS#s“C##S“Ss6RÓP­Š}˜M‹˜-Š}‹ÂÓãcc#3“ƒSSƒƒsRÓRÃc’ÃrÃãÂÓãcc#3“ƒSSƒƒsRÓP­˜‹=˜­‹˜M˜bÂÓãcc3ƒƒ3cc3s3sVRÓRÃbÃBÃãÂÓãcc3ƒƒ3cc3s3sVRÓP­Š}˜M˜]‹}˜‹˜­˜bÂÓãcs#“3sCcCVRÓRÃbÃ‚ÃãÂÓãcs#“3sCcCVRÓP­Š}‹}˜Š}˜M˜}ŠrÂÓãcƒƒ#Ccsc3VRÓRÃBÃBÃãÂÓãcƒƒ#Ccsc3VRÓP­˜Š}˜M˜]ŠÍŠ­˜]‹’ÂÓãcƒƒCCcSSƒ3sFRÓRÃRÃBÃãÂÓãcƒƒCCcSSƒ3sFRÓP­Š}˜M˜MŠ}ŠmŠÝ˜rÂÓãc“Sƒ#“CCcƒfRÓRÃÃ‚ÃãÂÓãc“Sƒ#“CCcƒfRÓP­˜M˜M˜]˜-Š}˜˜M˜­˜bÂÓãsCSss“sSRÓRÃ#bÃ"ÃãÂÓãsCSss“sSRÓP­‹˜]˜M˜mŠrÂÓãs##3S“sƒS“3vRÓRÃbÃbÃãÂÓãs##3S“sƒS“3vRÓP­˜M˜]˜mŠ­ŠÍŠ}Š­˜}ŠrÂÓãs3CSc##cƒcCfRÓRÃÃÃãÂÓãs3CSc##cƒcCfRÓP­˜m‹‹ÂÓãsC#Sƒ“sS“##FRÓRÃÃrÃãÂÓãsC#Sƒ“sS“##FRÓP­‹=Š­˜mŠ­˜}˜¢ÂÓãsc“s##ƒsc#c6RÓRÃRÃBÃãÂÓãsc“s##ƒsc#c6RÓP­‹˜M˜]˜­˜rÂÓãssCsssC#CƒVRÓRÃ2ÃÃãÂÓãssCsssC#CƒVRÓP­˜MŠ­ŠýŠ}˜˜MŠ}Š¢ÂÓãs“ƒ3c#CSSCC†RÓRÃ#bÃÃãÂÓãs“ƒ3c#CSSCC†RÓP­ŠŠ}˜M˜Š}ŠmŠý˜rÂÓãsCsSCss##c3&RÓRÃrÃrÃãÂÓãsCsSCss##c3&RÓP­Š}˜M˜]‹}Š˜-˜rÂÓãsCsCƒCs“s“SS&RÓRÃ’ÃÃãÂÓãsCsCƒCs“s“SS&RÓP­Šý‹‹’ÂÓãsCsƒs#“S##csSSRÓRÃrÃBÃãÂÓãsCsƒs#“S##csSSRÓP§6öÇWF–öç2ÂÓãsC“C““ƒSC3“S6RÓRÃSbÃ‚ÃãÂÓãsC“C““ƒSC3“S6RÓP­˜]˜M˜=˜­Š­˜}ŠrÂÓãsS3ScCS#S#cc†RÓRÃs2Ã3ÃãÂÓãsS3ScCS#S#cc†RÓP­˜]‹˜=‹-˜}ŠrÂÓãsSS#“3cc“3s6RÓRÃ’ÃbÃãÂÓãsSS#“3cc“3s6RÓP­Š}˜MŠ}Š­˜¢ÂÓãsScc3CssƒƒfRÓRÃ2ÃÃãÂÓãsScc3CssƒƒfRÓP­˜˜]Š­˜mŠ}˜}˜­˜rÂÓãss3##SSsC3cCfRÓRÃ#ÃÃãÂÓãss3##SSsC3cCfRÓP­‹]˜m‹’ÂÓãssƒ3sc“#Cƒƒ†RÓRÃÃbÃãÂÓãssƒ3sc“#Cƒƒ†RÓP­Š}˜M‹‹˜‹bÂÓãsƒ3“333Cs““FRÓRÃ#rÃ’ÃãÂÓãsƒ3“333Cs““FRÓP­˜M˜MŠ}‹=‹ÂÓãsƒS3S“ƒccsFRÓRÃ"Ã’ÃãÂÓãsƒS3S“ƒccsFRÓP­˜M˜MŠ}˜mŠý˜]Š}ŠÂÂÓãs“S“3CSc#scsRÓRÃ#Ã’ÃãÂÓãs“S“3CSc#scsRÓP­˜MŠ}ŠÝ˜-˜rÂÓãs“3CƒS“c“S3cFRÓRÃÃÃãÂÓãs“3CƒS“c“S3cFRÓP­Š˜m˜˜=ŠrÂÓãs“ƒSs“ƒScss6RÓRÃ"Ã‚ÃãÂÓãs“ƒSs“ƒScss6RÓP­˜Š}˜MŠ­˜˜-‹Š}Š¢ÂÓãƒc“ssCc#3#“RÓRÃBÃ‚ÃãÂÓãƒc“ssCc#3#“RÓP­Š‹}˜MŠ‚ÂÓãƒƒsCƒs“SsSCvRÓRÃCBÃ#"ÃãÂÓãƒƒsCƒs“SsSCvRÓP­Š}˜MŠ}˜Š­‹Š}‹m˜¢ÂÓãƒƒCCC#3C3SVRÓRÃbÃ2ÃãÂÓãƒƒCCC#3C3SVRÓP­˜Š}˜MŠ}˜‹]Š}ŠÒÂÓãƒS“#sc3ƒ“3vRÓRÃÃ‚ÃãÂÓãƒS“#sc3ƒ“3vRÓP­˜M˜M˜]Šý˜bÂÓãƒƒ“ssccscCs&RÓRÃ’ÃÃãÂÓãƒƒ“ssccscCs&RÓP­Š}˜M‹Šm˜­‹=˜rÂÓãƒcsS“CC“#†RÓRÃCRÃCÃãÂÓãƒcsS“CC“#†RÓP­˜]‹=Š­‹MŠ}‹˜¢ÂÓãƒ“Ss“s“ƒ##&RÓRÃBÃBÃãÂÓãƒ“Ss“s“ƒ##&RÓP­˜]Š­˜]Š}‹M˜­ŠrÂÓãƒ“SS3##ƒc#ƒƒ#&RÓRÃBÃÃãÂÓãƒ“SS3##ƒc#ƒƒ#&RÓP­Š}˜MŠ­‹Š}Ší˜­‹RÂÓãƒ#““#“““3CfRÓRÃ’Ã’ÃãÂÓãƒ#““#“““3CfRÓP­Š}ŠýŠ}‹˜¢ÂÓãƒ#S“Sss#c33#fRÓRÃrÃ2ÃãÂÓãƒ#S“Sss#c33#fRÓP­˜Š­ŠÍŠ}‹˜­˜rÂÓãƒ#SS3SSC3#“fRÓRÃBÃ2ÃãÂÓãƒ#SS3SSC3#“fRÓP­Š}˜M˜]‹-Š}ŠýŠ}˜MŠ­‹­˜­‹Š}˜M˜]‹]Š}˜˜¢ÂÓãƒ33cƒ#cscs†RÓRÃ’ÃBÃãÂÓãƒ33cƒ#cscs†RÓP­‹=˜]ŠÒÂÓãƒ3ƒ““Ss#VRÓRÃ2Ã2ÃãÂÓãƒ3ƒ““Ss#VRÓP­Š­˜=Š}˜]˜M˜¢ÂÓãƒ3ƒ#S3ƒ3ƒ“SfRÓRÃBÃ2ÃãÂÓãƒ3ƒ#S3ƒ3ƒ“SfRÓP­˜Š}˜mŠ­‹˜mŠ¢ÂÓãƒ3ƒ“ƒ“ƒC““ƒc#–RÓRÃBÃBÃãÂÓãƒ3ƒ“ƒ“ƒC““ƒc#–RÓP­Š}˜M‹]‹­‹ÂÓãƒSƒCƒ3SƒƒCRÓRÃ#‚Ã"ÃãÂÓãƒSƒCƒ3SƒƒCRÓP­‹M˜}‹˜­˜bÂÓãƒcSƒS##“#c&RÓRÃBÃBÃãÂÓãƒcSƒS##“#c&RÓP­Š}ŠíŠ­‹Š}‹’ÂÓãƒcsƒ“CS3ƒ3ƒƒ–RÓRÃ’Ã‚ÃãÂÓãƒcsƒ“CS3ƒ3ƒƒ–RÓP­Š}˜MŠ­‹˜M˜­˜RÂÓãƒs3ssC“#C36RÓRÃS’Ã#‚ÃãÂÓãƒs3ssC“#C36RÓP­˜Š}˜MŠ˜­Šm˜rÂÓãƒs3“ccƒ“sS†RÓRÃ#"ÃRÃãÂÓãƒs3“ccƒ“sS†RÓP­‹‹-Š¢ÂÓãƒsc#Sc3s“CFRÓRÃRÃRÃãÂÓãƒsc#Sc3s“CFRÓP­˜Š}˜MŠ}˜-Š­‹]Š}Šý˜­˜rÂÓãƒsss3c##Sc##S†RÓRÃSbÃ3ÃãÂÓãƒsss3c##Sc##S†RÓP­˜MŠíŠ}Šý˜RÂÓãƒƒ#3““sCƒ“s“–RÓRÃÃ‚ÃãÂÓãƒƒ#3““sCƒ“s“–RÓP­˜]ŠíŠ}˜˜ÂÓãƒƒ33scscCsƒ“RÓRÃRÃ‚ÃãÂÓãƒƒ33scscCsƒ“RÓP­˜M˜-‹Š}‹ÂÓãƒ“CS“3s#cCƒSVRÓRÃbÃRÃãÂÓãƒ“CS“3s#cCƒSVRÓP­˜‹=˜­Šý‹˜RÂÓãƒ“sƒs“sCss#C–RÓRÃBÃBÃãÂÓãƒ“sƒs“sCss#C–RÓP­Š}˜MŠ­˜]˜˜­˜MŠ}˜MŠ}ŠÍ˜]Š}˜M˜­Š}˜M‹Š‹’ÂÓãƒ““cs##3“Sƒ–RÓRÃ32ÃÃãÂÓãƒ““cs##3“Sƒ–RÓP­Š}˜M˜]‹]‹˜˜­‹M‹˜=Š}Š¢ÂÓãƒ““cs##3“Sƒ–RÓRÃ32ÃÃãÂÓãƒ““cs##3“Sƒ–RÓP­Š}˜M˜Š­‹˜}Š}˜M˜-‹}Š}‹’ÂÓãƒ““cs##3“Sƒ–RÓRÃ32ÃÃãÂÓãƒ““cs##3“Sƒ–RÓP­Š}˜M˜]˜m‹MŠ}Š­˜]Š­˜mŠ}˜}˜­˜rÂÓãƒ““cs##3“Sƒ–RÓRÃcbÃÃãÂÓãƒ““cs##3“Sƒ–RÓP­Š}˜M˜‹=Š}‹}˜rÂÓã“cSS3Cc3csS#FRÓRÃ#"Ã’ÃãÂÓã“cSS3Cc3csS#FRÓP­Š}˜M˜]ŠÝ‹}˜rÂÓã“#3SCs“3ƒc“fRÓRÃs2Ã#RÃãÂÓã“#3SCs“3ƒc“fRÓP­ŠŠ­Šý‹M˜­˜bÂÓã“sƒ#ƒcS#3CFRÓRÃ2Ã2ÃãÂÓã“sƒ#ƒcS#3CFRÓP­˜Š}˜M‹}˜Š}‹ŠbÂÓã“3Scs“sƒsƒs#ƒ†RÓRÃrÃbÃãÂÓã“3Scs“sƒsƒs#ƒ†RÓP­ŠŠ­˜‹-˜­‹’ÂÓã“3s““ƒSCƒ#csƒSvRÓRÃ3s2Ã3"ÃãÂÓã“3s““ƒSCƒ#csƒSvRÓP­˜˜­‹­‹}˜¢ÂÓã“3ƒ33“3ƒ““3“VRÓRÃ‚Ã2ÃãÂÓã“3ƒ33“3ƒ““3“VRÓP­˜=Š}Š˜MŠ}Š¢ÂÓã“CƒcscC##c–RÓRÃBÃÃãÂÓã“CƒcscC##c–RÓP­Š}˜MŠ}˜-˜M˜­˜rÂÓã“C3#Cs“ƒ#sCƒ3†RÓRÃs2Ã32ÃãÂÓã“C3#Cs“ƒ#sCƒ3†RÓP­˜­‹=Š­˜]‹ÂÓã“CSƒƒ3Ccs#CvRÓRÃCRÃ3rÃãÂÓã“CSƒƒ3Ccs#CvRÓP­˜M˜]ŠÝ‹}Š}Š¢ÂÓã“S3SS“ƒ#C“3ƒ#FRÓRÃÃ‚ÃãÂÓã“S3SS“ƒ#C“3ƒ#FRÓP­Š­Šý‹˜­ŠÍ˜­ŠrÂÓã“S3sSs3#33C#CCvRÓRÃ3Ã#"ÃãÂÓã“S3sSs3#33C#CCvRÓP§¢ÂÓã“SS3sCCc3sC–RÓRÃ2Ã2ÃãÂÓã“SS3sCCc3sC–RÓP­Š­‹=Š}ŠM˜MŠ}Š¢ÂÓã“Sƒsƒ“sCƒSsSVRÓRÃ‚ÃbÃãÂÓã“Sƒsƒ“sCƒSsSVRÓP­Š}˜M˜]Š˜-Š}˜rÂÓã“S“#SCC###CFRÓRÃcÃ#BÃãÂÓã“S“#SCC###CFRÓP­ŠÝ˜­‹"ÂÓã“S“Ss#sƒsCFRÓRÃ’Ã"ÃãÂÓã“S“Ss#sƒsCFRÓP­Š}˜‹]Š}ŠÝŠ}Š¢ÂÓã“c#s#ccss–RÓRÃ2ÃrÃãÂÓã“c#s#ccss–RÓP­Š}˜M˜]‹=Š­Š½˜]‹ÂÓã“sCS3cS#ccfRÓRÃCbÃ#"ÃãÂÓã“sCS3cS#ccfRÓP­˜Š}˜MŠ­‹}˜‹Š}Š¢ÂÓã“sSSc3“#SS“SFRÓRÃÃÃãÂÓã“sSSc3“#SS“SFRÓP­Š˜]‹]‹ÂÓã“ƒCs#“3sSSsCsRÓRÃ‚ÃBÃãÂÓã“ƒCs#“3sSSsCsRÓP­˜]ŠÝŠ­˜‹‚ÂÓã“ƒsƒ3c“ƒƒcSc&RÓRÃrÃBÃãÂÓã“ƒsƒ3c“ƒƒcSc&RÓP­˜=˜M˜˜rÂÓã“ƒƒC###ScsƒvRÓRÃ#‚ÃrÃãÂÓã“ƒƒC###ScsƒvRÓP­Š}˜MŠ}ŠÝŠ­˜=Š}‹ÂÓã“ƒ“Scc#Cs“ƒ6RÓRÃ‚ÃrÃãÂÓã“ƒ“Scc#Cs“ƒ6RÓP­˜Š}˜M˜]˜-˜­Šý˜­˜bÂÓã““3“sƒCsfRÓRÃC2Ã3’ÃãÂÓã““3“sƒCsfRÓP­˜Š}‹=˜}˜RÂÓã““cCCC#ƒ#ƒƒS“RÓRÃ#ÃrÃãÂÓã““cCCC#ƒ#ƒƒS“RÓP­˜Š­˜m˜‹Š¢ÂÓã““cS#CSCC#S“–RÓRÃ’ÃBÃãÂÓã““cS#CSCC#S“–RÓP­˜M˜]˜-Šý˜RÂÓã““scCC3c#cSVRÓRÃrÃbÃãÂÓã““scCC3c#cSVRÓP­‹Š}‹=Ší˜rÂÓã““ƒ3ssƒ“ƒƒScVRÓRÃBÃBÃãÂÓã““ƒ3ssƒ“ƒƒScVRÓP­˜}Š}˜]˜rÂÓã#3ƒƒS#SC3FRÓRÃBÃ"ÃãÂÓã#3ƒƒS#SC3FRÓP­ŠÝ˜-˜­˜-˜rÂÓã##“333sƒsRÓRÃRÃRÃãÂÓã##“333sƒsRÓP­˜­˜=˜bÂÓã##S“CƒSS“CSSRÓRÃrÃRÃãÂÓã##S“CƒSS“CSSRÓP­˜]ŠÝ˜‹ÂÓã##c#“S#“SCC–RÓRÃBÃBÃãÂÓã##c#“S#“SCC–RÓP­˜]‹m˜]˜˜m˜rÂÓã#33“ƒsss3“VRÓRÃRÃ’ÃãÂÓã#33“ƒsss3“VRÓP­Š}˜MŠ}ŠÍ‹Š}Šm˜­˜rÂÓã#3c#s#CC#CS3vRÓRÃRÃBÃãÂÓã#3c#s#CC#CS3vRÓP­Š}˜M˜]˜­˜mŠ}ŠÂÓã#3s3#3C3s#S“fRÓRÃrÃ2ÃãÂÓã#3s3#3C3s#S“fRÓP­˜M˜]‹-˜­ŠòÂÓã#3“““cscS3CƒCRÓRÃƒ‚Ã3ÃãÂÓã#3“““cscS3CƒCRÓP­‹=˜­‹M˜=˜BÂÓã#CC“ƒcCs##fRÓRÃRÃRÃãÂÓã#CC“ƒcCs##fRÓP­Š}˜M˜]˜­˜MŠ}Šý˜¢ÂÓã#CcSCƒcCƒ&RÓRÃrÃRÃãÂÓã#CcSCƒcCƒ&RÓP­˜]˜‹-‹˜rÂÓã#Cc#S3#“Ss““3vRÓRÃBÃBÃãÂÓã#Cc#S3#“Ss““3vRÓP­ŠÝ˜-˜-ŠrÂÓã#S##3“c33FRÓRÃ2Ã2ÃãÂÓã#S##3“c33FRÓP­‹˜MŠ}˜]˜rÂÓã#c#SCSc##C&RÓRÃ3"Ã‚ÃãÂÓã#c#SCSc##C&RÓP­‹-ŠÍŠ}ŠÂÂÓã#cC#ScƒCCVRÓRÃ#CBÃ“ÃãÂÓã#cC#ScƒCCVRÓP­Š­‹MŠ}ŠM˜RÂÓã#cs33“#S“ScCfRÓRÃSÃRÃãÂÓã#cs33“#S“ScCfRÓP­Š}Š˜-˜¢ÂÓã#sCƒs“ƒ#“3CSfRÓRÃÃBÃãÂÓã#sCƒs“ƒ#“3CSfRÓP­Š­˜‹]˜­Š}Š­˜rÂÓã#sCƒs“ƒ#“3CSfRÓRÃÃBÃãÂÓã#sCƒs“ƒ#“3CSfRÓP­Š}˜M˜]‹Š}˜=‹=˜rÂÓã#ƒCƒ3S#“#c##3ƒFRÓRÃ2Ã2ÃãÂÓã#ƒCƒ3S#“#c##3ƒFRÓP­˜]Š­˜Š}˜‹bÂÓã#““ƒc3““3S6RÓRÃRÃBÃãÂÓã#““ƒc3““3S6RÓP­˜Š}˜M˜]˜-Š}˜­˜­‹2ÂÓã#s#ƒ#33ScC“RÓRÃ#Ã"ÃãÂÓã#s#ƒ#33ScC“RÓP­Š}˜]˜=Š}˜m˜­˜rÂÓã#c“s“c“s“6RÓRÃÃc‚ÃãÂÓã#c“s“c“s“6RÓP­ŠÝ˜­˜˜¢ÂÓã#s“ƒ“cs““ƒ†RÓRÃBÃBÃãÂÓã#s“ƒ“cs““ƒ†RÓP­˜M˜MŠ­˜-Š}‹ŠòÂÓã##“#S#“scRÓRÃs2Ã‚ÃãÂÓã##“#S#“scRÓP­˜˜-‹˜}ŠrÂÓã##3#3S#ƒ3s3Sƒ#–RÓRÃcÃRÃãÂÓã##3#3S#ƒ3s3Sƒ#–RÓP­‹=˜=˜bÂÓã#333sƒSCcsVRÓRÃBÃBÃãÂÓã#333sƒSCcsVRÓP­˜˜]˜-Š}˜˜MŠ}Š¢ÂÓã#3S“sC“CScc–RÓRÃBÃBÃãÂÓã#3S“sC“CScc–RÓP­Š}˜]Š˜­‹ÂÓã#3s#s“ƒ3Sƒ#s6RÓRÃRÃ‚ÃãÂÓã#3s#s“ƒ3Sƒ#s6RÓP­˜]‹ŠÝ˜M˜­˜rÂÓã#3s#“C“S“#“#S&RÓRÃcÃ3RÃãÂÓã#3s#“C“S“#“#S&RÓP­Š}˜M‹M‹˜=˜}Š}˜M˜m‹]˜ÂÓã#CS3c#3CsssƒcsFRÓRÃ3BÃ’ÃãÂÓã#CS3c#3CsssƒcsFRÓP­˜-˜˜­˜rÂÓã#CcssƒsCSsVRÓRÃSBÃ“"ÃãÂÓã#CcssƒsCSsVRÓP­Š}˜MŠ}˜M˜]˜m˜­˜˜RÂÓã#Cs#“S“CcfRÓRÃ“"ÃC2ÃãÂÓã#Cs#“S“CcfRÓP­˜M‹˜]˜BÂÓã#C“c“csCc“6RÓRÃbÃbÃãÂÓã#C“c“csCc“6RÓP­ŠŠ}˜M˜]Š­‹}˜MŠŠ}Š¢ÂÓã#Ssc#3ƒs#fRÓRÃBÃ2ÃãÂÓã#Ssc#3ƒs#fRÓP­˜Š}˜MŠ­ŠýŠ}Š˜­‹ÂÓã#ScSCSƒ““Sc&RÓRÃ"ÃrÃãÂÓã#ScSCSƒ““Sc&RÓP­˜­ŠÍ˜]‹’ÂÓã#SsS##Ssc3cCvRÓRÃ‚Ã‚ÃãÂÓã#SsS##Ssc3cCvRÓP­˜]‹Šý˜Šý˜rÂÓã#Ss“S3sscRÓRÃBÃBÃãÂÓã#Ss“S3sscRÓP­ŠŠ}˜M˜]‹Š}ŠŠÝ˜rÂÓã#c3Ss#sCƒ“S3““FRÓRÃRÃBÃãÂÓã#c3Ss#sCƒ“S3““FRÓP­Š­˜˜˜­‹ŠrÂÓã#cƒ#c3c““s“c#–RÓRÃ2Ã2ÃãÂÓã#cƒ#c3c““s“c#–RÓP­˜M˜MŠ}ŠŠýŠ}‹’ÂÓã#ƒ#ƒC#ƒCƒcSC&RÓRÃRÃBÃãÂÓã#ƒ#ƒC#ƒCƒcSC&RÓP­˜Š}˜M˜]˜]˜M˜=˜rÂÓã#ƒ3ƒCsSS“scC&RÓRÃ2Ã2ÃãÂÓã#ƒ3ƒCsSS“scC&RÓP­Š­‹MŠÍ˜­‹’ÂÓã#““CƒƒSƒCƒ†RÓRÃ3rÃ#’ÃãÂÓã#““CƒƒSƒCƒ†RÓP­˜ŠŠ}˜MŠ}Ší‹RÂÓã#“Ccc#ƒscs#“&RÓRÃÃ‚ÃãÂÓã#“Ccc#ƒscs#“&RÓP¦Ç&¦†’ÂÓã##3s3ƒƒ#c3c†RÓRÃRÃRÃãÂÓã##3s3ƒƒ#c3c†RÓP¦w&÷WÂÓã##3s3ƒƒ#c3c†RÓRÃRÃRÃãÂÓã##3s3ƒƒ#c3c†RÓP­‹=Š­‹=˜]ŠÒÂÓã###3SC“ƒ3“#sVRÓRÃbÃ2ÃãÂÓã###3SC“ƒ3“#sVRÓP­Š}˜MŠÝ˜­Š}ŠòÂÓã##3s33CcS33cVRÓRÃS"ÃcBÃãÂÓã##3s33CcS33cVRÓP­˜‹=˜­ŠýŠ}Š¢ÂÓã##C#CSc3ƒ3&RÓRÃ"ÃbÃãÂÓã##C#CSc3ƒ3&RÓP¤”õBÂÓã##Sc“3“ccs#ƒ6RÓRÃ2Ã2ÃãÂÓã##Sc“3“ccs#ƒ6RÓP­Š}˜M˜]‹-Š}ŠýŠ}˜MŠ­‹­˜­‹‹MŠ}˜=‹ÂÓã##s3sCƒƒcsƒRÓRÃRÃ2ÃãÂÓã##s3sCƒƒcsƒRÓP­Š}‹Š­˜]ŠýŠ¢ÂÓã##“#ƒ#“CScc6RÓRÃ#ÃbÃãÂÓã##“#ƒ#“CScc6RÓP­˜-‹m˜­˜rÂÓã##cS#ƒc3c“ƒ“fRÓRÃBÃ2ÃãÂÓã##cS#ƒc3c“ƒ“fRÓP­˜]‹Š}˜˜-˜}ŠrÂÓã##sSS#33sC3S–RÓRÃ2Ã2ÃãÂÓã##sSS#33sC3S–RÓP­Š}˜M‹Š}˜]˜}˜-Š}‹˜rÂÓã###3#ƒCsCC3“C†RÓRÃRÃRÃãÂÓã###3#ƒCsCC3“C†RÓP­Š­˜}Š}˜]˜rÂÓã###3S#CCƒ3CS#–RÓRÃ3BÃ“‚ÃãÂÓã###3S#CCƒ3CS#–RÓP­‹‹=Š}Šm˜BÂÓã###Cs#SCcƒƒ“cVRÓRÃBÃ"ÃãÂÓã###Cs#SCcƒƒ“cVRÓP­Š­‹ŠŠm˜rÂÓã###ccscƒ3“CVRÓRÃ#rÃbÃãÂÓã###ccscƒ3“CVRÓP­Š}˜M˜‹-Š}˜bÂÓã##C“CcscCcƒc6RÓRÃ2Ã2ÃãÂÓã##C“CcscCcƒc6RÓP­‹Š˜Š}Š¢ÂÓã##CC3sS#SC3##S&RÓRÃBÃ2ÃãÂÓã##CC3sS#SC3##S&RÓP­Š}˜M‹Š}Šý˜¢ÂÓã##CƒC“sCC3csfRÓRÃRÃrÃãÂÓã##CƒC“sCC3csfRÓP­Š}˜M‹˜­Š}ŠÒÂÓã##SsC“#ƒ3c#ƒCVRÓRÃ#2Ã‚ÃãÂÓã##SsC“#ƒ3c#ƒCVRÓP­‹˜MŠ}˜]Š­˜mŠrÂÓã##csƒsCcC#CC3–RÓRÃrÃRÃãÂÓã##csƒsCcC#CC3–RÓP­˜˜m˜ŠòÂÓã##s#S“S“c#SC3fRÓRÃÃÃãÂÓã##s#S“S“c#SC3fRÓP­˜‹‹‹bÂÓã##sCs#Sc3SsSƒVRÓRÃ2Ã’ÃãÂÓã##sCs#Sc3SsSƒVRÓP­Š˜Š­˜­‹˜rÂÓã##ƒ3““3SƒS3““vRÓRÃ’Ã‚ÃãÂÓã##ƒ3““3SƒS3““vRÓP­Š}˜MŠ‹]˜]˜rÂÓã##“3Sƒ#S“sCFRÓRÃ2Ã2ÃãÂÓã##“3Sƒ#S“sCFRÓP­ŠŠ}˜M˜]‹M‹˜‹’ÂÓã##“c#3ccc#3SCCcVRÓRÃrÃbÃãÂÓã##“c#3ccc#3SCCcVRÓP­˜M˜M˜]‹‹MŠÒÂÓã##“ƒ#S3csss#SƒRÓRÃ‚ÃbÃãÂÓã##“ƒ#S3csss#SƒRÓP­˜]˜˜}Š˜rÂÓã#3SCccCƒSFRÓRÃBÃ2ÃãÂÓã#3SCccCƒSFRÓP­Š}˜MŠ­˜Š}ŠM˜BÂÓã#3S3#ccƒƒ†RÓRÃ3Ã"ÃãÂÓã#3S3#ccƒƒ†RÓP­˜]Šý˜­‹ÂÓã#3Cƒ#ƒ#“#ƒƒ“#6RÓRÃC2Ã“‚ÃãÂÓã#3Cƒ#ƒ#“#ƒƒ“#6RÓP­˜Š­Š˜m˜¢ÂÓã#3#ƒ#cCsC#ƒ3†RÓRÃRÃRÃãÂÓã#3#ƒ#cCsC#ƒ3†RÓP­˜ŠŠ}˜]˜=Š}˜bÂÓã#3#ƒƒ3c“#Cc#VRÓRÃbÃbÃãÂÓã#3#ƒƒ3c“#Cc#VRÓP­Š˜MŠý˜mŠrÂÓã#3#““S3csƒC6RÓRÃBÃBÃãÂÓã#3#““S3csƒC6RÓP­Š}˜M˜]‹-Š}ŠýŠ}˜MŠ­‹­˜­‹˜m˜]Š}ŠÂÓã#333ss##sS“C#VRÓRÃ3bÃ"ÃãÂÓã#333ss##sS“C#VRÓP­˜MŠ­˜M˜2ÂÓã#33“Cc“CS#ƒccS–RÓRÃcBÃ#"ÃãÂÓã#33“Cc“CS#ƒccS–RÓP­‹Š‹˜ŠrÂÓã#3Cc3Cs“S#“CCS36RÓRÃ3Ã2ÃãÂÓã#3Cc3Cs“S#“CCS36RÓP­Š}˜MŠ}‹=Š­‹}˜MŠ}‹’ÂÓã#3Cc3Cs“S#“CCS36RÓRÃ3Ã2ÃãÂÓã#3Cc3Cs“S#“CCS36RÓP­Š}˜M˜]Š­˜-Šý˜]˜­˜bÂÓã#3csƒscs3ss#&RÓRÃRÃRÃãÂÓã#3csƒscs3ss#&RÓP¤rÂÓã#3c#c“3S#cs†RÓRÃ32Ã#RÃãÂÓã#3c#c“3S#cs†RÓP­Š}˜MŠ}‹ŠŠ}‹’ÂÓã#3cCS#“c##sssvRÓRÃ3Ã#2ÃãÂÓã#3cCS#“c##sssvRÓP­Šý˜‹’ÂÓã#3c“3#sSsS“†RÓRÃƒÃSbÃãÂÓã#3c“3#sSsS“†RÓP­Š­Š­‹Š}ŠÍ‹’ÂÓã#3sƒ#c#s3““ccSƒ†RÓRÃ#‚ÃrÃãÂÓã#3sƒ#c#s3““ccSƒ†RÓP­˜mŠ}˜‹˜rÂÓã#3“s33ss33CsCs6RÓRÃÃ’ÃãÂÓã#3“s33ss33CsCs6RÓP­˜Š­˜ŠÍ˜}Š}Š¢ÂÓã#3““c3“c“C#“s3–RÓRÃrÃBÃãÂÓã#3““c3“c“C#“s3–RÓP­Š­‹]˜m˜­‹˜}ŠrÂÓã#C““3C“3ƒ6RÓRÃ2ÃÃãÂÓã#C““3C“3ƒ6RÓP­˜Š}˜M‹˜M˜]˜­˜rÂÓã#C#ƒ“ƒc#“ƒ3†RÓRÃBÃBÃãÂÓã#C#ƒ“ƒc#“ƒ3†RÓP­Š­˜-Šý˜­‹Š}Š­˜}ŠrÂÓã#C3“3ƒC3c“#3“fRÓRÃSRÃCRÃãÂÓã#C3“3ƒC3c“#3“fRÓP­˜]‹=Š}‹ŠýŠrÂÓã#C“3“ƒcC#ccVRÓRÃBÃ2ÃãÂÓã#C“3“ƒcC#ccVRÓP­˜‹}‹˜"ÂÓã#CS#cs““S“SC3RÓRÃ"ÃÃãÂÓã#CS#cs““S“SC3RÓP­Š­‹Š­˜]ŠòÂÓã#C##cScsc3#“#s6RÓRÃSÃ32ÃãÂÓã#C##cScsc3#“#s6RÓP­˜M‹‹­Š˜rÂÓã#C#s#ƒsSCsCFRÓRÃ2Ã2ÃãÂÓã#C#s#ƒsSCsCFRÓP­˜˜=˜Š}Šý‹ÂÓã#C#ƒƒsSS3s#Css†RÓRÃ2Ã2ÃãÂÓã#C#ƒƒsSS3s#Css†RÓP­Š}˜M˜]‹=Š­ŠÝ˜-˜­˜bÂÓã#C#ƒ“cS“ƒsS“RÓRÃC"Ã#2ÃãÂÓã#C#ƒ“cS“ƒsS“RÓP­‹Š}ŠmŠý˜rÂÓã#C3c3“3ƒC#C&RÓRÃ2Ã2ÃãÂÓã#C3c3“3ƒC#C&RÓP­Š­ŠýŠ}‹˜­Š}Š¢ÂÓã#CCc#S3S“c3#fRÓRÃ#2ÃbÃãÂÓã#CCc#S3S“c3#fRÓP­˜M˜]ŠM‹M‹˜¢ÂÓã#CC“sCsSSC3&RÓRÃ#BÃ2ÃãÂÓã#CC“sCsSSC3&RÓP­Š}˜M‹m‹­‹rÂÓã#CscƒsƒS“3sVRÓRÃƒ2ÃS2ÃãÂÓã#CscƒsƒS“3sVRÓP­Š}‹=Š}‹=˜¢ÂÓã#CƒcC#sC“CVRÓRÃCÃ3rÃãÂÓã#CƒcC#sC“CVRÓP­Š}˜M˜]‹˜­˜m‹=‹Š}Šý˜rÂÓã#Cƒcƒ“#“3c#CvRÓRÃbÃRÃãÂÓã#Cƒcƒ“#“3c#CvRÓP­Š}˜MŠíŠ}‹m‹˜rÂÓã#CƒƒCƒ“#svRÓRÃÃbÃãÂÓã#CƒƒCƒ“#svRÓP­Šý˜M˜­˜BÂÓã#C“ƒSƒ3ƒc#ƒ†RÓRÃbÃ‚ÃãÂÓã#C“ƒSƒ3ƒc#ƒ†RÓP­‹˜­Š}˜M˜m‹]˜ÂÓã#C“C“ƒ#sƒ#CƒfRÓRÃ3rÃbÃãÂÓã#C“C“ƒ#sƒ#CƒfRÓP­˜Š}˜M˜]‹=Š­˜M‹-˜]Š}Š¢ÂÓã#C“c“3S“CSfRÓRÃrÃRÃãÂÓã#C“c“3S“CSfRÓP­˜M˜]‹]˜m‹˜¢ÂÓã#C“ssSƒCƒ“C3ƒ33†RÓRÃ"ÃbÃãÂÓã#C“ssSƒCƒ“C3ƒ33†RÓP­Š}˜M˜]‹-Š}ŠýŠ}˜MŠ­‹­˜­‹Š}˜M‹Š}ŠÍŠÝ˜¢ÂÓã#Sc#S“ƒc#ƒcc“–RÓRÃ2ÃBÃãÂÓã#Sc#S“ƒc#ƒcc“–RÓP­˜Š‹‹bÂÓã#S##SC##ccc“#VRÓRÃbÃBÃãÂÓã#S##SC##ccc“#VRÓP­˜˜­‹=˜M‹rÂÓã#S#3s3#CCCc#–RÓRÃ2Ã2ÃãÂÓã#S#3s3#CCCc#–RÓP­˜M˜M˜m˜Š}˜­Š}Š¢ÂÓã#S3#“sS“ƒƒS&RÓRÃbÃ2ÃãÂÓã#S3#“sS“ƒƒS&RÓP­Š}˜M‹Šm˜­‹=˜­˜bÂÓã#S3#“sS“ƒƒS&RÓRÃ2Ã2ÃãÂÓã#S3#“sS“ƒƒS&RÓP­Š­Šý‹ŠÂÂÓã#S3ƒ3scCCc“fRÓRÃBÃBÃãÂÓã#S3ƒ3scCCc“fRÓP­˜Š}˜MŠÝ˜M˜˜BÂÓã#S3#ƒƒs3CcCCs–RÓRÃSBÃC"ÃãÂÓã#S3#ƒƒs3CcCCs–RÓP­˜Š}˜M˜]˜Š}˜}Š‚ÂÓã#S3#“CSCSƒCS“sC–RÓRÃRÃRÃãÂÓã#S3#“CSCSƒCS“sC–RÓP­Š}˜=‹=˜˜bÂÓã#SC3Ss3#CƒVRÓRÃCbÃ#ÃãÂÓã#SC3Ss3#CƒVRÓP­˜M˜˜MŠ}Šm˜}˜RÂÓã#Sc#ScsSScS6RÓRÃrÃrÃãÂÓã#Sc#ScsSScS6RÓP­˜Š½˜-Š­˜}˜RÂÓã#Sc#ScsSScS6RÓRÃrÃrÃãÂÓã#Sc#ScsSScS6RÓP­ŠŠ­‹-˜˜­ŠòÂÓã#Scs#“c“#SSC#ƒc&RÓRÃ’ÃbÃãÂÓã#Scs#“c“#SSC#ƒc&RÓP­ŠŠ}˜M˜˜­‹˜‹2ÂÓã#Sƒ###3ƒƒcC6RÓRÃBÃ2ÃãÂÓã#Sƒ###3ƒƒcC6RÓP¦†÷"ÂÓã#S“C“ƒ“S#“3CCƒ†RÓRÃ2Ã2ÃãÂÓã#S“C“ƒ“S#“3CCƒ†RÓP­Š}Ší˜­‹ŠrÂÓã#ccs3“ƒƒ3S““CC6RÓRÃrÃ‚ÃãÂÓã#ccs3“ƒƒ3S““CC6RÓP­Š}˜M˜]Šý˜­˜­˜bÂÓã#cc“c3S3Cs#ƒ“sFRÓRÃbÃRÃãÂÓã#cc“c3S3Cs#ƒ“sFRÓP­Š}˜M‹‹M‹˜˜bÂÓã#csƒ3ƒCcc#“SvRÓRÃ2Ã2ÃãÂÓã#csƒ3ƒCcc#“SvRÓP­˜MŠ}Š‹‹"ÂÓã#c3cC3s“ƒSs“&RÓRÃBÃBÃãÂÓã#c3cC3s“ƒSs“&RÓP­‹=Š}Šm˜MŠrÂÓã#c#3#C#cSC“s3SvRÓRÃ‚Ã‚ÃãÂÓã#c#3#C#cSC“s3SvRÓP­Š}˜M‹˜=‹=˜¢ÂÓã#c#“ss“scsccsSfRÓRÃ3ÃrÃãÂÓã#c#“ss“scsccsSfRÓP­˜]‹=Š­˜}Šý˜ÂÓã#c3#33ƒC“C“&RÓRÃ3BÃÃãÂÓã#c3#33ƒC“C“&RÓP­ŠŠ}˜M˜]ŠÝŠ}˜‹˜rÂÓã#c3SSC3ƒC“ƒ#CFRÓRÃ3Ã#"ÃãÂÓã#c3SSC3ƒC“ƒ#CFRÓP­Š}˜M˜]‹-Š}ŠýŠ}˜MŠ­‹­˜­‹ŠŠ­‹˜˜=˜­˜RÂÓã#cC3s3Cs3#scƒFRÓRÃc‚Ã#BÃãÂÓã#cC3s3Cs3#scƒFRÓP­Š}˜MŠ}‹Š­ŠŠ}‹˜­˜rÂÓã#cCCSSCScS#sƒƒfRÓRÃRÃBÃãÂÓã#cCCSSCScS#sƒƒfRÓP­˜MŠÝŠ}˜MŠ}Š¢ÂÓã#cCs3CsS3sƒcFRÓRÃRÃRÃãÂÓã#cCs3CsS3sƒcFRÓP­˜­ŠÝŠ­Š}ŠÍ˜}ŠrÂÓã#cC“ƒ“#CSC3“S#–RÓRÃrÃbÃãÂÓã#cC“ƒ“#CSC3“S#–RÓP­˜MŠ}‹]˜MŠ}ŠÒÂÓã#cScSƒƒ#sSCSRÓRÃÃ’ÃãÂÓã#cScSƒƒ#sSCSRÓP­Š­ŠÍ˜m˜­Š‚ÂÓã#cS“3#sScc#&RÓRÃRÃBÃãÂÓã#cS“3#sScc#&RÓP­Š}˜M˜]Š˜­˜m˜rÂÓã#cc#ccsSs3C“VRÓRÃRÃRÃãÂÓã#cc#ccsSs3C“VRÓP­˜ŠÍ˜Šý˜rÂÓã#ccC3sc3#ƒ#3s–RÓRÃ3Ã#rÃãÂÓã#ccC3sc3#ƒ#3s–RÓP­Š­‹˜=‹"ÂÓã#cs###“cƒ“#“&RÓRÃSBÃ3‚ÃãÂÓã#cs###“cƒ“#“&RÓP­˜]˜˜-˜˜}ŠrÂÓã#cƒ3S#“cscC3“RÓRÃRÃBÃãÂÓã#cƒ3S#“cscC3“RÓP­˜Š}˜¢ÂÓã#c“#“ƒs#3ƒ“#ss†RÓRÃ#bÃ#ÃãÂÓã#c“#“ƒs#3ƒ“#ss†RÓP­Š}˜MŠ}ŠÝŠ­˜­Š}‹}Š}Š¢ÂÓã#c“3ssc#ss“#3““6RÓRÃ#‚Ã#ÃãÂÓã#c“3ssc#ss“#3““6RÓP­˜Š­‹}˜˜­‹˜}ŠrÂÓã#s33##SsƒC#RÓRÃ#ÃrÃãÂÓã#s33##SsƒC#RÓP­˜ŠŠ}˜bÂÓã#sCcsCƒsƒ“ƒƒ6RÓRÃ2Ã2ÃãÂÓã#sCcsCƒsƒ“ƒƒ6RÓP­˜˜­‹˜=‹2ÂÓã#sSCcƒcƒCC3fRÓRÃRÃBÃãÂÓã#sSCcƒcƒCC3fRÓP­Š­˜Š½˜­˜"ÂÓã#sS“3CSccssCcVRÓRÃbÃBÃãÂÓã#sS“3CSccssCcVRÓP­Š}˜mŠÍ‹-Š­˜}ŠrÂÓã#sƒƒƒccsCScc#sfRÓRÃ2Ã2ÃãÂÓã#sƒƒƒccsCScc#sfRÓP­˜]‹]Šý‹˜­˜bÂÓã#s#c##“sƒCsc–RÓRÃ2Ã2ÃãÂÓã#s#c##“sƒCsc–RÓP­˜]˜­Š½Š}˜=‹˜­˜M˜­Š¢ÂÓã#s##ƒ#SCS3S3SRÓRÃ2Ã2ÃãÂÓã#s##ƒ#SCS3S3SRÓP­Š}˜M˜}˜­˜=˜M˜rÂÓã#s#CƒccCSS#S†RÓRÃ3bÃ#BÃãÂÓã#s#CƒccCSS#S†RÓP­˜Š}˜-˜BÂÓã#s#ƒ3Ssssƒ3ƒvRÓRÃ’Ã2ÃãÂÓã#s#ƒ3Ssssƒ3ƒvRÓP­˜˜­Šý‹˜RÂÓã#s#“ƒ“Cs3ƒssVRÓRÃBÃBÃãÂÓã#s#“ƒ“Cs3ƒssVRÓP­˜Š}‹]˜MŠ¢ÂÓã#s3SCcC“ƒ“scCƒ†RÓRÃ#RÃ#ÃãÂÓã#s3SCcC“ƒ“scCƒ†RÓP­˜˜-‹˜rÂÓã#sCS3“3scc#3C†RÓRÃ‚ÃBÃãÂÓã#sCS3“3scc#3C†RÓP­˜M˜=˜}‹ŠŠ}ŠÂÓã#sCcss3#“ss“cvRÓRÃ2Ã2ÃãÂÓã#sCcss3#“ss“cvRÓP­˜Š}˜M‹M˜=Š}˜˜¢ÂÓã#sc3sƒƒ33“CS3FRÓRÃ2Ã2ÃãÂÓã#sc3sƒƒ33“CS3FRÓP­Š}‹=Š­˜=˜]˜BÂÓã#scSC33#c#ƒsfRÓRÃ2Ã2ÃãÂÓã#scSC33#c#ƒsfRÓP­˜Š}˜M˜]ŠÍŠ­˜]‹˜­˜rÂÓã#sc3Ssss#S3vRÓRÃrÃbÃãÂÓã#sc3Ssss#S3vRÓP­Š}˜MŠ}ŠÝŠ­˜­Š}‹}˜­Š}Š¢ÂÓã#sc“#ƒ#3S#CC3CVRÓRÃ3Ã’ÃãÂÓã#sc“#ƒ#3S#CC3CVRÓP­Š˜]˜M˜­Š}‹Š}Š¢ÂÓã#ssc33cSCsSS#S&RÓRÃrÃbÃãÂÓã#ssc33cSCsSS#S&RÓP­Š}˜MŠý˜‹˜rÂÓã#ssƒƒCƒcƒS#SƒS“fRÓRÃ#BÃÃãÂÓã#ssƒƒCƒcƒS#SƒS“fRÓP­‹m‹˜­Š˜¢ÂÓã#ƒSS3ƒƒ3sss“†RÓRÃbÃbÃãÂÓã#ƒSS3ƒƒ3sss“†RÓP­˜˜m‹˜‹’ÂÓã#ƒ3scs3“S33““RÓRÃ3BÃ3ÃãÂÓã#ƒ3scs3“S33““RÓP­˜]˜‹˜BÂÓã#ƒ3SCsss#““3“–RÓRÃbÃ2ÃãÂÓã#ƒ3SCsss#““3“–RÓP­˜Š}‹MŠ­‹‹}Š¢ÂÓã#ƒ3SCsss#““3“–RÓRÃbÃ2ÃãÂÓã#ƒ3SCsss#““3“–RÓP¦æ¦—¢ÂÓã#ƒ3SCsss#““3“–RÓRÃbÃ2ÃãÂÓã#ƒ3SCsss#““3“–RÓP­˜]˜]˜˜BÂÓã#ƒ3ƒS“cScs3sc3VRÓRÃ‚ÃbÃãÂÓã#ƒ3ƒS“cScs3sc3VRÓP­˜˜]˜-Š}‹˜mŠ­˜}ŠrÂÓã#ƒC“CCss##“CvRÓRÃBÃ2ÃãÂÓã#ƒC“CCss##“CvRÓP­Š}˜M‹‹M˜­ŠòÂÓã#ƒSCc“ƒs#ƒssfRÓRÃÃbÃãÂÓã#ƒSCc“ƒs#ƒssfRÓP­ŠŠ}‹=ŠŠ}˜m˜­ŠrÂÓã#ƒcSSss#SSSSRÓRÃ2Ã2ÃãÂÓã#ƒcSSss#SSSSRÓP­˜Š}˜MŠ}‹˜]Š}˜BÂÓã#ƒcSsSssS3“ƒVRÓRÃ’Ã‚ÃãÂÓã#ƒcSsSssS3“ƒVRÓP­˜MŠÍ‹Š‚ÂÓã#ƒss#3““ƒƒƒvRÓRÃrÃrÃãÂÓã#ƒss#3““ƒƒƒvRÓP¤RÂÓã#ƒs“S33Ssƒ3C“C&RÓRÃbÃRÃãÂÓã#ƒs“S33Ssƒ3C“C&RÓP­ŠŠ}˜]˜=Š}˜m˜­˜rÂÓã#ƒƒ#s3cCsS3ƒ“#6RÓRÃ2Ã2ÃãÂÓã#ƒƒ#s3cCsS3ƒ“#6RÓP­ŠÝ‹˜rÂÓã#ƒƒ“cscCs“C†RÓRÃbÃrÃãÂÓã#ƒƒ“cscCs“C†RÓP­Š}˜MŠ}Š­ŠÝŠ}ŠòÂÓã#ƒ“#CC#cƒ#fRÓRÃ3cbÃ3ÃãÂÓã#ƒ“#CC#cƒ#fRÓP­Š}˜M˜=˜M˜]˜rÂÓã#ƒ““#“SSƒƒcs3“VRÓRÃbÃbÃãÂÓã#ƒ““#“SSƒƒcs3“VRÓP­˜Š˜}‹˜rÂÓã#ƒ““SCS3“c3c3fRÓRÃ3bÃ3RÃãÂÓã#ƒ““SCS3“c3c3fRÓP­˜]ŠŠ}‹˜2ÂÓã#“c#SC33S“#s†RÓRÃÃbÃãÂÓã#“c#SC33S“#s†RÓP­Š­‹]Šý˜­‹˜}ŠrÂÓã#“3“ƒC3Ss3ƒ6RÓRÃRÃRÃãÂÓã#“3“ƒC3Ss3ƒ6RÓP­Š}˜MŠ}ŠÝ˜Š}˜BÂÓã#“#C#C3cS“3#–RÓRÃ’ÃÃãÂÓã#“#C#C3cS“3#–RÓP­Š½Š}˜m˜˜­˜rÂÓã#“#S“3CS#“s3c–RÓRÃ#Ã2ÃãÂÓã#“#S“3CS#“s3c–RÓP­˜MŠÍ˜Šý˜rÂÓã#“3#S#3cCs#3ƒ#6RÓRÃrÃrÃãÂÓã#“3#S#3cCs#3ƒ#6RÓP­Š}˜M˜]Š­‹­˜­‹Š}Š¢ÂÓã#“3SƒC“s3ƒ#VRÓRÃrÃrÃãÂÓã#“3SƒC“s3ƒ#VRÓP­ŠÝŠýŠ²ÂÓã#“3cƒsCCc“#S“CVRÓRÃC’Ã#‚ÃãÂÓã#“3cƒsCCc“#S“CVRÓP­Š}ŠÝŠ­˜Š}ŠÂÓã#“C#Sc3sƒSƒs†RÓRÃ2Ã2ÃãÂÓã#“C#Sc3sƒSƒs†RÓP­˜M˜MŠ˜m˜­˜rÂÓã#“C3#“ƒ3ƒ#sSS#VRÓRÃ2ÃÃãÂÓã#“C3#“ƒ3ƒ#sSS#VRÓP­Š}˜M˜]Š}‹m˜­Š}‹=˜RÂÓã#“Cƒ3###ƒƒC3sfRÓRÃ#BÃrÃãÂÓã#“Cƒ3###ƒƒC3sfRÓP­Š}˜M˜]Š}˜MŠÝ˜rÂÓã#“Sƒ#““3ƒS3FRÓRÃbÃ’ÃãÂÓã#“Sƒ#““3ƒS3FRÓP­˜˜m˜-˜M˜}ŠrÂÓã#“S#cSƒƒSS36RÓRÃRÃRÃãÂÓã#“S#cSƒƒSS36RÓP­˜‹=˜mŠ­˜­˜bÂÓã#“SSS#ƒSS3ƒCfRÓRÃbÃ2ÃãÂÓã#“SSS#ƒSS3ƒCfRÓP­Š}˜MŠ­˜-˜MŠŠ}Š¢ÂÓã#“SƒCcsS“c3S#–RÓRÃbÃBÃãÂÓã#“SƒCcsS“c3S#–RÓP­ŠŠ}˜MŠ}˜mŠý˜]Š}ŠÂÂÓã#“S“#s3c3sScC6RÓRÃ‚Ã‚ÃãÂÓã#“S“#s3c3sScC6RÓP­Š}˜M‹M˜}Š}Šý˜rÂÓã#“ƒ33ƒ“C“SsCRÓRÃ‚ÃRÃãÂÓã#“ƒ33ƒ“C“SsCRÓP­˜Š}‹=Š­˜-‹}Š}Š‚ÂÓã#““cs3#ƒ“Ss&RÓRÃÃÃãÂÓã#““cs3#ƒ“Ss&RÓP­‹˜­Š}˜bÂÓã#““C3ƒƒ3Cs#““ƒ3†RÓRÃ2Ã2ÃãÂÓã#““C3ƒƒ3Cs#““ƒ3†RÓP­ŠŠ}˜-˜¢ÂÓã#““ScSsƒs#ƒFRÓRÃSRÃ#bÃãÂÓã#““ScSsƒs#ƒFRÓP­˜Š}˜M˜]Š­˜‹=‹rÂÓã#““c3ƒcscS““c#VRÓRÃ3’ÃBÃãÂÓã#““c3ƒcscS““c#VRÓP­˜Š}˜M‹}Š}˜MŠŠ}Š¢ÂÓã#““cc#CcsSS3cRÓRÃbÃÃãÂÓã#““cc#CcsSS3cRÓP­Š}˜M‹ŠM˜­˜rÂÓã#““sƒƒƒ“cc“s†RÓRÃcÃS"ÃãÂÓã#““sƒƒƒ“cc“s†RÓP­˜MŠ}‹M‹Š}˜ÂÓã#“““s##c“Cs#RÓRÃRÃ2ÃãÂÓã#“““s##c“Cs#RÓP­Š}˜M˜m˜‹}˜­˜rÂÓã3#s#“cƒSƒƒ“##†RÓRÃ#RÃ’ÃãÂÓã3#s#“cƒSƒƒ“##†RÓP­Š}˜M˜]‹Š}‹˜ÂÓã3#CcScƒ““3““†RÓRÃbÃRÃãÂÓã3#CcScƒ““3““†RÓP­Š}˜MŠ}‹˜-Š}˜RÂÓã3###ƒSSC3##–RÓRÃCÃ#rÃãÂÓã3###ƒSSC3##–RÓP­Š­‹M‹=˜mŠ}Š¢ÂÓã3#ƒSCCƒSS3sfRÓRÃ2Ã2ÃãÂÓã3#ƒSCCƒSS3sfRÓP­Š­‹˜M˜­˜-ŠrÂÓã33C3s“ƒ#3svRÓRÃ#Ã#ÃãÂÓã33C3s“ƒ#3svRÓP­˜]Š}‹˜­˜bÂÓã33CSsCs##s#CvRÓRÃCÃrÃãÂÓã33CSsCs##s#CvRÓP­˜]‹=ŠM˜˜M˜­Š­˜}ŠrÂÓã33“C##3CcsVRÓRÃRÃRÃãÂÓã33“C##3CcsVRÓP­Š}˜M˜m˜]Š}‹ŠÂÂÓã3CS#C3ScCcC6RÓRÃ‚ÃrÃãÂÓã3CS#C3ScCcC6RÓP­Š˜]˜=Š­Š˜rÂÓã3S3““sSSƒ3ƒ“cVRÓRÃrÃrÃãÂÓã3S3““sSSƒ3ƒ“cVRÓP­Š}˜M˜}Š}˜]‹BÂÓã3ScssƒssƒsC3ƒvRÓRÃ3ÃbÃãÂÓã3ScssƒssƒsC3ƒvRÓP­Š}ŠÝŠ­˜­Š}ŠÍŠ}Š­˜}ŠrÂÓã3Ss#S3ƒscfRÓRÃ’Ã‚ÃãÂÓã3Ss#S3ƒscfRÓP­Ší˜­‹ÂÓã3ƒsS3“#ƒS“s#fRÓRÃ‚ÃbÃãÂÓã3ƒsS3“#ƒS“s#fRÓP­˜]‹]Š}˜ÂÓã3“Cƒƒ“S#fRÓRÃ2Ã2ÃãÂÓã3“Cƒƒ“S#fRÓP­‹˜]˜MŠ}˜-˜rÂÓã3“33sSSƒS“#cCfRÓRÃbÃRÃãÂÓã3“33sSSƒS“#cCfRÓP­Š­‹]ŠÝ˜­ŠÝ˜¢ÂÓã3ƒCCS3ƒcFRÓRÃ3‚Ã3BÃãÂÓã3ƒCCS3ƒcFRÓP­Š­˜Š}˜‹ÂÓã3##Cƒ#“#sƒ#c“†RÓRÃbÃ"ÃãÂÓã3##Cƒ#“#sƒ#c“†RÓP­˜M˜M˜m‹M‹˜rÂÓã3#3#Ss33“3ƒFRÓRÃBÃrÃãÂÓã3#3#Ss33“3ƒFRÓP­Š}˜MŠí‹˜­ŠÍ˜­˜bÂÓã33#3“c3sS#SvRÓRÃÃRÃãÂÓã33#3“c3sS#SvRÓP­˜‹˜-˜ŠòÂÓã33c3#CS#s3ccsfRÓRÃ2Ã2ÃãÂÓã33c3#CS#s3ccsfRÓP­˜˜]˜m˜}ŠrÂÓã3CC“#c““ccsC6RÓRÃ3bÃ#rÃãÂÓã3CC“#c““ccsC6RÓP­‹­‹}Š¢ÂÓã3CSSS“cs3c“svRÓRÃ2Ã2ÃãÂÓã3CSSS“cs3c“svRÓP­Š}˜M‹=˜m˜˜¢ÂÓã3CSsc#S#ƒ“Ssƒ&RÓRÃ##"Ãs’ÃãÂÓã3CSsc#S#ƒ“Ssƒ&RÓP­‹Š}˜]˜MŠ}˜bÂÓã3S#SCC#ƒƒ“6RÓRÃBÃBÃãÂÓã3S#SCC#ƒƒ“6RÓP­Š­‹=ŠÍ˜M˜­˜}ŠrÂÓã3S#“SSSƒ3“ƒ#fRÓRÃ2Ã2ÃãÂÓã3S#“SSSƒ3“ƒ#fRÓP­˜=‹M˜Š¢ÂÓã3c3sC“#“ƒc†RÓRÃc"ÃCÃãÂÓã3c3sC“#“ƒc†RÓP­ŠÝ‹=˜­˜bÂÓã3sCSƒƒƒc#3SvRÓRÃCBÃ3ÃãÂÓã3sCSƒƒƒc#3SvRÓP­˜M˜MŠÍ˜}ŠòÂÓã3ƒcƒSsSc&RÓRÃÃrÃãÂÓã3ƒcƒSsSc&RÓP­ŠŠ­ŠÍ‹Š˜rÂÓã3ƒƒS#ƒc“sC“&RÓRÃRÃRÃãÂÓã3ƒƒS#ƒc“sC“&RÓP­˜‹ŠM‹=Š}ŠÂÓã3ƒsS#cS“33ƒ“VRÓRÃ"ÃrÃãÂÓã3ƒsS#cS“33ƒ“VRÓP­˜]‹=Š­Š}ŠÍ‹ŠrÂÓã3“cƒSCcƒ“3#cfRÓRÃÃÃãÂÓã3“cƒSCcƒ“3#cfRÓP­Š}˜M˜]ŠÝŠýŠòÂÓã3“3ssƒS“SsS–RÓRÃCRÃ3’ÃãÂÓã3“3ssƒS“SsS–RÓP­˜M˜‚ÂÓã3#ƒc#sSSccƒ†RÓRÃBÃÃãÂÓã3#ƒc#sSSccƒ†RÓP­ŠŠ}˜-‹Š}‹ÂÓã3#C“3cCCc3SSScfRÓRÃ2Ã2ÃãÂÓã3#C“3cCCc3SSScfRÓP­Š}˜M˜]ŠÝ˜MŠ}Š¢ÂÓã3##“3Cs3Ss“cvRÓRÃRÃ2ÃãÂÓã3##“3Cs3Ss“cvRÓP­Š}˜MŠ˜­Šm˜¢ÂÓã3#3SSƒCsƒc“3Cc&RÓRÃrÃ2ÃãÂÓã3#3SSƒCsƒc“3Cc&RÓP­‹˜-Šý˜rÂÓã3#3“sS3“#33S““VRÓRÃBÃBÃãÂÓã3#3“sS3“#33S““VRÓP­Š˜-Šý‹Š}Š¢ÂÓã3#C##scs“C“ƒƒVRÓRÃ‚ÃrÃãÂÓã3#C##scs“C“ƒƒVRÓP­Š}˜M‹Ší‹RÂÓã3#CS#Sssƒc#3CRÓRÃRÃ2ÃãÂÓã3#CS#Sssƒc#3CRÓP­˜Š}˜M‹˜Š˜Š­Š}Š¢ÂÓã3#Sƒ3ƒƒ3“csC3fRÓRÃ2Ã2ÃãÂÓã3#Sƒ3ƒƒ3“csC3fRÓP­˜]˜mŠ}˜-‹M˜rÂÓã3#c3S“3sSs#ƒvRÓRÃ2Ã"ÃãÂÓã3#c3S“3sSs#ƒvRÓP­‹=Š­Š­˜˜M˜¢ÂÓã3#cS#3sScS3##†RÓRÃRÃ2ÃãÂÓã3#cS#3sScS3##†RÓP­Š}˜­˜]Š}˜mŠrÂÓã3#cccƒ““Cs3s“#3–RÓRÃBÃBÃãÂÓã3#cccƒ““Cs3s“#3–RÓP­Š}˜M˜]‹-Š}ŠýŠ}˜MŠ­‹­˜­‹Š}˜M‹]Š}Šý‹Š}Š¢ÂÓã3#c“CC“ƒS3“C“SvRÓRÃ2ÃBÃãÂÓã3#c“CC“ƒS3“C“SvRÓP­Š}˜MŠ}‹=Š­‹­˜MŠ}˜BÂÓã3#sS“C#CS“ƒ“FRÓRÃRÃBÃãÂÓã3#sS“C#CS“ƒ“FRÓP­˜=Š}˜M˜]‹Š­Š}ŠòÂÓã3#s“Csc#s3###FRÓRÃ‚Ã‚ÃãÂÓã3#s“Csc#s3###FRÓP­˜˜}˜Š}˜]‹M˜}ŠrÂÓã3#ƒ#Sƒ#ƒcFRÓRÃBÃÃãÂÓã3#ƒ#Sƒ#ƒcFRÓP­˜Š}˜MŠ}‹=˜Š}˜"ÂÓã3#ƒss““#S“CƒfRÓRÃ2ÃÃãÂÓã3#ƒss““#S“CƒfRÓP­ŠŠ}˜MŠ­˜Š}‹]˜­˜BÂÓã33#Cƒ#ƒ#3c#FRÓRÃbÃ2ÃãÂÓã33#Cƒ#ƒ#3c#FRÓP­ŠÝ‹m˜‹˜}ŠrÂÓã33S“cCsƒ#Ss&RÓRÃ’ÃrÃãÂÓã33S“cCsƒ#Ss&RÓP­Š}˜MŠ}ŠíŠ­‹]Š}‹RÂÓã33ƒscc“cc#“C“c†RÓRÃ2Ã2ÃãÂÓã33ƒscc“cc#“C“c†RÓP­ŠŠ}˜M˜m‹=Š˜rÂÓã333c3#“S“ƒ33S6RÓRÃƒ2Ãc"ÃãÂÓã333c3#“S“ƒ33S6RÓP­‹‹M˜­ŠòÂÓã33C3ƒ3#3SSƒ6RÓRÃbÃBÃãÂÓã33C3ƒ3#3SSƒ6RÓP­Š}‹=Š­‹mŠ}˜Š¢ÂÓã33C#C3ƒ“ƒ“ƒ“#fRÓRÃRÃRÃãÂÓã33C#C3ƒ“ƒ“ƒ“#fRÓP­ŠÍ˜}˜Šý˜rÂÓã33Cc3C“#Cƒ3SVRÓRÃRÃRÃãÂÓã33Cc3C“#Cƒ3SVRÓP­‹˜=‹"ÂÓã33SS#Ssƒsƒc“fRÓRÃbÃbÃãÂÓã33SS#Ssƒsƒc“fRÓP­Š}˜M˜]Š­˜Š}Šm˜M˜rÂÓã33SSC#Cƒ#sc##†RÓRÃ2ÃbÃãÂÓã33SSC#Cƒ#sc##†RÓP­ŠŠ­‹˜=˜­‹ÂÓã33cccSCcCƒsC“†RÓRÃ2Ã2ÃãÂÓã33cccSCcCƒsC“†RÓP­‹˜]˜MŠ}Šm˜rÂÓã33ccƒ#sCS#“##3vRÓRÃbÃBÃãÂÓã33ccƒ#sCS#“##3vRÓP­Š}˜MŠý˜‹˜¢ÂÓã33ƒsCSCc3ƒ#cScƒfRÓRÃ#2ÃÃãÂÓã33ƒsCSCc3ƒ#cScƒfRÓP­Š}˜M˜˜‹"ÂÓã33“3sccƒ#3ccvRÓRÃBÃBÃãÂÓã33“3sccƒ#3ccvRÓP­˜Š}‹MŠ}‹ŠrÂÓã3CCCCSC“ƒ3s“FRÓRÃbÃbÃãÂÓã3CCCCSC“ƒ3s“FRÓP­‹‹=˜]˜­ŠrÂÓã3Ccc“#cc33cƒVRÓRÃC"Ã#ÃãÂÓã3Ccc“#cc33cƒVRÓP­Š}˜MŠ}˜‹Š}˜"ÂÓã3Cc“ƒ“Cƒƒ#ƒC#6RÓRÃs2Ã“"ÃãÂÓã3Cc“ƒ“Cƒƒ#ƒC#6RÓP­Š­‹‹˜­˜ŠrÂÓã3Cs###“Cs3“SvRÓRÃRÃRÃãÂÓã3Cs###“Cs3“SvRÓP­Š}˜M˜}˜mŠý‹=˜rÂÓã3Cƒ“s#s3CcSC&RÓRÃS’Ã3"ÃãÂÓã3Cƒ“s#s3CcSC&RÓP­˜Š}˜MŠŠÝŠ²ÂÓã3C“s3Scƒc#s†RÓRÃ"Ã"ÃãÂÓã3C“s3Scƒc#s†RÓP­˜˜]‹MŠ}‹˜­‹˜}ŠrÂÓã3C#“Sƒ3“sC3sFRÓRÃrÃrÃãÂÓã3C#“Sƒ3“sC3sFRÓP­Š­‹=˜˜­˜rÂÓã3CC“C“““S#c#–RÓRÃc"Ã#ÃãÂÓã3CC“C“““S#c#–RÓP­˜Š­˜=‹M˜ÂÓã3CSSccccƒƒsCvRÓRÃ2Ã2ÃãÂÓã3CSSccccƒƒsCvRÓP­˜M˜]˜-Š}Š˜M˜rÂÓã3CS3“ƒ“ƒ†RÓRÃbÃbÃãÂÓã3CS3“ƒ“ƒ†RÓP­˜M˜MŠ­ŠÝ˜-˜"ÂÓã3CS#cƒsCcccSƒ6RÓRÃ’ÃrÃãÂÓã3CS#cƒsCcccSƒ6RÓP­˜]˜MŠ}ŠÝ‹Š}Š­Š}ŠýŠ}ŠÂÓã3CS3#s“3“Ssƒ3C–RÓRÃ"Ã2ÃãÂÓã3CS3#s“3“Ssƒ3C–RÓP­Š}‹=Š­Š‹Š}ŠòÂÓã3Cc3“3“C3SSƒƒfRÓRÃCRÃ’ÃãÂÓã3Cc3“3“C3SSƒƒfRÓP­˜Š­˜=˜m˜˜M˜ŠÍ˜­ŠrÂÓã3Cc3sSCƒ33cc–RÓRÃRÃRÃãÂÓã3Cc3sSCƒ33cc–RÓP­˜Š}‹]˜BÂÓã3CƒCs3CcS“C#vRÓRÃSRÃC"ÃãÂÓã3CƒCs3CcS“C#vRÓP­Š}˜MŠ­‹}Š˜­˜-˜­˜rÂÓã3CƒS3“c3C#S–RÓRÃbÃbÃãÂÓã3CƒS3“c3C#S–RÓP­˜MŠ˜­Š}˜bÂÓã3C“C3C“ƒscCCfRÓRÃ#"Ã#ÃãÂÓã3C“C3C“ƒscCCfRÓP­ŠÝ‹]ŠýŠ¢ÂÓã3C“S“#“ƒ#ƒsSsS#vRÓRÃ2Ã2ÃãÂÓã3C“S“#“ƒ#ƒsSsS#vRÓP­˜m˜˜˜BÂÓã3S#ƒS“sSCS#VRÓRÃ’ÃRÃãÂÓã3S#ƒS“sSCS#VRÓP­˜]˜]Š½˜BÂÓã3Scs“csƒ3†RÓRÃs’Ã#‚ÃãÂÓã3Scs“csƒ3†RÓP­‹=˜­Š­˜¢ÂÓã3SScsC3“Sƒc6RÓRÃS’Ã#2ÃãÂÓã3SScsC3“Sƒc6RÓP­Š­‹=Š­˜]‹ÂÓã3SCsSc““s“s3CRÓRÃsbÃSBÃãÂÓã3SCsSc““s“s3CRÓP¤•4òÂÓã3S#ScCcƒc“c†RÓRÃbÃBÃãÂÓã3S#ScCcƒc“c†RÓP­Š­ŠÝ˜-˜-Š¢ÂÓã3SCƒ“#“3CCcS&RÓRÃbÃbÃãÂÓã3SCƒ“#“3CCcS&RÓP­˜]ŠM‹=‹=ŠrÂÓã3SSc“s“sS3s“CvRÓRÃBÃBÃãÂÓã3SSc“s“sS3s“CvRÓP­˜mŠ}˜­˜ÂÓã3S#s“c3#SCcCƒ6RÓRÃSÃ3ÃãÂÓã3S#s“c3#SCcCƒ6RÓP­˜˜ŠÍ˜rÂÓã3S#3S“#ScSSs6RÓRÃBÃ2ÃãÂÓã3S#3S“#ScSSs6RÓP­Š­‹m˜]˜­˜m˜rÂÓã3S#Cs#C“#SCfRÓRÃ2Ã2ÃãÂÓã3S#Cs#C“#SCfRÓP­˜Š}˜M˜]‹Š}‹‹bÂÓã3S#SC3ƒƒ3“3FRÓRÃrÃRÃãÂÓã3S#SC3ƒƒ3“3FRÓP­˜-Šý‹Š}Š­˜rÂÓã3S#cƒSSc#3SS#ccVRÓRÃBÃ2ÃãÂÓã3S#cƒSSc#3SS#ccVRÓP­Š}˜M˜]ŠÍŠý˜˜M˜rÂÓã3S3#s3cc#“ƒsCfRÓRÃrÃC"ÃãÂÓã3S3#s3cc#“ƒsCfRÓP­Š}˜M‹m‹Š}ŠmŠ‚ÂÓã3S3CsSƒcccSƒ“ƒ–RÓRÃbÃRÃãÂÓã3S3CsSƒcccSƒ“ƒ–RÓP­˜˜-Šý˜RÂÓã3SCcƒ#s#3s3FRÓRÃ3‚Ã32ÃãÂÓã3SCcƒ#s#3s3FRÓP­˜Š}‹ŠÍ‹Š¢ÂÓã3SSssƒ“c3###vRÓRÃSRÃSÃãÂÓã3SSssƒ“c3###vRÓP­Š}˜MŠ}ŠÍŠ}˜mŠ‚ÂÓã3Sc#sƒ“cC“#–RÓRÃcBÃ3rÃãÂÓã3Sc#sƒ“cC“#–RÓP­Š­˜‹]˜­Š­˜mŠrÂÓã3ScsScscCcss–RÓRÃƒÃsÃãÂÓã3ScsScscCcss–RÓP­Š­‹}˜M‹Š}Š­˜}˜RÂÓã3S“cC3ƒC#ƒSsFRÓRÃ’ÃrÃãÂÓã3S“cC3ƒC#ƒSsFRÓP­‹]Šý˜­˜-˜rÂÓã3S“cs#S“s“S–RÓRÃÃ‚ÃãÂÓã3S“cs#S“s“S–RÓP­˜MŠ˜m˜¢ÂÓã3S““ƒS“ƒCcS6RÓRÃSBÃ#‚ÃãÂÓã3S““ƒS“ƒCcS6RÓP­Š}˜MŠÝ‹ÂÓã3c#3#ss3ss3CS“fRÓRÃ‚Ã‚ÃãÂÓã3c#3#ss3ss3CS“fRÓP­Š}˜MŠ}˜˜M˜­˜rÂÓã3c#ƒCs#3#ƒ3Sc“&RÓRÃSrÃƒRÃãÂÓã3c#ƒCs#3#ƒ3Sc“&RÓP­˜M˜M˜]Šý˜¢ÂÓã3c3ƒ33ccs3ss–RÓRÃBÃBÃãÂÓã3c3ƒ33ccs3ss–RÓP­˜Š}˜MŠý˜Š}ŠÂÓã3c3“csS“CccscvRÓRÃbÃBÃãÂÓã3c3“csS“CccscvRÓP­Š}˜M˜]˜m‹MŠ}˜rÂÓã3cC##3Cc#“C#FRÓRÃRÃbÃãÂÓã3cC##3Cc#“C#FRÓP­˜m‹ŠÍ˜ŠrÂÓã3cSs#sƒSƒ#VRÓRÃbÃ2ÃãÂÓã3cSs#sƒSƒ#VRÓP­Š}˜MŠ­‹‹˜ÂÓã3ccSCC3S#3ƒSCRÓRÃÃÃãÂÓã3ccSCC3S#3ƒSCRÓP­ŠŠ}˜M˜]˜]Š}Š½˜BÂÓã3ccc“cs#3CRÓRÃRÃBÃãÂÓã3ccc“cs#3CRÓP­˜Š}˜MŠ}˜˜=Š}‹ÂÓã3cs#ƒCC3#Cs3ss†RÓRÃÃÃãÂÓã3cs#ƒCC3#Cs3ss†RÓP­Š}Š½‹ŠrÂÓã3csSƒC“cƒSƒ“&RÓRÃ‚ÃbÃãÂÓã3csSƒC“cƒSƒ“&RÓP­Š}ŠÍŠŠ}‹˜­˜rÂÓã3s3C#ƒ“3ƒ#6RÓRÃRÃBÃãÂÓã3s3C#ƒ“3ƒ#6RÓP­˜M˜mŠÝ˜‚ÂÓã3sCsc“ƒ“cƒc“VRÓRÃ’Ã‚ÃãÂÓã3sCsc“ƒ“cƒc“VRÓP­Š}˜M˜]‹-Š}ŠýŠ}˜MŠ­‹­˜­‹ŠÍ‹-˜­‹˜rÂÓã3sS#ƒƒCcS“#vRÓRÃBÃ2ÃãÂÓã3sS#ƒƒCcS“#vRÓP­ŠíŠ}˜m˜rÂÓã3s33CsƒƒƒScCSvRÓRÃÃbÃãÂÓã3s33CsƒƒƒScCSvRÓP­˜M‹=˜˜"ÂÓã3sC““sCƒ“6RÓRÃ#Ã’ÃãÂÓã3sC““sCƒ“6RÓP­ŠŠÍŠ}‹-Š}˜bÂÓã3s#“SscCs#&RÓRÃRÃBÃãÂÓã3s#“SscCs#&RÓP­ŠŠ}˜M˜]˜mŠ}‹}˜"ÂÓã3s3c#ƒcƒC3&RÓRÃÃ‚ÃãÂÓã3s3c#ƒcƒC3&RÓP­Š}˜MŠ­Š}‹˜­Ší˜¢ÂÓã3s3““csSƒs#cfRÓRÃ’ÃÃãÂÓã3s3““csSƒs#cfRÓP­ŠÍ‹˜‹ÂÓã3sS“C3SsS“#–RÓRÃbÃBÃãÂÓã3sS“C3SsS“#–RÓP­˜‹‹=˜­‹ÂÓã3sS#CC“s#SS“#FRÓRÃbÃbÃãÂÓã3sS#CC“s#SS“#FRÓP­Š}˜M˜]‹-Š}ŠýŠ}˜MŠ­‹­˜­‹Š}˜M‹M‹˜-˜­˜rÂÓã3sS33CsƒC“cSƒƒVRÓRÃBÃ2ÃãÂÓã3sS33CsƒC“cSƒƒVRÓP­˜]‹=Š­˜]‹ÂÓã3sc“sƒScSccFRÓRÃ32Ã#’ÃãÂÓã3sc“sƒScSccFRÓP­Š}˜M˜]‹-Š}ŠýŠ}˜MŠ­‹­˜­‹‹‹=˜­‹ÂÓã3sc##cc“csƒ“SS#–RÓRÃ‚ÃbÃãÂÓã3sc##cc“csƒ“SS#–RÓP­ŠŠ}Š­˜Š}˜-˜­˜rÂÓã3sccCƒƒ“3“#cCƒ36RÓRÃ2Ã2ÃãÂÓã3sccCƒƒ“3“#cCƒ36RÓP­Š}˜MŠÝ˜=˜­‹‹-˜­Š}Šý˜rÂÓã3sc“3ƒCCs“–RÓRÃ"ÃRÃãÂÓã3sc“3ƒCCs“–RÓP­Š­‹˜BÂÓã3ssc“s3““S“cfRÓRÃSBÃ3‚ÃãÂÓã3ssc“s3““S“cfRÓP­Š}Š½‹Š}ŠÂÓã3ss“sSc3c3s6RÓRÃ‚ÃRÃãÂÓã3ss“sSc3c3s6RÓP­˜M˜MŠ­‹}Š˜­˜"ÂÓã3s“S#SSS“sƒCSSCRÓRÃBÃBÃãÂÓã3s“S#SSS“sƒCSSCRÓP­Š}˜MŠ}‹­‹Š}‹bÂÓã3s“s#Cc“s“S6RÓRÃRÃ’ÃãÂÓã3s“s#Cc“s“S6RÓP­Š}˜M˜]‹-Š}ŠýŠ}˜MŠ­‹­˜­‹Š}˜M˜m˜-˜BÂÓã3ƒ3cƒ3ƒƒSCƒSfRÓRÃ2Ã2ÃãÂÓã3ƒ3cƒ3ƒƒSCƒSfRÓP­Š­˜˜˜"ÂÓã3ƒCsssCƒ3fRÓRÃrÃRÃãÂÓã3ƒCsssCƒ3fRÓP­Š}˜MŠ˜MŠ}‹­Š}Š¢ÂÓã3ƒcc#sSc3†RÓRÃrÃbÃãÂÓã3ƒcc#sSc3†RÓP­Š}˜M˜]ŠŠ}ŠÝŠ½Š}Š¢ÂÓã3ƒs3css3ƒ3CCVRÓRÃRÃRÃãÂÓã3ƒs3css3ƒ3CCVRÓP­˜Š}‹=Š­˜]‹ÂÓã3ƒ#css““3s#fRÓRÃ’ÃbÃãÂÓã3ƒ#css““3s#fRÓP­˜­ŠÝ˜‹˜}˜]ŠrÂÓã3ƒ3SS#C3c3ƒcc†RÓRÃBÃ2ÃãÂÓã3ƒ3SS#C3c3ƒcc†RÓP­Š}˜MŠí‹˜ŠÂÂÓã3ƒ3sƒCƒ†RÓRÃ"ÃbÃãÂÓã3ƒ3sƒCƒ†RÓP§6†&V†öÆFW'2ÂÓã3ƒ3#CC3###36RÓRÃBÃÃãÂÓã3ƒ3#CC3###36RÓP­˜‹=‹Š}Šý˜rÂÓã3ƒ3#ƒ3#c“C3sSc“fRÓRÃ"ÃÃãÂÓã3ƒ3#ƒ3#c“C3sSc“fRÓP­Š}˜M˜]˜mŠÍ‹-Š}Š¢ÂÓã3ƒ3cC“Ccs33“VRÓRÃBÃBÃãÂÓã3ƒ3cC“Ccs33“VRÓP­Š}˜M‹=‹˜¢ÂÓã3ƒC#3“#Ssc##ƒ3vRÓRÃ#rÃBÃãÂÓã3ƒC#3“#Ssc##ƒ3vRÓP­˜Š}˜MŠ­˜Š}‹]˜BÂÓã3ƒCƒscƒ#“c&RÓRÃbÃBÃãÂÓã3ƒCƒscƒ#“c&RÓP­‹˜]˜M˜}˜RÂÓã3ƒS#SCs3C3ƒ&RÓRÃbÃbÃãÂÓã3ƒS#SCs3C3ƒ&RÓP­Š}˜M‹m˜Šm˜­˜rÂÓã3ƒc“SsS3#SCS“VRÓRÃcBÃ3BÃãÂÓã3ƒc“SsS3#SCS“VRÓP­Š‹ŠÍŠrÂÓã3ƒsCSƒ#“Sƒ#3CƒFRÓRÃBÃ2ÃãÂÓã3ƒsCSƒ#“Sƒ#3CƒFRÓP­Š}˜M˜]‹-Š}ŠýŠ}˜MŠ­‹­˜­‹‹=Š}˜˜=˜‚ÂÓã3ƒsss#CƒCC#cVRÓRÃ#rÃÃãÂÓã3ƒsss#CƒCC#cVRÓP­˜M˜]ŠíŠ}˜M˜Š­˜}˜RÂÓã3ƒssƒ#ccCs3SfRÓRÃ2Ã2ÃãÂÓã3ƒssƒ#ccCs3SfRÓP­Š­‹=ŠŠ‚ÂÓã3ƒ“SƒCƒƒsƒ3#ƒ#fRÓRÃÃrÃãÂÓã3ƒ“SƒCƒƒsƒ3#ƒ#fRÓP­˜Š}˜­˜-Š}˜ÂÓã3ƒ““3ss#3#ƒ“ƒ†RÓRÃÃRÃãÂÓã3ƒ““3ss#3#ƒ“ƒ†RÓP­˜Š}˜­˜m˜m‹2ÂÓã3“ƒSs“S3CƒC“FRÓRÃ2Ã2ÃãÂÓã3“ƒSs“S3CƒC“FRÓP­˜­˜-Šý˜RÂÓã3“#CCCsƒScscƒ†RÓRÃcRÃC2ÃãÂÓã3“#CCCsƒScscƒ†RÓP­Ší˜M˜­ŠÍ˜¢ÂÓã3“#3#c#“cƒ#3“3SfRÓRÃRÃ2ÃãÂÓã3“#3#c#“cƒ#3“3SfRÓP­‹Š˜]ŠrÂÓã3“#ScCcc“cCCcsfRÓRÃbÃÃãÂÓã3“#ScCcc“cCCcsfRÓP­˜]ŠÝŠ}˜‹‚ÂÓã3“#s3C“3sc“c†RÓRÃbÃsÃãÂÓã3“#s3C“3sc“c†RÓP­˜˜Š­‹˜rÂÓã3“3Sc“333“SCVRÓRÃ2Ã2ÃãÂÓã3“3Sc“333“SCVRÓP­˜˜-Š}Šý˜rÂÓã3“3““##3c3##cc6RÓRÃ‚Ã‚ÃãÂÓã3“3““##3c3##cc6RÓP­Š}‹=˜]Šý˜rÂÓã3“3#C“C“ScC–RÓRÃ#rÃbÃãÂÓã3“3#C“C“ScC–RÓP­˜M˜M˜]‹Š}˜­˜­‹ÂÓã3“C33sƒsCsƒsƒc–RÓRÃ2ÃÃãÂÓã3“C33sƒsCsƒsƒc–RÓP­Š}˜M‹]˜-‹ÂÓã3“CCCCsscƒc#C“vRÓRÃ#BÃsBÃãÂÓã3“CCCCsscƒc#C“vRÓP­Š}˜M˜]ŠÝŠ}˜˜BÂÓã3“CCCsƒs#cvRÓRÃRÃ2ÃãÂÓã3“CCCsƒs#cvRÓP­Š}˜MŠ­˜-Šý˜­‹ÂÓã3“CcƒS3“Cc3#S†RÓRÃBÃBÃãÂÓã3“CcƒS3“Cc3#S†RÓP­˜­‹-ŠýŠ}ŠòÂÓã3“C“C#Sƒcsƒ#“3fRÓRÃ’Ã’ÃãÂÓã3“C“C#Sƒcsƒ#“3fRÓP­Š}˜M˜]‹˜rÂÓã3“SƒƒccC“C3c3S†RÓRÃRÃ2ÃãÂÓã3“SƒƒccC“C3c3S†RÓP­˜ŠÍŠ}Šm‹-˜rÂÓã3“sƒs“S“cSSScC&RÓRÃRÃBÃãÂÓã3“sƒs“S“cSSScC&RÓP­Š}˜m‹ŠÍ˜¢ÂÓã3“ƒ#ƒ#cƒC“s“VRÓRÃ’ÃrÃãÂÓã3“ƒ#ƒ#cƒC“s“VRÓP­˜M˜MŠ­˜-˜m˜­˜rÂÓã3“ƒcS3“C“ƒsc36RÓRÃS"Ã3BÃãÂÓã3“ƒcS3“C“ƒsc36RÓP­Š}˜MŠ}˜]Š­Š½Š}˜BÂÓã3“ƒ“SsSSCS#Sƒs&RÓRÃ"Ã’ÃãÂÓã3“ƒ“SsSSCS#Sƒs&RÓP­˜=‹˜­Š‹2ÂÓã3““cc3ScCS3c#&RÓRÃrÃBÃãÂÓã3““cc3ScCS3c#&RÓP­ŠŠ}˜M˜m‹RÂÓã3““sC#SC“ƒ3&RÓRÃRÃRÃãÂÓã3““sC#SC“ƒ3&RÓP­Š}˜M˜]Šý‹‹=˜­˜rÂÓã3““ƒ“ƒc“ƒ“ƒSS#3&RÓRÃ‚Ã‚ÃãÂÓã3““ƒ“ƒc“ƒ“ƒSS#3&RÓP­˜Š­Šý‹˜­Š‚ÂÓã3“““ccCC#“svRÓRÃÃÃãÂÓã3“““ccCC#“svRÓP­Š}˜M‹]‹­‹‹]‹­˜­‹˜}˜]Š­˜‹=‹}˜}Š}˜MŠ}ŠÍ˜]Š}˜M˜­Š}˜M‹Š‹’ÂÓãC#Cs3SsfRÓRÃcÃÃãÂÓãC#Cs3SsfRÓP­Š}˜MŠ­‹­˜­˜­‹Š}˜M‹Š‹’ÂÓãC#Cs3SsfRÓRÃ3ÃÃãÂÓãC#Cs3SsfRÓP­˜­‹]Š‚ÂÓãC3ccƒCC3#C3C&RÓRÃ2Ã2ÃãÂÓãC3ccƒCC3#C3C&RÓP­˜M˜MŠ}‹=Š­ŠÍŠ}Š˜rÂÓãCS3““ƒƒsc3c“†RÓRÃRÃBÃãÂÓãCS3““ƒƒsc3c“†RÓP­Š‹˜]˜M˜­Š}Š¢ÂÓãC“#c“ƒSs3s“vRÓRÃÃ‚ÃãÂÓãC“#c“ƒSs3s“vRÓP­ŠŠ}‹=Š­‹ŠýŠ}ŠòÂÓãC#3ƒS#3ƒ#ƒ#“&RÓRÃ2Ã2ÃãÂÓãC#3ƒS#3ƒ#ƒ#“&RÓP­‹M˜}Šý˜rÂÓãC3“ƒC“3“c3““†RÓRÃRÃBÃãÂÓãC3“ƒC“3“c3““†RÓP­˜M˜MŠ}˜mŠí˜Š}‹bÂÓãCC#“ƒcccc6RÓRÃ‚ÃRÃãÂÓãCC#“ƒcccc6RÓP­Š}˜M‹-Š}˜RÂÓãCCSS#S333#CS3svRÓRÃ#rÃ"ÃãÂÓãCCSS#S333#CS3svRÓP­˜Š}˜M˜]‹=Š­ŠýŠ}˜]˜rÂÓãCCc#333ƒsvRÓRÃRÃRÃãÂÓãCCc#333ƒsvRÓP­˜˜m‹=Š‚ÂÓãCCƒ#sScCS#sFRÓRÃ"ÃbÃãÂÓãCCƒ#sScCS#sFRÓP­˜˜mŠ­˜2ÂÓãCSs#ƒSCƒsƒ#SRÓRÃBÃBÃãÂÓãCSs#ƒSCƒsƒ#SRÓP­Š­˜m˜-˜BÂÓãCS“ƒSSS3cc#“†RÓRÃÃ2ÃãÂÓãCS“ƒSSS3cc#“†RÓP­Š}˜MŠÝ˜=˜˜]˜­˜­˜bÂÓãCs3sC3cScƒSVRÓRÃbÃbÃãÂÓãCs3sC3cScƒSVRÓP­Š­‹]˜m˜­˜ÂÓãCscs“#ƒS“sƒfRÓRÃ3Ãc"ÃãÂÓãCscs“#ƒS“sƒfRÓP­‹=˜˜­‹=‹˜¢ÂÓãCs“#“sƒ#s#csƒSRÓRÃ‚ÃRÃãÂÓãCs“#“sƒ#s#csƒSRÓP­Š}˜M˜]˜]˜˜M˜rÂÓãCƒC33CscSS3“S&RÓRÃrÃbÃãÂÓãCƒC33CscSS3“S&RÓP­˜]˜mŠ}‹=Š˜rÂÓãCƒsƒcsscs“SfRÓRÃbÃRÃãÂÓãCƒsƒcsscs“SfRÓP­Š}˜M‹˜­Š}‹m˜¢ÂÓãC“ƒ#“#Cs“S##SVRÓRÃRÃ2ÃãÂÓãC“ƒ#“#Cs“S##SVRÓP­˜Š}‹˜M˜¢ÂÓãC“ƒƒS““ƒƒscƒ6RÓRÃ#Ã‚ÃãÂÓãC“ƒƒS““ƒƒscƒ6RÓP­Š}˜MŠ­˜ŠÍ˜rÂÓãC“Cc3“#3cc3fRÓRÃ#‚Ã#ÃãÂÓãC“Cc3“#3cc3fRÓP­Š}˜MŠ}˜]˜m˜rÂÓãC“cS“#Sƒƒs“S3†RÓRÃ’ÃrÃãÂÓãC“cS“#Sƒƒs“S3†RÓP­Š}˜M˜}Š}Šý˜˜rÂÓãCSCCƒ33CFRÓRÃ32Ã#’ÃãÂÓãCSCCƒ33CFRÓP­Š­‹-Š}˜˜M˜rÂÓãC###ƒc#“#cSƒVRÓRÃbÃbÃãÂÓãC###ƒc#“#cSƒVRÓP­˜Š­ŠÝŠ}˜M˜ÂÓãC#cssC“SSc&RÓRÃRÃ2ÃãÂÓãC#cssC“SSc&RÓP­Š}˜M‹=‹˜­‹˜rÂÓãC#sCƒcSCCsC†RÓRÃRÃÃãÂÓãC#sCƒcSCCsC†RÓP­˜]˜­‹-˜rÂÓãC3Sc#C#C3sFRÓRÃ#’Ã#ÃãÂÓãC3Sc#C#C3sFRÓP­˜­˜]˜M˜=˜˜bÂÓãCC3sss3“3CƒFRÓRÃbÃRÃãÂÓãCC3sss3“3CƒFRÓP­ŠÍŠ}˜}‹-˜­˜rÂÓãCc33S3C3#S“c–RÓRÃ#RÃRÃãÂÓãCc33S3C3#S“c–RÓP­˜Š}˜MŠ}‹M‹Š}˜ÂÓãCcCƒ“3Sc3fRÓRÃÃ’ÃãÂÓãCcCƒ“3Sc3fRÓP­˜Š}‹}˜M‹’ÂÓãCcc“3ƒ3ƒ†RÓRÃ2Ã2ÃãÂÓãCcc“3ƒ3ƒ†RÓP­Š}˜MŠí‹]˜˜]Š}Š¢ÂÓãCƒ3“sCƒ“scC“–RÓRÃRÃ2ÃãÂÓãCƒ3“sCƒ“scC“–RÓP­‹=Š­˜˜‹ÂÓãC“3c#C#3cC33#VRÓRÃÃÃãÂÓãC“3c#C#3cC33#VRÓP­Š}Ší‹˜­˜bÂÓãC#3ƒ#ƒƒ3#3†RÓRÃ#2ÃrÃãÂÓãC#3ƒ#ƒƒ3#3†RÓP­Š}˜M˜=˜­Š}˜bÂÓãC#3c3C#c“#SRÓRÃCRÃ#BÃãÂÓãC#3c3C#c“#SRÓP­ŠýŠ}‹˜­ŠrÂÓãC#ƒc33#cC#&RÓRÃÃ‚ÃãÂÓãC#ƒc33#cC#&RÓP­˜˜]˜Š}ŠòÂÓãC##c“33#sSSsvRÓRÃÃ’ÃãÂÓãC##c“33#sSSsvRÓP­˜]Š­‹}˜‹˜rÂÓãC#3ƒs###Cs“3“Sƒ†RÓRÃc2Ã3bÃãÂÓãC#3ƒs###Cs“3“Sƒ†RÓP­˜˜]‹=Š}˜}˜]˜rÂÓãC#CCSƒ#SƒscC#c–RÓRÃ‚ÃbÃãÂÓãC#CCSƒ#SƒscC#c–RÓP­˜˜]‹=Š­˜-Š˜MŠrÂÓãC#c“sƒCc“sƒ33fRÓRÃ2Ã2ÃãÂÓãC#c“sƒCc“sƒ33fRÓP­Š}˜MŠ}ŠÝ˜-˜­˜rÂÓãC#s3##sSS3sƒCƒfRÓRÃ3bÃ#‚ÃãÂÓãC#s3##sSS3sƒCƒfRÓP­Š­ŠÝ‹˜2ÂÓãC#ss“ccCCƒ3ƒ“vRÓRÃ2Ã2ÃãÂÓãC#ss“ccCCƒ3ƒ“vRÓP­˜­˜]˜=˜m˜}˜RÂÓãC#ƒC3#sS“#C“SC†RÓRÃ’Ã‚ÃãÂÓãC#ƒC3#sS“#C“SC†RÓP­Š}˜MŠ}˜˜=Š}‹ÂÓãC#“sCS“s#ƒsC6RÓRÃCbÃ#’ÃãÂÓãC#“sCS“s#ƒsC6RÓP­‹=Š­‹˜M˜bÂÓãC3#ƒSSSƒc“3RÓRÃ#BÃ‚ÃãÂÓãC3#ƒSSSƒc“3RÓP­Š­˜-˜˜­˜RÂÓãC3““S3sCƒS–RÓRÃ3"Ã#ÃãÂÓãC3““S3sCƒS–RÓP­˜˜=Š}˜MŠ}Š¢ÂÓãC3c#ƒ##s3ƒC#CVRÓRÃBÃBÃãÂÓãC3c#ƒ##s3ƒC#CVRÓP­ŠÍ˜˜bÂÓãC3cs“SƒSs3ƒ33&RÓRÃÃRÃãÂÓãC3cs“SƒSs3ƒ33&RÓP­˜˜m˜˜}Š¢ÂÓãC3#cc#S33cƒsƒ#FRÓRÃ’Ã’ÃãÂÓãC3#cc#S33cƒsƒ#FRÓP­˜M˜MŠ˜mŠ}ŠÂÓãC3#s“Cs#CcS6RÓRÃRÃ2ÃãÂÓãC3#s“Cs#CcS6RÓP­Š}˜]Š­ŠýŠ¢ÂÓãC3CS““sSSsccs3“&RÓRÃ’ÃBÃãÂÓãC3CS““sSSsccs3“&RÓP­‹˜-˜]˜­˜rÂÓãC3sCSCC“3“Ccs&RÓRÃS2Ã3’ÃãÂÓãC3sCSCC“3“Ccs&RÓP­‹=Š}˜mŠ­Š}˜mŠý˜­‹ÂÓãC3s“s“s“ƒS3vRÓRÃ#‚ÃRÃãÂÓãC3s“s“s“ƒS3vRÓP­Š}˜MŠŠý˜­˜M˜rÂÓãC3ƒCs“3““33–RÓRÃ’ÃbÃãÂÓãC3ƒCs“3““33–RÓP­Š­‹‹˜­˜ÂÓãC3ƒ“3“#scSs“SS&RÓRÃrÃ’ÃãÂÓãC3ƒ“3“#scSs“SS&RÓP­ŠŠ}‹‹-˜rÂÓãC3“ƒSƒcƒ#3ƒƒ–RÓRÃBÃ"ÃãÂÓãC3“ƒSƒcƒ#3ƒƒ–RÓP­˜‹Š}˜M˜rÂÓãCCs3Ssc3“ƒS#6RÓRÃ#2Ã‚ÃãÂÓãCCs3Ssc3“ƒS#6RÓP­Š­˜˜-‹Š}Š­˜}˜RÂÓãCC#S3SCCcs†RÓRÃC’ÃRÃãÂÓãCC#S3SCCcs†RÓP­ŠÝ‹‹]˜mŠrÂÓãCC#“s#s3CƒCCFRÓRÃ2Ã2ÃãÂÓãCC#“s#s3CƒCCFRÓP­Š‹˜MŠ}˜]Š­˜}ŠrÂÓãCCC3ƒ“C““SƒvRÓRÃ2Ã2ÃãÂÓãCCC3ƒ“C““SƒvRÓP­Š}˜MŠÍ˜Š}˜mŠ‚ÂÓãCCCs3##Sƒ“CCFRÓRÃRÃ2ÃãÂÓãCCCs3##Sƒ“CCFRÓP­Š}˜M˜]ŠŠýŠm˜¢ÂÓãCCC“ƒ““cƒ3S#CVRÓRÃ’Ã"ÃãÂÓãCCC“ƒ““cƒ3S#CVRÓP­ŠŠí‹]˜‹RÂÓãCCS#s#ƒS“Ss“CRÓRÃ#CBÃC"ÃãÂÓãCCS#s#ƒS“Ss“CRÓP­‹=Š­Š˜-˜¢ÂÓãCCƒcC#“CccvRÓRÃ’ÃRÃãÂÓãCCƒcC#“CccvRÓP­˜Š}‹MŠ}‹Š­ŠrÂÓãCCƒ#c“cƒƒsC&RÓRÃBÃBÃãÂÓãCCƒ#c“cƒƒsC&RÓP­˜Š}˜MŠ­‹M‹­˜­˜M˜­˜rÂÓãCCƒ3“#cs“sccC6RÓRÃRÃ2ÃãÂÓãCCƒ3“#cs“sccC6RÓP­Š}˜MŠÍŠ}˜mŠ˜­˜bÂÓãCCƒCcs““#3Cc3ƒFRÓRÃ#2Ã‚ÃãÂÓãCCƒCcs““#3Cc3ƒFRÓP­˜-‹]‹RÂÓãCC“3#ƒs3#ƒsCvRÓRÃ‚Ã‚ÃãÂÓãCC“3#ƒs3#ƒsCvRÓP­Š}˜M˜M˜-˜­˜RÂÓãCC“33C3C3CCCfRÓRÃ#CbÃsÃãÂÓãCC“33C3C3CCCfRÓP­Š}˜MŠýŠ}Ší˜M˜­˜rÂÓãCSS“Cc#“c“cc&RÓRÃCÃ#‚ÃãÂÓãCSS“Cc#“c“cc&RÓP­˜˜Š}˜˜"ÂÓãCSs#“cSS#Ssc“vRÓRÃ’Ã’ÃãÂÓãCSs#“cSS#Ssc“vRÓP­Š}‹=Š­ŠýŠ}˜]˜rÂÓãCS#ƒc3“c3cSƒ6RÓRÃcÃ3ÃãÂÓãCS#ƒc3“c3cSƒ6RÓP­Š}˜MŠ­˜-Š}‹Šý˜¢ÂÓãCS#3“cƒsCƒccC&RÓRÃrÃ2ÃãÂÓãCS#3“cƒsCƒccC&RÓP­˜Š}˜M‹‹=˜=‹˜­˜­˜bÂÓãCS#3“cƒsCƒccC&RÓRÃrÃ2ÃãÂÓãCS#3“cƒsCƒccC&RÓP­˜M˜M˜]‹Š}‹BÂÓãCS#3“cƒsCƒccC&RÓRÃrÃ2ÃãÂÓãCS#3“cƒsCƒccC&RÓP­˜M˜M˜]Ší‹]‹RÂÓãCS#3“cƒsCƒccC&RÓRÃrÃ2ÃãÂÓãCS#3“cƒsCƒccC&RÓP­˜ŠÍŠýŠýŠ¢ÂÓãCS#S“##“#c#ssSVRÓRÃ2Ã2ÃãÂÓãCS#S“##“#c#ssSVRÓP­Š­‹‹‹ÂÓãCS#cSCsƒC“SC6RÓRÃBÃ2ÃãÂÓãCS#cSCsƒC“SC6RÓP­˜]˜mŠ­‹˜RÂÓãCS#sƒƒ3“#ScC&RÓRÃBÃBÃãÂÓãCS#sƒƒ3“#ScC&RÓP­˜]‹-Šý˜}‹ÂÓãCS#“ScC“ƒCc“3†RÓRÃBÃBÃãÂÓãCS#“ScC“ƒCc“3†RÓP­˜]‹]˜]˜]˜rÂÓãCSCSS“sƒƒƒƒ“SsVRÓRÃBÃBÃãÂÓãCSCSS“sƒƒƒƒ“SsVRÓP­Š}˜mŠý˜]ŠÍŠ¢ÂÓãCSCSƒ#cSC3cs3†RÓRÃrÃ2ÃãÂÓãCSCSƒ#cSC3cs3†RÓP­Š­˜˜m˜¢ÂÓãCSS“#Cƒ#3Cƒ3fRÓRÃbÃBÃãÂÓãCSS“#Cƒ#3Cƒ3fRÓP­˜MŠÝ‹=Š}ŠŠ}Š¢ÂÓãCSc“sSƒSS“cfRÓRÃ2Ã‚ÃãÂÓãCSc“sSƒSS“cfRÓP­Š­‹˜­˜­˜m˜}˜RÂÓãCSƒc““S“CC3S3vRÓRÃ’ÃrÃãÂÓãCSƒc““S“CC3S3vRÓP­Š­˜m˜}˜¢ÂÓãCS“s#C“C3sƒ6RÓRÃbÃRÃãÂÓãCS“s#C“C3sƒ6RÓP­˜]‹˜=‹-˜rÂÓãCS“3sCC“6RÓRÃ"ÃÃãÂÓãCS“3sCC“6RÓP­‹˜]˜˜MŠ}Š¢ÂÓãCS“3sƒCCcSƒVRÓRÃ2Ã2ÃãÂÓãCS“3sƒCCcSƒVRÓP­Š}˜=Š­Š­Š}Š˜rÂÓãCS“3sƒCCcSƒVRÓRÃ2Ã2ÃãÂÓãCS“3sƒCCcSƒVRÓP­Š}‹=Š­˜-‹}Š}‹Š}Š¢ÂÓãCS“3sƒCCcSƒVRÓRÃ2Ã2ÃãÂÓãCS“3sƒCCcSƒVRÓP­˜=˜M˜}ŠrÂÓãCS“cSC3scCCS“VRÓRÃbÃBÃãÂÓãCS“cSC3scCCS“VRÓP­ŠŠý˜˜BÂÓãCS“sS#scc3sƒcVRÓRÃbÃBÃãÂÓãCS“sS#scc3sƒcVRÓP­˜]‹˜­Š}‹ÂÓãCcsCCsC3ƒ&RÓRÃSRÃ’ÃãÂÓãCcsCCsC3ƒ&RÓP­Š}˜mŠ­‹Š}‹MŠrÂÓãCc3ƒ33#SSS#3&RÓRÃ’ÃrÃãÂÓãCc3ƒ33#SSS#3&RÓP­˜M˜MŠ˜˜=‹=Š}˜­Š¢ÂÓãCccssSƒ–RÓRÃ‚ÃbÃãÂÓãCccssSƒ–RÓP­˜‹]‹ŠòÂÓãCc“3C3ƒƒsƒSs“CVRÓRÃrÃ2ÃãÂÓãCc“3C3ƒƒsƒSs“CVRÓP­Š}‹}˜M‹Š¢ÂÓãCc#3CCCƒ333vRÓRÃ2Ã2ÃãÂÓãCc#3CCCƒ333vRÓP­Š­˜m˜˜­‹˜­ŠrÂÓãCc#ƒ““CSƒSfRÓRÃSBÃ3ÃãÂÓãCc#ƒ““CSƒSfRÓP­‹=˜=Š}˜bÂÓãCc#“#““ƒƒ“S##3SfRÓRÃ‚ÃrÃãÂÓãCc#“#““ƒƒ“S##3SfRÓP­ŠŠ­˜‹}˜­˜bÂÓãCc3CcCs#SƒsccRÓRÃrÃrÃãÂÓãCc3CcCs#SƒsccRÓP­Š}˜M˜]Šý˜m˜­˜rÂÓãCc3Cƒ#cS#“S“VRÓRÃbÃÃãÂÓãCc3Cƒ#cS#“S“VRÓP­Š}˜MŠ­‹Š}˜˜¢ÂÓãCcCcCc#3“c&RÓRÃrÃBÃãÂÓãCcCcCc#3“c&RÓP­˜MŠ­‹-˜˜­ŠòÂÓãCcC#CScCc3Cc3RÓRÃRÃ2ÃãÂÓãCcC#CScCc3Cc3RÓP­Š}˜M‹]˜MŠ‚ÂÓãCcCCƒ“ƒs#scVRÓRÃbÃBÃãÂÓãCcCCƒ“ƒs#scVRÓP­˜Š}˜m˜]ŠrÂÓãCcCc“c“c3Cs3“vRÓRÃrÃ"ÃãÂÓãCcCc“c“c3Cs3“vRÓP­˜Š}˜"ÂÓãCcSS“sCCsƒFRÓRÃÃ‚ÃãÂÓãCcSS“sCCsƒFRÓP­˜M˜M˜]ŠŠ}ŠýŠbÂÓãCccs““ƒc3ƒScfRÓRÃ2Ã2ÃãÂÓãCccs““ƒc3ƒScfRÓP­‹M˜MŠ˜¢ÂÓãCccc#ƒ“cCs6RÓRÃ2ÃbÃãÂÓãCccc#ƒ“cCs6RÓP­˜M˜MŠŠ}Šm‹’ÂÓãCcc#3s“csS6RÓRÃrÃBÃãÂÓãCcc#3s“csS6RÓP­˜­‹Š‹ÂÓãCcccc“csscsCSƒsfRÓRÃBÃ"ÃãÂÓãCcccc“csscsCSƒsfRÓP­Šý˜˜M˜­ŠrÂÓãCcsƒ#S3“sCCƒ†RÓRÃBÃÃãÂÓãCcsƒ#S3“sCCƒ†RÓP­Š}˜MŠí˜­Š}‹˜¢ÂÓãCcƒsS#cCS“SSSVRÓRÃbÃBÃãÂÓãCcƒsS#cCS“SSSVRÓP­˜]‹M‹˜BÂÓãCcƒ“33sc#3VRÓRÃRÃ2ÃãÂÓãCcƒ“33sc#3VRÓP­Š}˜M˜=˜­˜]˜­Š}ŠÂÓãCc“ƒs#C3#“fRÓRÃÃ‚ÃãÂÓãCc“ƒs#C3#“fRÓP­˜‹ŠòÂÓãCc“s“s#s#Ss#c&RÓRÃ‚ÃRÃãÂÓãCc“s“s#s#Ss#c&RÓP­˜Š}˜MŠ­‹-Š}˜]˜mŠrÂÓãCs#“Ssc##ccCRÓRÃ2Ã2ÃãÂÓãCs#“Ssc##ccCRÓP­Š˜]ŠÝ‹}˜rÂÓãCs“cƒcCcSScc“3vRÓRÃbÃRÃãÂÓãCs“cƒcCcSScc“3vRÓP­Š­‹Š}˜˜m˜mŠrÂÓãCs“ƒc#cƒcSsCfRÓRÃ2Ã2ÃãÂÓãCs“ƒc#cƒcSsCfRÓP­Š­˜m‹=˜­˜"ÂÓãCs##Sƒsƒsssc#c&RÓRÃ3BÃ’ÃãÂÓãCs##Sƒsƒsssc#c&RÓP­˜­˜‹˜˜]˜˜m˜¢ÂÓãCs3CCCScsC##c#VRÓRÃ2Ã2ÃãÂÓãCs3CCCScsC##c#VRÓP­Š­ŠŠÝŠ²ÂÓãCs3ƒ#S3“SssƒccvRÓRÃÃ’ÃãÂÓãCs3ƒ#S3“SssƒccvRÓP­Š­‹‹=˜¢ÂÓãCsCsCcsc“#“#FRÓRÃ2Ã2ÃãÂÓãCsCsCcsc“#“#FRÓP­ŠŠ­ŠÍŠý˜­ŠòÂÓãCsC“S3ƒscSs#cFRÓRÃBÃ2ÃãÂÓãCsC“S3ƒscSs#cFRÓP­‹˜­Š}˜MŠ}˜M˜m‹=Š˜rÂÓãCsc3CSSSƒ##SVRÓRÃsrÃS2ÃãÂÓãCsc3CSSSƒ##SVRÓP­Š}‹=Š­Š½˜]Š}‹˜¢ÂÓãCscƒ“cC#Sƒ&RÓRÃBÃ"ÃãÂÓãCscƒ“cC#Sƒ&RÓP­Š}˜MŠ­ŠÍ‹Š˜rÂÓãCscsS“3sSCc“sRÓRÃRÃBÃãÂÓãCscsS“3sSCc“sRÓP­Š}˜M˜]˜­ŠýŠ}˜m˜¢ÂÓãCsscsƒc3ScCSVRÓRÃ2Ã2ÃãÂÓãCsscsƒc3ScCSVRÓP¤2ÂÓãCsƒ#3Sc“SFRÓRÃBÃ2ÃãÂÓãCsƒ#3Sc“SFRÓP­˜MŠ}‹=Š­ŠíŠýŠ}˜RÂÓãCsƒ3S##csS36RÓRÃ2Ã"ÃãÂÓãCsƒ3S##csS36RÓP­Š­‹˜ŠòÂÓãCƒcSssScccSsvRÓRÃ3Ã#bÃãÂÓãCƒcSssScccSsvRÓP­Š}˜M‹]˜mŠ}Šý˜­˜"ÂÓãCƒ##“ƒƒ33sƒfRÓRÃC"Ã#ÃãÂÓãCƒ##“ƒƒ33sƒfRÓP­‹-ŠŠ}Šm˜bÂÓãCƒ#“s“cscc#CsRÓRÃBÃBÃãÂÓãCƒ#“s“cscc#CsRÓP­Š}˜MŠÍŠý‹Š}˜bÂÓãCƒ3c“csƒ3#3“ƒcVRÓRÃÃRÃãÂÓãCƒ3c“csƒ3#3“ƒcVRÓP­‹=ŠMŠ}˜BÂÓãCƒ3C3ƒsC#“Sƒ36RÓRÃÃ’ÃãÂÓãCƒ3C3ƒsC#“Sƒ36RÓP­Š­‹=Šý˜­ŠòÂÓãCƒ3c3ƒ“ƒ#“Cc–RÓRÃRÃ"ÃãÂÓãCƒ3c3ƒ“ƒ#“Cc–RÓP­˜˜]˜m‹=˜Š˜¢ÂÓãCƒ3“3ƒƒ#“#ƒS3ƒ†RÓRÃ"ÃÃãÂÓãCƒ3“3ƒƒ#“#ƒS3ƒ†RÓP­Š}Šý˜Š}‹ÂÓãCƒSss#S3#&RÓRÃÃbÃãÂÓãCƒSss#S3#&RÓP­˜Š}‹=Š­˜=˜]Š}˜MŠrÂÓãCƒc“c3S##sScFRÓRÃ2Ã2ÃãÂÓãCƒc“c3S##sScFRÓP­˜]˜mŠÝ˜}ŠrÂÓãCƒcSC“CccS#csƒS6RÓRÃrÃRÃãÂÓãCƒcSC“CccS#csƒS6RÓP­Š}˜MŠ‹˜­‹}Š}˜m˜­˜rÂÓãCƒc“#cƒ3SC3S–RÓRÃ#2ÃRÃãÂÓãCƒc“#cƒ3SC3S–RÓP­˜]˜-ŠýŠ}‹˜}ŠrÂÓãCƒc“#SƒS##3#3S6RÓRÃ#ÃbÃãÂÓãCƒc“#SƒS##3#3S6RÓP­˜M˜]Š˜M‹¢ÂÓãCƒ““33S“SƒsVRÓRÃ‚Ã2ÃãÂÓãCƒ““33S“SƒsVRÓP­Š}˜M˜-Š}‹m˜¢ÂÓãC“CCSc3sSs#FRÓRÃCbÃ3ÃãÂÓãC“CCSc3sSs#FRÓP­Š}˜m‹MŠ}Š­˜rÂÓãC“cƒ“SCƒ3cvRÓRÃ2Ã2ÃãÂÓãC“cƒ“SCƒ3cvRÓP­˜M˜MŠ­˜=˜m˜˜M˜ŠÍ˜­ŠrÂÓãC“#C3“cCc3RÓRÃ"ÃÃãÂÓãC“#C3“cCc3RÓP­˜Š}‹]ŠŠÝŠ¢ÂÓãC“#cCƒScsƒ#33C#&RÓRÃ’ÃrÃãÂÓãC“#cCƒScsƒ#33C#&RÓP­Š}˜M‹]˜˜­ŠrÂÓãC“33c“#Ssc#6RÓRÃ2Ã2ÃãÂÓãC“33c“#Ssc#6RÓP­Š}˜MŠ­˜‹]˜­˜M˜­˜rÂÓãC“CC“3sS“3“ƒvRÓRÃbÃ"ÃãÂÓãC“CC“3sS“3“ƒvRÓP­˜=‹˜RÂÓãC“CScsƒƒƒ#vRÓRÃÃÃãÂÓãC“CScsƒƒƒ#vRÓP­Š}˜M˜-Š}Šý‹ÂÓãC“C“CƒSSC#“““C6RÓRÃ‚ÃbÃãÂÓãC“C“CƒSSC#“““C6RÓP­˜Š}˜M˜]˜Š½˜˜-˜­˜rÂÓãC“SSsCsccSsRÓRÃ’ÃrÃãÂÓãC“SSsCsccSsRÓP­˜Š}˜MŠ}˜‹m˜BÂÓãC“ScsS“33s“SS“&RÓRÃ2Ã2ÃãÂÓãC“ScsS“33s“SS“&RÓP­Š}‹=Š­˜­‹Š}ŠòÂÓãC“cSƒ3ƒ##s3s“ƒ6RÓRÃ#"Ã#"ÃãÂÓãC“cSƒ3ƒ##s3s“ƒ6RÓP­Š­Ší˜˜­‹bÂÓãC“cSSƒs3“ƒc3fRÓRÃc"ÃƒbÃãÂÓãC“cSSƒs3“ƒc3fRÓP­˜˜­ŠMŠý˜¢ÂÓãC“csSƒCC#3ƒS#†RÓRÃ2Ã2ÃãÂÓãC“csSƒCC#3ƒS#†RÓP­ŠŠí‹]˜‹]˜}ŠrÂÓãC“csSƒCC#3ƒS#†RÓRÃ2Ã2ÃãÂÓãC“csSƒCC#3ƒS#†RÓP­Š}˜M˜]˜Š}˜-˜ÂÓãC“ƒ3s3s3sƒS#ƒCVRÓRÃBÃ2ÃãÂÓãC“ƒ3s3s3sƒS#ƒCVRÓP­Š}˜M˜]‹}Š}‹}˜­˜rÂÓãC“ƒC#“S3#3“3–RÓRÃBÃRÃãÂÓãC“ƒC#“S3#3“3–RÓP­˜Š}‹=Š­˜]‹Š¢ÂÓãC“ƒSS3“ƒcc33“C†RÓRÃ3bÃ32ÃãÂÓãC“ƒSS3“ƒcc33“C†RÓP­Š}˜mŠý˜]Š}ŠÍ˜}˜]ŠrÂÓãC“ƒc“3ƒ#3ƒ#svRÓRÃ"Ã"ÃãÂÓãC“ƒc“3ƒ#3ƒ#svRÓP­˜M‹=‹Š}Šý˜rÂÓãC“ƒsC#Cƒs#sƒSC†RÓRÃBÃ2ÃãÂÓãC“ƒsC#Cƒs#sƒSC†RÓP­˜­‹=Š­ŠÝ˜"ÂÓãC“ƒscSs#####SvRÓRÃ‚ÃbÃãÂÓãC“ƒscSs#####SvRÓP­‹MŠ}‹‹’ÂÓãC“““ƒS3CssC“cs†RÓRÃCRÃ#ÃãÂÓãC“““ƒS3CssC“cs†RÓP­‹˜=‹-Š¢ÂÓãC““Sƒ“ƒc3ƒ#ccVRÓRÃ‚ÃRÃãÂÓãC““Sƒ“ƒc3ƒ#ccVRÓP­Š}˜M‹˜M˜­Š}˜bÂÓãS#CSccƒcC“&RÓRÃ“"ÃCÃãÂÓãS#CSccƒcC“&RÓP­˜˜]˜‹˜˜rÂÓãSsC33S#“ss6RÓRÃ‚ÃrÃãÂÓãSsC33S#“ss6RÓP­Š}˜Š}Ší‹ÂÓãSƒƒS#ƒƒC3†RÓRÃÃ’ÃãÂÓãSƒƒS#ƒƒC3†RÓP­Š}˜M˜m‹M‹}˜rÂÓãS“ƒcCƒs#†RÓRÃS‚ÃBÃãÂÓãS“ƒcCƒs#†RÓP­ŠŠ}˜MŠ}˜=Š­˜Š}ŠÂÓãSsCCC“3“SVRÓRÃRÃ’ÃãÂÓãSsCCC“3“SVRÓP­˜˜˜m˜­ŠrÂÓãSs“3“Ss#ƒƒCRÓRÃ2Ã2ÃãÂÓãSs“3“Ss#ƒƒCRÓP­Š}˜mŠ­˜}˜¢ÂÓãS##ccCc“S3C“&RÓRÃrÃBÃãÂÓãS##ccCc“S3C“&RÓP­Š}˜‹]Š}ŠÒÂÓãS3S#3#“sƒƒsfRÓRÃbÃBÃãÂÓãS3S#3#“sƒƒsfRÓP­˜]‹Šm˜­Š}Š¢ÂÓãS3cScc“c3#3RÓRÃrÃRÃãÂÓãS3cScc“c3#3RÓP­˜ŠŠ}ŠÍ˜]Š}˜M˜¢ÂÓãSSC3CƒC3ƒCSfRÓRÃ3bÃbÃãÂÓãSSC3CƒC3ƒCSfRÓP­Š}˜M˜]ŠÝ˜˜M˜rÂÓãSSƒ3s““s3“3VRÓRÃBÃBÃãÂÓãSSƒ3s““s3“3VRÓP­Š}‹]˜MŠ}ŠÒÂÓãSS“C#ƒ#“CsSVRÓRÃ‚ÃBÃãÂÓãSS“C#ƒ#“CsSVRÓP­‹˜-˜]˜m˜rÂÓãScƒSCƒsC“c3sVRÓRÃrÃbÃãÂÓãScƒSCƒsC“c3sVRÓP­˜Š}‹Šý˜rÂÓãSs3#s“CsssVRÓRÃ#rÃ’ÃãÂÓãSs3#s“CsssVRÓP­Š­˜­‹=˜­‹ÂÓãSs3“#“ƒSs#3cƒ6RÓRÃSrÃ#2ÃãÂÓãSs3“#“ƒSs#3cƒ6RÓP­Š­˜˜-‹Š}Š­˜}ŠrÂÓãSsC3CsƒƒƒcS–RÓRÃ#CBÃC"ÃãÂÓãSsC3CsƒƒƒcS–RÓP­Š}ŠŠ­ŠýŠrÂÓãS3ƒCc#ƒsSFRÓRÃRÃBÃãÂÓãS3ƒCc#ƒsSFRÓP­Š}˜M˜­Š}ŠŠ}˜m˜­˜rÂÓãSƒCc“sƒcCvRÓRÃSÃ#ÃãÂÓãSƒCc“sƒcCvRÓP­Š}˜MŠ}‹MŠ­ŠŠ}˜rÂÓãScƒC3ƒ“ƒSƒ3“vRÓRÃRÃ2ÃãÂÓãScƒC3ƒ“ƒSƒ3“vRÓP­˜MŠ}ŠÍ˜}‹-˜rÂÓãS“3ƒƒs##SS“#6RÓRÃ’ÃRÃãÂÓãS“3ƒƒs##SS“#6RÓP­‹Š}˜ŠýŠrÂÓãS##“ccƒcC3SvRÓRÃÃ’ÃãÂÓãS##“ccƒcC3SvRÓP­˜M˜M˜]Šý˜˜‹Š}Š¢ÂÓãS#scc“#S3s#S3vRÓRÃ‚ÃbÃãÂÓãS#scc“#S3s#S3vRÓP­˜MŠ}˜]ŠýŠ}ŠòÂÓãS3s3SCS#ƒCS&RÓRÃBÃBÃãÂÓãS3s3SCS#ƒCS&RÓP­˜=Š}˜M˜­˜˜‹˜m˜­ŠrÂÓãSSscSCS“S–RÓRÃbÃRÃãÂÓãSSscSCS“S–RÓP­ŠŠ}ŠÍ˜BÂÓãSSs“c#ƒSsƒ“cS#6RÓRÃÃrÃãÂÓãSSs“c#ƒSsƒ“cS#6RÓP­Š}˜M˜]‹˜‹ÂÓãSSƒsƒs#“CCS“sVRÓRÃBÃBÃãÂÓãSSƒsƒs#“CCS“sVRÓP­˜Š}˜M˜]˜m‹}˜-˜rÂÓãScC3#ƒCƒƒScCRÓRÃ2Ã2ÃãÂÓãScC3#ƒCƒƒScCRÓP­˜Š}˜M‹M‹Š}˜=Š}Š¢ÂÓãSsCss“CƒccRÓRÃrÃbÃãÂÓãSsCss“CƒccRÓP­Š}˜M˜]ŠíŠ˜‹-Š}Š¢ÂÓãSs#C#33cc36RÓRÃ‚ÃRÃãÂÓãSs#C#33cc36RÓP­˜Š}˜M‹}˜˜­˜BÂÓãSsƒ3cs33C#s&RÓRÃrÃbÃãÂÓãSsƒ3cs33C#s&RÓP­‹Š}ŠÍ‹’ÂÓãSƒ#ƒc“c3ƒ“CRÓRÃ3rÃBÃãÂÓãSƒ#ƒc“c3ƒ“CRÓP­˜Š}˜‹mŠÝŠrÂÓãSƒccS““CCCc†RÓRÃBÃ2ÃãÂÓãSƒccS““CCCc†RÓP­Š}˜M˜-‹Š}ŠŠ}Š¢ÂÓãS“s“S33S#“fRÓRÃbÃRÃãÂÓãS“s“S33S#“fRÓP­Š}˜MŠ}‹]‹Šý˜rÂÓãS“c3Ccc“sFRÓRÃBÃBÃãÂÓãS“c3Ccc“sFRÓP­˜Š­‹=˜}˜­˜BÂÓãS“SsC33#ƒs#“ƒfRÓRÃ#RÃ#ÃãÂÓãS“SsC33#ƒs#“ƒfRÓP­‹-‹Š}‹˜­˜rÂÓãS#s3s3Sc3#6RÓRÃrÃbÃãÂÓãS#s3s3Sc3#6RÓP­˜]Š­‹}˜M‹ŠrÂÓãS##sC33sS“CsCc6RÓRÃ2Ã2ÃãÂÓãS##sC33sS“CsCc6RÓP­Š}˜MŠ}ŠŠýŠ}‹˜­˜rÂÓãS#ƒcSSSssSƒvRÓRÃ#Ã2ÃãÂÓãS#ƒcSSSssSƒvRÓP­ŠÝ‹=˜bÂÓãS##S#SCcƒ##fRÓRÃCrÃ#’ÃãÂÓãS##S#SCcƒ##fRÓP­‹=‹˜­Š}˜m˜}ŠrÂÓãS##Cs3S“scƒƒ–RÓRÃrÃrÃãÂÓãS##Cs3S“scƒƒ–RÓP­Š}˜]Š}˜bÂÓãS##S3CcC#c3“C&RÓRÃBÃBÃãÂÓãS##S3CcC#c3“C&RÓP­Š}˜M˜]˜=Š­Š‚ÂÓãS#Sc#ƒƒC“SSƒFRÓRÃ‚ÃbÃãÂÓãS#Sc#ƒƒC“SSƒFRÓP­˜mŠ¢ÂÓãS#SssSƒ“cS“#3SFRÓRÃrÃRÃãÂÓãS#SssSƒ“cS“#3SFRÓP­Š}˜MŠ}‹ŠýŠ}ŠòÂÓãS#cS“s#C“scC“vRÓRÃRÃRÃãÂÓãS#cS“s#C“scC“vRÓP­Š­‹˜M˜­˜]˜­˜rÂÓãS#sCS“ScƒC#ScC6RÓRÃÃ’ÃãÂÓãS#sCS“ScƒC#ScC6RÓP­˜MŠÍŠ}˜bÂÓãS#sSC“#ƒ##3#“C&RÓRÃ’ÃBÃãÂÓãS#sSC“#ƒ##3#“C&RÓP­Š˜mŠýŠ­˜‹m˜­ŠÝ˜]Šý˜­˜m˜rÂÓãS#sc3csCCs#Sƒƒ&RÓRÃbÃbÃãÂÓãS#sc3csCCs#Sƒƒ&RÓP­Š­ŠÍŠ}‹Š˜}ŠrÂÓãS#ƒ#S#ƒs“c3ƒƒ6RÓRÃbÃbÃãÂÓãS#ƒ#S#ƒs“c3ƒƒ6RÓP­˜Š}‹˜MŠ}˜m˜}ŠrÂÓãS#“sC3#Cƒ“##&RÓRÃ2Ã2ÃãÂÓãS#“sC3#Cƒ“##&RÓP­ŠŠ}˜mŠ­‹Š}˜RÂÓãS#“ƒ“ƒSSc#sƒ“6RÓRÃbÃbÃãÂÓãS#“ƒ“ƒSSc#sƒ“6RÓP­Šý‹˜Š­˜}ŠrÂÓãS3ƒcSs“sƒ#sFRÓRÃRÃRÃãÂÓãS3ƒcSs“sƒ#sFRÓP­˜‹]˜Š­˜¢ÂÓãS3CƒCƒS#sSCsfRÓRÃRÃRÃãÂÓãS3CƒCƒS#sSCsfRÓP­Š}˜MŠýŠ}Šm‹˜¢ÂÓãS3ccCcƒ##C–RÓRÃc‚Ã3RÃãÂÓãS3ccCcƒ##C–RÓP­Š}˜MŠ­˜Š}˜‹bÂÓãS3ƒ#ƒcƒs#CVRÓRÃbÃRÃãÂÓãS3ƒ#ƒcƒs#CVRÓP­Š}˜M˜-‹]˜­‹ÂÓãS3#ScƒC3“Cc#VRÓRÃ32Ã#RÃãÂÓãS3#ScƒC3“Cc#VRÓP­Š˜‹=Š}Šm˜BÂÓãS33Cs“ssSsƒ#“fRÓRÃRÃBÃãÂÓãS33Cs“ssSsƒ#“fRÓP­Š}˜M˜]‹‹˜‹bÂÓãS33SCsccS“cCSƒ†RÓRÃSRÃ3BÃãÂÓãS33SCsccS“cCSƒ†RÓP­Š­Š}‹=‹ŠrÂÓãS33ƒs3#cCsƒ3sS3FRÓRÃBÃ2ÃãÂÓãS33ƒs3#cCsƒ3sS3FRÓP­‹˜m˜Š}˜bÂÓãS33“CƒƒcsCC#&RÓRÃ3RÃ#’ÃãÂÓãS33“CƒƒcsCC#&RÓP­Š­‹˜˜­‹bÂÓãS33“ƒCC“C3fRÓRÃ3"ÃrÃãÂÓãS33“ƒCC“C3fRÓP­Š}˜M˜]˜mŠŠ½˜"ÂÓãS3S#ss#3Cc3s#3&RÓRÃ’ÃBÃãÂÓãS3S#ss#3Cc3s#3&RÓP­ŠÍ˜˜M˜rÂÓãS3cSsƒ3sCc“Ss3fRÓRÃ’Ã’ÃãÂÓãS3cSsƒ3sCc“Ss3fRÓP­Š}˜M˜]‹-Š}ŠýŠ}˜MŠ­‹­˜­‹Š}Š­ŠÝŠ}ŠòÂÓãS3sSCcsc3sss†RÓRÃ3’ÃBÃãÂÓãS3sSCcsc3sss†RÓP­˜]˜MŠ­‹-˜]˜˜bÂÓãS3sCƒ#“#CƒSC6RÓRÃBÃBÃãÂÓãS3sCƒ#“#CƒSC6RÓP­ŠÝ˜=˜˜]˜¢ÂÓãS3ssC#Cs3C36RÓRÃbÃBÃãÂÓãS3ssC#Cs3C36RÓP­˜­‹Š}‹2ÂÓãS3ƒ3“sc#Sƒ3c6RÓRÃ2Ã‚ÃãÂÓãS3ƒ3“sc#Sƒ3c6RÓP­‹‹‹m˜}ŠrÂÓãS3ƒƒcCc#ss“cCƒ†RÓRÃ’Ã’ÃãÂÓãS3ƒƒcCc#ss“cCƒ†RÓP­Š}˜MŠ}‹=Š­‹MŠ}‹Š}Š¢ÂÓãS3“#“cssVRÓRÃrÃrÃãÂÓãS3“#“cssVRÓP­ŠÍ˜}Š}‹"ÂÓãS3“#ƒƒcS#C†RÓRÃBÃÃãÂÓãS3“#ƒƒcS#C†RÓP­Š}˜MŠ}ŠŠ­˜=Š}‹ÂÓãSCsƒS“s#cVRÓRÃ#’Ãs‚ÃãÂÓãSCsƒS“s#cVRÓP­˜]Š}ŠÍ‹=Š­˜­‹ÂÓãSC“3“#“C#ƒ“vRÓRÃbÃBÃãÂÓãSC“3“#“C#ƒ“vRÓP­‹ŠŠýŠ}˜M˜]ŠÝ‹=˜bÂÓãSCCƒsscƒc3c&RÓRÃ32ÃRÃãÂÓãSCCƒsscƒc3c&RÓP­‹=˜˜­‹2ÂÓãSCC“CCsƒSƒSs†RÓRÃ#2ÃbÃãÂÓãSCC“CCsƒSƒSs†RÓP­˜Š}˜MŠ­‹=˜M˜­˜RÂÓãSCSC##c#Ssss3ƒvRÓRÃ2Ã2ÃãÂÓãSCSC##c#Ssss3ƒvRÓP­Š­˜M˜-Š}Šm˜­ŠrÂÓãSCS#3csCC“CfRÓRÃbÃ2ÃãÂÓãSCS#3csCC“CfRÓP§6&"ÂÓãSCs#SSƒc3C“sSSVRÓRÃrÃ2ÃãÂÓãSCs#SSƒc3C“sSSVRÓP­Š­˜-‹ÂÓãSC“3cscS#sC#cvRÓRÃ‚ÃbÃãÂÓãSC“3cscS#sC#cvRÓP­Š}‹=Š­˜]‹Š}‹˜­˜rÂÓãSC“C3#csSCCCvRÓRÃ3’Ã#BÃãÂÓãSC“C3#csSCCCvRÓP­˜Š}˜M‹˜Šý˜rÂÓãSSscC#CCsƒc3C&RÓRÃbÃbÃãÂÓãSSscC#CCsƒc3C&RÓP­Š}˜M‹MŠí‹]˜­˜rÂÓãSSSƒCCSƒS#6RÓRÃs"ÃCÃãÂÓãSSSƒCCSƒS#6RÓP­˜MŠ}ŠÝ˜"ÂÓãSSƒcƒ#“ccVRÓRÃ3"Ã#"ÃãÂÓãSSƒcƒ#“ccVRÓP­Š}˜MŠ­‹˜M˜RÂÓãSSsƒ3CccCsCvRÓRÃ"ÃrÃãÂÓãSSsƒ3CccCsCvRÓP­˜ŠÝŠýŠýŠ¢ÂÓãSS#Sc#3CSs#&RÓRÃ3"ÃbÃãÂÓãSS#Sc#3CSs#&RÓP­Š}˜MŠ}‹}˜Š}˜BÂÓãSS3C“ssCsƒ3S#6RÓRÃ#’Ã#"ÃãÂÓãSS3C“ssCsƒ3S#6RÓP­Š}ŠÝŠ­˜˜MŠ¢ÂÓãSSC“s3#3ƒ“ss#†RÓRÃBÃBÃãÂÓãSSC“s3#3ƒ“ss#†RÓP­Š}˜M˜m˜}Š}Šm˜­˜­˜bÂÓãSSS#ƒƒcSƒ“&RÓRÃ’Ã‚ÃãÂÓãSSS#ƒƒcSƒ“&RÓP­Š˜mŠ­˜­ŠÍ˜rÂÓãSSSƒ3C#ƒ3cSCs6RÓRÃbÃ2ÃãÂÓãSSSƒ3C#ƒ3cSCs6RÓP­Š}˜MŠ}˜]˜‹ÂÓãSSs3c3s#ƒ#s“#&RÓRÃrÃBÃãÂÓãSSs3c3s#ƒ#s“#&RÓP­Š˜=‹ÂÓãSSss#sC3FRÓRÃ’Ã‚ÃãÂÓãSSss#sC3FRÓP­Š}˜MŠ­˜m‹=˜­˜-˜­˜rÂÓãSSƒsssƒƒ“c3s6RÓRÃBÃ2ÃãÂÓãSSƒsssƒƒ“c3s6RÓP­˜Š­‹˜=‹2ÂÓãSSƒCS“ssSccsCƒ“6RÓRÃ2ÃÃãÂÓãSSƒCS“ssSccsCƒ“6RÓP­Š}˜M˜]‹=Š}˜}˜]˜˜bÂÓãSS“CcCs3sS#3#&RÓRÃ#BÃbÃãÂÓãSS“CcCs3sS#3#&RÓP­‹=Š­‹=Š­˜]‹ÂÓãSS“s“#Cƒ“#CVRÓRÃ#2ÃrÃãÂÓãSS“s“#Cƒ“#CVRÓP­˜ŠÝ‹=Š‚ÂÓãSccSSs“ƒ“3c“cfRÓRÃÃÃãÂÓãSccSSs“ƒ“3c“cfRÓP­˜M˜]ŠíŠ}˜M˜Š­˜}ŠrÂÓãSc#cC“3cS“†RÓRÃ"ÃRÃãÂÓãSc#cC“3cS“†RÓP­˜]‹=Š­˜Š}˜}ŠrÂÓãScs3cc#ƒ“#S3FRÓRÃ"ÃRÃãÂÓãScs3cc#ƒ“#S3FRÓP­˜˜]˜-Šý˜]˜¢ÂÓãSc#S““s“##SƒFRÓRÃ’ÃrÃãÂÓãSc#S““s“##SƒFRÓP­˜M˜MŠ­‹Š}˜]˜BÂÓãSc3c#c#“Sƒ6RÓRÃ#Ã‚ÃãÂÓãSc3c#c#“Sƒ6RÓP­˜­˜‹˜‚ÂÓãScC#SsccC“c“fRÓRÃ2Ã2ÃãÂÓãScC#SsccC“c“fRÓP­Š­Šý˜˜­‹ÂÓãScCƒCCsSsscSvRÓRÃSrÃ#"ÃãÂÓãScCƒCCsSsscSvRÓP­‹=˜M˜RÂÓãScSSc#ƒs“†RÓRÃbÃbÃãÂÓãScSSc#ƒs“†RÓP­˜ŠŠí˜­Š¢ÂÓãScƒ#s#cccC““fRÓRÃ2Ã"ÃãÂÓãScƒ#s#cccC““fRÓP­Š}˜M˜˜ŠòÂÓãScƒS3s#SsCsC6RÓRÃ2ÃbÃãÂÓãScƒS3s#SsCsC6RÓP­Š}˜M˜]‹Š}˜=‹-‹-˜­Š}Šý˜rÂÓãSc“#cCƒ3“css†RÓRÃC‚ÃÃãÂÓãSc“#cCƒ3“css†RÓP­Š}˜MŠÍŠ}ŠmŠÝ˜rÂÓãSc“CS#“ƒ#SS“ƒ&RÓRÃ3"Ã#ÃãÂÓãSc“CS#“ƒ#SS“ƒ&RÓP­˜]˜m‹mŠ‹}˜rÂÓãSs#scS3“ƒSScSFRÓRÃ2Ã2ÃãÂÓãSs#scS3“ƒSScSFRÓP­˜M˜M˜]‹=Š­˜˜­ŠòÂÓãSs#sc“cccƒCC#cVRÓRÃ‚ÃrÃãÂÓãSs#sc“cccƒCC#cVRÓP­˜MŠí‹˜­ŠÍ˜¢ÂÓãSsCS#Sc#““ƒc†RÓRÃRÃRÃãÂÓãSsCS#Sc#““ƒc†RÓP­Š}˜M˜]ŠíŠ}˜˜ÂÓãSs#sƒS#“#s3cS&RÓRÃbÃ2ÃãÂÓãSs#sƒS#“#s3cS&RÓP­Š}˜]˜­˜bÂÓãSs3##S“#ƒC3cƒ†RÓRÃs2Ã3rÃãÂÓãSs3##S“#ƒC3cƒ†RÓP­Š}˜MŠýŠŠ}‹¢ÂÓãSsCC#c##3CRÓRÃÃ2ÃãÂÓãSsCC#c##3CRÓP­˜MŠŠ}˜-˜¢ÂÓãSsS3C3ƒ“3s#fRÓRÃ#2ÃÃãÂÓãSsS3C3ƒ“3s#fRÓP­Š}˜M˜˜=Š}˜M˜rÂÓãSsccƒƒCs“ƒƒs&RÓRÃs"Ã3BÃãÂÓãSsccƒƒCs“ƒƒs&RÓP­˜]˜mŠÝŠ¢ÂÓãSscS#ƒ“s“c“C&RÓRÃ"Ã‚ÃãÂÓãSscS#ƒ“s“c“C&RÓP­˜Š}˜M˜]Š}˜M˜¢ÂÓãSsssC#sc“#vRÓRÃ#ÃBÃãÂÓãSsssC#sc“#vRÓP­Š}˜M˜Š}‹˜BÂÓãSsƒsƒ“#“s“ƒfRÓRÃÃ’ÃãÂÓãSsƒsƒ“#“s“ƒfRÓP­˜]ŠM˜M˜ÂÓãSs“#3cƒs“s3SSCvRÓRÃRÃBÃãÂÓãSs“#3cƒs“s3SSCvRÓP­Š}˜m˜-‹}Š}‹’ÂÓãSƒss“c“s“–RÓRÃ’ÃbÃãÂÓãSƒss“c“s“–RÓP­˜Š}˜MŠ}‹}˜MŠ}‹’ÂÓãSƒ33#ƒs33S#VRÓRÃ‚Ã‚ÃãÂÓãSƒ33#ƒs33S#VRÓP­˜Š}˜MŠ­‹˜=˜­‹"ÂÓãSƒ“##CsC3#“cFRÓRÃrÃbÃãÂÓãSƒ“##CsC3#“cFRÓP­Š}˜M˜]‹-Š}ŠýŠ}˜MŠ­‹­˜­‹Š}˜M‹Š}˜M˜]˜­˜rÂÓãSƒ“3cS3ƒSC“ƒ“VRÓRÃ#‚Ã"ÃãÂÓãSƒ“3cS3ƒSC“ƒ“VRÓP­˜Š}˜MŠŠ­‹˜˜=˜­˜]˜­Š}Šm˜­Š}Š¢ÂÓãSƒ#3Ss#c#3c“s#6RÓRÃbÃBÃãÂÓãSƒ#3Ss#c#3c“s#6RÓP­‹=˜­ŠÝ‹]˜M˜˜bÂÓãSƒ#“S“SS“VRÓRÃ‚ÃrÃãÂÓãSƒ#“S“SS“VRÓP­Š}˜M˜mŠÝ˜‚ÂÓãSƒ33ƒCsCs##ƒsCFRÓRÃS‚ÃS2ÃãÂÓãSƒ33ƒCsCs##ƒsCFRÓP­Š}˜M‹m‹˜­Š˜¢ÂÓãSƒC#“ƒssC3SsCCFRÓRÃÃ‚ÃãÂÓãSƒC#“ƒssC3SsCCFRÓP­˜Š­‹‹M˜­ŠòÂÓãSƒSSS3Sc3cƒ#c&RÓRÃ‚Ã‚ÃãÂÓãSƒSSS3Sc3cƒ#c&RÓP­˜˜­ŠÝ˜]˜BÂÓãSƒSsCCƒ#3“#ƒs#†RÓRÃ’ÃbÃãÂÓãSƒSsCCƒ#3“#ƒs#†RÓP­˜­Š­˜]Š}‹M˜¢ÂÓãSƒS“scƒ““ƒsCSCfRÓRÃC‚ÃC2ÃãÂÓãSƒS“scƒ““ƒsCSCfRÓP­˜˜-Šý˜]Š¢ÂÓãSƒc#ƒ#“#sƒ#SfRÓRÃrÃbÃãÂÓãSƒc#ƒ#“#sƒ#SfRÓP­Šý‹˜]˜rÂÓãSƒs“#CCCƒscƒSfRÓRÃ#2Ã#ÃãÂÓãSƒs“#CCCƒscƒSfRÓP­Šý‹M˜mŠ¢ÂÓãSƒƒSC““#“cCƒs“FRÓRÃ#BÃ‚ÃãÂÓãSƒƒSC““#“cCƒs“FRÓP­Š}˜M˜-˜˜­‹"ÂÓãS“#CC#S#“s#3VRÓRÃ32ÃrÃãÂÓãS“#CC#S#“s#3VRÓP­Š}˜MŠ}Šý˜Š}Š¢ÂÓãS“#SSSsS“S3S3VRÓRÃ#Ã"ÃãÂÓãS“#SSSsS“S3S3VRÓP­˜Š­‹˜]˜­˜RÂÓãS“#sSƒC#s3sc6RÓRÃÃbÃãÂÓãS“#sSƒC#s3sc6RÓP­˜M‹=˜M‹=˜M˜rÂÓãS“#ssCCƒ3c3S3CFRÓRÃBÃBÃãÂÓãS“#ssCCƒ3c3S3CFRÓP­˜ŠÍ˜}˜rÂÓãS“333ƒS“3#sfRÓRÃÃrÃãÂÓãS“333ƒS“3#sfRÓP­Š­˜‹]ŠÒÂÓãS“3c“#ƒs“sƒ“S&RÓRÃÃrÃãÂÓãS“3c“#ƒs“sƒ“S&RÓP­Š}˜MŠ}‹M˜­Š}ŠÂÓãS“CƒS“CcSCC“S†RÓRÃSrÃ3RÃãÂÓãS“CƒS“CcSCC“S†RÓP­Š}˜M˜‹˜m‹=˜­˜rÂÓãS“CƒsCc“s3C6RÓRÃBÃRÃãÂÓãS“CƒsCc“s3C6RÓP­‹˜­˜bÂÓãS“SC#“sScC6RÓRÃC’Ã#rÃãÂÓãS“SC#“sScC6RÓP­˜˜]˜‹˜Š}Š¢ÂÓãS“Sƒ3“ƒsƒƒSVRÓRÃbÃbÃãÂÓãS“Sƒ3“ƒsƒƒSVRÓP­Š­‹=Š­˜-‹ÂÓãS“s3C#“3sSvRÓRÃbÃbÃãÂÓãS“s3C#“3sSvRÓP­Š}‹]ŠŠÝŠ¢ÂÓãS“ƒ3Sc3SC“#c3#&RÓRÃC"Ã#BÃãÂÓãS“ƒ3Sc3SC“#c3#&RÓP­Š}˜MŠŠÝ˜Š²ÂÓãS“ƒ“sƒ“3#C3sƒVRÓRÃRÃ’ÃãÂÓãS“ƒ“sƒ“3#C3sƒVRÓP­˜˜­˜]Š­˜M˜2ÂÓãS““C3CCƒCC3#““FRÓRÃ"Ã"ÃãÂÓãS““C3CCƒCC3#““FRÓP­‹]˜2ÂÓãS““s3“csccSs&RÓRÃ#ÃBÃãÂÓãS““s3“csccSs&RÓP­Š}˜MŠ­ŠÝ˜˜­˜MŠ}Š¢ÂÓãS““ƒs#s3sƒvRÓRÃ#"Ã2ÃãÂÓãS““ƒs#s3sƒvRÓP­˜]Š­˜Š}˜˜"ÂÓãcSC#ƒCc##6RÓRÃ2Ã2ÃãÂÓãcSC#ƒCc##6RÓP­˜­˜‹]ŠÒÂÓãc“C#C3#“#fRÓRÃBÃBÃãÂÓãc“C#C3#“#fRÓP­˜M˜M˜]‹MŠ­‹˜¢ÂÓãc3#c3Cs#ƒSvRÓRÃ‚ÃBÃãÂÓãc3#c3Cs#ƒSvRÓP­˜M˜MŠ}˜mŠ­Š}ŠÂÂÓãcCCscCƒScScsFRÓRÃBÃrÃãÂÓãcCCscCƒScScsFRÓP­Š}˜M˜}Š}Šm˜M˜rÂÓãcCs3S#sSVRÓRÃRÃRÃãÂÓãcCs3S#sSVRÓP­˜˜mŠ˜-˜¢ÂÓãcS3c“#3““ƒ3fRÓRÃsÃS’ÃãÂÓãcS3c“#3““ƒ3fRÓP§&VrÂÓãcS#33“#S##3C33&RÓRÃ"Ã"ÃãÂÓãcS#33“#S##3C33&RÓP­˜Šý˜˜bÂÓãccS3“ƒCCC“C&RÓRÃCÃ’ÃãÂÓãccS3“ƒCCC“C&RÓP­Š}˜M˜=˜}‹˜‹m˜Šm˜­˜rÂÓãcs““SƒcSƒFRÓRÃ#RÃ‚ÃãÂÓãcs““SƒcSƒFRÓP­˜]Š­Š­Š}˜M˜­˜­˜bÂÓãcƒS3“ƒƒssC6RÓRÃrÃrÃãÂÓãcƒS3“ƒƒssC6RÓP­Š˜]˜-Šý˜‹˜}˜RÂÓãcƒ33CSƒC“ƒƒSVRÓRÃBÃBÃãÂÓãcƒ33CSƒC“ƒƒSVRÓP­‹=˜­Š­˜­ŠÒÂÓãcƒƒc3Cƒ#SC“3†RÓRÃBÃ"ÃãÂÓãcƒƒc3Cƒ#SC“3†RÓP­˜˜M‹]Š}ŠÝŠ‚ÂÓãc“ƒc#s#““fRÓRÃBÃBÃãÂÓãc“ƒc#s#““fRÓP­Š}˜MŠ­‹=˜˜­˜rÂÓãc““sCC3ƒ#S3#SVRÓRÃc2Ã‚ÃãÂÓãc““sCC3ƒ#S3#SVRÓP­˜]Š}ŠÍŠòÂÓãc#SCƒs“#C3“FRÓRÃS’Ã32ÃãÂÓãc#SCƒs“#C3“FRÓP­Š}˜M˜Š}‹mŠÒÂÓãc#S##Csƒƒƒ#SƒvRÓRÃRÃRÃãÂÓãc#S##Csƒƒƒ#SƒvRÓP§6—6†VÖ—"ÂÓãc#ƒ3CS“33CCVRÓRÃ‚Ã‚ÃãÂÓãc#ƒ3CS“33CCVRÓP­ŠÝ‹˜"ÂÓãc3cs3c3“C#s6RÓRÃrÃbÃãÂÓãc3cs3c3“C#s6RÓP­Š}˜MŠ}Ší‹ÂÓãcSSSCƒ“#c3vRÓRÃÃ’ÃãÂÓãcSSSCƒ“#c3vRÓP­˜˜-Šý‹Š­˜}ŠrÂÓãcSƒCC3#“Ccs3SfRÓRÃ#ÃRÃãÂÓãcSƒCC3#“Ccs3SfRÓP­Š­˜˜­Š­‹ÂÓãccC#sSsS3SsC6RÓRÃSÃ3’ÃãÂÓãccC#sSsS3SsC6RÓP­Š}˜M˜-Š}Š‹m˜}˜]ŠÝ˜]ŠòÂÓãcccS3“cƒss“3C†RÓRÃBÃBÃãÂÓãcccS3“cƒss“3C†RÓP­˜Š}˜MŠ­˜-˜­ŠòÂÓãccsCƒ33ƒSfRÓRÃrÃbÃãÂÓãccsCƒ33ƒSfRÓP­Š}‹=Š­‹­˜MŠ}˜BÂÓãcƒsss33C#c#“C6RÓRÃ#"ÃRÃãÂÓãcƒsss33C#c#“C6RÓP­‹‹-Š}˜RÂÓãc““C#CcƒƒSC–RÓRÃ2ÃRÃãÂÓãc““C#CcƒƒSC–RÓP­‹=‹˜¢ÂÓãc##sƒscsƒC3fRÓRÃ‚ÃBÃãÂÓãc##sƒscsƒC3fRÓP­˜MŠ}‹=Š­ŠýŠ}˜]˜rÂÓãc#Sc“ƒcƒ“sSSVRÓRÃBÃBÃãÂÓãc#Sc“ƒcƒ“sSSVRÓP­‹]‹Š}˜ÂÓãc##s“c“#sSc3FRÓRÃ‚ÃRÃãÂÓãc##s“c“#sSc3FRÓP­˜MŠ}‹=˜­˜]ŠrÂÓãc##ƒC“cs#ƒ#“CS†RÓRÃ2Ã2ÃãÂÓãc##ƒC“cs#ƒ#“CS†RÓP­ŠŠÝŠ½˜¢ÂÓãc##ƒcCscc#3#“ƒ†RÓRÃRÃBÃãÂÓãc##ƒcCscc#3#“ƒ†RÓP­˜˜]Š­˜‹=‹}˜rÂÓãc#33CsSssCss&RÓRÃ‚ÃbÃãÂÓãc#33CsSssCss&RÓP­˜]‹‹Š˜rÂÓãc#3C3cS#C#SCcvRÓRÃbÃRÃãÂÓãc#3C3cS#C#SCcvRÓP­Š­˜=Š}˜M˜­˜˜}ŠrÂÓãc#3ssCƒS33ƒsVRÓRÃrÃBÃãÂÓãc#3ssCƒS33ƒsVRÓP­˜Š}˜M‹]˜mŠ}‹˜¢ÂÓãc#3“##3sSCS3CvRÓRÃ’Ã‚ÃãÂÓãc#3“##3sSCS3CvRÓP­Š­˜‹]˜­˜M˜­ŠrÂÓãc#Cƒc“ƒ#“#“ƒ6RÓRÃrÃRÃãÂÓãc#Cƒc“ƒ#“#“ƒ6RÓP­Š­‹˜­˜m˜}˜RÂÓãc#Cƒ“SCC“sƒ3SS†RÓRÃ2Ã2ÃãÂÓãc#Cƒ“SCC“sƒ3SS†RÓP­˜­˜-˜RÂÓãc#C“33s#VRÓRÃRÃ2ÃãÂÓãc#C“33s#VRÓP­˜Š}˜M˜]˜Š}‹]˜Š}Š¢ÂÓãc#SCƒƒƒssƒS–RÓRÃ‚Ã2ÃãÂÓãc#SCƒƒƒssƒS–RÓP­Š}˜M˜]ŠÝŠ}˜­ŠòÂÓãc#S“3#3##CCCƒvRÓRÃ3Ã#2ÃãÂÓãc#S“3#3##CCCƒvRÓP­˜M˜M˜Šm˜rÂÓãc#s3ccsƒƒ3SvRÓRÃ2Ã2ÃãÂÓãc#s3ccsƒƒ3SvRÓP­˜mŠ}Š­˜˜­‹=Š¢ÂÓãc#s3ƒ“c#s3CCsCfRÓRÃ#’ÃRÃãÂÓãc#s3ƒ“c#s3CCsCfRÓP­Š½Š}ŠŠ¢ÂÓãc#ƒssS##Ss““#CVRÓRÃ’ÃBÃãÂÓãc#ƒssS##Ss““#CVRÓP­ŠŠ}˜M˜]‹MŠ­‹˜=˜­˜bÂÓãc#“sS3scSƒƒcs†RÓRÃ‚Ã‚ÃãÂÓãc#“sS3scSƒƒcs†RÓP­Š}˜MŠ­ŠÝŠ}˜M˜Š}Š¢ÂÓãc#“SƒcCCsSSƒs36RÓRÃRÃBÃãÂÓãc#“SƒcCCsSSƒs36RÓP­˜Š}˜MŠí‹]˜˜]Š}Š¢ÂÓãc33SƒC#“FRÓRÃ2Ã2ÃãÂÓãc33SƒC#“FRÓP­Š}˜MŠ}Š‹Š}ŠÂÂÓãc3ssƒC“sƒcƒSVRÓRÃ#ÃÃãÂÓãc3ssƒC“sƒcƒSVRÓP­ŠŠ}˜m‹˜]˜rÂÓãc3#SsC“ƒƒcFRÓRÃ#RÃRÃãÂÓãc3#SsC“ƒƒcFRÓP­Š}˜M˜˜=Š}˜MŠ}Š¢ÂÓãc3#ƒ#SsCCSsSss36RÓRÃbÃbÃãÂÓãc3#ƒ#SsCCSsSss36RÓP­‹=Š}ŠÝ˜BÂÓãc33CCƒ3Sc3sS6RÓRÃ#’ÃBÃãÂÓãc33CCƒ3Sc3sS6RÓP­Š­˜-Šý˜­‹˜­˜rÂÓãc3ccƒƒ33c#s#“vRÓRÃ#BÃRÃãÂÓãc3ccƒƒ33c#s#“vRÓP­Š­‹‹˜­˜RÂÓãc3sc#CS#“ƒCVRÓRÃbÃbÃãÂÓãc3sc#CS#“ƒCVRÓP­˜Š}‹=‹Š}‹ÂÓãc3ssSƒ3“ƒSƒS#–RÓRÃCRÃ#RÃãÂÓãc3ssSƒ3“ƒSƒS#–RÓP­Š}˜M‹MŠý˜¢ÂÓãc3ƒCcsc#cCSSvRÓRÃbÃBÃãÂÓãc3ƒCcsc#cCSSvRÓP­˜Š}ŠÝŠý˜¢ÂÓãc3“sCsCƒscC–RÓRÃbÃRÃãÂÓãc3“sCsCƒscC–RÓP­Š}˜MŠ­‹-˜]Š¢ÂÓãcCsSSCCcsCSsƒ“FRÓRÃ2Ã2ÃãÂÓãcCsSSCCcsCSsƒ“FRÓP­˜]‹=Š­ŠýŠ}˜]˜rÂÓãcC#ƒSƒCC“SC3VRÓRÃ3BÃ#RÃãÂÓãcC#ƒSƒCC“SC3VRÓP­˜˜]‹=Š­˜}Šý˜Š}Š¢ÂÓãcC#““scS3s“CS#†RÓRÃRÃRÃãÂÓãcC#““scS3s“CS#†RÓP­ŠŠ}˜M‹˜˜bÂÓãcCs“CscƒscFRÓRÃBÃBÃãÂÓãcCs“CscƒscFRÓP­˜˜­˜]Šý˜}˜]ŠrÂÓãcCs“CscƒscFRÓRÃBÃBÃãÂÓãcCs“CscƒscFRÓP­˜M˜M˜m˜‹rÂÓãcCs#“s““sƒs3FRÓRÃBÃBÃãÂÓãcCs#“s““sƒs3FRÓP­˜˜Š}‹Šý˜rÂÓãcC“CƒSc““3Sc“†RÓRÃBÃ2ÃãÂÓãcC“CƒSc““3Sc“†RÓP­˜]˜˜}˜˜RÂÓãcC“s#sC3ƒ3cC#fRÓRÃ3‚Ã#"ÃãÂÓãcC“s#sC3ƒ3cC#fRÓP­˜Š}˜M˜=˜­˜]˜­Š}Šm˜­˜rÂÓãcSCƒ“#3cƒƒ#vRÓRÃrÃRÃãÂÓãcSCƒ“#3cƒƒ#vRÓP­‹­Š}˜­˜rÂÓãcSSsƒC#s33SVRÓRÃRÃRÃãÂÓãcSSsƒC#s33SVRÓP­˜­˜m‹‹ÂÓãcS““#C#ccƒ#fRÓRÃbÃRÃãÂÓãcS““#C#ccƒ#fRÓP­˜M˜M˜]‹=ŠM˜˜M˜­˜rÂÓãcS“3csCS3“FRÓRÃ‚ÃbÃãÂÓãcS“3csCS3“FRÓP­˜]˜-Š˜M˜rÂÓãcS#““sc#Sƒ&RÓRÃRÃRÃãÂÓãcS#““sc#Sƒ&RÓP­˜]Š½Š}˜BÂÓãcS#s3ssƒƒ3cCfRÓRÃRÃBÃãÂÓãcS#s3ssƒƒ3cCfRÓP­˜]ŠM‹=‹=˜¢ÂÓãcS3ƒ#CcSS3#“3cvRÓRÃ‚ÃbÃãÂÓãcS3ƒ#CcSS3#“3cvRÓP­ŠÝŠý˜­ŠòÂÓãcSC#ƒ“c333–RÓRÃ3bÃRÃãÂÓãcSC#ƒ“c333–RÓP­˜Š}˜M˜]˜mŠ}‹}˜"ÂÓãcSCCcC3ƒsCfRÓRÃrÃbÃãÂÓãcSCCcC3ƒsCfRÓP­˜Š­Š˜˜2ÂÓãcSS#Cƒƒƒ3S““SFRÓRÃ’Ã‚ÃãÂÓãcSS#Cƒƒƒ3S““SFRÓP­˜Š}˜M˜]‹=Š}‹Šý˜rÂÓãcSS3ƒ333ccSfRÓRÃÃÃãÂÓãcSS3ƒ333ccSfRÓP­˜]‹Šm˜­ŠrÂÓãcScC#3Scc3cSfRÓRÃRÃRÃãÂÓãcScC#3Scc3cSfRÓP­ŠŠ}˜M˜]˜Š}˜˜-˜rÂÓãcSƒcScSƒƒ3&RÓRÃ#‚Ã’ÃãÂÓãcSƒcScSƒƒ3&RÓP¥vW2ÂÓãcSƒƒ3#cC3s3#S&RÓRÃ‚Ã‚ÃãÂÓãcSƒƒ3#cC3s3#S&RÓP­Š}˜m‹˜=‹2ÂÓãcS“cƒcSC#“#“ScvRÓRÃ#RÃ#"ÃãÂÓãcS“cƒcSC#“#“ScvRÓP­˜M˜M‹MŠ˜=˜rÂÓãccCsƒƒƒ“FRÓRÃÃÃãÂÓãccCsƒƒƒ“FRÓP­Š}˜MŠí˜M˜˜­˜rÂÓãcccs#3Cƒ“#3cSCVRÓRÃrÃRÃãÂÓãcccs#3Cƒ“#3cSCVRÓP­Š}‹Š­‹‹ÂÓãcc#sc“C#SƒCSS&RÓRÃbÃRÃãÂÓãcc#sc“C#SƒCSS&RÓP­Š­˜-˜m˜­ŠrÂÓãcc3“#ƒsƒs3c3C–RÓRÃrÃrÃãÂÓãcc3“#ƒsƒs3c3C–RÓP­˜Š˜m˜˜2ÂÓãcc3#3CƒSƒ##“6RÓRÃRÃ2ÃãÂÓãcc3#3CƒSƒ##“6RÓP­‹‹­ŠŠ}Š¢ÂÓãcc3c“ƒƒC3c“3FRÓRÃ2Ã2ÃãÂÓãcc3c“ƒƒC3c“3FRÓP­Š}‹˜MŠ}˜mŠ}Š¢ÂÓãcc3c3ƒ#ƒ#c#svRÓRÃ‚Ã2ÃãÂÓãcc3c3ƒ#ƒ#c#svRÓP­˜M˜MŠý˜˜M˜rÂÓãccCCS“sc““ƒƒ#fRÓRÃRÃ’ÃãÂÓãccCCS“sc““ƒƒ#fRÓP­˜Š}˜]Š­˜m‹Š¢ÂÓãccCCƒ“c#ƒC#&RÓRÃ2Ã2ÃãÂÓãccCCƒ“c#ƒC#&RÓP­ŠÝ‹-˜]˜rÂÓãccCS#SC#ƒS3cƒvRÓRÃ3RÃ#‚ÃãÂÓãccCS#SC#ƒS3cƒvRÓP­Š}˜M‹=˜­Š‹Š}˜m˜­˜rÂÓãccCsSS#3C#c#ƒ#FRÓRÃRÃ2ÃãÂÓãccCsSS#3C#c#ƒ#FRÓP­˜­˜M˜Š¢ÂÓãccS#c##““sƒ#vRÓRÃ2Ã2ÃãÂÓãccS#c##““sƒ#vRÓP­˜=˜]˜]˜=˜bÂÓãcccƒsS3sƒCƒ3vRÓRÃBÃ"ÃãÂÓãcccƒsS3sƒCƒ3vRÓP­Š}˜MŠ}Š­˜]Š­˜rÂÓãccc33ƒScc#sfRÓRÃBÃ2ÃãÂÓãccc33ƒScc#sfRÓP­˜˜­‹=Š­˜]‹ÂÓãcsƒcƒSCcƒs3S#fRÓRÃ’ÃrÃãÂÓãcsƒcƒSCcƒs3S#fRÓP­Š­˜-˜­˜­˜]˜}ŠrÂÓãcs“C#sssC3SVRÓRÃrÃ2ÃãÂÓãcs“C#sssC3SVRÓP­˜]Š½˜MŠ¢ÂÓãcs3ƒS“scVRÓRÃ’ÃRÃãÂÓãcs3ƒS“scVRÓP­Š½Š}˜]‹ÂÓãcs#ƒCƒ#s#3ƒ#3SVRÓRÃBÃ2ÃãÂÓãcs#ƒCƒ#s#3ƒ#3SVRÓP­˜ŠÝŠ²ÂÓãcs3#sc3ƒsƒ““#VRÓRÃÃbÃãÂÓãcs3#sc3ƒsƒ““#VRÓP­˜­˜-‹Š‚ÂÓãcs3ƒs#Cƒ“VRÓRÃbÃbÃãÂÓãcs3ƒs#Cƒ“VRÓP­‹Š}˜M˜]˜¢ÂÓãcsC3CS#ƒS“ƒSFRÓRÃ3BÃ#’ÃãÂÓãcsC3CS#ƒS“ƒSFRÓP­Š}˜MŠ}˜‹˜Š˜¢ÂÓãcsƒƒ3cCsƒ#33S&RÓRÃ‚ÃÃãÂÓãcsƒƒ3cCsƒ#33S&RÓP­Š}˜M˜m˜Š}ŠÝ˜¢ÂÓãcs“ƒcCss3cSs–RÓRÃ2Ã2ÃãÂÓãcs“ƒcCss3cSs–RÓP­ŠŠíŠ‹˜rÂÓãcs““##s3sC“6RÓRÃBÃÃãÂÓãcs““##s3sC“6RÓP­˜M‹‹=˜RÂÓãcƒ“ƒ3SC“c–RÓRÃ2Ã2ÃãÂÓãcƒ“ƒ3SC“c–RÓP­Š}˜M‹˜Š­˜­˜m˜­˜rÂÓãcƒ3c#csƒSc3vRÓRÃRÃRÃãÂÓãcƒ3c#csƒSc3vRÓP­˜Š­˜m‹=˜­˜"ÂÓãcƒCc#sƒC#cƒ&RÓRÃRÃBÃãÂÓãcƒCc#sƒC#cƒ&RÓP­‹=ŠýŠ}ŠòÂÓãcƒ#C#SƒC“CvRÓRÃSbÃs2ÃãÂÓãcƒ#C#SƒC“CvRÓP­˜Š}˜M˜-˜­Š}Šý˜rÂÓãcƒ###cCssƒ3fRÓRÃrÃrÃãÂÓãcƒ###cCssƒ3fRÓP­˜‹=˜­ŠÝ‹]˜BÂÓãcƒ#3csssScCc3fRÓRÃ2Ã2ÃãÂÓãcƒ#3csssScCc3fRÓP­˜‹M˜Š}˜˜rÂÓãcƒ#sS3c3SCSCvRÓRÃrÃRÃãÂÓãcƒ#sS3c3SCSCvRÓP­Šý˜­˜˜m˜}ŠrÂÓãcƒ#ƒ“ƒs#C3C3ss#VRÓRÃ‚Ã‚ÃãÂÓãcƒ#ƒ“ƒs#C3C3ss#VRÓP­Š}˜M˜]˜mŠ}‹=Š˜­˜bÂÓãcƒ3sScCSscCƒS†RÓRÃRÃRÃãÂÓãcƒ3sScCSscCƒS†RÓP­ŠÝ˜]‹-˜rÂÓãcƒC##SCƒC6RÓRÃ#2ÃÃãÂÓãcƒC##SCƒC6RÓP­Š}˜M˜]Š­Šý‹Š˜­˜bÂÓãcƒCccc#ƒ#C#†RÓRÃ‚ÃBÃãÂÓãcƒCccc#ƒ#C#†RÓP­Š}˜MŠ­˜˜-‹Š}Š­˜˜Š}‹"ÂÓãcƒc3C#ƒ“c“6RÓRÃbÃ2ÃãÂÓãcƒc3C#ƒ“c“6RÓP­‹‹M‹˜­˜bÂÓãcƒccƒ“#ƒSSƒ#fRÓRÃ’Ã’ÃãÂÓãcƒccƒ“#ƒSSƒ#fRÓP­Š­Š­‹Š}˜˜bÂÓãcƒcƒssC##ƒRÓRÃRÃRÃãÂÓãcƒcƒssC##ƒRÓP­Š}˜MŠ‹‹=˜­˜RÂÓãcƒscsCS3#ƒ#cƒ&RÓRÃ‚ÃÃãÂÓãcƒscsCS3#ƒ#cƒ&RÓP­Š}˜M‹=Š}‹˜­˜rÂÓãcƒƒc#“Cs“ƒCƒ–RÓRÃbÃBÃãÂÓãcƒƒc#“Cs“ƒCƒ–RÓP­‹˜}˜‹ÂÓãc“cs“sSƒs†RÓRÃÃ‚ÃãÂÓãc“cs“sSƒs†RÓP­ŠÍ˜­‹Š}‹ŠòÂÓãc“ƒ#ƒc#3S#c“FRÓRÃbÃbÃãÂÓãc“ƒ#ƒc#3S#c“FRÓP­Š˜}˜˜M˜mŠýŠrÂÓãc“CC3SsC“3“–RÓRÃbÃBÃãÂÓãc“CC3SsC“3“–RÓP­˜M˜M˜rÂÓãc“SSC“ssƒCS3vRÓRÃBÃBÃãÂÓãc“SSC“ssƒCS3vRÓP­˜]˜m˜}ŠÍ˜­˜rÂÓãc“SƒCs#ss#CS#–RÓRÃ’ÃÃãÂÓãc“SƒCs#ss#CS#–RÓP­‹M‹˜­ŠÝŠ­˜­˜bÂÓãc“cCcS“3ccƒ3C&RÓRÃrÃBÃãÂÓãc“cCcS“3ccƒ3C&RÓP­˜Š­˜Š}˜m˜¢ÂÓãc“ƒS#S“ƒƒ“SsFRÓRÃ2Ã2ÃãÂÓãc“ƒS#S“ƒƒ“SsFRÓP­Š}˜M˜]˜mŠí˜‹bÂÓãssccS“S3†RÓRÃ#ÃRÃãÂÓãssccS“S3†RÓP­Š}˜M‹=˜­Š}‹=Š}Š¢ÂÓãss##c##CCfRÓRÃ3RÃ#"ÃãÂÓãss##c##CCfRÓP­˜Š}‹M˜m‹}˜bÂÓãs#Cƒ“c#“c3VRÓRÃRÃBÃãÂÓãs#Cƒ“c#“c3VRÓP­‹M‹ŠÝŠrÂÓãs3ƒcƒ“ƒc“vRÓRÃ#ÃbÃãÂÓãs3ƒcƒ“ƒc“vRÓP­˜M˜MŠ}‹=˜}Š}˜RÂÓãsS33“s3C†RÓRÃ#2Ã’ÃãÂÓãsS33“s3C†RÓP­Šý‹Š¢ÂÓãsS3#ƒ3CCc3SS“†RÓRÃ#’ÃrÃãÂÓãsS3#ƒ3CCc3SS“†RÓP­Š}˜MŠ}‹=˜}˜]‹=˜­Š­˜RÂÓãsSS#“s##fRÓRÃ2Ã2ÃãÂÓãsSS#“s##fRÓP­˜]ŠÍŠ­˜]‹˜­˜bÂÓãsScƒ3Cc“““ƒ3S6RÓRÃRÃ2ÃãÂÓãsScƒ3Cc“““ƒ3S6RÓP­˜˜m‹}Š}˜"ÂÓãsSƒƒsc“sƒSsFRÓRÃrÃbÃãÂÓãsSƒƒsc“sƒSsFRÓP­‹]˜mŠ}‹Š­˜mŠrÂÓãsS“cC“#ƒ3ƒSvRÓRÃBÃ2ÃãÂÓãsS“cC“#ƒ3ƒSvRÓP­˜]˜Š­˜ŠÒÂÓãsssCSss#ƒsSccFRÓRÃrÃRÃãÂÓãsssCSss#ƒsSccFRÓP­‹mŠí˜RÂÓãs“Sss““cS#S†RÓRÃ2Ã2ÃãÂÓãs“Sss““cS#S†RÓP­˜˜­˜ŠòÂÓãsC#Cc33SCscvRÓRÃRÃBÃãÂÓãsC#Cc33SCscvRÓP­Š}Š­˜]Š¢ÂÓãsc3““““““#SfRÓRÃ#‚ÃÃãÂÓãsc3““““““#SfRÓP­˜M‹}Š}˜-˜rÂÓãs3sS#3SC“SƒsVRÓRÃ"ÃRÃãÂÓãs3sS#3SC“SƒsVRÓP­˜Š­˜Š}˜‹ÂÓãs#3sC“sc“ƒS–RÓRÃ2Ã2ÃãÂÓãs#3sC“sc“ƒS–RÓP­˜=‹˜­˜RÂÓãs3“sSc3“s#36RÓRÃc2ÃrÃãÂÓãs3“sSc3“s#36RÓP­˜Š}˜M˜]ŠÝ˜‹-Š}Š¢ÂÓãs3ƒ3S#ƒSsSvRÓRÃrÃrÃãÂÓãs3ƒ3S#ƒSsSvRÓP­˜˜-‹}‹’ÂÓãsC#“S#ƒ“3cfRÓRÃ#ÃBÃãÂÓãsC#“S#ƒ“3cfRÓP­˜]ŠÝŠ}˜˜M˜rÂÓãsCs“S3ƒ333##3vRÓRÃBÃbÃãÂÓãsCs“S3ƒ333##3vRÓP­˜Š­˜˜M˜¢ÂÓãsCƒCC“3CƒsSƒƒfRÓRÃBÃBÃãÂÓãsCƒCC“3CƒsSƒƒfRÓP­Š­Š­˜mŠ}˜˜BÂÓãsS#ƒc##S3“ƒ“svRÓRÃBÃBÃãÂÓãsS#ƒc##S3“ƒ“svRÓP­Š­˜-Š}‹ŠòÂÓãscS33C#c3ƒ3#vRÓRÃRÃRÃãÂÓãscS33C#c3ƒ3#vRÓP­˜]‹M‹˜"ÂÓãscƒ3Sc#sc#cvRÓRÃBÃBÃãÂÓãscƒ3Sc#sc#cvRÓP­˜=˜­Š}˜mŠ}Š¢ÂÓãssS#SCs3CƒcRÓRÃÃRÃãÂÓãssS#SCs3CƒcRÓP­ŠÝ˜‹˜rÂÓãsƒƒs“3sS3ƒƒƒƒFRÓRÃ’Ã2ÃãÂÓãsƒƒs“3sS3ƒƒƒƒFRÓP­ŠÝŠ}˜‹Š¢ÂÓãs#S““SsS3c“&RÓRÃ#rÃ#2ÃãÂÓãs#S““SsS3c“&RÓP­Š}˜M˜˜­Šý‹Š}˜M˜¢ÂÓãs#“s3ƒCƒ3SƒFRÓRÃC’Ã"ÃãÂÓãs#“s3ƒCƒ3SƒFRÓP­Š}˜M‹Š}Šm˜M˜rÂÓãs##c3cC“c3SS6RÓRÃ2Ã2ÃãÂÓãs##c3cC“c3SS6RÓP­Š}˜MŠ}ŠíŠ­˜­Š}‹˜­˜rÂÓãs#3CsCSƒcsSVRÓRÃ2Ã2ÃãÂÓãs#3CsCSƒcsSVRÓP­˜˜m‹=Š­˜]‹ÂÓãs#3#cƒ3C“ƒSƒCFRÓRÃBÃBÃãÂÓãs#3#cƒ3C“ƒSƒCFRÓP­Ší˜MŠ}˜­ŠrÂÓãs#3ƒSccs3““sSVRÓRÃ2Ã2ÃãÂÓãs#3ƒSccs3““sSVRÓP­˜˜Š}Š­˜­‹ÂÓãs#3ƒ““#cƒ3ƒ“c“†RÓRÃS2Ã#bÃãÂÓãs#3ƒ““#cƒ3ƒ“c“†RÓP­Š­‹=˜˜"ÂÓãs#CcsCƒ33ƒ3–RÓRÃRÃ2ÃãÂÓãs#CcsCƒ33ƒ3–RÓP­˜Š­Š}Š½˜­‹˜rÂÓãs#c#“SS“c3ƒsc#VRÓRÃRÃ2ÃãÂÓãs#c#“SS“c3ƒsc#VRÓP­ŠŠ}˜M˜˜-˜ŠòÂÓãs#“cSƒCsƒƒ““Sƒ“fRÓRÃ2Ã2ÃãÂÓãs#“cSƒCsƒƒ““Sƒ“fRÓP­˜˜=˜M˜]˜rÂÓãs3#CCcCSs“S†RÓRÃ2Ã2ÃãÂÓãs3#CCcCSs“S†RÓP­˜]‹-˜Šý˜¢ÂÓãs3##ccƒ#“c“SvRÓRÃrÃbÃãÂÓãs3##ccƒ#“c“SvRÓP­‹=˜}˜]Š}ŠÍ˜]Š}˜M˜¢ÂÓãs3sC3CsSSSƒc&RÓRÃSbÃS"ÃãÂÓãs3sC3CsSSSƒc&RÓP­Š‹}Š}Š‹’ÂÓãs3ƒ#““Ssƒ#ƒ33VRÓRÃ2Ã2ÃãÂÓãs3ƒ#““Ssƒ#ƒ33VRÓP­˜]ŠÝŠ}˜]˜˜bÂÓãs3#CSƒ3ƒC33RÓRÃRÃBÃãÂÓãs3#CSƒ3ƒC33RÓP­˜˜]‹=Š­‹MŠ}‹˜˜bÂÓãs3#CSƒ3ƒC33RÓRÃRÃBÃãÂÓãs3#CSƒ3ƒC33RÓP­˜M˜M‹m‹­‹rÂÓãs3Cƒ3s3“c“SC&RÓRÃ‚Ã‚ÃãÂÓãs3Cƒ3s3“c“SC&RÓP­Š˜=Š½˜­‹ÂÓãs3C#3ƒ3CsƒSƒ6RÓRÃrÃ‚ÃãÂÓãs3C#3ƒ3CsƒSƒ6RÓP­˜m˜-‹RÂÓãs3C3#ScSCSƒc#–RÓRÃ3bÃ2ÃãÂÓãs3C3#ScSCSƒc#–RÓP­‹=˜˜M˜­Šý‹Š­˜¢ÂÓãs3C“cC#cƒsS#vRÓRÃsÃcRÃãÂÓãs3C“cC#cƒsS#vRÓP­˜Š}˜M‹=‹˜Šý˜­˜rÂÓãs3SƒCƒƒ3csfRÓRÃ#ÃrÃãÂÓãs3SƒCƒƒ3csfRÓP­˜Š}˜M‹ŠŠÒÂÓãs3cs#ƒ3ƒ“c6RÓRÃbÃRÃãÂÓãs3cs#ƒ3ƒ“c6RÓP­Š}‹=Š­‹M‹Š}˜ÂÓãs3s3“##sScSvRÓRÃ2Ã2ÃãÂÓãs3s3“##sScSvRÓP­Š}˜M‹}˜˜­˜BÂÓãs3ssccc#S3ccƒc†RÓRÃSBÃC2ÃãÂÓãs3ssccc#S3ccƒc†RÓP­Š˜]˜Š}‹]˜Š}Š¢ÂÓãs3“ƒƒcS“SCcFRÓRÃBÃ2ÃãÂÓãs3“ƒƒcS“SCcFRÓP­˜M˜M˜]‹MŠ­‹˜=˜­˜bÂÓãsCƒcCƒƒ3ƒƒ“CFRÓRÃƒ’ÃSbÃãÂÓãsCƒcCƒƒ3ƒƒ“CFRÓP­Š}˜M˜]‹-Š}ŠýŠ}˜MŠ­‹­˜­‹Š}˜mŠ}Š˜­Š‚ÂÓãsCƒSccCS““s#&RÓRÃÃRÃãÂÓãsCƒSccCS““s#&RÓP­˜-Š}ŠmŠòÂÓãsC#CCƒCS#S#FRÓRÃbÃbÃãÂÓãsC#CCƒCS#S#FRÓP­Š}˜M‹]˜MŠ}ŠÝ˜­˜rÂÓãsC33SS“S#CS6RÓRÃ’ÃbÃãÂÓãsC33SS“S#CS6RÓP­Š}˜MŠíŠ}‹‹}˜rÂÓãsC3ss#S““C“sƒ&RÓRÃRÃbÃãÂÓãsC3ss#S““C“sƒ&RÓP­Š}˜MŠ­˜˜-‹Š}Š­Š}˜M˜]˜Š}‹=Š}˜rÂÓãsCCƒ3ƒ“C“3“CsvRÓRÃrÃBÃãÂÓãsCCƒ3ƒ“C“3“CsvRÓP­Š}˜MŠ­˜˜-‹Š}Š­Šý˜M˜rÂÓãsCCƒ3ƒ“C“3“CsvRÓRÃrÃBÃãÂÓãsCCƒ3ƒ“C“3“CsvRÓP­Š}˜MŠ­˜˜-‹Š}Š­‹‹Š}˜­˜rÂÓãsCCƒ3ƒ“C“3“CsvRÓRÃrÃBÃãÂÓãsCCƒ3ƒ“C“3“CsvRÓP­Š}˜MŠ­˜˜-‹Š}Š­˜]ŠÍ˜]˜‹˜rÂÓãsCCƒ3ƒ“C“3“CsvRÓRÃrÃBÃãÂÓãsCCƒ3ƒ“C“3“CsvRÓP­Š}˜MŠ­˜˜-‹Š}Š­‹=Š}˜=˜‚ÂÓãsCCƒ3ƒ“C“3“CsvRÓRÃrÃBÃãÂÓãsCCƒ3ƒ“C“3“CsvRÓP­Š}˜MŠ­˜˜-‹Š}Š­˜-‹}Š}‹Š}Š¢ÂÓãsCCƒ3ƒ“C“3“CsvRÓRÃrÃBÃãÂÓãsCCƒ3ƒ“C“3“CsvRÓP­Š}˜M˜]ŠÝ˜M˜M˜­˜m˜-‹}Š}‹’ÂÓãsCCƒ3ƒ“C“3“CsvRÓRÃrÃBÃãÂÓãsCCƒ3ƒ“C“3“CsvRÓP­Š}˜M‹]ŠÝ˜­˜}Š}˜MŠÝ˜]Š}Šý˜¢ÂÓãsCCƒ3ƒ“C“3“CsvRÓRÃrÃBÃãÂÓãsCCƒ3ƒ“C“3“CsvRÓP­Š‹=‹‹Š}Š¢ÂÓãsCS#ƒCcc†RÓRÃ2Ã2ÃãÂÓãsCS#ƒCcc†RÓP­Š­Šý˜˜­‹˜}ŠrÂÓãsCsSƒ“SsƒƒSfRÓRÃbÃ’ÃãÂÓãsCsSƒ“SsƒƒSfRÓP­Š‹]˜]˜rÂÓãsCƒSƒƒcsCsCc#c6RÓRÃBÃBÃãÂÓãsCƒSƒƒcsCsCc#c6RÓP­Š‹=˜­‹Š­˜rÂÓãsC“sSCsƒcCc“s6RÓRÃBÃBÃãÂÓãsC“sSCsƒcCc“s6RÓP­˜Š}Š­˜]Š­Š­˜}ŠrÂÓãsS3cCsCS“SsƒFRÓRÃBÃ2ÃãÂÓãsS3cCsCS“SsƒFRÓP­Š}˜-˜BÂÓãsS3ƒCƒ3“3Cƒ##CVRÓRÃC‚ÃsrÃãÂÓãsS3ƒCƒ3“3Cƒ##CVRÓP­Š}˜MŠ}‹]ŠýŠ}‹ÂÓãsS3“ƒ#cCssSsCVRÓRÃ“ÃCÃãÂÓãsS3“ƒ#cCssSsCVRÓP­Š}‹=Š­‹MŠ}‹˜­˜rÂÓãsSCƒ3“Cccc#cC6RÓRÃbÃRÃãÂÓãsSCƒ3“Cccc#cC6RÓP­Š‹M‹˜‹rÂÓãsSs#CS###ƒ3CvRÓRÃrÃRÃãÂÓãsSs#CS###ƒ3CvRÓP­Š}˜-Š­‹]Š}Šý˜­˜rÂÓãsSsCC“#ƒcC&RÓRÃ#BÃ#BÃãÂÓãsSsCC“#ƒcC&RÓP­Š}˜M˜]‹-Š}ŠýŠ}˜MŠ­‹­˜­‹˜]Š­˜MŠ}˜­˜ÂÓãsSsc““csS3c3#RÓRÃ3Ã2ÃãÂÓãsSsc““csS3c3#RÓP­˜Š‹‹m˜}ŠrÂÓãsS“3ƒ3“c##“C“FRÓRÃBÃBÃãÂÓãsS“3ƒ3“c##“C“FRÓP­˜M‹ŠmŠ}‹=˜rÂÓãsS“CsCcscCc3Sƒ6RÓRÃÃ‚ÃãÂÓãsS“CsCcscCc3Sƒ6RÓP­˜Š˜­Š}˜bÂÓãsc3ƒ“s3s“#fRÓRÃ2Ã2ÃãÂÓãsc3ƒ“s3s“#fRÓP­˜˜­˜mŠ­˜2ÂÓãsc3c“ƒSƒsss&RÓRÃ2Ã2ÃãÂÓãsc3c“ƒSƒsss&RÓP­˜­˜‹m˜BÂÓãscc“#CC“ƒ33FRÓRÃRÃ2ÃãÂÓãscc“#CC“ƒ33FRÓP­Š}˜M˜]ŠÝ˜˜MŠ}Š¢ÂÓãsc“3“ccC3#“vRÓRÃ"ÃrÃãÂÓãsc“3“ccC3#“vRÓP­˜]˜m˜}ŠÍ˜­Š­˜}ŠrÂÓãsc#ƒƒ““cC#“&RÓRÃ2Ã2ÃãÂÓãsc#ƒƒ““cC#“&RÓP­˜]˜Š½˜˜-˜­Š­˜}ŠrÂÓãsc3cc““3CC#3SfRÓRÃRÃRÃãÂÓãsc3cc““3CC#3SfRÓP­˜M˜]˜m‹˜]˜rÂÓãscS3#3CScCsSfRÓRÃ’ÃrÃãÂÓãscS3#3CScCsSfRÓP­Š}Š˜-Š¢ÂÓãscS“Scs3Cƒs#ƒ“VRÓRÃS‚Ã3"ÃãÂÓãscS“Scs3Cƒs#ƒ“VRÓP­Š}˜MŠ}˜MŠ­‹-Š}˜]Š}Š¢ÂÓãscS“cC3cƒ33CSƒSvRÓRÃCÃRÃãÂÓãscS“cC3cƒ33CSƒSvRÓP­˜MŠý˜‹˜}ŠrÂÓãsccƒ“cƒSƒC“SSVRÓRÃrÃbÃãÂÓãsccƒ“cƒSƒC“SSVRÓP­ŠŠ}˜MŠ­‹˜M˜­˜]Š}Š¢ÂÓãscsscs“#C3““S6RÓRÃRÃ2ÃãÂÓãscsscs“#C3““S6RÓP­˜M˜MŠ­Ší‹}˜­‹rÂÓãscssCs“s#SSc–RÓRÃ2Ã2ÃãÂÓãscssCs“s#SSc–RÓP­Š}˜M‹-˜Š}‹ÂÓãsc“#C#“cSCCsfRÓRÃbÃbÃãÂÓãsc“#C#“cSCCsfRÓP­˜‹‹m˜}ŠrÂÓãss#3ƒ#ƒS33ƒcƒVRÓRÃrÃBÃãÂÓãss#3ƒ#ƒS33ƒcƒVRÓP­˜]ŠŠ}Šý‹Š}Š­˜}ŠrÂÓãss##3#csƒƒ#3ƒ†RÓRÃ‚ÃBÃãÂÓãss##3#csƒƒ#3ƒ†RÓP­˜Š}‹˜M˜rÂÓãss#ƒ#CS#“3“#VRÓRÃBÃ"ÃãÂÓãss#ƒ#CS#“3“#VRÓP­Š}˜M˜]˜‹]˜¢ÂÓãss3#sƒ3“3#VRÓRÃrÃ2ÃãÂÓãss3#sƒ3“3#VRÓP­˜M‹M‹˜=Š}Š­˜}ŠrÂÓãss3sS“3“ƒCƒS36RÓRÃ’Ã‚ÃãÂÓãss3sS“3“ƒCƒS36RÓP­˜M‹M‹˜­ŠÝ˜rÂÓãssSƒC3“Csƒs3#&RÓRÃ#ÃrÃãÂÓãssSƒC3“Csƒs3#&RÓP­Š}˜M˜=˜]Š}˜M˜­˜}ŠÍ‹˜­‹ÂÓãssScs““C“sSccCVRÓRÃrÃ2ÃãÂÓãssScs““C“sSccCVRÓP­Š}˜MŠÝ˜]Š}˜­˜rÂÓãssc##ƒCCCSFRÓRÃrÃ2ÃãÂÓãssc##ƒCCCSFRÓP­Š}˜M‹‹Š}‹’ÂÓãssc“CsC#SC#sƒVRÓRÃ"ÃrÃãÂÓãssc“CsC#SC#sƒVRÓP­˜MŠ}˜Š­˜rÂÓãsss3SCCSccSc3cvRÓRÃS’ÃCÃãÂÓãsss3SCCSccSc3cvRÓP­˜]Š­Š}ŠÝ˜rÂÓãss“#S3c3#C#3fRÓRÃC"Ã#2ÃãÂÓãss“#S3c3#C#3fRÓP­Š}˜MŠ­˜=˜m˜˜M˜ŠÍ˜­ŠrÂÓãsƒs#ccs3“C“&RÓRÃ#ÃrÃãÂÓãsƒs#ccs3“C“&RÓP­Š}˜M˜]Š½˜M˜¢ÂÓãsƒƒCSƒC“Sc“SSRÓRÃ’Ã’ÃãÂÓãsƒƒCSƒC“Sc“SSRÓP­˜]ŠÍ‹ŠòÂÓãsƒ#c“#sc“S–RÓRÃ"Ã’ÃãÂÓãsƒ#c“#sc“S–RÓP­Š­‹=‹Š‚ÂÓãsƒ#ƒS#3“ƒƒc##–RÓRÃ2Ã2ÃãÂÓãsƒ#ƒS#3“ƒƒc##–RÓP­˜­Ší‹}‹rÂÓãsƒ3“Sƒ#s33S#ƒvRÓRÃBÃBÃãÂÓãsƒ3“Sƒ#s33S#ƒvRÓP­ŠŠ˜mŠ}ŠÂÓãsƒ33ScCƒcs#ƒfRÓRÃ"Ã’ÃãÂÓãsƒ33ScCƒcs#ƒfRÓP­Š}˜˜bÂÓãsƒCƒ3ƒs3sSCSVRÓRÃbÃBÃãÂÓãsƒCƒ3ƒs3sSCSVRÓP­Š}˜MŠ­˜˜=˜­‹ÂÓãsƒC“sƒ“cs“c#RÓRÃbÃbÃãÂÓãsƒC“sƒ“cs“c#RÓP­Š}˜MŠ­‹Ší˜­‹RÂÓãsƒC“s3Ssc#cC“VRÓRÃ#‚Ã’ÃãÂÓãsƒC“s3Ssc#cC“VRÓP­˜Š}˜M˜]ŠÝŠ}˜‹˜rÂÓãsƒSsƒƒccc#3cVRÓRÃ#BÃ#"ÃãÂÓãsƒSsƒƒccc#3cVRÓP­˜Š­‹=˜M˜RÂÓãsƒs“c3sC“cS“svRÓRÃBÃBÃãÂÓãsƒs“c3sC“cS“svRÓP­˜˜-Š­˜}ŠrÂÓãsƒƒ#ƒc“#FRÓRÃ2Ã2ÃãÂÓãsƒƒ#ƒc“#FRÓP­Š}˜M˜]‹-Š}ŠýŠ}˜MŠ­‹­˜­‹ŠÍŠ}‹-Š}Šý˜=˜‚ÂÓãsƒƒSSc##SSCƒcFRÓRÃbÃ‚ÃãÂÓãsƒƒSSc##SSCƒcFRÓP­Š}˜MŠÍ˜˜˜­˜rÂÓãsƒ“c“3#S#3“VRÓRÃ2Ã2ÃãÂÓãsƒ“c“3#S#3“VRÓP­Š}Š­ŠÍŠ}˜rÂÓãs“scc#s#“ƒS#“6RÓRÃ2ÃÃãÂÓãs“scc#s#“ƒS#“6RÓP­Š­Š­˜]˜=˜bÂÓãs“S3cƒSƒ3cƒSsS&RÓRÃBÃBÃãÂÓãs“S3cƒSƒ3cƒSsS&RÓP­˜]‹=Š­˜-Š˜M˜­˜rÂÓãs“##33scSsc#c3fRÓRÃcBÃ#RÃãÂÓãs“##33scSsc#c3fRÓP­Š­˜‹˜ÂÓãs“#3““ƒ“ƒCCC&RÓRÃbÃbÃãÂÓãs“#3““ƒ“ƒCCC&RÓP­Š½˜]Š}‹˜}ŠrÂÓãs“#s3sCc“CSƒCC†RÓRÃbÃbÃãÂÓãs“#s3sCc“CSƒCC†RÓP­ŠŠ}‹ŠýŠ}ŠòÂÓãs“#sƒ“s“ƒ#33CVRÓRÃbÃRÃãÂÓãs“#sƒ“s“ƒ#33CVRÓP­‹­˜M˜ÂÓãs“CCcs3ƒ“s3C6RÓRÃBÃBÃãÂÓãs“CCcs3ƒ“s3C6RÓP­Š­‹˜=˜­‹ÂÓãs“c3#cc#“S†RÓRÃ2Ã2ÃãÂÓãs“c3#cc#“S†RÓP­Š}˜MŠ½˜-˜rÂÓãs“c#ƒSs33#ssFRÓRÃ#"Ã#ÃãÂÓãs“c#ƒSs33#ssFRÓP­˜Š­Š­˜˜-‹’ÂÓãs“cS#SSs#s3C#fRÓRÃ#BÃ’ÃãÂÓãs“cS#SSs#s3C#fRÓP­ŠýŠí˜MŠ¢ÂÓãs“cssƒCCsC3CcfRÓRÃ"Ã"ÃãÂÓãs“cssƒCCsC3CcfRÓP­˜Š­Ší‹}‹rÂÓãs“s3Sc“sƒcSsFRÓRÃ2Ã2ÃãÂÓãs“s3Sc“sƒcSsFRÓP­˜˜­ŠÝ˜-˜"ÂÓãs“sƒ##Ccc#vRÓRÃÃ’ÃãÂÓãs“sƒ##Ccc#vRÓP­Š­‹=Š­‹m˜­˜ÂÓãs“ƒs#Cƒƒs“S“3FRÓRÃbÃbÃãÂÓãs“ƒs#Cƒƒs“S“3FRÓP­˜]Š­Š}Š½‹ŠrÂÓãs““SƒC#ƒƒcc##CvRÓRÃrÃ‚ÃãÂÓãs““SƒC#ƒƒcc##CvRÓP­Š­ŠÍ˜mŠ‚ÂÓãƒ3“ƒ““ƒccCc†RÓRÃrÃRÃãÂÓãƒ3“ƒ““ƒccCc†RÓP­Š}˜M˜]‹-Š}ŠýŠ}˜MŠ­‹­˜­‹Š}˜M˜ŠíŠ}‹˜­˜rÂÓãƒC3“ƒCCc3s3“VRÓRÃ#Ã’ÃãÂÓãƒC3“ƒCCc3s3“VRÓP­˜˜=ŠÍ‹-ŠÂÓãƒCƒC3CCCsƒssC–RÓRÃBÃ2ÃãÂÓãƒCƒC3CCCsƒssC–RÓP­˜­˜m˜=˜]‹BÂÓãƒScƒsCCc#sC“sFRÓRÃ2Ã2ÃãÂÓãƒScƒsCCc#sC“sFRÓP­‹m‹˜­˜ŠrÂÓãƒS“sc#cSƒccƒVRÓRÃRÃÃãÂÓãƒS“sc#cSƒccƒVRÓP­˜Š}˜MŠ}ŠŠ­˜=Š}‹˜­˜rÂÓãƒsƒSSƒƒcC#33&RÓRÃBÃBÃãÂÓãƒsƒSSƒƒcC#33&RÓP­ŠÍ˜M˜ŠŠ}˜BÂÓãƒ“3ss#ƒƒSƒsCvRÓRÃ#‚Ã"ÃãÂÓãƒ“3ss#ƒƒSƒsCvRÓP­˜]˜Š}˜˜-Š}Š¢ÂÓãƒCƒ#cC3#ƒ#ƒfRÓRÃBÃ‚ÃãÂÓãƒCƒ#cC3#ƒ#ƒfRÓP­˜M˜M˜Š­‹˜rÂÓãƒS#cc3cSc#3†RÓRÃSRÃsRÃãÂÓãƒS#cc3cSc#3†RÓP­ŠŠÝŠý˜ŠòÂÓãƒsCs3S“CSc3fRÓRÃ#‚Ã2ÃãÂÓãƒsCs3S“CSc3fRÓP­Š}˜MŠ}˜-‹Š}‹bÂÓãƒƒCƒcƒ#sC3“#ƒ&RÓRÃsbÃ3rÃãÂÓãƒƒCƒcƒ#sC3“#ƒ&RÓP­˜]‹=Š­‹Š}˜M˜­Š¢ÂÓãƒ“3Cc33sssSsFRÓRÃBÃBÃãÂÓãƒ“3Cc33sssSsFRÓP­Š˜MŠý˜¢ÂÓãƒ##S3“ƒƒ“SCssCFRÓRÃ#"ÃÃãÂÓãƒ##S3“ƒƒ“SCssCFRÓP­ŠÝ‹]‹]ŠrÂÓãƒ#ƒS3S““3cc“–RÓRÃrÃBÃãÂÓãƒ#ƒS3S““3cc“–RÓP­Š}˜MŠ}˜­‹]Š}˜BÂÓãƒ#“3CscS#“S3c&RÓRÃrÃrÃãÂÓãƒ#“3CscS#“S3c&RÓP­˜]‹MŠ}‹˜=Š}Š¢ÂÓãƒ##ƒCcC#sS3“fRÓRÃrÃrÃãÂÓãƒ##ƒCcC#sS3“fRÓP­Š}˜M‹=Š}Š˜-˜}Š}˜MŠÝŠ}˜M˜­˜}Š}˜M‹=Š}Š˜-Š}˜MŠÝŠ}˜M˜­˜]‹]‹˜ÂÓãƒ#3CcsC3SsVRÓRÃrÃBÃãÂÓãƒ#3CcsC3SsVRÓP­ŠÍ˜˜MŠ­˜rÂÓãƒ#cC3cs““sƒVRÓRÃRÃ2ÃãÂÓãƒ#cC3cs““sƒVRÓP­˜=˜]˜=Š}˜Š}˜rÂÓãƒ#ccccsS“S#“FRÓRÃ2Ã2ÃãÂÓãƒ#ccccsS“S#“FRÓP­˜Š˜¢ÂÓãƒ#csƒcC3““sVRÓRÃ’Ã2ÃãÂÓãƒ#csƒcC3““sVRÓP­‹]ŠÝ˜rÂÓãƒ#ƒ3ƒSS#cƒ#“&RÓRÃ3rÃRÃãÂÓãƒ#ƒ3ƒSS#cƒ#“&RÓP­˜mŠÝŠ}‹2ÂÓãƒ#ƒCƒC3scCScS#6RÓRÃÃRÃãÂÓãƒ#ƒCƒC3scCScS#6RÓP­Š˜Š}ŠŠ}Š¢ÂÓãƒ#ƒSCscƒƒs##–RÓRÃ2Ã2ÃãÂÓãƒ#ƒSCscƒƒs##–RÓP­˜]Š­Š‹’ÂÓãƒ#“ƒ##C“sC“cVRÓRÃRÃRÃãÂÓãƒ#“ƒ##C“sC“cVRÓP­˜Š}‹mŠÝ˜rÂÓãƒ3#SssSC3SC“sƒvRÓRÃ3rÃ#rÃãÂÓãƒ3#SssSC3SC“sƒvRÓP­˜Š­ŠÝŠý˜­Š²ÂÓãƒ33ƒC#3“sCCCS†RÓRÃ"ÃÃãÂÓãƒ33ƒC#3“sCCCS†RÓP­Š}ŠÝŠ­˜=Š}‹˜­˜rÂÓãƒ3#C“Cs“3C–RÓRÃbÃ2ÃãÂÓãƒ3#C“Cs“3C–RÓP­‹]˜Š­˜rÂÓãƒ33“scS6RÓRÃbÃRÃãÂÓãƒ33“scS6RÓP­Š}˜M˜‹=Š}Šm˜BÂÓãƒ33##3#c3S3CsSvRÓRÃ#"Ã2ÃãÂÓãƒ33##3#c3S3CsSvRÓP­˜]‹MŠ}‹˜­‹˜}ŠrÂÓãƒ33cSCCƒ#s##cƒƒFRÓRÃCbÃ3BÃãÂÓãƒ33cSCCƒ#s##cƒƒFRÓP­‹=Š­‹˜]˜BÂÓãƒ3Sc#3##c“VRÓRÃC‚Ã3’ÃãÂÓãƒ3Sc#3##c“VRÓP­˜M˜MŠ}‹˜Š}˜RÂÓãƒ3ss“#s3#S–RÓRÃrÃbÃãÂÓãƒ3ss“#s3#S–RÓP­˜˜]˜­‹-Š}˜m˜­˜rÂÓãƒ3ƒC“Ss“csssvRÓRÃ‚Ã‚ÃãÂÓãƒ3ƒC“Ss“csssvRÓP­Š}˜M‹˜}˜bÂÓãƒ3ƒsSs“3ƒcsCfRÓRÃ#’Ã‚ÃãÂÓãƒ3ƒsSs“3ƒcsCfRÓP­Š}‹mŠ}˜˜­˜}ŠÝ‹m‹ÂÓãƒ3ƒsƒ#Ssc3ƒc#6RÓRÃRÃRÃãÂÓãƒ3ƒsƒ#Ssc3ƒc#6RÓP­Š}˜M˜]˜=Š­Š­Š‚ÂÓãƒC3ƒsSƒSs3#sfRÓRÃ’ÃRÃãÂÓãƒC3ƒsSƒSs3#sfRÓP­˜Š}˜MŠ}‹‹MŠ}ŠýŠ}Š¢ÂÓãƒC#sCƒ#ƒC3Cƒcs6RÓRÃBÃBÃãÂÓãƒC#sCƒ#ƒC3Cƒcs6RÓP­‹˜}Š˜¢ÂÓãƒCC33““cccc#fRÓRÃRÃRÃãÂÓãƒCC33““cccc#fRÓP­Š­ŠÍ˜]˜­‹’ÂÓãƒCC3#ccSSƒ#3““&RÓRÃrÃbÃãÂÓãƒCC3#ccSSƒ#3““&RÓP­˜˜]Š­‹}˜‹˜rÂÓãƒCccSƒƒ3CC“ƒc##FRÓRÃBÃBÃãÂÓãƒCccSƒƒ3CC“ƒc##FRÓP­˜‹bÂÓãƒCc“c3ƒƒscFRÓRÃBÃ2ÃãÂÓãƒCc“c3ƒƒscFRÓP­˜˜]ŠM˜=ŠýŠrÂÓãƒC“CCSs3s3ƒC3vRÓRÃRÃBÃãÂÓãƒC“CCSs3s3ƒC3vRÓP­˜]‹˜}˜RÂÓãƒC“SS“#Cs“CVRÓRÃ’ÃbÃãÂÓãƒC“SS“#Cs“CVRÓP­˜]˜Š}˜˜-Š­˜}ŠrÂÓãƒSC“#c#scSFRÓRÃRÃBÃãÂÓãƒSC“#c#scSFRÓP­Š}˜M˜}Š˜‹rÂÓãƒSsCc#SC#cSscVRÓRÃÃbÃãÂÓãƒSsCc#SC#cSscVRÓP­˜M˜M‹M‹Š}ŠÂÓãƒSssC“3ccsssFRÓRÃRÃBÃãÂÓãƒSssC“3ccsssFRÓP­Š}˜M˜]ŠÝŠ}˜‹‚ÂÓãƒSƒ#SC““s†RÓRÃ#RÃ’ÃãÂÓãƒSƒ#SC““s†RÓP­Š}˜M˜mŠ}ŠÝ˜­˜rÂÓãƒSSSCsCC6RÓRÃRÃRÃãÂÓãƒSSSCsCC6RÓP­Š}˜M˜‹}˜bÂÓãƒSƒc#““S“Sc–RÓRÃS2Ã3rÃãÂÓãƒSƒc#““S“Sc–RÓP­˜MŠ‹˜BÂÓãƒS3s“SƒSSsSƒvRÓRÃ‚ÃrÃãÂÓãƒS3s“SƒSSsSƒvRÓP­˜‹=Š­Š­˜RÂÓãƒSSS#Cƒƒ“S““cVRÓRÃ’ÃbÃãÂÓãƒSSS#Cƒƒ“S““cVRÓP­Š}˜MŠ}‹}‹ÂÓãƒcC#sSs“3ssVRÓRÃBÃ2ÃãÂÓãƒcC#sSs“3ssVRÓP­Š˜]˜mŠ}‹=Š˜rÂÓãƒc#Csc“#SccCCSFRÓRÃ#RÃ2ÃãÂÓãƒc#Csc“#SccCCSFRÓP­Š}‹Š‹’ÂÓãƒc#Sƒc33CsCss#fRÓRÃ#bÃ#ÃãÂÓãƒc#Sƒc33CsCss#fRÓP­˜Š}˜M˜]‹Š}˜MŠÍ˜rÂÓãƒcC“3c#cSSs3“&RÓRÃ"ÃbÃãÂÓãƒcC“3c#cSSs3“&RÓP­ŠŠ}Š­Š¢ÂÓãƒcc#SC3“SC“6RÓRÃBÃBÃãÂÓãƒcc#SC3“SC“6RÓP­˜Š}˜M˜]ŠíŠ}‹}‹ÂÓãƒccSS“sƒsCcS“C†RÓRÃÃÃãÂÓãƒccSS“sƒsCcS“C†RÓP­ŠÍ˜ŠÍ˜BÂÓãƒcsccƒsCS3s&RÓRÃ‚ÃbÃãÂÓãƒcsccƒsCS3s&RÓP­ŠŠ}˜MŠ­‹]˜˜­Š¢ÂÓãƒcƒc“cSS##ƒ†RÓRÃrÃbÃãÂÓãƒcƒc“cSS##ƒ†RÓP­Š}˜M‹MŠ­Š}ŠÂÓãƒsƒƒss#““#S&RÓRÃ2Ã2ÃãÂÓãƒsƒƒss#““#S&RÓP­ŠŠ}˜M‹˜]˜BÂÓãƒs3s“#ƒccCsC#vRÓRÃ3Ã‚ÃãÂÓãƒs3s“#ƒccCsC#vRÓP­Š­Š‹˜RÂÓãƒsCƒsc#s3“ƒ“ScvRÓRÃ’Ã‚ÃãÂÓãƒsCƒsc#s3“ƒ“ScvRÓP­‹‹-˜BÂÓãƒsSCSc““S##6RÓRÃrÃrÃãÂÓãƒsSCSc““S##6RÓP­Š}˜mŠ­˜}Š¢ÂÓãƒsc##3Cƒc#CSSs†RÓRÃ#BÃrÃãÂÓãƒsc##3Cƒc#CSSs†RÓP­Š}‹‹=Š¢ÂÓãƒs“SSƒ3Ss#3vRÓRÃbÃRÃãÂÓãƒs“SSƒ3Ss#3vRÓP­˜=Š}‹ŠŠ}ŠÒÂÓãƒƒScƒ#ScS#“vRÓRÃ3RÃ3ÃãÂÓãƒƒScƒ#ScS#“vRÓP­Š}˜M˜]˜MŠ}˜­˜­˜bÂÓãƒƒcc“#sccƒSsƒ6RÓRÃ2Ã2ÃãÂÓãƒƒcc“#sccƒSsƒ6RÓP­Š­˜Š}˜=Š‚ÂÓãƒƒƒƒS3CSScSfRÓRÃ’Ã’ÃãÂÓãƒƒƒƒS3CSScSfRÓP­˜}˜mŠrÂÓãƒƒ3c“#Ccƒs6RÓRÃ2ÃbÃãÂÓãƒƒ3c“#Ccƒs6RÓP­˜MŠ­˜]˜=˜­˜m˜}ŠrÂÓãƒƒcCsCƒ3C3“ƒ#vRÓRÃbÃbÃãÂÓãƒƒcCsCƒ3C3“ƒ#vRÓP­ŠÝ˜Š}‹ŠrÂÓãƒƒcƒscƒ3Cs#3“c#&RÓRÃ2ÃbÃãÂÓãƒƒcƒscƒ3Cs#3“c#&RÓP­˜M˜MŠýŠí˜˜BÂÓãƒƒsƒcS“Ss#ScSFRÓRÃrÃbÃãÂÓãƒƒsƒcS“Ss#ScSFRÓP­Š}˜M˜]ŠŠ}˜m˜¢ÂÓãƒƒs“ƒƒcsƒC3scƒ&RÓRÃC2Ã2ÃãÂÓãƒƒs“ƒƒcsƒC3scƒ&RÓP­˜]˜Š}ŠÍŠ}˜rÂÓãƒƒƒ#c3S3cs3ƒsVRÓRÃ2ÃrÃãÂÓãƒƒƒ#c3S3cs3ƒsVRÓP­˜M˜M‹=˜mŠòÂÓãƒƒƒCc3c#ScC†RÓRÃBÃ2ÃãÂÓãƒƒƒCc3c#ScC†RÓP­Š}Ší‹}Š}‹ÂÓãƒ“#cc3s3“cC#SRÓRÃ2Ã2ÃãÂÓãƒ“#cc3s3“cC#SRÓP­ŠŠ}˜M‹‹˜‹bÂÓãƒ“#S3“CCSvRÓRÃ2Ã2ÃãÂÓãƒ“#S3“CCSvRÓP­˜]‹M˜­ŠýŠrÂÓãƒ“Csc“#s“#“sCVRÓRÃbÃbÃãÂÓãƒ“Csc“#s“#“sCVRÓP­Š­‹mŠ}‹˜ÂÓãƒ“Cƒƒc“3C“sRÓRÃrÃ2ÃãÂÓãƒ“Cƒƒc“3C“sRÓP­‹ŠÍ‹˜¢ÂÓãƒ“SCƒC“Sƒ“CCCVRÓRÃBÃBÃãÂÓãƒ“SCƒC“Sƒ“CCCVRÓP­Š}˜M˜MŠ}‹=˜M˜=˜­˜rÂÓãƒ“Sscs#ƒC#RÓRÃrÃ"ÃãÂÓãƒ“Sscs#ƒC#RÓP­Š}˜M˜˜-Š}˜­˜rÂÓãƒ“s“s3“3Cs3#&RÓRÃBÃ2ÃãÂÓãƒ“s“s3“3Cs3#&RÓP­‹m‹­‹}ŠrÂÓãƒ““s#Sc#s3c“3SvRÓRÃbÃrÃãÂÓãƒ““s#Sc#s3c“3SvRÓP­˜M˜]‹=Š}˜}˜]˜rÂÓãƒ““sc#SSs#3ƒ3vRÓRÃbÃBÃãÂÓãƒ““sc#SSs#3ƒ3vRÓP­Š}˜M‹]‹˜Šý˜¢ÂÓã“sccsC“#3FRÓRÃ2Ã2ÃãÂÓã“sccsC“#3FRÓP­Š}˜MŠ}‹-˜]Š}Š¢ÂÓã“cƒ3ƒC3“cVRÓRÃrÃrÃãÂÓã“cƒ3ƒC3“cVRÓP­ŠŠ}˜M˜}˜­Šm˜rÂÓã“3SƒcCCƒS3FRÓRÃBÃBÃãÂÓã“3SƒcCCƒS3FRÓP­˜MŠ}‹=Š­˜MŠ}˜RÂÓã“Cƒc“SƒcSc“#3fRÓRÃ‚Ã‚ÃãÂÓã“Cƒc“SƒcSc“#3fRÓP­˜]˜­‹=‹˜rÂÓã“S“#ƒ##Sc3scFRÓRÃÃÃãÂÓã“S“#ƒ##Sc3scFRÓP­˜Š}˜M˜]‹Š}ŠÍ‹˜rÂÓã“s3“3ƒS#ƒƒ#6RÓRÃ2Ã2ÃãÂÓã“s3“3ƒS#ƒƒ#6RÓP­Š}˜MŠ}˜Š}˜"ÂÓã““SƒScc3“ccvRÓRÃbÃbÃãÂÓã““SƒScc3“ccvRÓP­Š}˜MŠ­Ší‹ŠÂÂÓã““ccƒƒƒ#“&RÓRÃRÃBÃãÂÓã““ccƒƒƒ#“&RÓP­˜M˜M‹=˜mŠýŠ}Š¢ÂÓã“3CCƒƒ“SCƒ&RÓRÃÃrÃãÂÓã“3CCƒƒ“SCƒ&RÓP­˜Š}˜M˜-˜Š}˜m˜­˜bÂÓã“s“C3S#3ƒ†RÓRÃRÃBÃãÂÓã“s“C3S#3ƒ†RÓP­Š}˜MŠ}‹=Š­˜­‹Š}ŠòÂÓã“CSC##sCcƒ&RÓRÃ’Ã‚ÃãÂÓã“CSC##sCcƒ&RÓP­˜Š˜m˜­˜rÂÓã“33Sss##FRÓRÃ2Ã2ÃãÂÓã“33Sss##FRÓP­Š}˜M˜Š}Šm˜"ÂÓã“CSƒƒC““sƒƒC6RÓRÃrÃbÃãÂÓã“CSƒƒC““sƒƒC6RÓP­‹˜­Š}˜MŠ­‹=‹˜rÂÓã“SCcƒss3c3SSFRÓRÃ2Ã2ÃãÂÓã“SCcƒss3c3SSFRÓP­˜-‹}‹Š¢ÂÓã“s#3sSƒC“CsFRÓRÃ2Ã2ÃãÂÓã“s#3sSƒC“CsFRÓP­Š}˜M‹m‹˜ÂÓã“s““cSC3#ƒ#csVRÓRÃ#2Ã’ÃãÂÓã“s““cSC3#ƒ#csVRÓP­˜]˜mŠ}‹ÂÓã“ƒ##“““C“6RÓRÃ2Ã‚ÃãÂÓã“ƒ##“““C“6RÓP­‹˜M˜RÂÓã“ƒC#C3C“sSFRÓRÃBÃBÃãÂÓã“ƒC#C3C“sSFRÓP­‹=‹Š­˜}ŠrÂÓã““sƒC“c#C#ssvRÓRÃBÃBÃãÂÓã““sƒC“c#C#ssvRÓP­Š}˜MŠ}‹=Š­‹ŠýŠ}ŠòÂÓã“#3#ƒƒ33#C#s#sfRÓRÃ#bÃ2ÃãÂÓã“#3#ƒƒ33#C#s#sfRÓP­˜]ŠM˜=Šý˜rÂÓã“#s3ScCcƒC#6RÓRÃCRÃCBÃãÂÓã“#s3ScCcƒC#6RÓP­Š}˜MŠÍ˜]‹˜­˜}Š}˜˜MŠrÂÓã“#C#3“ƒSS#c#VRÓRÃRÃRÃãÂÓã“#C#3“ƒSS#c#VRÓP­Š}˜MŠÝ˜­˜bÂÓã“#CcsSCSƒƒFRÓRÃ2Ã‚ÃãÂÓã“#CcsSCSƒƒFRÓP­˜MŠÝ˜BÂÓã“#Ss#Sƒ##sSƒƒFRÓRÃBÃBÃãÂÓã“#Ss#Sƒ##sSƒƒFRÓP­Š˜]‹˜‹ÂÓã“#3C““ƒ###sFRÓRÃ’Ã2ÃãÂÓã“#3C““ƒ###sFRÓP­Š­ŠÍ‹Š‚ÂÓã“#3s##c3ssss†RÓRÃÃ2ÃãÂÓã“#3s##c3ssss†RÓP­Š}˜M‹˜­Š˜‚ÂÓã“#“#3C“3sC“VRÓRÃC’ÃrÃãÂÓã“#“#3C“3sC“VRÓP­˜M˜=˜˜bÂÓã“3ƒƒ“ƒcCc#†RÓRÃBÃRÃãÂÓã“3ƒƒ“ƒcCc#†RÓP­˜=˜M˜]Š­˜rÂÓã“33cssƒƒCcSƒFRÓRÃrÃRÃãÂÓã“33cssƒƒCcSƒFRÓP­‹]ŠÝŠ}˜˜¢ÂÓã“3cc#ƒ3Sƒ““SFRÓRÃBÃBÃãÂÓã“3cc#ƒ3Sƒ““SFRÓP­Š­‹‹˜˜rÂÓã“3sCcsc#cCcSVRÓRÃ2Ã2ÃãÂÓã“3sCcsc#cCcSVRÓP­˜]‹]˜m‹˜}ŠrÂÓã“3ScsCc3Sc†RÓRÃrÃRÃãÂÓã“3ScsCc3Sc†RÓP­Š}˜MŠ˜MŠ}Šý˜]ŠÝŠ}˜­Šý˜]ŠÝŠ}˜­ŠòÂÓã“3““3“c“ccFRÓRÃÃBÃãÂÓã“3““3“c“ccFRÓP­Š}˜M‹=Š}Š˜-Š}‹m‹­‹rÂÓã“3##SSƒ#sCƒcƒfRÓRÃ#bÃ#BÃãÂÓã“3##SSƒ#sCƒcƒfRÓP­˜˜­˜mŠý‹ŠÂÂÓã“3###c##C“CscvRÓRÃBÃBÃãÂÓã“3###c##C“CscvRÓP­Š}˜M˜]‹‹MŠòÂÓã“33ƒƒCƒ#S#c6RÓRÃRÃ2ÃãÂÓã“33ƒƒCƒ#S#c6RÓP­˜˜]˜­‹=‹˜rÂÓã“3Cs3S#sƒS“33s†RÓRÃbÃbÃãÂÓã“3Cs3S#sƒS“33s†RÓP­˜MŠ­‹-˜­ŠòÂÓã“3Cƒƒ3ƒCCCc3CSFRÓRÃ’Ã2ÃãÂÓã“3Cƒƒ3ƒCCCc3CSFRÓP­Š}˜M‹˜]˜MŠ}˜"ÂÓã“3c33S#ƒC#ccFRÓRÃBÃ2ÃãÂÓã“3c33S#ƒC#ccFRÓP­Š}˜MŠýŠ}˜]ŠÍ˜rÂÓã“3ccCsCsCC†RÓRÃbÃBÃãÂÓã“3ccCsCsCC†RÓP­˜Š}˜M˜­˜rÂÓã“3ccƒScsƒƒ#“ƒC6RÓRÃbÃ"ÃãÂÓã“3ccƒScsƒƒ#“ƒC6RÓP­˜]ŠÝŠ}˜­Šý˜rÂÓã“3sc#C3““““ƒƒvRÓRÃBÃ2ÃãÂÓã“3sc#C3““““ƒƒvRÓP­˜]Ší‹ŠÍŠ}Š¢ÂÓã“3“CSsC3“cs“ƒ“sVRÓRÃ‚ÃrÃãÂÓã“3“CSsC3“cs“ƒ“sVRÓP­Š}˜M˜=‹˜­˜]˜rÂÓã“Cc33C#cCƒ†RÓRÃbÃRÃãÂÓã“Cc33C#cCƒ†RÓP­Š}˜M˜]‹Š­Š}Šý˜rÂÓã“Ccc3ƒƒ“#“c#3SvRÓRÃ"Ã‚ÃãÂÓã“Ccc3ƒƒ“#“c#3SvRÓP­˜]‹]Šý‹ÂÓã“CsScc“#cCS#c#&RÓRÃCRÃ3"ÃãÂÓã“CsScc“#cCS#c#&RÓP­Š}˜M˜]‹MŠ}˜=˜BÂÓã“C#3sSSƒc#CsvRÓRÃ‚Ã‚ÃãÂÓã“C#3sSSƒc#CsvRÓP­Š}˜Š‹Š}˜­˜bÂÓã“C##ƒSƒƒs#ƒvRÓRÃ#Ã‚ÃãÂÓã“C##ƒSƒƒs#ƒvRÓP­˜Š­˜-Šý˜­‹Š}Š¢ÂÓã“C#ƒ3“Cƒ#cSƒSƒ&RÓRÃrÃrÃãÂÓã“C#ƒ3“Cƒ#cSƒSƒ&RÓP­Š­‹]˜m‹’ÂÓã“C#“3CCCssC3ƒc3fRÓRÃBÃBÃãÂÓã“C#“3CCCssC3ƒc3fRÓP­Š}˜m˜Š}‹ŠrÂÓã“Cc“ƒ3cs3s#“#“vRÓRÃbÃBÃãÂÓã“Cc“ƒ3cs3s#“#“vRÓP­˜=‹˜­Šý˜­Š¢ÂÓã“Cƒcsc#C“3Ss&RÓRÃ’Ã2ÃãÂÓã“Cƒcsc#C“3Ss&RÓP­˜Š­‹MŠÍ˜­‹’ÂÓã“C“3ƒ3c#s#ƒS†RÓRÃ3BÃ3ÃãÂÓã“C“3ƒ3c#s#ƒS†RÓP­˜Š}˜M‹˜-Š}‹˜¢ÂÓã“S#cSƒs3“SS3&RÓRÃBÃ2ÃãÂÓã“S#cSƒs3“SS3&RÓP­Š}˜˜-˜­˜rÂÓã“S“sƒƒc#Cs“vRÓRÃ#"Ã2ÃãÂÓã“S“sƒƒc#Cs“vRÓP­˜-Šý˜]˜rÂÓã“SC#33CccC3sCVRÓRÃrÃrÃãÂÓã“SC#33CccC3sCVRÓP­Š}˜M‹­Š}‹-˜­˜rÂÓã“S#sC3sSSs###6RÓRÃÃbÃãÂÓã“S#sC3sSSs###6RÓP­Š}˜MŠ}Ší˜MŠ}˜BÂÓã“S#CCs3#ƒ“s3FRÓRÃ’ÃbÃãÂÓã“S#CCs3#ƒ“s3FRÓP­˜Š­Šý˜­‹ÂÓã“Sc3C#sS3VRÓRÃÃ‚ÃãÂÓã“Sc3C#sS3VRÓP­˜Š}˜M˜]ŠM˜}˜MŠ}Š¢ÂÓã“S“S#“ƒSscƒSc6RÓRÃRÃBÃãÂÓã“S“S#“ƒSscƒSc6RÓP­˜Š}˜MŠ}‹}˜]Šm˜mŠ}˜bÂÓã“c“Sƒsƒƒ#“S6RÓRÃ2Ã2ÃãÂÓã“c“Sƒsƒƒ#“S6RÓP­Š}˜M˜-‹Šý˜rÂÓã“c#cCc3cCFRÓRÃ’ÃrÃãÂÓã“c#cCc3cCFRÓP­Š}˜MŠ­˜˜-‹Š}Š­‹-˜­˜bÂÓã“cC33“#“#sC3#FRÓRÃ2Ã2ÃãÂÓã“cC33“#“#sC3#FRÓP­Š}˜MŠ­˜˜-‹Š}Š­˜]˜ŠŠ}˜­˜M˜¢ÂÓã“cC33“#“#sC3#FRÓRÃ2Ã2ÃãÂÓã“cC33“#“#sC3#FRÓP­ŠŠ­‹‹-˜­‹"ÂÓã“cc#sCs“Cƒƒ#C†RÓRÃ#2Ã’ÃãÂÓã“cc#sCs“Cƒƒ#C†RÓP­˜}‹ÂÓã“sSSSC3“3#“C“6RÓRÃBÃ2ÃãÂÓã“sSSSC3“3#“C“6RÓP­ŠÝ‹Š}Šm˜"ÂÓã“s#33S“33s#3†RÓRÃBÃRÃãÂÓã“s#33S“33s#3†RÓP­˜Š}˜-Š¢ÂÓã“sSsSC3#CSsVRÓRÃ3Ã#BÃãÂÓã“sSsSC3#CSsVRÓP­ŠŠ}˜MŠÍ˜}˜rÂÓã“sƒ#“3sSsSCc6RÓRÃBÃBÃãÂÓã“sƒ#“3sSsSCc6RÓP­Š}‹MŠ­‹Š}˜=Š}Š¢ÂÓã“sƒC3ssScscCvRÓRÃ2Ã2ÃãÂÓã“sƒC3ssScscCvRÓP­˜Š˜-˜­˜"ÂÓã“s“3CScS#cƒ#ƒ“VRÓRÃ"ÃBÃãÂÓã“s“3CScS#cƒ#ƒ“VRÓP­˜Š}˜MŠ}‹MŠ­‹Š}˜2ÂÓã“ƒS“CSƒ#sSƒs“VRÓRÃRÃRÃãÂÓã“ƒS“CSƒ#sSƒs“VRÓP­˜MŠ­Š}Š½‹ÂÓã“ƒss33““C3sƒRÓRÃÃBÃãÂÓã“ƒss33““C3sƒRÓP­˜]‹=Š­˜}Šý˜Š}Š¢ÂÓã“ƒ#SS##sSCcVRÓRÃSrÃCÃãÂÓã“ƒ#SS##sSCcVRÓP­Š}Š½˜]‹Š¢ÂÓã“ƒc33cSSSCSSVRÓRÃbÃBÃãÂÓã“ƒc33cSSSCSSVRÓP­˜Š}˜}ŠýŠ}˜˜rÂÓã“ƒƒs#CS“3ƒs&RÓRÃBÃ2ÃãÂÓã“ƒƒs#CS“3ƒs&RÓP­˜M˜MŠ}‹˜MŠ}˜bÂÓã““CƒcS“3ƒc#sCfRÓRÃ#s‚Ã2ÃãÂÓã““CƒcS“3ƒc#sCfRÓP­Š}˜M‹Š}˜]Š}ŠÍ˜]Š}˜M˜¢ÂÓã““Ss#ƒCcCƒ†RÓRÃ‚ÃBÃãÂÓã““Ss#ƒCcCƒ†RÓP­Š}˜MŠ­˜˜-‹Š}Š­Š}˜MŠíŠý˜]Š}Š¢ÂÓã““SƒƒcCs“ƒƒ6RÓRÃÃBÃãÂÓã““SƒƒcCs“ƒƒ6RÓP­˜M˜MŠÝ‹=Š}Š‚ÂÓã““c“ƒ“S3CSƒFRÓRÃbÃRÃãÂÓã““c“ƒ“S3CSƒFRÓP­Šý‹M˜bÂÓã““sS33“cc6RÓRÃ‚ÃRÃãÂÓã““sS33“cc6RÓP­Š}˜M˜]‹-Š}ŠýŠ}˜MŠ­‹­˜­‹Š}˜­Š}˜bÂÓã““SS#ƒƒ#s“3†RÓRÃrÃ2ÃãÂÓã““SS#ƒƒ#s“3†RÓP­Š­Š­‹=˜"ÂÓã““ƒScs3Sƒcc3“c&RÓRÃ2Ã2ÃãÂÓã““ƒScs3Sƒcc3“c&RÓP­Š}‹=˜}Š}˜]ŠrÂÓ"ãs3scc3ƒS†RÓRÃ2Ã2ÃãÂÓ"ãs3scc3ƒS†RÓP­ŠíŠ}‹m‹ŠrÂÓ"ãCcƒscc“3SSƒVRÓRÃ’Ã’ÃãÂÓ"ãCcƒscc“3SSƒVRÓP­Š‹=ŠÍ˜BÂÓ"ã33#C““#CVRÓRÃRÃÃãÂÓ"ã33#C““#CVRÓP­Š­‹˜-˜­ŠŠrÂÓ"ã3s3#3““3ƒ6RÓRÃ2Ã2ÃãÂÓ"ã3s3#3““3ƒ6RÓP­Š}Š­Ší‹Š¢ÂÓ"ãC3c3SSss6RÓRÃRÃ2ÃãÂÓ"ãC3c3SSss6RÓP­ŠÍ‹-‹ÂÓ"ãCC#3s#“S3CvRÓRÃRÃBÃãÂÓ"ãCC#3s#“S3CvRÓP­˜˜]˜Š}‹]˜M˜rÂÓ"ãcSCSƒ#ƒS“3ƒ†RÓRÃ"ÃÃãÂÓ"ãcSCSƒ#ƒS“3ƒ†RÓP­‹˜]˜M˜­Š}Š­˜rÂÓ"ãƒƒS3C“CƒƒsFRÓRÃÃÃãÂÓ"ãƒƒS3C“CƒƒsFRÓP­Š­˜=Š}˜]˜M˜­ŠrÂÓ"ã“ccC#“Scƒ“3#†RÓRÃRÃ2ÃãÂÓ"ã“ccC#“Scƒ“3#†RÓP­Š}˜MŠ}˜Š­‹Š}‹m˜­˜rÂÓ"ã“ƒ“ƒ#ƒS3C6RÓRÃ‚ÃÃãÂÓ"ã“ƒ“ƒ#ƒS3C6RÓP­Š}˜MŠ}‹MŠ­‹Š}‹}Š}Š¢ÂÓ"ã“ƒ“cS“sSc“#6RÓRÃ’ÃbÃãÂÓ"ã“ƒ“cS“sSc“#6RÓP¦v÷bÂÓ"ãƒƒ##S3ƒ3s3fRÓRÃrÃrÃãÂÓ"ãƒƒ##S3ƒ3s3fRÓP­˜]˜Š}‹}˜bÂÓ"ãƒ3##sc“#vRÓRÃBÃ2ÃãÂÓ"ãƒ3##sc“#vRÓP­ŠÝ‹=Š}Š˜}ŠrÂÓ"ã#3ƒ3ssc#SSfRÓRÃ#bÃ‚ÃãÂÓ"ã#3ƒ3ssc#SSfRÓP­˜Š}˜M‹˜‹’ÂÓ"ãS“Sc3#CC3S6RÓRÃÃ‚ÃãÂÓ"ãS“Sc3#CC3S6RÓP­˜m‹=ŠíŠ­˜rÂÓ"ã““3cSƒƒSCSc6RÓRÃRÃÃãÂÓ"ã““3cSƒƒSCSc6RÓP­˜M˜MŠ}˜-Š­‹]Š}ŠòÂÓ"ã#CCƒƒƒcS3†RÓRÃS2ÃCÃãÂÓ"ã#CCƒƒƒcS3†RÓP­˜MŠ}ŠíŠ­ŠŠ}‹ÂÓ"ã#3ƒsCS#3CvRÓRÃbÃRÃãÂÓ"ã#3ƒsCS#3CvRÓP­˜]‹‹˜˜rÂÓ"ã3#ƒccsc““cFRÓRÃ#rÃ2ÃãÂÓ"ã3#ƒccsc““cFRÓP­˜ŠÍŠýŠ¢ÂÓ"ã3#ƒS3“ssSss“FRÓRÃ#2Ã#ÃãÂÓ"ã3#ƒS3“ssSss“FRÓP­Š}˜M˜]˜MŠ}Šm˜]˜rÂÓ"ãs“#“ƒsccscFRÓRÃrÃbÃãÂÓ"ãs“#“ƒsccscFRÓP­Š}˜M˜]˜MŠ}ŠÝ‹Š}Š¢ÂÓ"ã#scƒƒƒ#c#CƒVRÓRÃ2Ã2ÃãÂÓ"ã#scƒƒƒ#c#CƒVRÓP­‹‹­Š‚ÂÓ"ã#C“scC#sSƒ33fRÓRÃbÃbÃãÂÓ"ã#C“scC#sSƒ33fRÓP­Š}˜M‹‹}˜BÂÓ"ã#S33cƒ##cƒC&RÓRÃ2Ã‚ÃãÂÓ"ã#S33cƒ##cƒC&RÓP­ŠŠ}˜MŠÍ˜]˜M˜rÂÓ"ã#3#3“C“#3ƒs“S&RÓRÃBÃrÃãÂÓ"ã#3#3“C“#3ƒs“S&RÓP­ŠŠÝ˜-˜˜"ÂÓ"ã#3s#cs##ƒSS#VRÓRÃ‚Ã2ÃãÂÓ"ã#3s#cs##ƒSS#VRÓP­˜Š}˜M‹˜]˜MŠ}ŠÂÓ"ã#C3CsCSsS3S6RÓRÃ‚ÃBÃãÂÓ"ã#C3CsCSsS3S6RÓP­˜M˜]˜bÂÓ"ã#Cc“c“S33†RÓRÃ‚ÃbÃãÂÓ"ã#Cc“c“S33†RÓP­Š}˜M˜]‹-Š}ŠýŠ}˜MŠ­‹­˜­‹Š˜m˜­Š}˜bÂÓ"ã#C“SC#ƒs“#3ƒSVRÓRÃbÃ‚ÃãÂÓ"ã#C“SC#ƒs“#3ƒSVRÓP­ŠýŠí˜˜M˜}ŠrÂÓ"ã#S#S#sC#3SFRÓRÃ’ÃRÃãÂÓ"ã#S#S#sC#3SFRÓP­Š}˜M˜]‹-Š}ŠýŠ}˜MŠ­‹­˜­‹Š}˜MŠý˜Š}Šm˜­˜rÂÓ"ã#c“sƒScS3s3ƒS3FRÓRÃÃBÃãÂÓ"ã#c“sƒScS3s3ƒS3FRÓP­Š}‹Š}ŠýŠ­˜}ŠrÂÓ"ã#s#ƒSc3fRÓRÃbÃbÃãÂÓ"ã#s#ƒSc3fRÓP­‹=˜}˜]‹ŠýŠòÂÓ"ã#ssSc“sSs“s#6RÓRÃrÃrÃãÂÓ"ã#ssSc“sSs“s#6RÓP­Š­˜mŠ­ŠÍ˜}ŠrÂÓ"ã#ƒSccsC“CC&RÓRÃ‚Ã2ÃãÂÓ"ã#ƒSccsC“CC&RÓP­˜Š}˜M˜m‹-Š}˜}˜rÂÓ"ã#ƒƒcS“CSSRÓRÃRÃ2ÃãÂÓ"ã#ƒƒcS“CSSRÓP­˜M˜M‹­Š}‹"ÂÓ"ã#“CSSƒ#s“CcfRÓRÃÃrÃãÂÓ"ã#“CSSƒ#s“CcfRÓP­Š}˜M˜]Š½˜]‹ÂÓ"ã3Cs3S#c3FRÓRÃ2Ã2ÃãÂÓ"ã3Cs3S#c3FRÓP­Š}˜MŠ}‹ŠŠ}ŠÝ˜MŠ}ŠÝ˜-ŠrÂÓ"ã3s““SC“ƒ3C3#fRÓRÃBÃBÃãÂÓ"ã3s““SC“ƒ3C3#fRÓP­˜Š}˜MŠ}Š­˜Š}˜-˜­˜rÂÓ"ã3#CC3“sFRÓRÃBÃ2ÃãÂÓ"ã3#CC3“sFRÓP­˜˜]˜m‹]Š}Š¢ÂÓ"ã3sCC##cC#cƒFRÓRÃRÃRÃãÂÓ"ã3sCC##cC#cƒFRÓP­Š}Š­‹=˜RÂÓ"ãC#CSCc3##Ss&RÓRÃ2Ã2ÃãÂÓ"ãC#CSCc3##Ss&RÓP­Š}˜M˜]Š­˜Š}˜‹bÂÓ"ãC3Cc“ss“#s36RÓRÃÃBÃãÂÓ"ãC3Cc“ss“#s36RÓP­ŠÍŠ}˜¢ÂÓ"ãCcS“cssc“s3s6RÓRÃbÃRÃãÂÓ"ãCcS“cssc“s3s6RÓP­˜˜‹˜‹’ÂÓ"ãCccƒsscs“s†RÓRÃbÃ2ÃãÂÓ"ãCccƒsscs“s†RÓP­Š}‹ÂÓ"ãCs#c“#SsƒCfRÓRÃÃRÃãÂÓ"ãCs#c“#SsƒCfRÓP­˜˜]ŠíŠ­Š‹ÂÓ"ãCƒcCSS“#SCc3–RÓRÃ2Ã2ÃãÂÓ"ãCƒcCSS“#SCc3–RÓP­Š}˜M˜=˜˜­˜M˜rÂÓ"ãSS#Cs3#SS“ƒvRÓRÃ2Ã2ÃãÂÓ"ãSS#Cs3#SS“ƒvRÓP­ŠÍ˜]˜}˜‹˜­˜rÂÓ"ãS#ƒCƒCCSs3CsvRÓRÃrÃRÃãÂÓ"ãS#ƒCƒCCSs3CsvRÓP­˜M˜M˜mŠÍŠ}ŠÝŠ}Š¢ÂÓ"ãS3S#cSS“s3cFRÓRÃ2Ã2ÃãÂÓ"ãS3S#cSS“s3cFRÓP­Š}˜MŠýŠ}Šm‹˜­˜rÂÓ"ãS3“SSƒƒƒ#SFRÓRÃRÃrÃãÂÓ"ãS3“SSƒƒƒ#SFRÓP­˜]ŠÝ˜‹-Š}Š¢ÂÓ"ãSCC3ƒ3s“Sƒ36RÓRÃrÃrÃãÂÓ"ãSCC3ƒ3s“Sƒ36RÓP­˜]‹MŠ­‹˜­Š}Š­˜}ŠrÂÓ"ãSS3#“#“C#ss&RÓRÃ‚Ã"ÃãÂÓ"ãSS3#“#“C#ss&RÓP­Š}˜M˜]˜ŠÝŠòÂÓ"ãSSs3#“S3s#†RÓRÃ3rÃ#2ÃãÂÓ"ãSSs3#“S3s#†RÓP­Š‹-˜­Š}‹˜rÂÓ"ãSSsCS###C##C“ƒfRÓRÃrÃRÃãÂÓ"ãSSsCS###C##C“ƒfRÓP­˜M‹-˜­Š}‹˜rÂÓ"ãSccCSs“““#–RÓRÃbÃ’ÃãÂÓ"ãSccCSs“““#–RÓP­Š}˜M‹˜m˜-‹˜¢ÂÓ"ãSsSsc3ƒcccS&RÓRÃbÃRÃãÂÓ"ãSsSsc3ƒcccS&RÓP­˜­˜]˜M˜=˜}ŠrÂÓ"ãSƒCƒƒ“3c#3vRÓRÃÃÃãÂÓ"ãSƒCƒƒ“3c#3vRÓP­˜˜=˜M˜­˜rÂÓ"ãS““33““#s#3ƒ3†RÓRÃBÃ2ÃãÂÓ"ãS““33““#s#3ƒ3†RÓP­Š}˜MŠ­˜‹˜­˜rÂÓ"ãc“33cƒ3vRÓRÃrÃÃãÂÓ"ãc“33cƒ3vRÓP­‹=˜­Š­ŠÍŠ}˜‹"ÂÓ"ãcCC3sƒ3S3“6RÓRÃ2Ã2ÃãÂÓ"ãcCC3sƒ3S3“6RÓP­˜Š}˜MŠ}ŠÍ˜mŠ˜­˜rÂÓ"ãccS“CcCCs##S†RÓRÃ‚ÃbÃãÂÓ"ãccS“CcCCs##S†RÓP­Š}˜M˜m‹M‹}˜­˜bÂÓ"ãcsSSs#ƒSc6RÓRÃ3‚Ã2ÃãÂÓ"ãcsSSs#ƒSc6RÓP­˜˜M‹-˜­Š}Šý˜rÂÓ"ãcssScsCc#“SvRÓRÃRÃRÃãÂÓ"ãcssScsCc#“SvRÓP­‹M˜=‹ÂÓ"ãcƒ#3ss##3c3&RÓRÃBÃBÃãÂÓ"ãcƒ#3ss##3c3&RÓP­Š}˜M‹‹]˜­ŠòÂÓ"ãcƒsc#Sccc“svRÓRÃ’Ã’ÃãÂÓ"ãcƒsc#Sccc“svRÓP­‹=‹‹˜rÂÓ"ãc“sSCcCsƒsS#fRÓRÃC"Ã#RÃãÂÓ"ãc“sSCcCsƒsS#fRÓP­ŠŠ}˜MŠ˜­‹’ÂÓ"ãs#3Scc#S3sfRÓRÃ2ÃrÃãÂÓ"ãs#3Scc#S3sfRÓP­‹˜­Š­‹MŠ}‹ŠòÂÓ"ãscS3#c3“3SC6RÓRÃ#RÃ’ÃãÂÓ"ãscS3#c3“3SC6RÓP­˜Š}‹mŠÝŠrÂÓ"ãsƒ#3ƒS“cc3ƒFRÓRÃRÃBÃãÂÓ"ãsƒ#3ƒS“cc3ƒFRÓP­Š}˜MŠ}˜m˜]Š}Š‹-˜­Š}Šý˜rÂÓ"ãs#3“3##sƒƒ–RÓRÃBÃRÃãÂÓ"ãs#3“3##sƒƒ–RÓP­˜Š­‹-˜˜­Šý˜}˜RÂÓ"ãs3#ƒƒC##csFRÓRÃbÃbÃãÂÓ"ãs3#ƒƒC##csFRÓP­ŠŠÝŠ²ÂÓ"ãsc3“c3ccƒsSs&RÓRÃ#2ÃbÃãÂÓ"ãsc3“c3ccƒsSs&RÓP­Š}‹]ŠýŠ}‹˜}ŠrÂÓ"ãss““c“3ƒC#†RÓRÃ’Ã‚ÃãÂÓ"ãss““c“3ƒC#†RÓP­‹‹]˜­ŠýŠrÂÓ"ãssC““3ƒ“c#C#&RÓRÃ2Ã2ÃãÂÓ"ãssC““3ƒ“c#C#&RÓP­˜-Š}Š˜BÂÓ"ãssc3C#33cSƒCFRÓRÃ‚ÃRÃãÂÓ"ãssc3C#33cSƒCFRÓP­˜ŠŠ}‹=‹Š}‹ÂÓ"ãsƒ#ƒ#“CSƒCƒƒƒcFRÓRÃ2Ã2ÃãÂÓ"ãsƒ#ƒ#“CSƒCƒƒƒcFRÓP­˜]˜ŠŠ}˜­˜M˜­˜]ŠÝŠ}˜­ŠòÂÓ"ãs““3SS“ƒ“ƒ3†RÓRÃ’Ã2ÃãÂÓ"ãs““3SS“ƒ“ƒ3†RÓP­˜Š˜mŠ}Š¢ÂÓ"ãƒCƒSƒScƒ&RÓRÃRÃBÃãÂÓ"ãƒCƒSƒScƒ&RÓP­Š}‹}˜MŠ}‹’ÂÓ"ãƒ33sC““#ScƒSCFRÓRÃRÃRÃãÂÓ"ãƒ33sC““#ScƒSCFRÓP­˜Š}˜MŠŠý˜­˜M˜rÂÓ"ãƒ3S“#ƒ#Ss“sVRÓRÃ2Ã2ÃãÂÓ"ãƒ3S“#ƒ#Ss“sVRÓP­Š}˜M‹­Š}‹-˜¢ÂÓ"ãƒSƒcC“3“Cs&RÓRÃ2Ã2ÃãÂÓ"ãƒSƒcC“3“Cs&RÓP­˜M‹MŠ˜=Š}Š¢ÂÓ"ãƒcsc3Ss3“ƒ3vRÓRÃ3Ã‚ÃãÂÓ"ãƒcsc3Ss3“ƒ3vRÓP­Š}‹=ŠŠ}˜m˜­ŠrÂÓ"ãƒsSƒƒCs#SfRÓRÃBÃ2ÃãÂÓ"ãƒsSƒƒCs#SfRÓP­˜Š}˜MŠ­‹=ŠÍ˜­˜BÂÓ"ãƒ“CSCƒs#“C“6RÓRÃbÃRÃãÂÓ"ãƒ“CSCƒs#“C“6RÓP­Š}˜M‹Š}ŠÍŠÝ˜­˜]ŠÝŠ}˜­Šý˜]ŠÝŠ}˜­ŠòÂÓ"ãƒ““S3c#Sss“S†RÓRÃ’Ã2ÃãÂÓ"ãƒ““S3c#Sss“S†RÓP­˜]˜mŠÍ˜]˜¢ÂÓ"ã“c“““ƒ#sS3#fRÓRÃ"Ã‚ÃãÂÓ"ã“c“““ƒ#sS3#fRÓP­˜MŠ}˜=Š­Š­Š}Š‚ÂÓ"ã“#“s##Cc3ƒ#““6RÓRÃ#‚ÃÃãÂÓ"ã“#“s##Cc3ƒ#““6RÓP­Š}ŠÝ˜­Š}ŠÂÓ"ã“33##“CC3Ss“†RÓRÃbÃbÃãÂÓ"ã“33##“CC3Ss“†RÓP­˜Š}˜M˜]Šý˜bÂÓ"ã“3C#3cCC3CcfRÓRÃBÃ2ÃãÂÓ"ã“3C#3cCC3CcfRÓP­˜˜-˜­Š}‹2ÂÓ"ã“C#S3C#S&RÓRÃbÃRÃãÂÓ"ã“C#S3C#S&RÓP­˜‹=˜­˜mŠ­ŠÂÂÓ"ã“SC3SS##“C3#VRÓRÃRÃBÃãÂÓ"ã“SC3SS##“C3#VRÓP­Š}˜M˜‹]˜˜BÂÓ"ã“SSCS3“Ccs“ƒ&RÓRÃRÃBÃãÂÓ"ã“SSCS3“Ccs“ƒ&RÓP­˜Š}‹mŠ}˜ŠrÂÓ"ã“c3CS“CS#s#sVRÓRÃBÃBÃãÂÓ"ã“c3CS“CS#s#sVRÓP­˜˜]Š˜­‹Š}Š­˜}ŠrÂÓ"ã“ƒCƒ##ss“C“svRÓRÃ2Ã2ÃãÂÓ"ã“ƒCƒ##ss“C“svRÓP­˜]Š˜m˜­˜rÂÓ"ã“ƒs##ƒC#c“fRÓRÃ’ÃrÃãÂÓ"ã“ƒs##ƒC#c“fRÓP­Š}˜MŠíŠ}‹ŠÍ˜rÂÓ"ãcC“#CS#FRÓRÃbÃbÃãÂÓ"ãcC“#CS#FRÓP­Š­˜-‹m˜¢ÂÓ"ã“CƒSScsVRÓRÃ‚ÃbÃãÂÓ"ã“CƒSScsVRÓP­Š}˜MŠ}ŠÍŠ­˜]Š}‹˜¢ÂÓ"ã#“cC3#Cc6RÓRÃcÃCBÃãÂÓ"ã#“cC3#Cc6RÓP­˜˜M˜Š­Š¢ÂÓ"ãC“ssS““c3vRÓRÃ#‚Ã#‚ÃãÂÓ"ãC“ssS““c3vRÓP­Š}˜MŠ­ŠÍ˜]‹Š}Š¢ÂÓ"ãSS3S##CƒSCCfRÓRÃÃbÃãÂÓ"ãSS3S##CƒSCCfRÓP­Š}˜MŠ½˜-˜­˜BÂÓ"ãSƒsc3333#cSfRÓRÃrÃbÃãÂÓ"ãSƒsc3333#cSfRÓP­˜-‹Š}‹ŠrÂÓ"ã““s“3#sƒ36RÓRÃBÃÃãÂÓ"ã““s“3#sƒ36RÓP­˜m˜˜=˜­ŠrÂÓ"ãsCC3“#“c#3&RÓRÃrÃ‚ÃãÂÓ"ãsCC3“#“c#3&RÓP­Š}˜MŠ}˜mŠý˜­˜rÂÓ"ãsCcC3cS“s3&RÓRÃ2Ã2ÃãÂÓ"ãsCcC3cS“s3&RÓP­Š­ŠÝŠ­˜˜¢ÂÓ"ã#cS3sc##s#Cc6RÓRÃÃrÃãÂÓ"ã#cS3sc##s#Cc6RÓP­ŠÝ‹]˜˜M˜}ŠrÂÓ"ãC#“C“S“3SSvRÓRÃ‚Ã2ÃãÂÓ"ãC#“C“S“3SSvRÓP­Š}˜MŠÝ‹Š‚ÂÓ"ã“33##33#ssƒcVRÓRÃ#Ã"ÃãÂÓ"ã“33##33#ssƒcVRÓP­‹=Š}Š‹ŠrÂÓ"ã“3C#c333“SSfRÓRÃbÃRÃãÂÓ"ã“3C#c333“SSfRÓP­Š}˜MŠ}ŠíŠ­˜MŠ}˜ÂÓ"ã“ƒ#“3“C“sC6RÓRÃÃÃãÂÓ"ã“ƒ#“3“C“sC6RÓP­˜ŠŠ}˜m˜=˜‚ÂÓ"ã“ƒ3Sscƒ“ƒSƒ“6RÓRÃ#ÃRÃãÂÓ"ã“ƒ3Sscƒ“ƒSƒ“6RÓP­‹=˜­ŠíŠý˜RÂÓ"ã#CSƒC33ƒsVRÓRÃ2Ã2ÃãÂÓ"ã#CSƒC33ƒsVRÓP­Š}Šý˜m˜¢ÂÓ"ã#3##s“sƒSSs6RÓRÃ#c‚Ã3#rÃãÂÓ"ã#3##s“sƒSSs6RÓP­Š}˜M˜]‹˜­Š}‹ÂÓ"ã#3sc#Csƒ3cS&RÓRÃ“’ÃBÃãÂÓ"ã#3sc#Csƒ3cS&RÓP­˜˜M˜=˜m˜}ŠrÂÓ"ã##S“333s“#vRÓRÃ2Ã"ÃãÂÓ"ã##S“333s“#vRÓP­Š}˜M˜­Š}ŠŠ}˜bÂÓ"ã#3“s33“#ƒCFRÓRÃrÃ‚ÃãÂÓ"ã#3“s33“#ƒCFRÓP­˜ŠŠ}˜MŠ}˜]˜=Š}˜bÂÓ"ã#CS3CcSSC#ƒsVRÓRÃ2Ã2ÃãÂÓ"ã#CS3CcSSC#ƒsVRÓP­˜MŠÝ‹]˜rÂÓ"ã#C“3cSSC#3SSsFRÓRÃ‚ÃbÃãÂÓ"ã#C“3cSSC#3SSsFRÓP­ŠŠÝ‹‹RÂÓ"ã#SSsCSƒ33CvRÓRÃ2Ã2ÃãÂÓ"ã#SSsCSƒ33CvRÓP­Š}ŠŠ­˜=Š}‹ÂÓ"ã#S#ScS3CCCsfRÓRÃ’ÃbÃãÂÓ"ã#S#ScS3CCCsfRÓP­˜˜Š­‹ÂÓ"ã#s3cƒ“Ss3“#vRÓRÃ2Ã2ÃãÂÓ"ã#s3cƒ“Ss3“#vRÓP­˜}Š}˜‹2ÂÓ"ã#s3cƒ“Ss3“#vRÓRÃ2Ã2ÃãÂÓ"ã#s3cƒ“Ss3“#vRÓP­Š}˜MŠ­ŠÝ˜"ÂÓ"ã3““ƒC“##s“†RÓRÃBÃ’ÃãÂÓ"ã3““ƒC“##s“†RÓP­˜m˜ŠòÂÓ"ã3#C#ƒ#““ƒs“svRÓRÃrÃBÃãÂÓ"ã3#C#ƒ#““ƒs“svRÓP­˜˜­ŠÍ˜‹"ÂÓ"ã3#sS“CC3SSfRÓRÃ"ÃbÃãÂÓ"ã3#sS“CC3SSfRÓP­˜˜‹}˜bÂÓ"ã3#s#3sCc3“c3vRÓRÃ2Ã2ÃãÂÓ"ã3#s#3sCc3“c3vRÓP­˜M˜MŠ‹˜­ŠòÂÓ"ã333CScƒcCC#““C†RÓRÃ2Ã2ÃãÂÓ"ã333CScƒcCC#““C†RÓP­˜]˜mŠ}ŠÍ˜RÂÓ"ã3SC“#S“S##ccvRÓRÃÃ’ÃãÂÓ"ã3SC“#S“S##ccvRÓP­‹ŠŠýŠ}˜M˜=‹˜­˜RÂÓ"ã3csc3sCƒS6RÓRÃ#‚ÃRÃãÂÓ"ã3csc3sCƒS6RÓP­˜MŠ}˜m˜}ŠrÂÓ"ãCc“#cS#3ƒs##FRÓRÃbÃbÃãÂÓ"ãCc“#cS#3ƒs##FRÓP­Š}‹mŠí˜RÂÓ"ãC#3##s3SS#fRÓRÃ‚ÃrÃãÂÓ"ãC#3##s3SS#fRÓP­Š}˜M˜}Šý‹ÂÓ"ãC#ccƒC“#c“ƒ“VRÓRÃbÃBÃãÂÓ"ãC#ccƒC“#c“ƒ“VRÓP­Š}‹=Š}‹2ÂÓ"ãC33sSƒC##fRÓRÃ3c2ÃrÃãÂÓ"ãC33sSƒC##fRÓP­Š}˜M‹˜Š˜Š­Š}Š¢ÂÓ"ãC3sCsƒ3S#VRÓRÃRÃ2ÃãÂÓ"ãC3sCsƒ3S#VRÓP­˜M‹Š‚ÂÓ"ãCƒ33CsƒCs#“SCRÓRÃ‚ÃbÃãÂÓ"ãCƒ33CsƒCs#“SCRÓP­˜MŠÍŠý˜˜BÂÓ"ãC“#CcC“ƒSVRÓRÃBÃBÃãÂÓ"ãC“#CcC“ƒSVRÓP­‹-Š}ŠmŠòÂÓ"ãC“3“cccS3“CvRÓRÃ#"Ã#"ÃãÂÓ"ãC“3“cccS3“CvRÓP­Šý‹Š}‹=Š­˜rÂÓ"ãC“C3Sƒ3c“3S3FRÓRÃRÃRÃãÂÓ"ãC“C3Sƒ3c“3S3FRÓP­Š}˜MŠ­˜m‹˜­˜]Š}Š¢ÂÓ"ãSsc“#ƒCSFRÓRÃRÃRÃãÂÓ"ãSsc“#ƒCSFRÓP­˜M˜MŠ­˜‹-˜­‹’ÂÓ"ãS33SsCƒs3sC““vRÓRÃÃ’ÃãÂÓ"ãS33SsCƒs3sC““vRÓP­˜˜­˜˜mŠÂÂÓ"ãS3“#ƒCscss–RÓRÃ2Ã2ÃãÂÓ"ãS3“#ƒCscss–RÓP­˜]Š­˜­˜m˜rÂÓ"ãSC#Sƒ#RÓRÃBÃ2ÃãÂÓ"ãSC#Sƒ#RÓP­˜]ŠÍŠý˜˜MŠrÂÓ"ãSCC““3C#ƒ3scƒVRÓRÃ"Ã‚ÃãÂÓ"ãSCC““3C#ƒ3scƒVRÓP­Š}˜MŠý‹Š}‹=˜­˜rÂÓ"ãSsSCcC#cs3VRÓRÃRÃRÃãÂÓ"ãSsSCcC#cs3VRÓP­˜Š}˜MŠ}˜]Š­Š½Š}˜BÂÓ"ãSsCƒcc##s#s33fRÓRÃ"ÃBÃãÂÓ"ãSsCƒcc##s#s33fRÓP­˜Š}˜M˜]˜MŠ}Š˜rÂÓ"ãS“cC3cƒ#ƒƒƒS#&RÓRÃ2Ã2ÃãÂÓ"ãS“cC3cƒ#ƒƒƒS#&RÓP­Š}˜MŠ}˜M˜­˜rÂÓ"ãc3#3csS#SSƒ†RÓRÃ’ÃRÃãÂÓ"ãc3#3csS#SSƒ†RÓP­‹Š}Š­˜­ŠrÂÓ"ãcS#scCScƒfRÓRÃRÃRÃãÂÓ"ãcS#scCScƒfRÓP­Š­Š}‹˜­Ší˜¢ÂÓ"ãcƒS““c“ccRÓRÃBÃBÃãÂÓ"ãcƒS““c“ccRÓP­ŠŠ­˜MŠ}‹M˜­˜}ŠrÂÓ"ãsCC““s#SƒcFRÓRÃ2Ã2ÃãÂÓ"ãsCC““s#SƒcFRÓP­Š}˜M‹]Š}˜˜­˜}Š}˜M˜Š­‹˜}Š}˜M‹ŠŠÒÂÓ"ãsCC““s#SƒcFRÓRÃ2Ã2ÃãÂÓ"ãsCC““s#SƒcFRÓP­Š}˜M˜]˜m˜-‹m˜­˜rÂÓ"ãsSCƒƒC3ƒ3#““s†RÓRÃÃ’ÃãÂÓ"ãsSCƒƒC3ƒ3#““s†RÓP­Š}˜MŠÝŠý˜­Š²ÂÓ"ãsƒ“CSsƒsSvRÓRÃrÃrÃãÂÓ"ãsƒ“CSsƒsSvRÓP­Š}˜M‹MŠ}˜]˜BÂÓ"ãs33ƒC“css##s3vRÓRÃ3"Ã#RÃãÂÓ"ãs33ƒC“css##s3vRÓP­Š}˜MŠ­˜˜-‹Š}Š­˜-‹}Š}‹’ÂÓ"ãs3CCS##s3vRÓRÃ’ÃBÃãÂÓ"ãs3CCS##s3vRÓP­Š­˜˜-‹Š}Š­˜mŠrÂÓ"ãsSSsC33cSƒSƒ##fRÓRÃÃƒrÃãÂÓ"ãsSSsC33cSƒSƒ##fRÓP­˜‹=˜­Š­˜­ŠÒÂÓ"ãscs3S3c#ƒ3ƒs†RÓRÃBÃBÃãÂÓ"ãscs3S3c#ƒ3ƒs†RÓP­˜]‹=Š­ŠÝ˜‹ŠrÂÓ"ãƒCsƒ“ƒS3scVRÓRÃ’Ã2ÃãÂÓ"ãƒCsƒ“ƒS3scVRÓP­˜Š}˜MŠ}˜-Š­‹]Š}Šý˜¢ÂÓ"ãƒc“cƒ“#““36RÓRÃrÃbÃãÂÓ"ãƒc“cƒ“#““36RÓP­‹=Š}Šý‹=ŠrÂÓ"ãƒ#CS##CSSSSCSFRÓRÃrÃbÃãÂÓ"ãƒ#CS##CSSSSCSFRÓP­˜-Š˜M˜rÂÓ"ãƒ#S#S#ƒs“Sc6RÓRÃÃ2ÃãÂÓ"ãƒ#S#S#ƒs“Sc6RÓP­Š}˜M˜-˜­Š}Šý˜­˜rÂÓ"ãƒ3c““s3C“Cƒ3vRÓRÃ‚Ã#bÃãÂÓ"ãƒ3c““s3C“Cƒ3vRÓP­Ší‹˜­‹}˜rÂÓ"ãƒ3CC“c33“cS#vRÓRÃ2Ã2ÃãÂÓ"ãƒ3CC“c33“cS#vRÓP­˜=Š}˜M˜­˜RÂÓ"ãƒƒ33cCsss3““VRÓRÃ’ÃBÃãÂÓ"ãƒƒ33cCsss3““VRÓP­˜]Š}˜=˜M˜­˜bÂÓ"ãƒƒ33cCsss3““VRÓRÃ’ÃBÃãÂÓ"ãƒƒ33cCsss3““VRÓP­Š˜ŠÍ˜ŠòÂÓ"ãƒ“ƒ#ccƒCSSCƒcvRÓRÃbÃbÃãÂÓ"ãƒ“ƒ#ccƒCSSCƒcvRÓP­Š}˜M‹M˜}Š}ŠýŠ}Š¢ÂÓ"ã“SssCs#s33CVRÓRÃrÃbÃãÂÓ"ã“SssCs#s33CVRÓP­‹M‹­˜M˜rÂÓ"ã“3Cc3“s#ss#VRÓRÃBÃ2ÃãÂÓ"ã“3Cc3“s#ss#VRÓP­Š}˜M‹M˜}‹˜¢ÂÓ"ã#Cc“Ss“ss3c6RÓRÃSbÃ3ÃãÂÓ"ã#Cc“Ss“ss3c6RÓP­Š}˜MŠ}‹‹}Š}˜BÂÓ"ã#333“#3#C“C3VRÓRÃ#ÃRÃãÂÓ"ã#333“#3#C“C3VRÓP­Š}˜M˜]ŠÍ˜]‹Š}Š¢ÂÓ"ã#C#c“sC#3#s–RÓRÃbÃbÃãÂÓ"ã#C#c“sC#3#s–RÓP­Š}˜MŠ­‹M‹}˜­ŠŠ}Š¢ÂÓ"ã#ccs“S“ssCƒ†RÓRÃbÃbÃãÂÓ"ã#ccs“S“ssCƒ†RÓP­˜Š}˜M˜MŠ­˜­˜bÂÓ"ã#c3Ccc#“#3sVRÓRÃBÃ2ÃãÂÓ"ã#c3Ccc#“#3sVRÓP­˜]‹mŠ}˜˜rÂÓ"ã#s3SCƒCs3S“6RÓRÃ#RÃ#ÃãÂÓ"ã#s3SCƒCs3S“6RÓP­Š½Š}˜]˜mŠrÂÓ"ã#ƒ3s#3Cc“#S#c6RÓRÃRÃBÃãÂÓ"ã#ƒ3s#3Cc“#S#c6RÓP­‹m‹˜ÂÓ"ã#ƒCS#“sCC“sfRÓRÃcÃ3’ÃãÂÓ"ã#ƒCS#“sCC“sfRÓP­˜]Š­˜Š}˜˜-ŠrÂÓ"ã#ƒƒcSsCssSFRÓRÃ’Ã’ÃãÂÓ"ã#ƒƒcSsCssSFRÓP­˜M˜]‹Š}˜]˜BÂÓ"ã#“##SC“c#CC#VRÓRÃBÃBÃãÂÓ"ã#“##SC“c#CC#VRÓP­˜m˜‹ÂÓ"ã#ƒƒSS“3SS#“#†RÓRÃBÃBÃãÂÓ"ã#ƒƒSS“3SS#“#†RÓP­˜m˜-Šý‹ÂÓ"ã##s“cSƒcC3“fRÓRÃBÃ2ÃãÂÓ"ã##s“cSƒcC3“fRÓP­‹˜-ŠýŠ­˜rÂÓ"ã##“SssCƒƒc–RÓRÃ2Ã"ÃãÂÓ"ã##“SssCƒƒc–RÓP­˜M˜MŠÝŠ}˜MŠ}Š¢ÂÓ"ã#CsƒcSƒ3S3“#FRÓRÃbÃBÃãÂÓ"ã#CsƒcSƒ3S3“#FRÓP­˜­‹M˜}Šý˜rÂÓ"ã#SS#SƒS“cc##“†RÓRÃ’Ã‚ÃãÂÓ"ã#SS#SƒS“cc##“†RÓP­Š}˜‹mŠ}‹’ÂÓ"ã#ssƒ“cSs3C#cvRÓRÃRÃRÃãÂÓ"ã#ssƒ“cSs3C#cvRÓP­Š}˜M˜]‹=‹‹’ÂÓ"ã##3cCƒ#3S–RÓRÃ‚ÃbÃãÂÓ"ã##3cCƒ#3S–RÓP­Š}˜M‹=‹Š}Š¢ÂÓ"ã##3C“c#Scc3scCFRÓRÃrÃBÃãÂÓ"ã##3C“c#Scc3scCFRÓP­˜­˜]Š­˜M˜=˜˜bÂÓ"ã##Cs##S#ƒCS“ƒFRÓRÃ2Ã2ÃãÂÓ"ã##Cs##S#ƒCS“ƒFRÓP­Š}˜M‹Š‹˜­˜bÂÓ"ã##Cƒƒccs3#csS†RÓRÃbÃrÃãÂÓ"ã##Cƒƒccs3#csS†RÓP¥&Vu2ÂÓ"ã##S“ƒscƒ3“#SccVRÓRÃ’ÃbÃãÂÓ"ã##S“ƒscƒ3“#SccVRÓP­Š}˜MŠ­˜Š}˜˜"ÂÓ"ã##cS““ƒ“C3“#CVRÓRÃ2ÃÃãÂÓ"ã##cS““ƒ“C3“#CVRÓP­˜˜‹˜­˜"ÂÓ"ã##cs3SƒC3cSc“vRÓRÃRÃ"ÃãÂÓ"ã##cs3SƒC3cSc“vRÓP­Š}˜M˜]‹‹-‹"ÂÓ"ã##ssSSS“Scƒ#C6RÓRÃ2Ã2ÃãÂÓ"ã##ssSSS“Scƒ#C6RÓP­Š}ŠŠ­˜=Š}‹Š}Š¢ÂÓ"ã##ƒ3S“3S“ƒ#c3ƒVRÓRÃ2Ã2ÃãÂÓ"ã##ƒ3S“3S“ƒ#c3ƒVRÓP­‹Š}‹=˜]Š}˜M˜rÂÓ"ã##“ƒƒ3c3S3C33C3FRÓRÃrÃBÃãÂÓ"ã##“ƒƒ3c3S3C33C3FRÓP­˜M˜MŠ}Š­˜Š}˜"ÂÓ"ã#3C“c3Sc#S#sC6RÓRÃRÃRÃãÂÓ"ã#3C“c3Sc#S#sC6RÓP­˜Š­˜]˜=˜bÂÓ"ã#333cƒ#c“s#“#&RÓRÃ’Ã’ÃãÂÓ"ã#333cƒ#c“s#“#&RÓP­˜M˜-‹}Š}‹ÂÓ"ã#3ScC3#ƒ“c“c“†RÓRÃ2ÃBÃãÂÓ"ã#3ScC3#ƒ“c“c“†RÓP­Š}˜M˜]‹=Š­˜˜­Šý˜­˜bÂÓ"ã#3“#SCƒƒssƒ3ƒ&RÓRÃS2Ã3RÃãÂÓ"ã#3“#SCƒƒssƒ3ƒ&RÓP­Š­Š}Š‹˜­˜}˜]ŠrÂÓ"ã#3“Ccsƒ#scC#CsFRÓRÃ2Ã2ÃãÂÓ"ã#3“Ccsƒ#scC#CsFRÓP­˜M˜MŠ}˜-‹Š}‹bÂÓ"ã#C““c3#S“fRÓRÃbÃBÃãÂÓ"ã#C““c3#S“fRÓP­‹=Š­‹˜BÂÓ"ã#C#ƒ“##3ƒ33sSRÓRÃbÃ2ÃãÂÓ"ã#C#ƒ“##3ƒ33sSRÓP­Š}˜MŠ}‹=Š­ŠýŠ}˜]˜rÂÓ"ã#CCƒ3S#CcƒƒC3SfRÓRÃcbÃsbÃãÂÓ"ã#CCƒ3S#CcƒƒC3SfRÓP­Š˜m˜]˜‹ŠÂÂÓ"ã#Cc3ƒƒS#3ƒ#“fRÓRÃBÃBÃãÂÓ"ã#Cc3ƒƒS#3ƒ#“fRÓP­˜˜=‹˜rÂÓ"ã#Cs#333#“ssFRÓRÃbÃÃãÂÓ"ã#Cs#333#“ssFRÓP­Š­˜‹M˜¢ÂÓ"ã#C“3cCƒ#ƒS#sCcvRÓRÃ#ÃÃãÂÓ"ã#C“3cCƒ#ƒS#sCcvRÓP­Ší‹=Š}Šm‹˜rÂÓ"ã#SSccscs3Cƒ&RÓRÃS3Ã#ÃãÂÓ"ã#SSccscs3Cƒ&RÓP­˜MŠ­˜=˜m˜˜M˜ŠÍ˜­ŠrÂÓ"ã#Ss3S3s3S33“ƒFRÓRÃBÃBÃãÂÓ"ã#Ss3S3s3S33“ƒFRÓP­˜]Š}˜M˜=˜rÂÓ"ã#S3#ƒsCCcƒ33“†RÓRÃ’Ã‚ÃãÂÓ"ã#S3#ƒsCCcƒ33“†RÓP­Š˜­ŠmŠ}Š¢ÂÓ"ã#SSsSc#C““S6RÓRÃBÃ2ÃãÂÓ"ã#SSsSc#C““S6RÓP­˜Š}‹=Š­Ší‹Š}ŠÂÂÓ"ã#Sc“cSc“““&RÓRÃBÃ2ÃãÂÓ"ã#Sc“cSc“““&RÓP­˜MŠ­˜MŠ}˜˜¢ÂÓ"ã#Ss#sƒ“3cs&RÓRÃ‚Ã‚ÃãÂÓ"ã#Ss#sƒ“3cs&RÓP­ŠŠ­‹]˜]˜­˜RÂÓ"ã#Ss3c“ƒS3CcCS“s†RÓRÃ2Ã2ÃãÂÓ"ã#Ss3c“ƒS3CcCS“s†RÓP­˜]ŠÝŠ}˜‹ŠrÂÓ"ã#SsSƒscCs3cc““VRÓRÃÃRÃãÂÓ"ã#SsSƒscCs3cc““VRÓP­Š}˜M‹}˜]˜ŠÝŠ}Š¢ÂÓ"ã#S“sS#S#sƒCCfRÓRÃ2Ã2ÃãÂÓ"ã#S“sS#S#sƒCCfRÓP­Š}˜MŠ}‹=Š}‹=˜­Š}Š¢ÂÓ"ã#cCC“Sc#ƒ3#s#†RÓRÃ"ÃbÃãÂÓ"ã#cCC“Sc#ƒ3#s#†RÓP­‹Šý˜]˜rÂÓ"ã#cc“S##s“#C†RÓRÃRÃRÃãÂÓ"ã#cc“S##s“#C†RÓP­Š}˜=Š­˜]Š}˜M˜rÂÓ"ã#c3“#C#ƒcCCFRÓRÃ‚ÃrÃãÂÓ"ã#c3“#C#ƒcCCFRÓP­˜‹=˜­‹˜]˜BÂÓ"ã#c#s#c#cSs#fRÓRÃrÃBÃãÂÓ"ã#c#s#c#cSs#fRÓP­˜M˜M‹‹m˜˜­˜rÂÓ"ã#c3c3ƒscƒCƒcƒsfRÓRÃRÃBÃãÂÓ"ã#c3c3ƒscƒCƒcƒsfRÓP­˜˜m‹=‹˜¢ÂÓ"ã#cCc#S3C“sƒsVRÓRÃ2Ã2ÃãÂÓ"ã#cCc#S3C“sƒsVRÓP­Š}˜M˜]˜‹]˜MŠ}Š¢ÂÓ"ã#cS“cc#ƒ3#sCS6RÓRÃ2Ã2ÃãÂÓ"ã#cS“cc#ƒ3#sCS6RÓP­Š}˜M˜]‹-Š}ŠýŠ}˜MŠ­‹­˜­‹‹}˜­Š˜rÂÓ"ã#cS“sS3“sScs3sVRÓRÃ‚Ã2ÃãÂÓ"ã#cS“sS3“sScs3sVRÓP­Š}˜MŠ}ŠÝŠ­‹Š}˜˜­˜rÂÓ"ã#cc“CCsƒ““C3cFRÓRÃ’ÃrÃãÂÓ"ã#cc“CCsƒ““C3cFRÓP­‹=˜M‹rÂÓ"ã#ccƒ#ƒccC#S†RÓRÃ2Ã2ÃãÂÓ"ã#ccƒ#ƒccC#S†RÓP­Š}˜MŠÝ˜Š}‹‚ÂÓ"ã#css33SS“ccC&RÓRÃCÃ3RÃãÂÓ"ã#css33SS“ccC&RÓP­˜}˜­˜‹"ÂÓ"ã#cƒ3ƒ“Csc###RÓRÃbÃ2ÃãÂÓ"ã#cƒ3ƒ“Csc###RÓP­Š˜­˜=‹ÂÓ"ã#cƒ3ƒ“Csc###RÓRÃbÃ2ÃãÂÓ"ã#cƒ3ƒ“Csc###RÓP­Š˜­Š}˜m˜}ŠrÂÓ"ã#cƒcCƒcCc“3s“s†RÓRÃ’Ã‚ÃãÂÓ"ã#cƒcCƒcCc“3s“s†RÓP­Š}˜MŠ­‹=˜M˜­˜RÂÓ"ã#c“Sc#ƒ3CSs#svRÓRÃ"ÃrÃãÂÓ"ã#c“Sc#ƒ3CSs#svRÓP­Š­‹Ší˜­‹RÂÓ"ã#s#SCCScS3C3“C&RÓRÃ3bÃ#BÃãÂÓ"ã#s#SCCScS3C3“C&RÓP­Š}˜M‹mŠí˜]˜rÂÓ"ã#s#ƒƒƒcƒ“CcC6RÓRÃ3"Ã#‚ÃãÂÓ"ã#s#ƒƒƒcƒ“CcC6RÓP­Š}˜MŠ­˜˜˜­‹ÂÓ"ã#s3C“33ƒc““cfRÓRÃ2Ã2ÃãÂÓ"ã#s3C“33ƒc““cfRÓP­˜]˜=Š­Š‚ÂÓ"ã#sC33s#3sSCƒc6RÓRÃ#‚Ã#ÃãÂÓ"ã#sC33s#3sSCƒc6RÓP­Š}Š½‹˜rÂÓ"ã#sCssƒ3“s“sC6RÓRÃÃbÃãÂÓ"ã#sCssƒ3“s“sC6RÓP­Š}˜MŠÍ‹-Š}Šm‹ÂÓ"ã#ssS#3ƒ#3cS3&RÓRÃRÃRÃãÂÓ"ã#ssS#3ƒ#3cS3&RÓP­ŠÝ‹Š}‹˜rÂÓ"ã#s“ccƒƒs“c“SCC†RÓRÃBÃ’ÃãÂÓ"ã#s“ccƒƒs“c“SCC†RÓP­˜]‹]˜m‹˜rÂÓ"ã#ƒƒsScƒƒSƒCC#CVRÓRÃ2Ã2ÃãÂÓ"ã#ƒƒsScƒƒSƒCC#CVRÓP­Š­‹˜=˜­‹-˜}ŠrÂÓ"ã#ƒC33“s33C3ƒ“6RÓRÃ2Ã2ÃãÂÓ"ã#ƒC33“s33C3ƒ“6RÓP­˜‹MŠ}˜]˜M˜rÂÓ"ã#ƒCC#Ssƒss##VRÓRÃRÃRÃãÂÓ"ã#ƒCC#Ssƒss##VRÓP­ŠŠ­˜M˜2ÂÓ"ã#ƒc“c#S“3#scƒ#†RÓRÃrÃ‚ÃãÂÓ"ã#ƒc“c#S“3#scƒ#†RÓP­˜‹]˜BÂÓ"ã#ƒsCCƒƒc#CC“ƒVRÓRÃCRÃ3RÃãÂÓ"ã#ƒsCCƒƒc#CC“ƒVRÓP­˜]ŠÍŠ}˜M˜rÂÓ"ã#ƒssƒ#ƒ#“sCSsVRÓRÃRÃRÃãÂÓ"ã#ƒssƒ#ƒ#“sCSsVRÓP­˜M˜MŠ­‹]˜m˜­˜ÂÓ"ã#ƒ“3SS#ƒ3cƒ#fRÓRÃSRÃ#‚ÃãÂÓ"ã#ƒ“3SS#ƒ3cƒ#fRÓP­˜]˜m‹˜]˜rÂÓ"ã#ƒ“S33#3scC“vRÓRÃ2Ã’ÃãÂÓ"ã#ƒ“S33#3scC“vRÓP­˜Š}ŠÍ‹Š}ŠÂÓ"ã#“3#Sƒcƒs3C3s†RÓRÃ#BÃÃãÂÓ"ã#“3#Sƒcƒs3C3s†RÓP­Š}ŠÍŠ­˜]Š}‹˜­˜rÂÓ"ã#“Cƒs#sc““C36RÓRÃBÃBÃãÂÓ"ã#“Cƒs#sc““C36RÓP­˜=˜]‹]Šý‹ÂÓ"ã#“S3““sƒcs“Cc&RÓRÃrÃbÃãÂÓ"ã#“S3““sƒcs“Cc&RÓP­˜˜]Š}ŠÍ‹=Š­˜­‹ÂÓ"ã#“sccCsC“S#“““VRÓRÃRÃ2ÃãÂÓ"ã#“sccCsC“S#“““VRÓP­˜‹M‹˜=Š}ŠÂÓ"ã#““s3SƒCCƒs“–RÓRÃ2Ã2ÃãÂÓ"ã#““s3SƒCCƒs“–RÓP­˜]‹=Š­ŠÝ˜-Š}Š¢ÂÓ"ã3sƒ3s““cVRÓRÃ#rÃ2ÃãÂÓ"ã3sƒ3s““cVRÓP­˜]‹Š}˜=‹-‹-˜­Š}Šý˜rÂÓ"ã3cSƒ#“#CƒS#svRÓRÃSRÃbÃãÂÓ"ã3cSƒ#“#CƒS#svRÓP­Š}˜M˜m˜}ŠÂÂÓ"ã3#ƒc3“ƒCs333vRÓRÃRÃ2ÃãÂÓ"ã3#ƒc3“ƒCs333vRÓP­˜MŠ­˜‹]˜­˜rÂÓ"ã3CƒsSs33sSFRÓRÃ2Ã2ÃãÂÓ"ã3CƒsSs33sSFRÓP­Š}‹=Š­˜]‹Š}‹ŠrÂÓ"ã3S#cCsCs“&RÓRÃ’Ã‚ÃãÂÓ"ã3S#cCsCs“&RÓP­Š}‹˜m‹=Š¢ÂÓ"ã3cccSs“#3“c#†RÓRÃrÃbÃãÂÓ"ã3cccSs“#3“c#†RÓP­ŠŠ}˜MŠ­ŠÍ‹-Šm˜rÂÓ"ã3cs33ƒ“Cƒ“FRÓRÃ’Ã‚ÃãÂÓ"ã3cs33ƒ“Cƒ“FRÓP­˜M‹]ŠÝ˜­˜˜rÂÓ"ã3ƒ#ƒ#3sS3s“3†RÓRÃ2Ã2ÃãÂÓ"ã3ƒ#ƒ#3sS3s“3†RÓP­Š}˜MŠ­‹]˜˜­˜rÂÓ"ã3ƒ#“cSS“cs“&RÓRÃbÃbÃãÂÓ"ã3ƒ#“cSS“cs“&RÓP­Š}˜M‹˜­Š}˜BÂÓ"ã3#ƒS#“ƒƒƒƒVRÓRÃ"ÃRÃãÂÓ"ã3#ƒS#“ƒƒƒƒVRÓP­ŠŠ­˜]˜˜­˜BÂÓ"ã3#Cƒ3c3cSSƒƒ3VRÓRÃ"Ã’ÃãÂÓ"ã3#Cƒ3c3cSSƒƒ3VRÓP­‹˜]˜­˜-˜rÂÓ"ã33C““Cƒ3#cS3C6RÓRÃBÃ2ÃãÂÓ"ã33C““Cƒ3#cS3C6RÓP­Š­Š­˜mŠ}‹=Š‚ÂÓ"ã3C3#“SƒCcƒ“VRÓRÃ2Ã2ÃãÂÓ"ã3C3#“SƒCcƒ“VRÓP­Š}˜M˜]Š­˜=‹‹˜rÂÓ"ã3CsSƒ#“S3CcC&RÓRÃ"ÃbÃãÂÓ"ã3CsSƒ#“S3CcC&RÓP­Š˜‹˜­˜"ÂÓ"ã3SC3SCS3c“FRÓRÃ2Ã2ÃãÂÓ"ã3SC3SCS3c“FRÓP­Š}˜MŠý˜˜­ŠÝ˜¢ÂÓ"ã3SscccsS#c3fRÓRÃbÃbÃãÂÓ"ã3SscccsS#c3fRÓP­ŠÍ‹˜M˜}ŠrÂÓ"ã3cSccsSƒsCcSC6RÓRÃbÃbÃãÂÓ"ã3cSccsSƒsCcSC6RÓP­‹]˜‹˜rÂÓ"ã3c#S##ƒ3c#6RÓRÃ3BÃ#’ÃãÂÓ"ã3c#S##ƒ3c#6RÓP­˜M˜]˜mŠ­Šý˜¢ÂÓ"ã3s#ssCƒƒ3“#36RÓRÃÃbÃãÂÓ"ã3s#ssCƒƒ3“#36RÓP­Š}˜M˜]Š˜M‹¢ÂÓ"ã3s#ƒ“ƒ3#ƒ#““3&RÓRÃƒ’ÃcÃãÂÓ"ã3s#ƒ“ƒ3#ƒ#““3&RÓP­˜ŠÝŠýŠ­˜­˜bÂÓ"ã3sCƒs#SsS#C3†RÓRÃBÃBÃãÂÓ"ã3sCƒs#SsS#C3†RÓP­˜Š}˜MŠÍ˜˜ÂÓ"ã3##c3Sc“##&RÓRÃ"ÃÃãÂÓ"ã3##c3Sc“##&RÓP­‹˜MŠ}˜]Š­˜}ŠrÂÓ"ã3##Ss#cƒSsCVRÓRÃ‚Ã2ÃãÂÓ"ã3##Ss#cƒSsCVRÓP­Š­Š­‹Šý˜¢ÂÓ"ã3#3ƒ3ƒƒC#“#3sS&RÓRÃ‚ÃbÃãÂÓ"ã3#3ƒ3ƒƒC#“#3sS&RÓP­ŠÍ˜]˜­‹˜}ŠrÂÓ"ã3#C#Cscƒ“ScCC“FRÓRÃÃÃãÂÓ"ã3#C#Cscƒ“ScCC“FRÓP­Š}˜M˜]˜-Š}˜˜MŠ}Š¢ÂÓ"ã3#S3#s##“3ƒ3SVRÓRÃ#RÃ‚ÃãÂÓ"ã3#S3#s##“3ƒ3SVRÓP­˜=˜]Šý˜­‹ÂÓ"ã3#ƒsS3Sƒcs“†RÓRÃ‚ÃbÃãÂÓ"ã3#ƒsS3Sƒcs“†RÓP­˜Š­Ší˜˜­‹m˜}ŠrÂÓ"ã3#ƒsSCC#ƒ#C3c“vRÓRÃbÃ2ÃãÂÓ"ã3#ƒsSCC#ƒ#C3c“vRÓP­‹M‹ŠŠ}˜bÂÓ"ã33cS“#CC3#CƒcVRÓRÃ3’Ã#bÃãÂÓ"ã33cS“#CC3#CƒcVRÓP­Š˜˜­‹˜‹2ÂÓ"ã33C#Ccc3ƒsƒ#cFRÓRÃÃbÃãÂÓ"ã33C#Ccc3ƒsƒ#cFRÓP­˜Š}˜MŠ­‹Š}˜˜¢ÂÓ"ã33S3SsSƒ“S3“S6RÓRÃ2Ã2ÃãÂÓ"ã33S3SsSƒ“S3“S6RÓP­˜Š}˜M˜=˜]˜­Š}Š¢ÂÓ"ã33S3C“sSSCcƒ#ƒ3vRÓRÃRÃRÃãÂÓ"ã33S3C“sSSCcƒ#ƒ3vRÓP­Š˜]ŠÍ˜]˜‹˜rÂÓ"ã33SsCsSƒcSsC#vRÓRÃrÃrÃãÂÓ"ã33SsCsSƒcSsC#vRÓP­ŠŠ­˜‹]˜­˜BÂÓ"ã33cSCCƒS33s3#†RÓRÃBÃBÃãÂÓ"ã33cSCCƒS33s3#†RÓP­˜MŠ}Š­˜Š}˜"ÂÓ"ã33sSsSƒsƒSFRÓRÃ3ÃbÃãÂÓ"ã33sSsSƒsƒSFRÓP­ŠŠ­˜]˜=˜­˜bÂÓ"ã33ssCs“C3“s#S6RÓRÃbÃRÃãÂÓ"ã33ssCs“C3“s#S6RÓP­˜]˜-‹=˜]˜rÂÓ"ã33ƒ##ƒ3C“SCVRÓRÃÃbÃãÂÓ"ã33ƒ##ƒ3C“SCVRÓP­Š­Š}Š½˜­‹ŠrÂÓ"ã33“33ƒ“ScSƒRÓRÃ2Ã2ÃãÂÓ"ã33“33ƒ“ScSƒRÓP­Š­˜-‹˜­Š˜¢ÂÓ"ã3C3SC3sƒssFRÓRÃ#RÃ2ÃãÂÓ"ã3C3SC3sƒssFRÓP­‹=ŠÍ˜MŠ­ŠrÂÓ"ã3C#SC#“c##S#S6RÓRÃbÃBÃãÂÓ"ã3C#SC#“c##S#S6RÓP­˜MŠÝ˜˜RÂÓ"ã3C3s“#C33#3#SvRÓRÃBÃBÃãÂÓ"ã3C3s“#C33#3#SvRÓP­Š}˜M˜]Š­ŠÍŠýŠý˜rÂÓ"ã3Cc##c3sƒS“3CCƒVRÓRÃ#‚ÃSÃãÂÓ"ã3Cc##c3sƒS“3CCƒVRÓP­Š­Š}˜RÂÓ"ã3SCCcƒCCƒ“ƒ6RÓRÃBÃBÃãÂÓ"ã3SCCcƒCCƒ“ƒ6RÓP­Š}˜M‹˜-Š}Š˜­˜rÂÓ"ã3Sƒc#cS33ss†RÓRÃÃÃãÂÓ"ã3Sƒc#cS33ss†RÓP­˜]Ší˜­Š˜rÂÓ"ã3ScCs3“#3ƒS#&RÓRÃbÃBÃãÂÓ"ã3ScCs3“#3ƒS#&RÓP­Š}˜M˜-Š}˜m˜˜m˜­˜rÂÓ"ã3Sc#cS3ƒC#C3S6RÓRÃ#2Ã#ÃãÂÓ"ã3Sc#cS3ƒC#C3S6RÓP­˜˜]Š­˜m˜‹’ÂÓ"ã3SƒC#ssƒCs3c##S†RÓRÃ2Ã2ÃãÂÓ"ã3SƒC#ssƒCs3c##S†RÓP­˜Š­‹Š­Š‹ÂÓ"ã3cc#SS3“#FRÓRÃCÃ3ÃãÂÓ"ã3cc#SS3“#FRÓP­˜Š}˜M˜˜m˜­˜rÂÓ"ã3cCC3S3c#ƒ#ssfRÓRÃ#"Ã#ÃãÂÓ"ã3cCC3S3c#ƒ#ssfRÓP­˜Š}˜MŠ­˜m‹=˜­˜"ÂÓ"ã3cSS“33“33SSscC6RÓRÃbÃ2ÃãÂÓ"ã3cSS“33“33SSscC6RÓP­Š}‹‹mŠ}Šm˜}Š}ŠÝ‹m‹ÂÓ"ã3csS3SƒCƒ“ƒ#†RÓRÃBÃBÃãÂÓ"ã3csS3SƒCƒ“ƒ#†RÓP­˜M‹=‹‹˜rÂÓ"ã3cƒ“ƒ“Cs3Cc3ƒVRÓRÃÃ’ÃãÂÓ"ã3cƒ“ƒ“Cs3Cc3ƒVRÓP­˜]˜=˜˜mŠrÂÓ"ã3ss33ƒCScC##&RÓRÃRÃBÃãÂÓ"ã3ss33ƒCScC##&RÓP­Š}˜M˜]‹Š˜‹}˜rÂÓ"ã3s3CƒCSƒS3S#3SVRÓRÃ#"Ã‚ÃãÂÓ"ã3s3CƒCSƒS3S#3SVRÓP­˜Š­‹=Š­Š½˜]‹ÂÓ"ã3sCSc33“cScSVRÓRÃBÃ2ÃãÂÓ"ã3sCSc33“cScSVRÓP­˜]‹=ŠM˜˜M˜¢ÂÓ"ã3sC“cc3s#SCssRÓRÃ"ÃÃãÂÓ"ã3sC“cc3s#SCssRÓP­‹Š}‹˜­ŠrÂÓ"ã3sCs3Ccƒ33scc3VRÓRÃrÃRÃãÂÓ"ã3sCs3Ccƒ33scc3VRÓP­˜Ší˜MŠ}Š¢ÂÓ"ã3sCƒƒC“3CƒƒSc&RÓRÃbÃ2ÃãÂÓ"ã3sCƒƒC“3CƒƒSc&RÓP­Š}˜M‹=˜­˜ÂÓ"ã3sc“Cƒscƒs3c#fRÓRÃ#"Ã2ÃãÂÓ"ã3sc“Cƒscƒs3c#fRÓP­‹‹Š}˜­˜}‹-˜­Š}Šý˜rÂÓ"ã3s“c3S“#ƒs““CvRÓRÃ2ÃBÃãÂÓ"ã3s“c3S“#ƒs““CvRÓP­ŠŠ}˜M˜]‹MŠ­‹˜2ÂÓ"ã3ƒ###ssƒsCS#CVRÓRÃÃÃãÂÓ"ã3ƒ###ssƒsCS#CVRÓP­˜Š}˜M˜˜mŠ}Šý˜"ÂÓ"ã3ƒ33“S#3S3#FRÓRÃBÃBÃãÂÓ"ã3ƒ33“S#3S3#FRÓP­˜M˜M‹Š}˜M˜RÂÓ"ã3ƒC“#S#3ƒsƒfRÓRÃbÃbÃãÂÓ"ã3ƒC“#S#3ƒsƒfRÓP­Š}˜MŠŠý‹ÂÓ"ã3ƒsssCƒSc“C#CfRÓRÃ"ÃRÃãÂÓ"ã3ƒsssCƒSc“C#CfRÓP­˜M˜MŠ}ŠýŠ}ŠÂÓ"ã3ƒsCƒƒ#CƒSs#C33vRÓRÃbÃBÃãÂÓ"ã3ƒsCƒƒ#CƒSs#C33vRÓP­Š}˜M˜]˜˜-‹ÂÓ"ã3ƒsS“3cSƒ“6RÓRÃbÃRÃãÂÓ"ã3ƒsS“3cSƒ“6RÓP­ŠŠÝŠ}ŠÍ˜rÂÓ"ã3ƒss“Ccƒ“3S†RÓRÃ2Ã2ÃãÂÓ"ã3ƒss“Ccƒ“3S†RÓP­Š}˜M‹M‹˜}Š}˜bÂÓ"ã3“S3SssssfRÓRÃ‚Ã2ÃãÂÓ"ã3“S3SssssfRÓP­Š}˜MŠ­˜Š}ŠÍŠòÂÓ"ã3“S3ccS33sƒ3S6RÓRÃRÃRÃãÂÓ"ã3“S3ccS33sƒ3S6RÓP­˜Š}˜M˜Š}˜-‹˜rÂÓ"ã3“ScSCCcCSscƒfRÓRÃbÃ2ÃãÂÓ"ã3“ScSCCcCSscƒfRÓP­˜]ŠM˜-Š­ŠrÂÓ"ã3“SscsSSƒCS#“3cFRÓRÃ2Ã’ÃãÂÓ"ã3“SscsSSƒCS#“3cFRÓP­˜­‹=Š­Šý‹˜¢ÂÓ"ã3““cCSSƒƒc†RÓRÃbÃ2ÃãÂÓ"ã3““cCSSƒƒc†RÓP­˜­‹M‹˜ÂÓ"ãCƒs“sc“sSs†RÓRÃRÃBÃãÂÓ"ãCƒs“sc“sSs†RÓP­˜]‹MŠ}‹˜­‹˜}˜RÂÓ"ãCsSS3#ƒS#SfRÓRÃRÃRÃãÂÓ"ãCsSS3#ƒS#SfRÓP­Š}˜MŠ}‹‹m˜¢ÂÓ"ãC3ScsS“##S“c“VRÓRÃrÃbÃãÂÓ"ãC3ScsS“##S“c“VRÓP­Š­˜˜­˜Š­ŠrÂÓ"ãC3Ss#cscƒSCsvRÓRÃRÃBÃãÂÓ"ãC3Ss#cscƒSCsvRÓP­‹=Š}ŠŠ}˜MŠ}˜˜MŠ}˜M˜]˜ŠÍ˜ŠýŠ}Š¢ÂÓ"ãCCsSƒsc3cssRÓRÃ2Ã2ÃãÂÓ"ãCCsSƒsc3cssRÓP­˜˜­‹]˜BÂÓ"ãCSƒC3Cc“#†RÓRÃbÃBÃãÂÓ"ãCSƒC3Cc“#†RÓP­˜Š­ŠÝ˜M˜­˜MŠ}Š¢ÂÓ"ãCsC3sS3C#vRÓRÃ2Ã2ÃãÂÓ"ãCsC3sS3C#vRÓP­˜Š}˜M˜m˜­Š­‹˜ŠÍ˜­˜bÂÓ"ãCS3c#SS3FRÓRÃRÃRÃãÂÓ"ãCS3c#SS3FRÓP­Š}˜M˜]ŠÍŠý˜˜BÂÓ"ãC3c#“SSsS“†RÓRÃ3rÃ#2ÃãÂÓ"ãC3c#“SSsS“†RÓP­˜Š}˜M˜]˜‹˜Š}Š¢ÂÓ"ãCCs#CcCƒ““3SVRÓRÃBÃBÃãÂÓ"ãCCs#CcCƒ““3SVRÓP­Š­ŠÝ‹=ŠŠrÂÓ"ãCS3ƒ#sS3CFRÓRÃ‚Ã‚ÃãÂÓ"ãCS3ƒ#sS3CFRÓP­˜MŠ­˜˜-‹Š}Š­˜}ŠrÂÓ"ãCSc#s#c“S3“sVRÓRÃrÃrÃãÂÓ"ãCSc#s#c“S3“sVRÓP­˜˜-˜˜¢ÂÓ"ãCc#sS3#c#cssFRÓRÃ2Ã2ÃãÂÓ"ãCc#sS3#c#cssFRÓP­Š}˜M‹M˜‹˜¢ÂÓ"ãCsC“3““SCƒSƒƒSFRÓRÃÃrÃãÂÓ"ãCsC“3““SCƒSƒƒSFRÓP­˜M˜]˜Š}˜˜-˜rÂÓ"ãC#scC3ƒcƒsC6RÓRÃÃÃãÂÓ"ãC#scC3ƒcƒsC6RÓP­Š}˜M˜Š­‹˜}Š}˜M˜]Š˜­‹Š}Š¢ÂÓ"ãC#“3ƒ#csCC##“c6RÓRÃBÃBÃãÂÓ"ãC#“3ƒ#csCC##“c6RÓP­Š}˜MŠÝŠ}˜MŠ}Š¢ÂÓ"ãC33csssƒ#FRÓRÃRÃÃãÂÓ"ãC33csssƒ#FRÓP­Š­Š‹˜BÂÓ"ãC33““3c3c##“fRÓRÃBÃBÃãÂÓ"ãC33““3c3c##“fRÓP­˜‹M‹˜­˜=˜mŠrÂÓ"ãC3#cSS3Cs3“6RÓRÃ2Ã2ÃãÂÓ"ãC3#cSS3Cs3“6RÓP­ŠŠ}˜M˜‹‹RÂÓ"ãC3#ƒc3ƒScSsfRÓRÃ"ÃrÃãÂÓ"ãC3#ƒc3ƒScSsfRÓP­Š}˜MŠÝ‹Š}‹˜¢ÂÓ"ãC3csS#SSSCSs3FRÓRÃBÃÃãÂÓ"ãC3csS#SSSCSs3FRÓP­˜Š­˜‹-˜­‹˜}ŠrÂÓ"ãC3ƒ“3ƒ“#33ƒCC&RÓRÃ2Ã2ÃãÂÓ"ãC3ƒ“3ƒ“#33ƒCC&RÓP­Š}˜MŠ}ŠÝŠ­‹=Š}Š‚ÂÓ"ãC3“ƒ##Ss3#c&RÓRÃ’ÃBÃãÂÓ"ãC3“ƒ##Ss3#c&RÓP­Š­‹]˜˜­˜rÂÓ"ãCCSsc“cSSs†RÓRÃ#Ã"ÃãÂÓ"ãCCSsc“cSSs†RÓP­‹}Š˜-Š¢ÂÓ"ãCCƒs3“sscƒƒC&RÓRÃBÃBÃãÂÓ"ãCCƒs3“sscƒƒC&RÓP­˜Š}˜MŠ­˜Š}‹]˜­˜BÂÓ"ãCC“##3“#c#SSvRÓRÃrÃRÃãÂÓ"ãCC“##3“#c#SSvRÓP­Š}˜M‹]‹Š}˜ÂÓ"ãCS#C3ccSCcƒ“†RÓRÃ2ÃrÃãÂÓ"ãCS#C3ccSCcƒ“†RÓP­˜M˜MŠ­˜=Š}˜M˜­˜ÂÓ"ãCS3sCc#S3C3vRÓRÃ‚ÃbÃãÂÓ"ãCS3sCc#S3C3vRÓP­˜Š}˜M˜]˜Š}‹}˜mŠ}Š¢ÂÓ"ãCS3SC“3ƒCSVRÓRÃRÃBÃãÂÓ"ãCS3SC“3ƒCSVRÓP­Š}˜M˜]Ší‹-˜˜mŠ}Š¢ÂÓ"ãCSCScƒ#“ƒcCSƒ“VRÓRÃÃ2ÃãÂÓ"ãCSCScƒ#“ƒcCSƒ“VRÓP­Š}˜M˜]‹=Š­‹˜]˜BÂÓ"ãCSSC3#33ƒƒƒC#SS&RÓRÃRÃ2ÃãÂÓ"ãCSSC3#33ƒƒƒC#SS&RÓP­Š}˜MŠ­˜-Šý˜­‹Š}Š¢ÂÓ"ãCSSCcSss“sCC–RÓRÃ#2Ã2ÃãÂÓ"ãCSSCcSss“sCC–RÓP­˜Š}˜M˜M˜ŠÍ‹=Š­˜­˜rÂÓ"ãCSc#ssCCs“3ccFRÓRÃ2Ã2ÃãÂÓ"ãCSc#ssCCs“3ccFRÓP­˜‹=Š­‹‹-‹"ÂÓ"ãCSƒSƒƒScCs#VRÓRÃ2Ã2ÃãÂÓ"ãCSƒSƒƒScCs#VRÓP­Š}˜MŠ­‹Šý˜­˜BÂÓ"ãCS““ƒ““c#ƒ“fRÓRÃ32ÃbÃãÂÓ"ãCS““ƒ““c#ƒ“fRÓP­˜˜‹-Š}‹Š­˜¢ÂÓ"ãCcS#cƒs““C“Cs–RÓRÃ2Ã2ÃãÂÓ"ãCcS#cƒs““C“Cs–RÓP­˜˜]˜-Š­‹ŠÝŠ}Š¢ÂÓ"ãCcc#33“cƒS3“CRÓRÃBÃBÃãÂÓ"ãCcc#33“cƒS3“CRÓP­˜]‹]‹}ŠÝŠ˜­˜bÂÓ"ãCcss3S#C3ƒs#sfRÓRÃbÃbÃãÂÓ"ãCcss3S#C3ƒs#sfRÓP­Š­Š­˜‹]˜BÂÓ"ãCcs“C3ƒ“S“sƒ6RÓRÃRÃ2ÃãÂÓ"ãCcs“C3ƒ“S“sƒ6RÓP­Š}˜M‹‹m˜˜­˜}‹­˜­‹ÂÓ"ãCcƒsƒ#sSS3“S3FRÓRÃbÃBÃãÂÓ"ãCcƒsƒ#sSS3“S3FRÓP­Š­˜m˜˜­‹˜­Š­Š}‹˜­ŠâÂÓ"ãCcƒsƒ#sSS3“S3FRÓRÃbÃBÃãÂÓ"ãCcƒsƒ#sSS3“S3FRÓP­Š}Ší‹}Š}‹ŠrÂÓ"ãCcƒ“#“C##“C#cvRÓRÃRÃ2ÃãÂÓ"ãCcƒ“#“C##“C#cvRÓP­Š}˜M˜]˜MŠ}Šm˜RÂÓ"ãCs“CƒCs3vRÓRÃbÃbÃãÂÓ"ãCs“CƒCs3vRÓP­˜]‹=Š­‹MŠ}‹ŠrÂÓ"ãCs3ƒC#ƒ#Cc##3#vRÓRÃ2Ã’ÃãÂÓ"ãCs3ƒC#ƒ#Cc##3#vRÓP­˜]Š­‹˜‚ÂÓ"ãCss““s#ƒccC“FRÓRÃbÃ2ÃãÂÓ"ãCss““s#ƒccC“FRÓP­˜MŠ}‹=Š­ŠíŠýŠ}˜]˜}ŠrÂÓ"ãCƒ#3SƒCC3ƒsS3vRÓRÃ"ÃrÃãÂÓ"ãCƒ#3SƒCC3ƒsS3vRÓP­Š}˜MŠ­˜mŠŠBÂÓ"ãCƒ#cscc#ƒSSCFRÓRÃBÃ2ÃãÂÓ"ãCƒ#cscc#ƒSSCFRÓP­˜Š}˜MŠí‹]Ší‹]˜rÂÓ"ãCƒƒ#C#S33S“c36RÓRÃ2Ã2ÃãÂÓ"ãCƒƒ#C#S33S“c36RÓP­‹]Š}˜m‹˜¢ÂÓ"ãCƒƒSSCS#3ƒC&RÓRÃBÃ2ÃãÂÓ"ãCƒƒSSCS#3ƒC&RÓP­Š}ŠŠýŠ}‹˜­˜rÂÓ"ãC“#sCS#CS“Sƒcs&RÓRÃbÃRÃãÂÓ"ãC“#sCS#CS“Sƒcs&RÓP­ŠŠ}˜M‹=˜m˜Š}Š¢ÂÓ"ãC“3ƒ3c#c““ƒ#CfRÓRÃRÃ2ÃãÂÓ"ãC“3ƒ3c#c““ƒ#CfRÓP­˜˜­˜˜m‹¢ÂÓ"ãC“C“ƒ“S3ƒƒ#ƒS6RÓRÃ2Ã2ÃãÂÓ"ãC“C“ƒ“S3ƒƒ#ƒS6RÓP­‹2ÂÓ"ãC“csƒS#C“CSRÓRÃRÃ2ÃãÂÓ"ãC“csƒS#C“CSRÓP­˜Š}˜M‹=˜]‹˜rÂÓ"ãC“c#3cS“CS3sC6RÓRÃ2Ã2ÃãÂÓ"ãC“c#3cS“CS3sC6RÓP­˜M˜M‹˜}Š‚ÂÓ"ãSƒ“33cS“ƒ33FRÓRÃ#2Ã"ÃãÂÓ"ãSƒ“33cS“ƒ33FRÓP­˜˜­Ší‹m‹’ÂÓ"ãSƒs“#ƒc“–RÓRÃBÃBÃãÂÓ"ãSƒs“#ƒc“–RÓP­Š}˜M˜]˜‹ŠòÂÓ"ãS“c“sƒS3Sƒc†RÓRÃ#BÃ’ÃãÂÓ"ãS“c“sƒS3Sƒc†RÓP­˜]˜M‹-˜RÂÓ"ãSsƒsscSccc6RÓRÃ"Ã’ÃãÂÓ"ãSsƒsscSccc6RÓP­˜Š}‹=Š­˜­‹Š}ŠòÂÓ"ãS“ƒ#3ƒS#s#†RÓRÃbÃRÃãÂÓ"ãS“ƒ#3ƒS#s#†RÓP­˜]ŠÝ‹˜=Š}Š¢ÂÓ"ãSS33S3SCƒ“c3sFRÓRÃbÃbÃãÂÓ"ãSS33S3SCƒ“c3sFRÓP­Š}˜M˜Š}Š­˜‹˜rÂÓ"ãS#cSsssCsC6RÓRÃs"ÃC"ÃãÂÓ"ãS#cSsssCsC6RÓP­‹-˜­˜Š¢ÂÓ"ãSCS#sCScS“c“&RÓRÃbÃ2ÃãÂÓ"ãSCS#sCScS“c“&RÓP­˜­‹˜=‹"ÂÓ"ãScsƒ#ƒ““Cƒs6RÓRÃ2Ã"ÃãÂÓ"ãScsƒ#ƒ““Cƒs6RÓP­Š}˜M˜m˜-Š}‹rÂÓ"ãScƒ“scƒ#C3ssVRÓRÃ’ÃrÃãÂÓ"ãScƒ“scƒ#C3ssVRÓP­Š}˜MŠýŠ}‹˜RÂÓ"ãS“SsSc3c“cFRÓRÃ"Ã’ÃãÂÓ"ãS“SsSc3c“cFRÓP­˜Š}˜MŠ­ŠÍŠ}‹˜¢ÂÓ"ãS“ƒS3CsC#C3“ƒ6RÓRÃrÃ"ÃãÂÓ"ãS“ƒS3CsC#C3“ƒ6RÓP­Š}˜M‹=˜=˜2ÂÓ"ãS#3CcCsccc#3cVRÓRÃRÃ2ÃãÂÓ"ãS#3CcCsccc#3cVRÓP­˜Š­‹­‹}˜­˜rÂÓ"ãS#c#3Css3s#sfRÓRÃÃ‚ÃãÂÓ"ãS#c#3Css3s#sfRÓP­˜Š}˜MŠí˜M˜­ŠÂÂÓ"ãS3CƒsS#SS6RÓRÃBÃ2ÃãÂÓ"ãS3CƒsS#SS6RÓP­˜Š}‹=Š­ŠÝŠýŠ}Š²ÂÓ"ãS3sƒ“3c#c3S“†RÓRÃBÃBÃãÂÓ"ãS3sƒ“3c#c3S“†RÓP­Š­Š½Š˜­Š¢ÂÓ"ãS3ƒƒsc“CC“#Ss“fRÓRÃRÃBÃãÂÓ"ãS3ƒƒsc“CC“#Ss“fRÓP­Š­‹}Š˜-˜rÂÓ"ãSCC#Scc33sCvRÓRÃ2Ã2ÃãÂÓ"ãSCC#Scc33sCvRÓP­˜]‹Š}˜=‹-˜]ŠÝŠ}˜­ŠòÂÓ"ãSC3ƒcSS#“s##ƒ“–RÓRÃCÃ2ÃãÂÓ"ãSC3ƒcSS#“s##ƒ“–RÓP­˜Š}˜M˜]‹Š}˜­˜­‹ÂÓ"ãSCƒs##scCS–RÓRÃ‚ÃrÃãÂÓ"ãSCƒs##scCS–RÓP­ŠŠ}˜M‹M‹ŠÒÂÓ"ãSCƒ#S“Cs3csCSc“&RÓRÃRÃRÃãÂÓ"ãSCƒ#S“Cs3csCSc“&RÓP­Š­‹]‹˜­ŠÝ˜rÂÓ"ãSS3S“#c“cC3##6RÓRÃRÃRÃãÂÓ"ãSS3S“#c“cC3##6RÓP­˜m‹M‹˜rÂÓ"ãSSCss#CSS#RÓRÃ3BÃ’ÃãÂÓ"ãSSCss#CSS#RÓP­˜MŠ}˜-Š}˜]˜rÂÓ"ãSS“3“#c3ƒC3“cvRÓRÃrÃ2ÃãÂÓ"ãSS“3“#c3ƒC3“cvRÓP­ŠŠ­˜-Š}‹˜­‹ÂÓ"ãSSCCC##ƒ##c“csFRÓRÃrÃRÃãÂÓ"ãSSCCC##ƒ##c“csFRÓP­Š­Š}Š½˜­‹Š}Š¢ÂÓ"ãSSCƒC#scC3Cƒ3VRÓRÃ2Ã2ÃãÂÓ"ãSSCƒC#scC3Cƒ3VRÓP¤7W7FöÖW'2ÂÓ"ãSSƒƒ#S“cS3VRÓRÃBÃBÃãÂÓ"ãSSƒƒ#S“cS3VRÓP­˜Š}˜MŠ}‹˜M˜¢ÂÓ"ãSS“ƒSsCsƒ“sc†RÓRÃ’ÃrÃãÂÓ"ãSS“ƒSsCsƒ“sc†RÓP­˜Š}‹MŠ­˜]˜MŠ¢ÂÓ"ãSS““sc3sCƒCSvRÓRÃÃBÃãÂÓ"ãSS““sc3sCƒCSvRÓP­˜Š}˜M‹-‹Š}‹˜¢ÂÓ"ãSc#C#3“#3csC36RÓRÃrÃrÃãÂÓ"ãSc#C#3“#3csC36RÓP­˜˜]‹]Š}˜m‹˜}ŠrÂÓ"ãScC#S##C“#ƒ#CCvRÓRÃ’ÃBÃãÂÓ"ãScC#S##C“#ƒ#CCvRÓP­Š‹=˜­‹}˜rÂÓ"ãScƒcc#c33S#S““†RÓRÃbÃRÃãÂÓ"ãScƒcc#c33S#S““†RÓP­Š}˜M˜]‹-Š}ŠýŠ}˜MŠ­‹­˜­‹Š}˜MŠ}˜mŠ}Š˜­Š‚ÂÓ"ãScƒc33CSScS†RÓRÃBÃbÃãÂÓ"ãScƒc33CSScS†RÓP­ŠÝ‹]‹]˜}ŠrÂÓ"ãSƒCcsƒ“Cƒc#ƒ–RÓRÃRÃ2ÃãÂÓ"ãSƒCcsƒ“Cƒc#ƒ–RÓP­Š}˜M˜]‹Š}˜=‹2ÂÓ"ãSƒ3scS““s#CCcsvRÓRÃ’ÃRÃãÂÓ"ãSƒ3scS““s#CCcsvRÓP­Š­˜‹]˜MŠ¢ÂÓ"ãSƒ3ƒC3cCfRÓRÃ#bÃRÃãÂÓ"ãSƒ3ƒC3cCfRÓP­Š}˜M‹=˜˜-˜­˜bÂÓ"ãSƒCƒsc#sccS3vRÓRÃ2Ã2ÃãÂÓ"ãSƒCƒsc#sccS3vRÓP­Š}˜M‹=˜=˜m˜­˜­˜bÂÓ"ãSƒƒC#SS3ƒSRÓRÃRÃ2ÃãÂÓ"ãSƒƒC#SS3ƒSRÓP­˜=Š}˜MŠ}Š­˜¢ÂÓ"ãSƒ“ƒ“c#SS“S–RÓRÃBÃBÃãÂÓ"ãSƒ“ƒ“c#SS“S–RÓP­˜˜­Šý˜­˜‚ÂÓ"ãS“cS#Cs#ccSvRÓRÃbÃRÃãÂÓ"ãS“cS#Cs#ccSvRÓP­ŠŠ}˜MŠ­˜-˜m˜­Š}Š¢ÂÓ"ãS““S“3CƒCC3““FRÓRÃRÃ2ÃãÂÓ"ãS““S“3CƒCC3““FRÓP­Š}˜M‹M‹˜-˜¢ÂÓ"ãS“Sc“s“c#sc“SSƒ6RÓRÃbÃBÃãÂÓ"ãS“Sc“s“c#sc“SSƒ6RÓP­Š­Š­Š}Š‹’ÂÓ"ãS“SƒS3#sc“““#†RÓRÃbÃbÃãÂÓ"ãS“SƒS3#sc“““#†RÓP­Š˜mŠÍ˜MŠ}Šý˜­‹BÂÓ"ãS“ƒ3““ƒƒ3scc#†RÓRÃÃRÃãÂÓ"ãS“ƒ3““ƒƒ3scc#†RÓP­Š}˜M˜-Š}Šý˜rÂÓ"ãS““Sƒ#ƒS3c&RÓRÃbÃ2ÃãÂÓ"ãS““Sƒ#ƒS3c&RÓP­˜Š}˜M˜]‹ŠÝ˜M˜rÂÓ"ãcCcC“cs3CƒvRÓRÃbÃBÃãÂÓ"ãcCcC“cs3CƒvRÓP­Š}˜MŠ­ŠÝ˜˜M˜­˜rÂÓ"ãccc#3c#c#3“VRÓRÃ2Ã2ÃãÂÓ"ãccc#3c#c#3“VRÓP­ŠŠ}˜M˜mŠ­Š}ŠmŠÂÂÓ"ãcssSss“cƒSVRÓRÃ3bÃ#‚ÃãÂÓ"ãcssSss“cƒSVRÓP­Š}˜M˜}˜Š}ŠÂÓ"ãcC“ƒ““c3“†RÓRÃbÃBÃãÂÓ"ãcC“ƒ““c3“†RÓP¥fÇVRÂÓ"ãcS#sCC#3fRÓRÃRÃRÃãÂÓ"ãcS#sCC#3fRÓP¤VçFW'&—6RÂÓ"ãcS#sCC#3fRÓRÃRÃRÃãÂÓ"ãcS#sCC#3fRÓP­Š}˜m˜]Š}‹rÂÓ"ãccƒCCc3#†RÓRÃ‚ÃbÃãÂÓ"ãccƒCCc3#†RÓP­‹=ŠÍ˜MŠ}Š¢ÂÓ"ãc#“ƒcS3ƒsƒ#FRÓRÃ"Ã"ÃãÂÓ"ãc#“ƒcS3ƒsƒ#FRÓP­˜MŠ}‹}˜MŠ}˜"ÂÓ"ãc#3CCcsC“sss†RÓRÃ3rÃ#2ÃãÂÓ"ãc#3CCcsC“sss†RÓP­Š­‹=Ší˜­˜bÂÓ"ãc#3sS###c33vRÓRÃ2Ã2ÃãÂÓ"ãc#3sS###c33vRÓP­ŠÝ‹‹ÂÓ"ãc3ƒc#cCccƒS3CVRÓRÃRÃRÃãÂÓ"ãc3ƒc#cCccƒS3CVRÓP­Š‹M˜=Š}˜˜¢ÂÓ"ãc333#S3sCssVRÓRÃbÃbÃãÂÓ"ãc333#S3sCssVRÓP­˜˜]Š­˜Š}˜˜-˜rÂÓ"ãc33SƒSC#CC“s“&RÓRÃBÃ2ÃãÂÓ"ãc33SƒSC#CC“s“&RÓP­˜Š}Š½˜mŠ}ŠÂÓ"ãc3cCCƒ#3ƒ“3fRÓRÃ2Ã2ÃãÂÓ"ãc3cCCƒ#3ƒ“3fRÓP­˜]ŠÍ‹-˜­˜rÂÓ"ãc3cS3“ƒ3ƒc“#FRÓRÃ2Ã2ÃãÂÓ"ãc3cS3“ƒ3ƒc“#FRÓP­˜˜m‹‹Š­˜mŠrÂÓ"ãcCC33s#c3##VRÓRÃRÃRÃãÂÓ"ãcCC33s#c3##VRÓP­˜­Š½ŠŠ¢ÂÓ"ãcCƒƒCƒ#3scccsfRÓRÃÃrÃãÂÓ"ãcCƒƒCƒ#3scccsfRÓP­˜Š}˜M˜]ŠÝ˜M˜­˜­˜bÂÓ"ãcCCCCcsƒ3sƒs6RÓRÃ2Ã2ÃãÂÓ"ãcCCCCcsƒ3sƒs6RÓP­˜M˜M˜ŠÝŠýŠ}Š¢ÂÓ"ãcC“##cC3s33VRÓRÃBÃBÃãÂÓ"ãcC“##cC3s33VRÓP­ŠÝ˜-˜-˜mŠrÂÓ"ãcC#3Cc3CC3#3C–RÓRÃrÃrÃãÂÓ"ãcC#3Cc3CC3#3C–RÓP­˜Š}˜MŠ­˜-Š}‹˜­‹ÂÓ"ãcC#sƒSƒSƒ“c&RÓRÃbÃbÃãÂÓ"ãcC#sƒSƒSƒ“c&RÓP­Š}˜M˜]‹=Š}‹ÂÓ"ãcCScƒSƒ#Cs“ƒSCƒfRÓRÃ3ÃÃãÂÓ"ãcCScƒSƒ#Cs“ƒSCƒfRÓP­Š­Šý‹˜]˜}ŠrÂÓ"ãcCƒSƒSS3#“ƒsvRÓRÃBÃ2ÃãÂÓ"ãcCƒSƒSS3#“ƒsvRÓP­Š}˜MŠ½˜-Š}˜˜­˜rÂÓ"ãcS#ƒ“3S3c“SSvRÓRÃRÃ2ÃãÂÓ"ãcS#ƒ“3S3c“SSvRÓP­˜M˜M˜]˜=Š­Š‚ÂÓ"ãcS3Cs#ƒ“CS3CFRÓRÃ2Ã2ÃãÂÓ"ãcS3Cs#ƒ“CS3CFRÓP­ŠŠ­ŠÝŠý˜­Š²ÂÓ"ãcS3CsCS“S“sCRÓRÃBÃBÃãÂÓ"ãcS3CsCS“S“sCRÓP­˜M‹M˜}‹˜­˜bÂÓ"ãcSCSS3#ƒcS“#†RÓRÃBÃBÃãÂÓ"ãcSCSS3#ƒcS“#†RÓP­˜˜­ŠÝ˜˜BÂÓ"ãcSCSS3#ƒcS“#†RÓRÃBÃBÃãÂÓ"ãcSCSS3#ƒcS“#†RÓP­Š}Ší‹Š}ŠÍ˜rÂÓ"ãcSCSS3#ƒcS“#†RÓRÃBÃBÃãÂÓ"ãcSCSS3#ƒcS“#†RÓP­Š}˜MŠí‹˜­ŠÍ˜¢ÂÓ"ãcSs3s33“SS#s“c3FRÓRÃ‚Ã2ÃãÂÓ"ãcSs3s33“SS#s“c3FRÓP­Š}˜MŠÝ˜Š}ŠýŠ²ÂÓ"ãcSƒ33c#sC#S6RÓRÃrÃRÃãÂÓ"ãcSƒ33c#sC#S6RÓP­˜˜]˜Š½˜˜-˜rÂÓ"ãcc#css#SC#S“C&RÓRÃBÃBÃãÂÓ"ãcc#css#SC#S“C&RÓP­˜=˜˜]ŠŠ}˜m˜¢ÂÓ"ãcc#sCC“#Cc#†RÓRÃBÃ2ÃãÂÓ"ãcc#sCC“#Cc#†RÓP­˜Š}˜MŠ­Š}˜=ŠòÂÓ"ãccCCcS3“cCvRÓRÃ#rÃ’ÃãÂÓ"ãccCCcS3“cCvRÓP­˜˜M˜]ŠrÂÓ"ãccCS#3ccS3s#ƒfRÓRÃ2Ã2ÃãÂÓ"ãccCS#3ccS3s#ƒfRÓP­˜Š­˜‹}˜­˜bÂÓ"ãcssc3ƒSS33CvRÓRÃ32Ã#bÃãÂÓ"ãcssc3ƒSS33CvRÓP­‹=Š­Šý˜‹’ÂÓ"ãcsc#3““s#““FRÓRÃBÃBÃãÂÓ"ãcsc#3““s#““FRÓP­Š}˜M‹=‹˜­‹’ÂÓ"ãcsƒƒcc3“3S3CfRÓRÃs’ÃsRÃãÂÓ"ãcsƒƒcc3“3S3CfRÓP­˜­Š­˜]Š­‹’ÂÓ"ãcs“scCƒ““s3c#cfRÓRÃCRÃ#bÃãÂÓ"ãcs“scCƒ““s3c#cfRÓP­ŠŠ}Šý‹Š¢ÂÓ"ãcƒ“SCsƒ3c“csvRÓRÃ‚ÃrÃãÂÓ"ãcƒ“SCsƒ3c“csvRÓP­Š}‹=Š­‹ŠýŠ}ŠýŠ}Š­˜}ŠrÂÓ"ãcƒ#C“cscSCc–RÓRÃRÃRÃãÂÓ"ãcƒ#C“cscSCc–RÓP­Š‹]˜Š­˜}ŠrÂÓ"ãcƒSsSƒ#“sC##sƒcfRÓRÃ#"ÃrÃãÂÓ"ãcƒSsSƒ#“sC##sƒcfRÓP­˜M˜-Š}ŠÝŠ}Š¢ÂÓ"ãcƒsSƒcSƒƒ“c&RÓRÃbÃRÃãÂÓ"ãcƒsSƒcSƒƒ“c&RÓP­ŠŠ}˜M˜]‹‹˜˜rÂÓ"ãcƒƒcƒSS3C3#cS6RÓRÃ2Ã2ÃãÂÓ"ãcƒƒcƒSS3C3#cS6RÓP­˜]ŠÝŠ}˜­ŠòÂÓ"ãcƒ“SSƒcƒƒ6RÓRÃc‚Ã#’ÃãÂÓ"ãcƒ“SSƒcƒƒ6RÓP­ŠŠ­‹=˜˜­˜"ÂÓ"ãc“cCƒ“sƒ“cssfRÓRÃbÃBÃãÂÓ"ãc“cCƒ“sƒ“cssfRÓP­Š}˜M‹=Š}ŠÝ˜rÂÓ"ãc“3ss#“cc3#sfRÓRÃbÃRÃãÂÓ"ãc“3ss#“cc3#sfRÓP­˜MŠ­ŠÍ˜}˜­‹"ÂÓ"ãc“Cc3s“ƒ#vRÓRÃBÃ2ÃãÂÓ"ãc“Cc3s“ƒ#vRÓP­˜Š}˜MŠ}‹=Š­˜­‹Š}ŠòÂÓ"ãc“ƒƒ#3ƒSs“sCcFRÓRÃbÃ2ÃãÂÓ"ãc“ƒƒ#3ƒSs“sCcFRÓP­˜Š‹Šý˜}ŠrÂÓ"ãc““c33sƒScƒvRÓRÃRÃrÃãÂÓ"ãc““c33sƒScƒvRÓP­Š}˜]Š}‹-˜˜bÂÓ"ãsc33s“ƒC3ScFRÓRÃ‚Ã2ÃãÂÓ"ãsc33s“ƒC3ScFRÓP­‹}Š˜­˜rÂÓ"ãs“scCss3s##†RÓRÃBÃ2ÃãÂÓ"ãs“scCss3s##†RÓP­˜]‹ŠÝ˜MŠ­˜­˜bÂÓ"ãs3C3#C3“#SFRÓRÃ#ÃbÃãÂÓ"ãs3C3#C3“#SFRÓP­Š­ŠŠ}‹ŠrÂÓ"ãsSCcsC“ƒ“S6RÓRÃ’Ã’ÃãÂÓ"ãsSCcsC“ƒ“S6RÓP­Š}‹Š­Š‹ÂÓ"ãsScccƒ3#s“sVRÓRÃrÃrÃãÂÓ"ãsScccƒ3#s“sVRÓP­˜]ŠÝ‹˜RÂÓ"ãsSscssƒ3ƒcC“3VRÓRÃbÃBÃãÂÓ"ãsSscssƒ3ƒcC“3VRÓP­Š­‹}Š˜­˜-˜}ŠrÂÓ"ãsƒcscS##6RÓRÃ3’Ã3RÃãÂÓ"ãsƒcscS##6RÓP­Š}˜-‹]Š}˜rÂÓ"ãs“#CCsc#““6RÓRÃÃ’ÃãÂÓ"ãs“#CCsc#““6RÓP­Š­Š­ŠÝ‹=˜bÂÓ"ãsC““CƒƒscscFRÓRÃ‚ÃrÃãÂÓ"ãsC““CƒƒscscFRÓP­˜]‹M‹­˜BÂÓ"ãs“S“Cƒ#S##SfRÓRÃ2Ã’ÃãÂÓ"ãs“S“Cƒ#S##SfRÓP­Š}˜]ŠýŠ}ŠýŠ}Š­˜}ŠrÂÓ"ãs#3c“ƒSc#sS#c&RÓRÃBÃ2ÃãÂÓ"ãs#3c“ƒSc#sS#c&RÓP­Š}˜M˜]‹-Š}ŠýŠ}˜MŠ­‹­˜­‹˜]‹Šý˜m˜­˜rÂÓ"ãs#3###s#33C#†RÓRÃ‚ÃBÃãÂÓ"ãs#3###s#33C#†RÓP­˜‹Š}˜RÂÓ"ãs#3C“s“CsCcS#&RÓRÃBÃBÃãÂÓ"ãs#3C“s“CsCcS#&RÓP­˜MŠ}‹˜MŠ}˜bÂÓ"ãsCS“3sc“c“cƒVRÓRÃ#RÃ#"ÃãÂÓ"ãsCS“3sc“c“cƒVRÓP­Ší˜˜ÂÓ"ãscc#CC#sCc3VRÓRÃBÃBÃãÂÓ"ãscc#CC#sCc3VRÓP­Š­Š½‹˜¢ÂÓ"ãss##Sc3sC#CS†RÓRÃbÃbÃãÂÓ"ãss##Sc3sC#CS†RÓP­Š}˜MŠÝŠ}˜-˜¢ÂÓ"ãs#sC3“#c“3#VRÓRÃCBÃCÃãÂÓ"ãs#sC3“#c“3#VRÓP­Š}˜M‹=˜=˜bÂÓ"ãs##CSƒs3ƒscRÓRÃRÃRÃãÂÓ"ãs##CSƒs3ƒscRÓP­˜]‹˜-˜˜M˜rÂÓ"ãs#3s“S3““S#VRÓRÃBÃBÃãÂÓ"ãs#3s“S3““S#VRÓP­˜M˜MŠ}‹]˜˜BÂÓ"ãs#S“C#CS3#SvRÓRÃbÃ’ÃãÂÓ"ãs#S“C#CS3#SvRÓP­˜]ŠÍ˜M‹=˜¢ÂÓ"ãs#“##“SsƒSs#ƒsfRÓRÃBÃ2ÃãÂÓ"ãs#“##“SsƒSs#ƒsfRÓP­˜‹]˜Š­˜}ŠrÂÓ"ãs#“scs3cSSƒƒ3ƒVRÓRÃ"ÃÃãÂÓ"ãs#“scs3cSSƒƒ3ƒVRÓP­ŠŠ}˜M˜]‹}˜M‹˜rÂÓ"ãs#“scs3cSSƒƒ3ƒVRÓRÃ"ÃÃãÂÓ"ãs#“scs3cSSƒƒ3ƒVRÓP­˜M˜M˜]ŠM‹=‹=˜rÂÓ"ãs3Sƒc#ss3SsSS&RÓRÃSbÃbÃãÂÓ"ãs3Sƒc#ss3SsSS&RÓP­˜M˜-˜mŠ}˜rÂÓ"ãs3S3Cs3#c“##ƒ6RÓRÃ’Ã’ÃãÂÓ"ãs3S3Cs3#c“##ƒ6RÓP­Ší‹˜­‹RÂÓ"ãs3ƒ#s3ƒ##ƒ““RÓRÃÃ2ÃãÂÓ"ãs3ƒ#s3ƒ##ƒ““RÓP­Š}‹˜}Š}Š˜­˜rÂÓ"ãs3ƒ#s3ƒ##ƒ““RÓRÃÃ2ÃãÂÓ"ãs3ƒ#s3ƒ##ƒ““RÓP­˜M˜}ŠÍ˜]Š}Š¢ÂÓ"ãs3ƒ#s3ƒ##ƒ““RÓRÃÃ2ÃãÂÓ"ãs3ƒ#s3ƒ##ƒ““RÓP­Š}˜m˜ŠÍŠ}‹Š}Š¢ÂÓ"ãs3ƒ#s3ƒ##ƒ““RÓRÃÃ2ÃãÂÓ"ãs3ƒ#s3ƒ##ƒ““RÓP­Š˜‹m‹’ÂÓ"ãs3“3csƒƒƒS&RÓRÃ#2Ã2ÃãÂÓ"ãs3“3csƒƒƒS&RÓP­Š}˜M˜]‹-Š}‹‹’ÂÓ"ãs3“ƒƒ##ƒsƒvRÓRÃ‚ÃbÃãÂÓ"ãs3“ƒƒ##ƒsƒvRÓP¦&ÆG’ÂÓ"ãsC##Ccs3sc“Cc†RÓRÃrÃrÃãÂÓ"ãsC##Ccs3sc“Cc†RÓP­Š}˜M‹ŠŠýŠ}˜M˜M˜rÂÓ"ãsC##Scƒ“s“sC3ƒVRÓRÃ"Ã‚ÃãÂÓ"ãsC##Scƒ“s“sC3ƒVRÓP­ŠÍ˜˜MŠ}Š¢ÂÓ"ãsCcssƒsƒcCCcCfRÓRÃbÃbÃãÂÓ"ãsCcssƒsƒcCCcCfRÓP­˜‹˜­Š}Šý˜rÂÓ"ãsCsccƒcƒƒc†RÓRÃ"Ã’ÃãÂÓ"ãsCsccƒcƒƒc†RÓP­˜Š­ŠÝŠý˜­Š½˜}ŠrÂÓ"ãsCƒ“s3ssssCS“6RÓRÃBÃ2ÃãÂÓ"ãsCƒ“s3ssssCS“6RÓP­˜­Š}‹=˜­˜bÂÓ"ãsC“S#cSƒCs3svRÓRÃ2ÃbÃãÂÓ"ãsC“S#cSƒCs3svRÓP­Š­Š­˜=Š}˜]˜BÂÓ"ãsS#“3ƒƒƒƒs“SS“CfRÓRÃ2Ã2ÃãÂÓ"ãsS#“3ƒƒƒƒs“SS“CfRÓP­˜˜­‹]Š}Šý˜ÂÓ"ãsSS3s33CsS#†RÓRÃbÃbÃãÂÓ"ãsSS3s33CsS#†RÓP­Š}˜M˜­˜˜]Š}˜M‹M‹˜=˜}˜m‹=Š˜rÂÓ"ãsSS3s33CsS#†RÓRÃbÃbÃãÂÓ"ãsSS3s33CsS#†RÓP­˜Š}˜M˜‹Š}˜M˜­Š}Š¢ÂÓ"ãsScs#SS“ƒcs#6RÓRÃBÃBÃãÂÓ"ãsScs#SS“ƒcs#6RÓP­˜MŠÍŠ}˜]‹˜rÂÓ"ãsc#Cƒ#3ss“C3&RÓRÃBÃBÃãÂÓ"ãsc#Cƒ#3ss“C3&RÓP­˜M‹=‹‹ÂÓ"ãsc3ƒƒ#sCS3s“ƒcFRÓRÃ’Ã‚ÃãÂÓ"ãsc3ƒƒ#sCS3s“ƒcFRÓP­Š}˜M˜]Š}‹m˜­˜­˜bÂÓ"ãscSss“s3Cƒ3S†RÓRÃÃrÃãÂÓ"ãscSss“s3Cƒ3S†RÓP­Š­‹Ší˜­‹]ŠrÂÓ"ãsccSƒ#C3RÓRÃrÃBÃãÂÓ"ãsccSƒ#C3RÓP­˜M‹=˜]˜˜rÂÓ"ãscƒS““CsC3c“3fRÓRÃRÃBÃãÂÓ"ãscƒS““CsC3c“3fRÓP­˜M‹=Š}Š˜2ÂÓ"ãss#33CS#cccSƒFRÓRÃ3RÃ#2ÃãÂÓ"ãss#33CS#cccSƒFRÓP­Š}˜M˜]˜‹m˜‹˜rÂÓ"ãss#SSS“cCSScvRÓRÃbÃBÃãÂÓ"ãss#SSS“cCSScvRÓP­ŠíŠ­Š}˜RÂÓ"ãssC#CS3“sSc“fRÓRÃ’Ã‚ÃãÂÓ"ãssC#CS3“sSc“fRÓP­˜MŠ­Š­˜Š}˜˜"ÂÓ"ãsƒS“cscCSƒ“#FRÓRÃÃÃãÂÓ"ãsƒS“cscCSƒ“#FRÓP­Š­˜˜˜-Š¢ÂÓ"ãsƒ##“S“CƒC“SC&RÓRÃrÃbÃãÂÓ"ãsƒ##“S“CƒC“SC&RÓP­Š}˜M˜-˜M˜"ÂÓ"ãsƒ#3“#sƒ3C3SvRÓRÃRÃRÃãÂÓ"ãsƒ#3“#sƒ3C3SvRÓP­˜M˜MŠ}ŠŠ­˜=Š}‹ÂÓ"ãsƒ#S3ccCc#3Cc6RÓRÃ#bÃRÃãÂÓ"ãsƒ#S3ccCc#3Cc6RÓP­Š}˜M‹­‹Š}˜]Š}Š¢ÂÓ"ãsƒCs“ƒ““##“SSƒ6RÓRÃBÃbÃãÂÓ"ãsƒCs“ƒ““##“SSƒ6RÓP­Š}‹Š­‹-Š}‹-˜rÂÓ"ãsƒCƒ3Sƒ#ScS3FRÓRÃRÃRÃãÂÓ"ãsƒCƒ3Sƒ#ScS3FRÓP­˜M˜M˜]˜mŠ­Šý˜¢ÂÓ"ãsƒS3csS#S33FRÓRÃ"Ã’ÃãÂÓ"ãsƒS3csS#S33FRÓP­˜Š}˜MŠ}˜­Šý˜¢ÂÓ"ãsƒsƒCƒSs##ƒCCvRÓRÃÃ‚ÃãÂÓ"ãsƒsƒCƒSs##ƒCCvRÓP­˜M˜]Š}˜M˜=˜¢ÂÓ"ãs“C#S“C“sCcs“S6RÓRÃ2Ã2ÃãÂÓ"ãs“C#S“C“sCcs“S6RÓP­Š}‹=Š}‹=˜­Š}Š¢ÂÓ"ãs“Sc#cƒccC3RÓRÃrÃ"ÃãÂÓ"ãs“Sc#cƒccC3RÓP­Š}˜M˜MŠ}ŠÝ˜-˜rÂÓ"ãs“cc#Cs#cs3ƒ†RÓRÃ2Ã‚ÃãÂÓ"ãs“cc#Cs#cs3ƒ†RÓP­Š}˜M‹‹Š}˜"ÂÓ"ãs“ƒƒ3sS“cƒsƒ3fRÓRÃ‚Ã2ÃãÂÓ"ãs“ƒƒ3sS“cƒsƒ3fRÓP­‹=Š}˜]‹=˜˜mŠÂÂÓ"ãs““#ss3sSvRÓRÃRÃ2ÃãÂÓ"ãs““#ss3sSvRÓP­˜‹Šý˜MŠ¢ÂÓ"ãƒ#ƒs##3#SsRÓRÃbÃbÃãÂÓ"ãƒ#ƒs##3#SsRÓP­Š˜mŠýŠ­˜‹m˜­ŠÝ˜m˜‹’ÂÓ"ãƒCS#sCƒƒCs3SFRÓRÃ2Ã2ÃãÂÓ"ãƒCS#sCƒƒCs3SFRÓP­Š}˜MŠ}‹=Š­‹Š}Š­˜­ŠÍ˜­Š}Š¢ÂÓ"ãƒSssscs3#ƒ6RÓRÃrÃbÃãÂÓ"ãƒSssscs3#ƒ6RÓP­‹MŠÍ‹˜rÂÓ"ãƒSC“ƒ#csSs“36RÓRÃBÃBÃãÂÓ"ãƒSC“ƒ#csSs“36RÓP­˜Š}˜M˜]ŠMŠ­˜]‹Š}Š¢ÂÓ"ãƒcCC3Cc3C3““fRÓRÃRÃRÃãÂÓ"ãƒcCC3Cc3C3““fRÓP­‹˜-Š}‹ÂÓ"ãƒƒcƒ##cs#3&RÓRÃBÃÃãÂÓ"ãƒƒcƒ##cs#3&RÓP­Š}˜MŠ}ŠÝŠ­˜­Š}‹}˜¢ÂÓ"ãƒ“C3c#csC““FRÓRÃ3ÃRÃãÂÓ"ãƒ“C3c#csC““FRÓP­Š}˜MŠ}‹=Š­‹Š}Š­˜­ŠÍ˜­˜­˜bÂÓ"ãƒsƒcC#Ss#C“VRÓRÃbÃÃãÂÓ"ãƒsƒcC#Ss#C“VRÓP­˜Š}˜M˜]‹]‹˜˜Š}Š¢ÂÓ"ãƒ3“SScCS3#–RÓRÃ2Ã2ÃãÂÓ"ãƒ3“SScCS3#–RÓP­˜˜Š}‹"ÂÓ"ãƒCcƒsc“Sc#sVRÓRÃcÃbÃãÂÓ"ãƒCcƒsc“Sc#sVRÓP­Š}˜M˜]‹MŠ}‹˜=Š}Š¢ÂÓ"ãƒsS3##cc3cC3ƒ†RÓRÃrÃBÃãÂÓ"ãƒsS3##cc3cC3ƒ†RÓP­˜Š}˜M˜‹˜¢ÂÓ"ãƒƒCSScC#SS#VRÓRÃBÃBÃãÂÓ"ãƒƒCSScC#SS#VRÓP­˜˜]˜m‹’ÂÓ"ãƒ###“3sSƒcSScƒ†RÓRÃRÃRÃãÂÓ"ãƒ###“3sSƒcSScƒ†RÓP­˜M˜]˜m‹MŠ}Š¢ÂÓ"ãƒ#3Sƒ#SƒCsc#VRÓRÃ2Ã2ÃãÂÓ"ãƒ#3Sƒ#SƒCsc#VRÓP­˜]‹M‹˜‹Š}Š¢ÂÓ"ãƒ#SssƒcSsss3C6RÓRÃCÃ#bÃãÂÓ"ãƒ#SssƒcSsss3C6RÓP­˜Š­‹]˜m˜­‹’ÂÓ"ãƒ#cCc3s#ƒcsS3vRÓRÃÃ‚ÃãÂÓ"ãƒ#cCc3s#ƒcsS3vRÓP­Š}˜M˜]ŠÍŠ}˜m˜­˜rÂÓ"ãƒ#scs“ƒ#3S“s#ƒ“vRÓRÃ32Ã"ÃãÂÓ"ãƒ#scs“ƒ#3S“s#ƒ“vRÓP­˜M˜M˜]‹‹‹bÂÓ"ãƒ#ƒC#cs3CSS“†RÓRÃBÃBÃãÂÓ"ãƒ#ƒC#cs3CSS“†RÓP­ŠÝŠÍ‹ÂÓ"ãƒ#“ƒs3“SƒccC#fRÓRÃÃÃãÂÓ"ãƒ#“ƒs3“SƒccC#fRÓP­ŠŠÍ˜}˜ŠòÂÓ"ãƒ3#c3#“c“SsCVRÓRÃ’ÃrÃãÂÓ"ãƒ3#c3#“c“SsCVRÓP­‹ŠŠ}‹2ÂÓ"ãƒ3ƒ““ƒcS#ƒS†RÓRÃ"ÃBÃãÂÓ"ãƒ3ƒ““ƒcS#ƒS†RÓP­Š˜Š­ŠÒÂÓ"ãƒ3ƒCssc“#ƒSCCcfRÓRÃ"ÃrÃãÂÓ"ãƒ3ƒCssc“#ƒSCCcfRÓP­˜Š­‹=Šý˜­ŠòÂÓ"ãƒ3ƒs3“s“#SS#RÓRÃRÃRÃãÂÓ"ãƒ3ƒs3“s“#SS#RÓP­˜Š}˜M˜˜-‹˜rÂÓ"ãƒCƒ“#c#ƒ##3s3†RÓRÃBÃ2ÃãÂÓ"ãƒCƒ“#c#ƒ##3s3†RÓP­Š}˜M˜]‹}‹˜ŠÝ˜rÂÓ"ãƒScS#“#3SsC†RÓRÃrÃ"ÃãÂÓ"ãƒScS#“#3SsC†RÓP­Š}˜Š‹ÂÓ"ãƒS“c“cC“sc“C&RÓRÃ3rÃ’ÃãÂÓ"ãƒS“c“cC“sc“C&RÓP­Š}ŠŠýŠ}‹’ÂÓ"ãƒS333SCcsƒ33SvRÓRÃBÃRÃãÂÓ"ãƒS333SCcsƒ33SvRÓP­˜M˜M‹˜]˜BÂÓ"ãƒSCSc#Cƒƒƒ#SVRÓRÃsRÃC‚ÃãÂÓ"ãƒSCSc#Cƒƒƒ#SVRÓP­˜M˜MŠ­˜m˜-˜BÂÓ"ãƒc#sƒS“S#3#FRÓRÃ2Ã2ÃãÂÓ"ãƒc#sƒS“S#3#FRÓP­Š}ŠýŠ}‹Š­˜}˜RÂÓ"ãƒc#sƒ#sCC#SvRÓRÃrÃbÃãÂÓ"ãƒc#sƒ#sCC#SvRÓP­˜]Š­Š}Š‹˜­˜bÂÓ"ãƒccs3#CS3c3“cC“FRÓRÃ’ÃBÃãÂÓ"ãƒccs3#CS3c3“cC“FRÓP­Š}˜MŠ˜m˜¢ÂÓ"ãƒcs#ƒccs“SsfRÓRÃ‚ÃrÃãÂÓ"ãƒcs#ƒccs“SsfRÓP­˜MŠ˜­‹˜}ŠrÂÓ"ãƒcsSƒ#C#S3ƒsSVRÓRÃRÃBÃãÂÓ"ãƒcsSƒ#C#S3ƒsSVRÓP­Š}‹=Š­‹Š}Š­˜­ŠÍ˜­Š}Š¢ÂÓ"ãƒs#cs“#3S#3VRÓRÃrÃ2ÃãÂÓ"ãƒs#cs“#3S#3VRÓP­Š}˜M‹m‹˜­˜˜rÂÓ"ãƒsƒCs3Cs3fRÓRÃBÃ2ÃãÂÓ"ãƒsƒCs3Cs3fRÓP­˜­Š­‹=˜M˜RÂÓ"ãƒsCs##“CS“3“fRÓRÃBÃBÃãÂÓ"ãƒsCs##“CS“3“fRÓP­Š}˜MŠŠýŠ}˜­˜rÂÓ"ãƒss3C#sCCC33“3cFRÓRÃ‚ÃrÃãÂÓ"ãƒss3C#sCCC33“3cFRÓP­˜Š}‹˜]Š}˜BÂÓ"ãƒƒ#S3C3ƒƒCC3S6RÓRÃ#bÃrÃãÂÓ"ãƒƒ#S3C3ƒƒCC3S6RÓP­˜Š­‹Š­˜­Š‚ÂÓ"ãƒƒ3#c“SCsSSVRÓRÃRÃBÃãÂÓ"ãƒƒ3#c“SCsSSVRÓP­Š­‹‹˜­˜˜¢ÂÓ"ãƒƒC#s“ƒS“sƒ3s†RÓRÃBÃBÃãÂÓ"ãƒƒC#s“ƒS“sƒ3s†RÓP­Š}Ší˜MŠ}˜BÂÓ"ãƒ“CSCSCsS“SCs“†RÓRÃ2Ã2ÃãÂÓ"ãƒ“CSCSCsS“SCs“†RÓP­˜Š­ŠÍŠýŠòÂÓ"ãƒ“CSCSCsS“SCs“†RÓRÃ2Ã2ÃãÂÓ"ãƒ“CSCSCsS“SCs“†RÓP­‹}Š˜­‹˜­˜rÂÓ"ãƒ“#ssSC#cSC“scfRÓRÃbÃbÃãÂÓ"ãƒ“#ssSC#cSC“scfRÓP­˜]Š˜=‹˜rÂÓ"ãƒ“SS3“scSCƒC3ƒvRÓRÃ’Ã‚ÃãÂÓ"ãƒ“SS3“scSCƒC3ƒvRÓP­Š}˜MŠ˜MŠ}‹=Š­˜­˜=˜¢ÂÓ"ãƒ““cc“Sƒ“†RÓRÃRÃ2ÃãÂÓ"ãƒ““cc“Sƒ“†RÓP­ŠŠ}˜MŠ}‹=Š­˜]‹Š}‹ÂÓ"ã“3#“ƒ“ƒsc3#vRÓRÃRÃ2ÃãÂÓ"ã“3#“ƒ“ƒsc3#vRÓP­Š}˜M˜]‹-Š}ŠýŠ}˜MŠ­‹­˜­‹Š­˜=Š}˜˜BÂÓ"ã“s#sScS#VRÓRÃÃBÃãÂÓ"ã“s#sScS#VRÓP­Š­˜-Š}˜RÂÓ"ã“s##c3“Cƒ#ƒ“ƒ&RÓRÃ2Ã2ÃãÂÓ"ã“s##c3“Cƒ#ƒ“ƒ&RÓP­Š}˜M˜=‹Š˜˜m˜¢ÂÓ"ã“sCƒ#3ƒsS3FRÓRÃ#RÃ‚ÃãÂÓ"ã“sCƒ#3ƒsS3FRÓP­Š}‹=Š­ŠíŠý˜RÂÓ"ã“#sƒ#C#cC6RÓRÃbÃbÃãÂÓ"ã“#sƒ#C#cC6RÓP­˜Š}‹]ŠŠÒÂÓ"ã“Scƒcƒ#3#c33ƒ†RÓRÃRÃRÃãÂÓ"ã“Scƒcƒ#3#c33ƒ†RÓP­˜]ŠÝŠ­˜˜­Š}Š¢ÂÓ"ã“#3#cC#CƒcCs6RÓRÃbÃRÃãÂÓ"ã“#3#cC#CƒcCs6RÓP¤ÒÂÓ"ã“3S#sƒc##“C†RÓRÃÃ2ÃãÂÓ"ã“3S#sƒc##“C†RÓP­ŠŠ}˜MŠý˜‹˜rÂÓ"ã“SSƒs#sCs3c#SVRÓRÃ2Ã2ÃãÂÓ"ã“SSƒs#sCs3c#SVRÓP­˜M˜M˜]‹-˜­ŠòÂÓ"ã“ƒ#cCc#scsCS–RÓRÃ’Ã2ÃãÂÓ"ã“ƒ#cCc#scsCS–RÓP­‹=˜­‹Š­˜rÂÓ"ã“#““Ssƒ“C3C&RÓRÃrÃRÃãÂÓ"ã“#““Ssƒ“C3C&RÓP­ŠŠý˜­˜Š}˜bÂÓ"ã“##s33ƒ“s#Sc#3svRÓRÃ‚Ã‚ÃãÂÓ"ã“##s33ƒ“s#Sc#3svRÓP­˜]˜m‹MŠ}Š­˜}ŠrÂÓ"ã“#scs#s#ssCC6RÓRÃrÃbÃãÂÓ"ã“#scs#s#ssCC6RÓP­˜=˜MŠ}‹˜­Š}˜mŠ¢ÂÓ"ã“33CƒscS“ƒCC3VRÓRÃ#Ã’ÃãÂÓ"ã“33CƒscS“ƒCC3VRÓP­˜]˜m‹˜RÂÓ"ã“3#33“S““scCƒfRÓRÃrÃBÃãÂÓ"ã“3#33“S““scCƒfRÓP­Š}‹=Š­Ší˜MŠ}‹RÂÓ"ã“3c3c3S3“#S&RÓRÃBÃBÃãÂÓ"ã“3c3c3S3“#S&RÓP­Š}˜M˜M˜Š}ŠÂÓ"ã“3“#SS“ƒ“S#ƒs“vRÓRÃÃrÃãÂÓ"ã“3“#SS“ƒ“S#ƒs“vRÓP­Š­‹=Š}˜˜¢ÂÓ"ã“Cs#sssƒ#s“““&RÓRÃbÃBÃãÂÓ"ã“Cs#sssƒ#s“““&RÓP­˜MŠ}‹Š­˜]Š}Šý˜}ŠrÂÓ"ã“C3ƒ#“““Ss3ƒCCFRÓRÃbÃbÃãÂÓ"ã“C3ƒ#“““Ss3ƒCCFRÓP­˜Š­‹=˜M˜­‹rÂÓ"ã“C3“ƒƒsƒccC“RÓRÃ2Ã2ÃãÂÓ"ã“C3“ƒƒsƒccC“RÓP­Š}˜M˜]‹-Š}ŠýŠ}˜MŠ­‹­˜­‹Š}‹=˜MŠ}˜2ÂÓ"ã“C“ƒ“C“SS“ƒCVRÓRÃBÃRÃãÂÓ"ã“C“ƒ“C“SS“ƒCVRÓP­Š‹­‹bÂÓ"ã“C“ƒc33SƒCS#c&RÓRÃ"Ã‚ÃãÂÓ"ã“C“ƒc33SƒCS#c&RÓP­˜˜]ŠŠ}Šý‹Š}Š­˜}ŠrÂÓ"ã“ScƒƒCc“6RÓRÃbÃRÃãÂÓ"ã“ScƒƒCc“6RÓP­Š}Š­˜Š}˜-˜­Š­˜}ŠrÂÓ"ã“S#3CCƒcC#sC&RÓRÃBÃ2ÃãÂÓ"ã“S#3CCƒcC#sC&RÓP­ŠíŠ‹Š}Š­˜}ŠrÂÓ"ã“S33cs3cƒSfRÓRÃÃÃãÂÓ"ã“S33cs3cƒSfRÓP­˜˜M˜Š}ŠmŠÝ˜rÂÓ"ã“SS#3“cc#c“#sFRÓRÃRÃBÃãÂÓ"ã“SS#3“cc#c“#sFRÓP­ŠÝ˜-˜˜BÂÓ"ã“SccscsSC##sCcFRÓRÃ2Ã2ÃãÂÓ"ã“SccscsSC##sCcFRÓP­Š}˜M˜]‹-Š}ŠýŠ}˜MŠ­‹­˜­‹Š}˜MŠíŠ˜­‹ÂÓ"ã“S“cS3ƒSc3cc&RÓRÃÃBÃãÂÓ"ã“S“cS3ƒSc3cc&RÓP­Š}˜M˜]˜m˜­‹’ÂÓ"ã“cƒ#s“#ƒS#FRÓRÃbÃ2ÃãÂÓ"ã“cƒ#s“#ƒS#FRÓP­˜Š}˜MŠ­˜-˜­˜­˜RÂÓ"ã“c#sS3#3sƒ&RÓRÃBÃBÃãÂÓ"ã“c#sS3#3sƒ&RÓP­Š}˜M‹˜]Š}ŠòÂÓ"ã“c#Sƒc“CƒC“c“†RÓRÃ‚Ã2ÃãÂÓ"ã“c#Sƒc“CƒC“c“†RÓP­Š}˜M‹}˜Š}‹ŠbÂÓ"ã“cs#sCc3“#ƒVRÓRÃ#bÃ‚ÃãÂÓ"ã“cs#sCc3“#ƒVRÓP­Š­Š­˜­ŠÒÂÓ"ã“cƒSSsƒ“SS3S–RÓRÃC2Ã3"ÃãÂÓ"ã“cƒSSsƒ“SS3S–RÓP­Š}˜M‹˜MŠ}˜]Š}Š¢ÂÓ"ã“sS#ƒC“c33C†RÓRÃ3Ã2ÃãÂÓ"ã“sS#ƒC“c33C†RÓP­Š}˜M˜]‹M‹˜‹˜­˜bÂÓ"ã“s##s3ƒcc3#ƒ#fRÓRÃ2Ã2ÃãÂÓ"ã“s##s3ƒcc3#ƒ#fRÓP­Ší‹]‹RÂÓ"ã“s#CcS“33ƒ6RÓRÃ2Ã2ÃãÂÓ"ã“s#CcS“33ƒ6RÓP­˜Š­˜m‹RÂÓ"ã“s3SƒcSS“#33FRÓRÃRÃRÃãÂÓ"ã“s3SƒcSS“#33FRÓP­˜]˜mŠÍ˜RÂÓ"ã“sc“ccS“33#fRÓRÃ#RÃ"ÃãÂÓ"ã“sc“ccS“33#fRÓP­Š­‹‹˜­˜˜­ŠrÂÓ"ã“sƒCccsC#c#FRÓRÃBÃ2ÃãÂÓ"ã“sƒCccsC#c#FRÓP­ŠÍŠ}‹ÂÓ"ã“sƒ3CSc3C“VRÓRÃbÃÃãÂÓ"ã“sƒ3CSc3C“VRÓP­˜ŠÝ‹]˜rÂÓ"ã“s“3s#“ƒC“ƒsSS6RÓRÃ’Ã’ÃãÂÓ"ã“s“3s#“ƒC“ƒsSS6RÓP­Š­Š}Ší˜­‹ÂÓ"ã“ƒ#s3ƒcsƒVRÓRÃ’ÃÃãÂÓ"ã“ƒ#s3ƒcsƒVRÓP­˜Š}˜M˜]˜]˜­‹-Š}Š¢ÂÓ"ã“ƒ#ƒcSSs#“sS“–RÓRÃRÃRÃãÂÓ"ã“ƒ#ƒcSSs#“sS“–RÓP­˜Š}˜MŠ­ŠÝ˜M˜­˜MŠ}Š¢ÂÓ"ã“ƒƒsSSCccƒCS33FRÓRÃrÃBÃãÂÓ"ã“ƒƒsSSCccƒCS33FRÓP­˜ŠŠ}˜mŠí˜Š}‹bÂÓ"ã““SCSƒ##3ƒ““cVRÓRÃBÃBÃãÂÓ"ã““SCSƒ##3ƒ““cVRÓP­‹=˜­‹M˜}ŠòÂÓ"ã““s3SSc“cscvRÓRÃrÃBÃãÂÓ"ã““s3SSc“cscvRÓP­˜M‹-ŠŠ}Šm˜m˜}ŠrÂÓ"ã““S#s##33ScC&RÓRÃrÃrÃãÂÓ"ã““S#s##33ScC&RÓP­‹=˜­Š}‹=Š}Š¢ÂÓ"ã““Ss“ƒC3#ƒS3s3&RÓRÃ#2ÃbÃãÂÓ"ã““Ss“ƒC3#ƒS3s3&RÓP­Š}˜M˜]‹‹=˜˜]˜rÂÓ"ã““ƒsSCsc“#ƒcƒVRÓRÃ2Ã2ÃãÂÓ"ã““ƒsSCsc“#ƒcƒVRÓP­‹=Š­ŠÝ˜˜BÂÓ2ã#cCCSƒC#“ƒCS†RÓRÃrÃRÃãÂÓ2ã#cCCSƒC#“ƒCS†RÓP­Š}˜M˜m˜Š}˜‹ÂÓ2ãƒCsƒ3C3ƒCcC6RÓRÃ2Ã2ÃãÂÓ2ãƒCsƒ3C3ƒCcC6RÓP­˜‹mŠâÂÓ2ã“ƒ3SCsSs“CCƒvRÓRÃRÃ2ÃãÂÓ2ã“ƒ3SCsSs“CCƒvRÓP­Š­‹­‹˜­Šý˜rÂÓ2ãC3“ƒc#ss3cCFRÓRÃ#‚Ã#BÃãÂÓ2ãC3“ƒc#ss3cCFRÓP­Š}˜MŠŠÝ˜­‹ÂÓ2ãS3C“##s#3C#RÓRÃ2Ã2ÃãÂÓ2ãS3C“##s#3C#RÓP­˜M˜]˜Š}ŠòÂÓ2ã#SscS#sƒ#“FRÓRÃ2Ã2ÃãÂÓ2ã#SscS#sƒ#“FRÓP­˜MŠÝ˜-˜˜"ÂÓ2ã#Ss“3S“cƒCƒ“3†RÓRÃBÃBÃãÂÓ2ã#Ss“3S“cƒCƒ“3†RÓP­Š}˜MŠ­Šý˜-˜­˜"ÂÓ2ã#CC#sc“#ƒs#3c“vRÓRÃrÃRÃãÂÓ2ã#CC#sc“#ƒs#3c“vRÓP­˜˜mŠí˜‹bÂÓ2ã#Ss#c“##Sc#“c#VRÓRÃ#Ã#ÃãÂÓ2ã#Ss#c“##Sc#“c#VRÓP­‹]ŠÝ˜¢ÂÓ2ã#s#S“cS#CS“†RÓRÃ’Ã‚ÃãÂÓ2ã#s#S“cS#CS“†RÓP­Š}˜MŠí‹=Š}‹˜rÂÓ2ã#s#“333Cƒscs–RÓRÃ#"ÃÃãÂÓ2ã#s#“333Cƒscs–RÓP­ŠŠ}˜M˜]‹=Š­˜-Š˜BÂÓ2ã#s3cCsƒSƒ#ƒccfRÓRÃ2Ã2ÃãÂÓ2ã#s3cCsƒSƒ#ƒccfRÓP­Š­‹˜˜­‹m˜rÂÓ2ã#sSC“33C3“ƒvRÓRÃRÃBÃãÂÓ2ã#sSC“33C3“ƒvRÓP­˜˜]Š}˜M˜¢ÂÓ2ã#“S#c#ƒ“SsfRÓRÃBÃBÃãÂÓ2ã#“S#c#ƒ“SsfRÓP­˜Š}˜MŠ}‹­‹˜­˜rÂÓ2ã3Sƒ3cCc#S3“3CvRÓRÃ2Ã2ÃãÂÓ2ã3Sƒ3cCc#S3“3CvRÓP­˜=˜]‹ŠÝ˜M˜rÂÓ2ãC#3#sS3“#sc6RÓRÃbÃbÃãÂÓ2ãC#3#sS3“#sc6RÓP­˜Š}‹=Š­Ší˜MŠ}‹RÂÓ2ãCSƒ“3Cc#ƒsC3“VRÓRÃBÃBÃãÂÓ2ãCSƒ“3Cc#ƒsC3“VRÓP­˜Š}˜M˜}Š}Šý˜˜rÂÓ2ãS3“S“3“CC–RÓRÃ‚ÃRÃãÂÓ2ãS3“S“3“CC–RÓP­˜]‹=ŠM˜˜MŠrÂÓ2ãSSCCC“3CSCƒ3SfRÓRÃBÃ2ÃãÂÓ2ãSSCCC“3CSCƒ3SfRÓP­Š}˜M‹Šý˜­Šý˜rÂÓ2ãScSCƒ3“sƒ“RÓRÃ2Ã2ÃãÂÓ2ãScSCƒ3“sƒ“RÓP­Š}˜MŠ­‹]Š}‹˜­ŠÒÂÓ2ãSs3C“ss#3S#ƒfRÓRÃbÃRÃãÂÓ2ãSs3C“ss#3S#ƒfRÓP­˜]‹=Š­˜]‹ŠrÂÓ2ãSss3#C3ScƒfRÓRÃ‚Ã‚ÃãÂÓ2ãSss3#C3ScƒfRÓP­˜]‹M‹­˜M˜­˜bÂÓ2ãc#ƒccCccS#sƒvRÓRÃBÃBÃãÂÓ2ãc#ƒccCccS#sƒvRÓP­Š}˜=˜]Š}˜M˜}ŠrÂÓ2ãcC3CSs“C3ccVRÓRÃRÃRÃãÂÓ2ãcC3CSs“C3ccVRÓP­Š}˜M˜-Š}‹’ÂÓ2ãcS3ƒ3sSsSƒfRÓRÃRÃBÃãÂÓ2ãcS3ƒ3sSsSƒfRÓP­˜]˜mŠ}‹=Š‚ÂÓ2ãss3cCƒ##sC6RÓRÃrÃbÃãÂÓ2ãss3cCƒ##sC6RÓP­‹=˜­ŠÝ˜-˜"ÂÓ2ãs#sƒC““3SƒS3FRÓRÃRÃRÃãÂÓ2ãs#sƒC““3SƒS3FRÓP­Š}˜MŠŠ­‹˜˜=˜­˜]Š}˜˜­Š}Š­Š}˜M‹M‹˜=˜}Š}˜MŠ­˜‹]˜­˜}Š}˜M‹=‹‹ÂÓ2ãsS“3ƒ“##“s6RÓRÃÃBÃãÂÓ2ãsS“3ƒ“##“s6RÓP­˜]ŠíŠ}˜M˜Š}Š¢ÂÓ2ãs“#3“ƒ3##s33VRÓRÃ3Ã’ÃãÂÓ2ãs“#3“ƒ3##s33VRÓP­Š}˜M˜]Š­Š˜-˜¢ÂÓ2ãs“Cs“#3“CFRÓRÃ#‚ÃbÃãÂÓ2ãs“Cs“#3“CFRÓP­Š­˜M˜-˜­˜}˜]ŠrÂÓ2ãƒccssƒcC#ƒ#vRÓRÃBÃ2ÃãÂÓ2ãƒccssƒcC#ƒ#vRÓP­Š}‹‹}Š}ŠÂÓ2ã“SS“C#3cS#“SFRÓRÃbÃbÃãÂÓ2ã“SS“C#3cS#“SFRÓP­Š}˜MŠ}˜m‹MŠ}ŠŠ}Š¢ÂÓ2ã““C3CCC##333fRÓRÃÃbÃãÂÓ2ã““C3CCC##333fRÓP­˜]‹MŠýŠý˜rÂÓ2ãS3Cƒ“ƒSCsƒfRÓRÃrÃrÃãÂÓ2ãS3Cƒ“ƒSCsƒfRÓP­˜]˜=Š­Š˜rÂÓ2ãƒC“3“#FRÓRÃrÃbÃãÂÓ2ãƒC“3“#FRÓP­Š}ŠýŠ}˜rÂÓ2ã3cs33#C3S3S3VRÓRÃ#Ã"ÃãÂÓ2ã3cs33#C3S3S3VRÓP­˜MŠ}˜m˜rÂÓ2ãC3scCcsSc3“fRÓRÃÃ’ÃãÂÓ2ãC3scCcsSc3“fRÓP­Š­˜m˜˜rÂÓ2ã##ss3ƒ3cC#Ss&RÓRÃRÃRÃãÂÓ2ã##ss3ƒ3cC#Ss&RÓP­˜ŠíŠ˜­‹ÂÓ2ã#ƒƒSs3C#s3C#fRÓRÃBÃBÃãÂÓ2ã#ƒƒSs3C#s3C#fRÓP­ŠÝŠýŠ½Š¢ÂÓ2ã3#“c“s#3#6RÓRÃÃ’ÃãÂÓ2ã3#“c“s#3#6RÓP­Š‹]˜Š­˜rÂÓ2ã3ƒ“S3cs#3FRÓRÃ‚ÃÃãÂÓ2ã3ƒ“S3cs#3FRÓP­‹˜­˜mŠ¢ÂÓ2ã3#33c#“CscsCfRÓRÃ2Ã"ÃãÂÓ2ã3#33c#“CscsCfRÓP­˜MŠ}‹=Š­˜­‹Š}Š‚ÂÓ2ã3Sc3#s“fRÓRÃrÃBÃãÂÓ2ã3Sc3#s“fRÓP­˜MŠ­Ší‹]˜­‹RÂÓ2ã3S3ƒ#s3“ƒ#–RÓRÃ2Ã2ÃãÂÓ2ã3S3ƒ#s3“ƒ#–RÓP­˜Š˜]‹Šý˜BÂÓ2ã3SC3SƒCS“CFRÓRÃÃ‚ÃãÂÓ2ã3SC3SƒCS“CFRÓP­˜˜]˜mŠ}˜-‹M˜rÂÓ2ã3cƒ“SƒC3#ƒ“#fRÓRÃ’Ã‚ÃãÂÓ2ã3cƒ“SƒC3#ƒ“#fRÓP­˜Š½Š}Šm˜"ÂÓ2ãC#c““S#“SƒsSVRÓRÃBÃBÃãÂÓ2ãC#c““S#“SƒsSVRÓP­˜˜]‹‹‹bÂÓ2ãC3cS#ƒs333&RÓRÃ2Ã2ÃãÂÓ2ãC3cS#ƒs333&RÓP­Š}‹=˜‹ÂÓ2ãCSsssCƒƒ“3s“–RÓRÃ2Ã2ÃãÂÓ2ãCSsssCƒƒ“3s“–RÓP­˜m˜˜¢ÂÓ2ãCcCC#“cccSSvRÓRÃrÃBÃãÂÓ2ãCcCC#“cccSSvRÓP­˜˜]˜]Š½˜BÂÓ2ãS“c33#cƒ#sSfRÓRÃRÃRÃãÂÓ2ãS“c33#cƒ#sSfRÓP­˜‹‹˜}ŠrÂÓ2ãcsSƒ3c#sCc#fRÓRÃrÃBÃãÂÓ2ãcsSƒ3c#sCc#fRÓP­˜-˜M˜"ÂÓ2ãcs“sC#Ss“SC†RÓRÃrÃbÃãÂÓ2ãcs“sC#Ss“SC†RÓP­‹˜}Š‚ÂÓ2ãcs““sS3SSC“vRÓRÃBÃBÃãÂÓ2ãcs““sS3SSC“vRÓP­Š}˜M˜]˜=Š­‹=ŠŠ}Š¢ÂÓ2ãs#“ƒCsSS#Cs#CFRÓRÃBÃBÃãÂÓ2ãs#“ƒCsSS#Cs#CFRÓP­˜Š}‹=‹’ÂÓ2ãs3c“Cs“3S“#6RÓRÃ#ÃrÃãÂÓ2ãs3c“Cs“3S“#6RÓP­ŠŠÝ˜"ÂÓ2ãsSc““c#ƒ3C–RÓRÃ#"Ã’ÃãÂÓ2ãsSc““c#ƒ3C–RÓP­Šý˜‹Š}Š¢ÂÓ2ãsSƒ“ƒc##C##ƒC#fRÓRÃ#BÃBÃãÂÓ2ãsSƒ“ƒc##C##ƒC#fRÓP­Š}˜M˜]ŠÝŠ}‹=Š˜¢ÂÓ2ãssƒ#S3#CC“†RÓRÃ3’ÃbÃãÂÓ2ãssƒ#S3#CC“†RÓP­˜MŠ}‹-˜]˜rÂÓ2ãs“S3S33SƒS3†RÓRÃ2Ã2ÃãÂÓ2ãs“S3S33SƒS3†RÓP­˜}˜mŠý‹=˜rÂÓ2ãƒcs“Sƒ###fRÓRÃrÃbÃãÂÓ2ãƒcs“Sƒ###fRÓP­Š­‹˜M˜­˜-˜}ŠrÂÓ2ãƒ#“33cS“3ƒ–RÓRÃrÃbÃãÂÓ2ãƒ#“33cS“3ƒ–RÓP­˜‹˜­˜mŠ¢ÂÓ2ãƒ“c#c“csS“VRÓRÃBÃBÃãÂÓ2ãƒ“c#c“csS“VRÓP­Š‹Š}‹=˜]Š}˜BÂÓ2ãƒ“c“CCƒSƒsc#&RÓRÃrÃRÃãÂÓ2ãƒ“c“CCƒSƒsc#&RÓP­˜Š}˜m˜=˜]Š}‹BÂÓ2ãƒ“ƒSSC“#Sc3ƒcfRÓRÃbÃbÃãÂÓ2ãƒ“ƒSSC“#Sc3ƒcfRÓP­˜m‹]˜­Š˜}ŠrÂÓ2ã“3cC3ƒƒ““cFRÓRÃBÃ2ÃãÂÓ2ã“3cC3ƒƒ““cFRÓP­‹]˜mŠ}‹Š}Š­˜}ŠrÂÓ2ã“C#sƒsSscƒ3fRÓRÃBÃBÃãÂÓ2ã“C#sƒsSscƒ3fRÓP­˜M˜M‹ŠŠÒÂÓ2ã“C3ƒ3S#sCScVRÓRÃRÃBÃãÂÓ2ã“C3ƒ3S#sCScVRÓP­˜]˜m‹=˜Š˜­˜}ŠrÂÓ2ã“S“3sS3S“cVRÓRÃÃrÃãÂÓ2ã“S“3sS3S“cVRÓP­Š}˜M‹M‹˜­˜}˜¢ÂÓ2ã“S“c33#sCCRÓRÃ’ÃBÃãÂÓ2ã“S“c33#sCCRÓP­˜]˜Š}‹m˜­‹’ÂÓ2ã“ƒCSƒ3ƒƒS&RÓRÃ2Ã2ÃãÂÓ2ã“ƒCSƒ3ƒƒS&RÓP­˜˜­‹M˜}ŠòÂÓ2ã““3C“#Csƒ#fRÓRÃ2Ã2ÃãÂÓ2ã““3C“#Csƒ#fRÓP­Ší˜­Š}‹rÂÓ2ã#CSƒ3ssƒcƒ†RÓRÃ‚Ã2ÃãÂÓ2ã#CSƒ3ssƒcƒ†RÓP­Š­‹M˜­˜bÂÓ2ã#C#ƒSsS3c–RÓRÃRÃ2ÃãÂÓ2ã#C#ƒSsS3c–RÓP­˜Š}˜MŠ‹˜]ŠÍ˜­Š}Š¢ÂÓ2ã#CS#3#“ccƒƒ&RÓRÃ2Ã2ÃãÂÓ2ã#CS#3#“ccƒƒ&RÓP­˜Š}˜M‹=˜­Š}‹=Š}Š¢ÂÓ2ã#“c3CCS#Cs“vRÓRÃBÃ"ÃãÂÓ2ã#“c3CCS#Cs“vRÓP­˜M˜]‹M‹˜‹Š}Š­˜}ŠrÂÓ2ã##S#“ƒ“3s3VRÓRÃ2Ã2ÃãÂÓ2ã##S#“ƒ“3s3VRÓP­˜‹˜M˜­ŠrÂÓ2ã#3s#sSƒƒSFRÓRÃrÃbÃãÂÓ2ã#3s#sSƒƒSFRÓP­˜Š}ŠýŠ}‹˜­˜rÂÓ2ã####ƒsSC3##FRÓRÃrÃRÃãÂÓ2ã####ƒsSC3##FRÓP­˜Š­˜ŠÍ˜­˜rÂÓ2ã##C3c33“ƒ3Ss“SƒfRÓRÃrÃbÃãÂÓ2ã##C3c33“ƒ3Ss“SƒfRÓP­Š}˜MŠÍ˜]‹˜­˜}˜]‹˜˜-˜]‹˜M˜˜]Š}Š¢ÂÓ2ã##C“s##Sƒ33CSCfRÓRÃbÃbÃãÂÓ2ã##C“s##Sƒ33CSCfRÓP¤æG&ö–BÂÓ2ã##“3ƒc3c“S“CfRÓRÃ2Ã2ÃãÂÓ2ã##“3ƒc3c“S“CfRÓP­ŠŠ}˜M‹˜]˜MŠ}Š¢ÂÓ2ã#3#sƒƒ3cScsS–RÓRÃ‚Ã2ÃãÂÓ2ã#3#sƒƒ3cScsS–RÓP­Š}˜M˜­˜-˜­˜bÂÓ2ã#3333c3“Cc3†RÓRÃBÃ2ÃãÂÓ2ã#3333c3“Cc3†RÓP­Š}ŠíŠ­˜­Š}‹˜¢ÂÓ2ã#3“3#33##svRÓRÃRÃ2ÃãÂÓ2ã#3“3#33##svRÓP­Š}˜­˜-Š}˜ŠrÂÓ2ã#C#33cc“3#S33RÓRÃrÃrÃãÂÓ2ã#C#33cc“3#S33RÓP­Š­˜M‹Š‚ÂÓ2ã#Cc#“Ss33ƒcsSFRÓRÃrÃbÃãÂÓ2ã#Cc#“Ss33ƒcsSFRÓP­Š˜­Š}‹˜¢ÂÓ2ã#C“cƒ“ƒ“ƒƒcsS6RÓRÃ2Ã’ÃãÂÓ2ã#C“cƒ“ƒ“ƒƒcsS6RÓP­Š‹˜]˜M˜­˜rÂÓ2ã#Sc3ƒSS3cscVRÓRÃ‚ÃbÃãÂÓ2ã#Sc3ƒSS3cscVRÓP­Š­˜˜MŠòÂÓ2ã#S#3ƒs“sƒs6RÓRÃ2Ã2ÃãÂÓ2ã#S#3ƒs“sƒs6RÓP­˜­˜Š½‹ÂÓ2ã#S33cƒc3SSƒVRÓRÃ2Ã2ÃãÂÓ2ã#S33cƒc3SSƒVRÓP­˜­˜ŠÍŠýŠ}˜M˜]˜M˜Š}Š¢ÂÓ2ã#Sƒc3ss“s“3RÓRÃrÃrÃãÂÓ2ã#Sƒc3ss“s“3RÓP­˜]‹-ŠÂÂÓ2ã#ccƒS““ƒFRÓRÃ2Ã2ÃãÂÓ2ã#ccƒS““ƒFRÓP­˜MŠ}‹=˜M˜=˜­˜rÂÓ2ã#c33sSƒƒ#cƒs6RÓRÃ2Ã2ÃãÂÓ2ã#c33sSƒƒ#cƒs6RÓP­˜]‹-Š}‹‹’ÂÓ2ã#ssC33#SSs&RÓRÃ’ÃBÃãÂÓ2ã#ssC33#SSs&RÓP­˜]˜-Š}˜­˜­‹2ÂÓ2ã#s“#SCcCc3s#sRÓRÃ2ÃRÃãÂÓ2ã#s“#SCcCc3s#sRÓP­ŠŠÝ‹=Š}ŠŠ}Š¢ÂÓ2ã#ƒ#Sƒ“s3“#CFRÓRÃ’ÃbÃãÂÓ2ã#ƒ#Sƒ“s3“#CFRÓP­ŠÝ˜]Š}˜­˜rÂÓ2ã#“ƒ33“CCƒƒ3“6RÓRÃsRÃ3rÃãÂÓ2ã#“ƒ33“CCƒƒ3“6RÓP­˜M˜M˜‹-Š}‹˜rÂÓ2ã#“CC“CsC“CC#fRÓRÃ‚ÃbÃãÂÓ2ã#“CC“CsC“CC#fRÓP­Š}˜MŠÝŠ}Šý˜¢ÂÓ2ã#“##Ccs#33ƒRÓRÃ‚ÃbÃãÂÓ2ã#“##Ccs#33ƒRÓP­Š­˜-˜­˜RÂÓ2ã3“ƒ3sƒcsSVRÓRÃBÃBÃãÂÓ2ã3“ƒ3sƒcsSVRÓP­˜M˜M˜˜‹"ÂÓ2ã33#ƒ#“cƒ“C3&RÓRÃrÃrÃãÂÓ2ã33#ƒ#“cƒ“C3&RÓP­Š}˜MŠí‹ŠÂÂÓ2ã3c#s#sCs#SSSCfRÓRÃbÃ2ÃãÂÓ2ã3c#s#sCs#SSSCfRÓP­Š}˜M‹˜m‹-˜¢ÂÓ2ã3“C#ccc#ƒC3#FRÓRÃRÃ’ÃãÂÓ2ã3“C#ccc#ƒC3#FRÓP­Š}˜M˜m‹-Š}˜}˜rÂÓ2ã3“scs3SsS#RÓRÃ‚Ã2ÃãÂÓ2ã3“scs3SsS#RÓP­Š}˜M˜-˜]˜rÂÓ2ã3###ƒsc“c3c†RÓRÃ‚ÃBÃãÂÓ2ã3###ƒsc“c3c†RÓP­Š}‹=Š˜‹Š}˜]ŠÍ˜]˜‹˜rÂÓ2ã33cC#c“S3ƒsssvRÓRÃBÃBÃãÂÓ2ã33cC#c“S3ƒsssvRÓP­Š}˜MŠ­‹=˜˜"ÂÓ2ã3CsƒCsƒSƒsc“sfRÓRÃrÃ2ÃãÂÓ2ã3CsƒCsƒSƒsc“sfRÓP­Š}˜MŠ}˜­ŠÍŠ}Š˜­Š}Š¢ÂÓ2ã3C“#“ƒSS#S3ScFRÓRÃBÃBÃãÂÓ2ã3C“#“ƒSS#S3ScFRÓP­ŠŠ}˜MŠ}Š­‹]Š}˜MŠ}Š¢ÂÓ2ã3#CccCcSƒ#CS–RÓRÃ2Ã2ÃãÂÓ2ã3#CccCcSƒ#CS–RÓP­˜Š­‹-˜˜­Šý˜}ŠrÂÓ2ã3#c3c“C#C3s#VRÓRÃbÃ2ÃãÂÓ2ã3#c3c“C#C3s#VRÓP­Š}˜M‹ŠM‹=Š}ŠÂÓ2ã3#ƒScSsCƒ“#scFRÓRÃbÃBÃãÂÓ2ã3#ƒScSsCƒ“#scFRÓP­Š}˜M‹}‹˜ÂÓ2ã3#ƒƒƒsSƒC#ƒ3FRÓRÃ‚ÃRÃãÂÓ2ã3#ƒƒƒsSƒC#ƒ3FRÓP­ŠŠ}˜M˜]ŠÝŠ­˜˜¢ÂÓ2ã33s33c3ƒ“S3vRÓRÃÃ‚ÃãÂÓ2ã33s33c3ƒ“S3vRÓP­Š­˜‹]˜MŠrÂÓ2ã3C#s###CƒsCFRÓRÃRÃRÃãÂÓ2ã3C#s###CƒsCFRÓP­˜M˜MŠ}‹]˜MŠ}ŠÝŠ}Š¢ÂÓ2ã3CS#3#cƒ3#“FRÓRÃbÃRÃãÂÓ2ã3CS#3#cƒ3#“FRÓP­Š}˜M˜]˜-Š˜M˜­˜bÂÓ2ã3C“S#csS3SS“fRÓRÃÃ‚ÃãÂÓ2ã3C“S#csS3SS“fRÓP­Š}˜M˜]Š­‹˜M˜"ÂÓ2ã3Sc#sS3c“s“ƒvRÓRÃ#rÃ#"ÃãÂÓ2ã3Sc#sS3c“s“ƒvRÓP­˜M˜˜Š}Š­˜­‹ÂÓ2ã3S#c#ƒSƒs#CƒSS6RÓRÃ‚ÃBÃãÂÓ2ã3S#c#ƒSƒs#CƒSS6RÓP­Š}˜M‹]˜mŠ}‹˜­˜­˜bÂÓ2ã3SS3cƒsS#cFRÓRÃ2Ã2ÃãÂÓ2ã3SS3cƒsS#cFRÓP­Š}˜M‹]ŠÝ˜­ŠÝ˜rÂÓ2ã3cSS“CS3sƒSVRÓRÃRÃRÃãÂÓ2ã3cSS“CS3sƒSVRÓP­ŠýŠ}Šm‹˜¢ÂÓ2ã3cS#ƒS##3s“†RÓRÃ2Ã’ÃãÂÓ2ã3cS#ƒS##3s“†RÓP­Š}˜MŠ}˜m‹=Š‚ÂÓ2ã3cƒSS“#3C“s3#†RÓRÃ2Ã2ÃãÂÓ2ã3cƒSS“#3C“s3#†RÓP­˜M‹}Š}˜MŠ‚ÂÓ2ã3cƒ“S#CSC“#c3RÓRÃBÃBÃãÂÓ2ã3cƒ“S#CSC“#c3RÓP­ŠŠ}˜˜=Š}‹ÂÓ2ã3s3“#CCƒsCsRÓRÃBÃBÃãÂÓ2ã3s3“#CCƒsCsRÓP­Š}‹=Š˜‹Š}‹]˜mŠ}‹˜rÂÓ2ã3scc3c3“ƒ#C3“vRÓRÃrÃbÃãÂÓ2ã3scc3c3“ƒ#C3“vRÓP­˜‹}‹˜­˜ÂÓ2ã3s“#ƒcsCs3ƒ““FRÓRÃ2Ã2ÃãÂÓ2ã3s“#ƒcsCs3ƒ““FRÓP­Š}˜MŠÍ‹Š}Š‚ÂÓ2ã3ƒ3“CcS33“ƒ3FRÓRÃRÃRÃãÂÓ2ã3ƒ3“CcS33“ƒ3FRÓP­Š}˜MŠ}˜­‹}Š}˜M˜­˜rÂÓ2ã3ƒSCs3csC#ƒVRÓRÃBÃ2ÃãÂÓ2ã3ƒSCs3csC#ƒVRÓP­ŠŠ}˜M˜]Š}ŠÂÓ2ã3“c3s#ƒS#cccsVRÓRÃBÃBÃãÂÓ2ã3“c3s#ƒS#cccsVRÓP­‹˜=‹˜rÂÓ2ã3“3S#ƒC“cs#&RÓRÃBÃBÃãÂÓ2ã3“3S#ƒC“cs#&RÓP­‹=˜­‹=Š­ŠÝ˜‹ÂÓ2ã3“3###3“3ƒs–RÓRÃRÃBÃãÂÓ2ã3“3###3“3ƒs–RÓP­Š½˜]Š}˜bÂÓ2ã3“SCƒC#3css&RÓRÃBÃBÃãÂÓ2ã3“SCƒC#3css&RÓP­‹=˜­‹=˜]ŠÒÂÓ2ã3“csSS“C3sƒ“#sfRÓRÃrÃRÃãÂÓ2ã3“csSS“C3sƒ“#sfRÓP­Š}˜M˜]Š­˜-Šý˜RÂÓ2ã3““cSs#ƒ3ƒCRÓRÃ‚Ã‚ÃãÂÓ2ã3““cSs#ƒ3ƒCRÓP­˜]Š˜=‹ŠrÂÓ2ãCsCcs“ƒC#3sc6RÓRÃBÃBÃãÂÓ2ãCsCcs“ƒC#3sc6RÓP­˜Š}˜MŠÝ‹Š‚ÂÓ2ãCSS3sSC“s“cCC6RÓRÃbÃRÃãÂÓ2ãCSS3sSC“s“cCC6RÓP­Š}˜MŠ­ŠÍ˜}˜­‹-Š}Š¢ÂÓ2ãC##sƒCƒ#“CcsVRÓRÃ2Ã2ÃãÂÓ2ãC##sƒCƒ#“CcsVRÓP­Š}˜M˜]‹-Š}ŠýŠ}˜MŠ­‹­˜­‹ŠŠ}Š­˜2ÂÓ2ãC#33CCCS#Cc#VRÓRÃ3bÃ2ÃãÂÓ2ãC#33CCCS#Cc#VRÓP­˜M˜M˜]˜-Š}˜˜MŠ}Š¢ÂÓ2ãC#c##CƒSsƒ““–RÓRÃ2Ã2ÃãÂÓ2ãC#c##CƒSsƒ““–RÓP­˜Š}˜M‹=˜­˜˜M˜rÂÓ2ãC#ƒs#3“c“CCSSFRÓRÃÃrÃãÂÓ2ãC#ƒs#3“c“CCSSFRÓP­˜M˜]‹MŠ}‹˜­‹˜}ŠrÂÓ2ãC3c“#33“#c““FRÓRÃ2Ã2ÃãÂÓ2ãC3c“#33“#c““FRÓP­˜M˜]˜}Š}˜RÂÓ2ãC3ƒ““#ƒ3##CVRÓRÃ‚ÃRÃãÂÓ2ãC3ƒ““#ƒ3##CVRÓP­˜MŠ}‹]˜˜M˜}ŠrÂÓ2ãCCcSƒƒSscCƒƒFRÓRÃ‚ÃBÃãÂÓ2ãCCcSƒƒSscCƒƒFRÓP­Š}˜MŠ­˜]Šý˜­ŠýŠ}Š¢ÂÓ2ãCCc““sc“#cVRÓRÃ’Ã’ÃãÂÓ2ãCCc““sc“#cVRÓP­˜]˜m‹}˜M˜"ÂÓ2ãCScƒCc3ƒSc“RÓRÃbÃbÃãÂÓ2ãCScƒCc3ƒSc“RÓP­Š­ŠýŠ}˜˜M˜rÂÓ2ãCS3S3##c“ccC#fRÓRÃ3BÃ#"ÃãÂÓ2ãCS3S3##c“ccC#fRÓP­ŠŠÝ‹]˜˜M˜}ŠrÂÓ2ãCSS3#s3ƒ3S6RÓRÃRÃRÃãÂÓ2ãCSS3#s3ƒ3S6RÓP­Š}Š­˜˜-Š¢ÂÓ2ãCSs#ƒ3c#“ƒssFRÓRÃBÃBÃãÂÓ2ãCSs#ƒ3c#“ƒssFRÓP­Š}˜M˜-˜Š}‹˜­‹ÂÓ2ãCS“scC#ƒccƒsFRÓRÃRÃ2ÃãÂÓ2ãCS“scC#ƒccƒsFRÓP­‹]‹­˜­‹˜rÂÓ2ãCcCƒƒƒs“ƒfRÓRÃRÃRÃãÂÓ2ãCcCƒƒƒs“ƒfRÓP­ŠŠ}Šý‹Š}ŠÂÂÓ2ãCcsCC“sCSSCƒ#VRÓRÃÃBÃãÂÓ2ãCcsCC“sCSSCƒ#VRÓP­Š}˜M˜]˜‹˜˜BÂÓ2ãCcƒC3“CCCSC3ƒfRÓRÃBÃBÃãÂÓ2ãCcƒC3“CCCSC3ƒfRÓP­˜­˜]˜mŠÝ˜}ŠrÂÓ2ãCsSSƒ##“ƒCSsfRÓRÃbÃRÃãÂÓ2ãCsSSƒ##“ƒCSsfRÓP­˜˜]‹=ŠM˜˜M˜¢ÂÓ2ãCƒS3C#33ƒSRÓRÃRÃ2ÃãÂÓ2ãCƒS3C#33ƒSRÓP­Š}˜M˜˜-ŠòÂÓ2ãCƒSc3ƒs3#C“FRÓRÃbÃ2ÃãÂÓ2ãCƒSc3ƒs3#C“FRÓP­˜Š}˜MŠ}‹Šý˜bÂÓ2ãCƒSCƒ3ƒccScs6RÓRÃÃ’ÃãÂÓ2ãCƒSCƒ3ƒccScs6RÓP­˜]˜m‹]˜‹˜rÂÓ2ãCƒs##“ScSƒC#vRÓRÃ#rÃÃãÂÓ2ãCƒs##“ScSƒC#vRÓP­Š}˜MŠ}˜]˜m˜­˜rÂÓ2ãS#ss3S#ssC##fRÓRÃBÃ‚ÃãÂÓ2ãS#ss3S#ssC##fRÓP­Š}˜M˜]‹=Š­˜-‹˜rÂÓ2ãS3ƒcS3cs#ssscvRÓRÃÃ‚ÃãÂÓ2ãS3ƒcS3cs#ssscvRÓP­Š}˜MŠÝ˜"ÂÓ2ãSCƒC#ccsSc6RÓRÃÃÃãÂÓ2ãSCƒC#ccsSc6RÓP­ŠÍ˜]Š}Šý˜¢ÂÓ2ãSƒ“#CƒƒSsC–RÓRÃbÃ’ÃãÂÓ2ãSƒ“#CƒƒSsC–RÓP­˜MŠ}˜MŠ­‹-Š}˜]Š}Š¢ÂÓ2ãSc#CscfRÓRÃBÃBÃãÂÓ2ãSc#CscfRÓP­˜˜MŠ­ŠÝ˜-˜­˜"ÂÓ2ãS#sSssSs3ƒ“ƒ“fRÓRÃ2Ã2ÃãÂÓ2ãS#sSssSs3ƒ“ƒ“fRÓP¥ÂÓ2ãS3ƒ3Cscc3CƒfRÓRÃSÃRÃãÂÓ2ãS3ƒ3Cscc3CƒfRÓP­ŠŠ}˜­‹]Š}˜BÂÓ2ãS##ƒ“CcCcS#scvRÓRÃ2Ã2ÃãÂÓ2ãS##ƒ“CcCcS#scvRÓP­˜Š}‹Š­˜Š}‹ŠrÂÓ2ãS3cSCCs3“Cs†RÓRÃBÃ2ÃãÂÓ2ãS3cSCCs3“Cs†RÓP¥4ÔÂÓ2ãS333ss#cCs“#–RÓRÃ2Ã2ÃãÂÓ2ãS333ss#cCs“#–RÓP­Š­˜=˜M˜Š­˜}ŠrÂÓ2ãS3S#3ssƒcSSvRÓRÃÃ’ÃãÂÓ2ãS3S#3ssƒcSSvRÓP­˜MŠÝ‹=Š}ŠŠ}Š­˜}˜RÂÓ2ãSC3ƒS##cƒ#vRÓRÃBÃBÃãÂÓ2ãSC3ƒS##cƒ#vRÓP­Š}˜M˜]Š­˜ŠÍŠ˜rÂÓ2ãSC3ƒS##cƒ#vRÓRÃBÃBÃãÂÓ2ãSC3ƒS##cƒ#vRÓP­Š}‹=Š­˜-‹}Š}‹’ÂÓ2ãSC3ƒS##cƒ#vRÓRÃBÃBÃãÂÓ2ãSC3ƒS##cƒ#vRÓP­Š˜]ŠÝŠ}˜‹˜}˜RÂÓ2ãSC3ƒS##cƒ#vRÓRÃBÃBÃãÂÓ2ãSC3ƒS##cƒ#vRÓP­Š}˜M‹]ŠÝ˜˜¢ÂÓ2ãSCC3sƒs#scsvRÓRÃ3‚Ã#ÃãÂÓ2ãSCC3sƒs#scsvRÓP­˜=˜}‹ŠŠ}Šm˜¢ÂÓ2ãSSC“ƒs3#ƒCƒCssFRÓRÃ2Ã‚ÃãÂÓ2ãSSC“ƒs3#ƒCƒCssFRÓP­Š}˜mŠ­˜}Š}Šm˜}ŠrÂÓ2ãScƒScsS#3#““SfRÓRÃ2Ã2ÃãÂÓ2ãScƒScsS#3#““SfRÓP­Š}˜M˜ŠÍ˜}˜rÂÓ2ãScS#ccsCS3CsS#fRÓRÃ2Ã2ÃãÂÓ2ãScS#ccsCS3CsS#fRÓP­Ší˜‹mŠ¢ÂÓ2ãSs3#SS#C“&RÓRÃ#RÃRÃãÂÓ2ãSs3#SS#C“&RÓP­˜Š­‹‹˜­˜˜}˜RÂÓ2ãSscCS“s3s“–RÓRÃ2Ã2ÃãÂÓ2ãSscCS“s3s“–RÓP­Š}Š‹M‹ÂÓ2ãSsƒs3ScCcSfRÓRÃ"ÃBÃãÂÓ2ãSsƒs3ScCcSfRÓP­˜˜­Š­‹BÂÓ2ãSs“S3cƒ3sScCFRÓRÃsRÃÃãÂÓ2ãSs“S3cƒ3sScCFRÓP­Š}˜M˜]Šý‹‹=˜rÂÓ2ãSƒ##““#ƒ““C6RÓRÃRÃ2ÃãÂÓ2ãSƒ##““#ƒ““C6RÓP­Š½ŠŠ­Š¢ÂÓ2ãSƒS3S#ƒS3sVRÓRÃ‚ÃBÃãÂÓ2ãSƒS3S#ƒS3sVRÓP­Š˜M˜˜]Š‹‹¢ÂÓ2ãSƒ3C3ƒƒ3CƒCcSVRÓRÃÃ’ÃãÂÓ2ãSƒ3C3ƒƒ3CƒCcSVRÓP­Š}˜M˜]˜-˜˜]Š}Š¢ÂÓ2ãSƒC#3ƒS“#“#RÓRÃBÃBÃãÂÓ2ãSƒC#3ƒS“#“#RÓP­˜Š}˜M˜-Š}˜m˜˜m˜­˜rÂÓ2ãSƒCSc#SSs“ƒSSFRÓRÃ2Ã2ÃãÂÓ2ãSƒCSc#SSs“ƒSSFRÓP­Š}‹=Š­ŠÝ˜Š}‹˜rÂÓ2ãSƒc“ƒsC“3“c“#fRÓRÃBÃBÃãÂÓ2ãSƒc“ƒsC“3“c“#fRÓP­˜M˜M˜-˜M˜"ÂÓ2ãS“S#cC“CsSCsfRÓRÃ‚ÃrÃãÂÓ2ãS“S#cC“CsSCsfRÓP­‹­‹Š}˜]Š}Š¢ÂÓ2ãS“#3#c“ƒcs“#cCFRÓRÃ#RÃÃãÂÓ2ãS“#3#c“ƒcs“#cCFRÓP­Š}˜M‹=˜}˜M˜¢ÂÓ2ãS“#3cssƒsscƒs#VRÓRÃRÃ2ÃãÂÓ2ãS“#3cssƒsscƒs#VRÓP­˜˜mŠÍŠ}ŠÝ˜}ŠrÂÓ2ãS“33#sƒC3CsS“FRÓRÃbÃbÃãÂÓ2ãS“33#sƒC3CsS“FRÓP­˜]‹Š}ŠÍ‹ŠrÂÓ2ãS“S“Cƒ#c##C3#fRÓRÃbÃbÃãÂÓ2ãS“S“Cƒ#c##C3#fRÓP­˜}˜mŠ}Š}˜MŠ˜­Š}˜bÂÓ2ãc“sS3ssƒSCcsSfRÓRÃ"Ã"ÃãÂÓ2ãc“sS3ssƒSCcsSfRÓP­Š}‹‹mŠ}Šm˜}Š}‹Šm˜­‹2ÂÓ2ãc#s3CcS“ƒ6RÓRÃ2Ã2ÃãÂÓ2ãc#s3CcS“ƒ6RÓP­Š}˜M˜]˜m‹]Š}Š¢ÂÓ2ãcC““3SsƒsSsC#ƒFRÓRÃ’ÃBÃãÂÓ2ãcC““3SsƒsSsC#ƒFRÓP­Š}˜MŠ­‹˜˜­‹bÂÓ2ãc#Sƒc“ƒƒ33sS–RÓRÃRÃRÃãÂÓ2ãc#Sƒc“ƒƒ33sS–RÓP­‹‹­ŠŠ­˜rÂÓ2ãc#3“ƒ3Cƒƒ&RÓRÃÃbÃãÂÓ2ãc#3“ƒ3Cƒƒ&RÓP­Š}˜M˜]‹-Š}ŠýŠ}˜MŠ­‹­˜­‹Š}˜M˜]‹‹‹ÂÓ2ãc3#cS#C“S#vRÓRÃbÃBÃãÂÓ2ãc3#cS#C“S#vRÓP­˜Š}‹=Š­˜]‹Š}‹ÂÓ2ãc3ƒ#ƒ““#ƒƒFRÓRÃ’ÃRÃãÂÓ2ãc3ƒ#ƒ““#ƒƒFRÓP­˜M˜­‹=˜ŠrÂÓ2ãcCCc3S“S3s#FRÓRÃ2Ã2ÃãÂÓ2ãcCCc3S“S3s#FRÓP­Š}˜MŠ}Š­˜Š}˜-˜­Š­Š}˜bÂÓ2ãcCCs#S3#sSƒ3CVRÓRÃBÃ2ÃãÂÓ2ãcCCs#S3#sSƒ3CVRÓP­˜˜M˜M˜]‹=Š}˜}˜]˜rÂÓ2ãcCCs“#“cs“#c#VRÓRÃBÃBÃãÂÓ2ãcCCs“#“cs“#c#VRÓP­Š˜]‹Š­Š˜rÂÓ2ãcCSc3ƒc#3#CC#“fRÓRÃ’ÃBÃãÂÓ2ãcCSc3ƒc#3#CC#“fRÓP­Š}˜MŠ}Šý˜m˜¢ÂÓ2ãcSSss#ƒCCCsC“fRÓRÃCBÃsBÃãÂÓ2ãcSSss#ƒCCCsC“fRÓP­Š}˜M‹Š˜­ŠòÂÓ2ãcSS“S“CcƒsCSsFRÓRÃÃRÃãÂÓ2ãcSS“S“CcƒsCSsFRÓP­˜MŠ}Š­Š}ŠÝ˜rÂÓ2ãcc3ƒC33ƒ3#“3VRÓRÃ2Ã2ÃãÂÓ2ãcc3ƒC33ƒ3#“3VRÓP¥–÷VærÂÓ2ãccs##3ƒ#“CcƒvRÓRÃbÃbÃãÂÓ2ãccs##3ƒ#“CcƒvRÓP¤W&ç7BÂÓ2ãccs##3ƒ#“CcƒvRÓRÃbÃbÃãÂÓ2ãccs##3ƒ#“CcƒvRÓP­Š}˜MŠí‹MŠ‚ÂÓ2ãccƒ3#3ss“ƒ–RÓRÃRÃ2ÃãÂÓ2ãccƒ3#3ss“ƒ–RÓP­ŠÍ˜]‹˜­˜rÂÓ2ãcss““““ssSƒ6RÓRÃSÃ3ÃãÂÓ2ãcss““““ssSƒ6RÓP­Š}˜MŠ­˜mŠ}˜‹2ÂÓ2ãcsƒ“CSs3ƒFRÓRÃrÃbÃãÂÓ2ãcsƒ“CSs3ƒFRÓP­Š}˜M‹Š}˜]˜¢ÂÓ2ãcs“ƒ#cCsCƒS3RÓRÃ2Ã2ÃãÂÓ2ãcs“ƒ#cCsCƒS3RÓP­Š}‹=Š˜‹Š}Š}˜MŠ­‹]˜m˜­‹’ÂÓ2ãcƒ#3ƒ“3scSs†RÓRÃ2Ã2ÃãÂÓ2ãcƒ#3ƒ“3scSs†RÓP­˜Š­‹˜m˜¢ÂÓ2ãcƒS#“3SccƒsCsFRÓRÃ#‚Ã#bÃãÂÓ2ãcƒS#“3SccƒsCsFRÓP­ŠÝŠ}˜bÂÓ2ãc“#SCSc#3#cCc†RÓRÃrÃBÃãÂÓ2ãc“#SCSc#3#cCc†RÓP­‹]‹˜ŠýŠrÂÓ2ãc““Sc3scC3S#cvRÓRÃrÃbÃãÂÓ2ãc““Sc3scC3S#cvRÓP­˜‹‹‹m˜}ŠrÂÓ2ãsCScƒ#3Ss&RÓRÃBÃBÃãÂÓ2ãsCScƒ#3Ss&RÓP­˜]˜˜m˜‚ÂÓ2ãsc3Ss#SSs#c3†RÓRÃ2Ã2ÃãÂÓ2ãsc3Ss#SSs#c3†RÓP­‹=˜­˜-Šý˜]˜}ŠrÂÓ2ãsƒ##Sƒs“ƒCs3CVRÓRÃRÃRÃãÂÓ2ãsƒ##Sƒs“ƒCs3CVRÓP­˜]‹=Š­‹Šý˜˜bÂÓ2ãs#“CSCƒCCCVRÓRÃ2Ã2ÃãÂÓ2ãs#“CSCƒCCCVRÓP­Š­Š­ŠÍ˜rÂÓ2ãs#CSc3“ƒƒ33#FRÓRÃ2Ã2ÃãÂÓ2ãs#CSc3“ƒƒ33#FRÓP­˜M˜MŠÝ˜­Š}ŠòÂÓ2ãs#ƒ##c#sƒcvRÓRÃ‚ÃbÃãÂÓ2ãs#ƒ##c#sƒcvRÓP­‹˜}˜bÂÓ2ãs3#ƒƒ3SC“3ƒ3RÓRÃ’ÃBÃãÂÓ2ãs3#ƒƒ3SC“3ƒ3RÓP­‹]˜mŠ}‹’ÂÓ2ãs3SCsƒSC“ccSc&RÓRÃ2Ã2ÃãÂÓ2ãs3SCsƒSC“ccSc&RÓP­˜MŠ­‹=‹˜­‹’ÂÓ2ãs3s“#CC“3ƒƒ“&RÓRÃÃÃãÂÓ2ãs3s“#CC“3ƒƒ“&RÓP­˜]Š}‹m˜­˜rÂÓ2ãsC3S#s#cSCsRÓRÃbÃRÃãÂÓ2ãsC3S#s#cSCsRÓP­Š}˜M˜]˜Š­˜ŠÒÂÓ2ãss3SS3ƒSƒCCCVRÓRÃRÃRÃãÂÓ2ãss3SS3ƒSƒCCCVRÓP­˜­‹=Š˜"ÂÓ2ãs“Sscƒc“S3CSSFRÓRÃBÃBÃãÂÓ2ãs“Sscƒc“S3CSSFRÓP¤âÂÓ2ãƒ#ƒs“#ƒCƒs3c3RÓRÃbÃBÃãÂÓ2ãƒ#ƒs“#ƒCƒs3c3RÓP­Š}˜MŠ}‹=Š­˜-Š}˜MŠ}Š¢ÂÓ2ãƒƒ#ƒC#Cƒ#s“VRÓRÃbÃ2ÃãÂÓ2ãƒƒ#ƒC#Cƒ#s“VRÓP­˜]ŠM˜=Šý˜­˜bÂÓ2ãƒ#S3“S3SSƒ#FRÓRÃ2Ã2ÃãÂÓ2ãƒ#S3“S3SSƒ#FRÓP¤–FV5T²ÂÓ2ãƒ###cCƒ33ƒƒ#3&RÓRÃ2Ã2ÃãÂÓ2ãƒ###cCƒ33ƒƒ#3&RÓP­ŠŠ}ŠÝŠ­‹=Š}Š‚ÂÓ2ãƒ#Cc“cSƒ“#SsS–RÓRÃbÃBÃãÂÓ2ãƒ#Cc“cSƒ“#SsS–RÓP­Š}˜M˜‹m˜¢ÂÓ2ãƒ#Scc3ccc3“ƒfRÓRÃ2Ã2ÃãÂÓ2ãƒ#Scc3ccc3“ƒfRÓP­Š­˜‹]˜¢ÂÓ2ãƒ3“sSƒSƒƒ3&RÓRÃrÃ"ÃãÂÓ2ãƒ3“sSƒSƒƒ3&RÓP­˜Š}˜MŠ}Š˜MŠ}‹¢ÂÓ2ãƒ3“3#sSc“SS#CvRÓRÃBÃBÃãÂÓ2ãƒ3“3#sSc“SS#CvRÓP­˜=˜­˜M˜˜]Š­‹ÂÓ2ãƒ3“Cs3ƒ“33†RÓRÃÃRÃãÂÓ2ãƒ3“Cs3ƒ“33†RÓP­˜˜MŠý‹˜RÂÓ2ãƒS#“CSsc#c#SfRÓRÃRÃRÃãÂÓ2ãƒS#“CSsc#c#SfRÓP­˜˜]‹]‹˜˜Š}Š¢ÂÓ2ãƒSCc#ƒ#3s3“#C3†RÓRÃBÃ2ÃãÂÓ2ãƒSCc#ƒ#3s3“#C3†RÓP­Š­‹˜­˜bÂÓ2ãƒScSsƒsC#ƒCCC6RÓRÃÃÃãÂÓ2ãƒScSsƒsC#ƒCCC6RÓP­Š}˜MŠ­Šý‹˜­ŠÍ˜¢ÂÓ2ãƒSs#3SSCS“#VRÓRÃÃ‚ÃãÂÓ2ãƒSs#3SSCS“#VRÓP­˜M˜-‹Š}Š˜rÂÓ2ãƒc3C##“#ƒ#3s†RÓRÃ2Ã2ÃãÂÓ2ãƒc3C##“#ƒ#3s†RÓP­Š}˜M˜]Š­˜mŠ}˜]˜­˜rÂÓ2ãƒc3ccƒs3CSC“VRÓRÃ’Ã‚ÃãÂÓ2ãƒc3ccƒs3CSC“VRÓP­Š­‹­‹˜RÂÓ2ãƒs#3ƒCSc3fRÓRÃÃ’ÃãÂÓ2ãƒs#3ƒCSc3fRÓP­Š}˜}ŠýŠ}˜˜}˜RÂÓ2ãƒsS#333SƒCc3“6RÓRÃRÃBÃãÂÓ2ãƒsS#333SƒCc3“6RÓP­ŠŠ}‹=Š­˜}˜MŠ}˜2ÂÓ2ãƒsSsƒsƒsƒ“33ƒVRÓRÃ2Ã2ÃãÂÓ2ãƒsSsƒsƒsƒ“33ƒVRÓP­Š}˜M‹=Š¢ÂÓ2ãƒƒƒ“Cƒsc3s#sRÓRÃÃbÃãÂÓ2ãƒƒƒ“Cƒsc3s#sRÓP­Š‹=ŠÝŠ‚ÂÓ2ãƒƒSCs3CSƒsS&RÓRÃ2Ã2ÃãÂÓ2ãƒƒSCs3CSƒsS&RÓP­˜Š­Š‹Š}Š¢ÂÓ2ãƒƒƒcSƒ3cscƒ“3vRÓRÃ2Ã2ÃãÂÓ2ãƒƒƒcSƒ3cscƒ“3vRÓP­˜Š}˜M˜]‹}˜‹˜­˜bÂÓ2ãƒƒ“ƒ3ƒƒƒƒCsc3SSfRÓRÃ2Ã2ÃãÂÓ2ãƒƒ“ƒ3ƒƒƒƒCsc3SSfRÓP­Š­‹­‹˜­˜RÂÓ2ã“cs#S#“c“#FRÓRÃBÃ2ÃãÂÓ2ã“cs#S#“c“#FRÓP­‹]ŠÝ˜˜­˜rÂÓ2ã“#““3c#“#3ccRÓRÃRÃRÃãÂÓ2ã“#““3c#“#3ccRÓP­‹=˜­˜]Š½˜BÂÓ2ã“c#Sc##3c“VRÓRÃ2Ã2ÃãÂÓ2ã“c#Sc##3c“VRÓP­˜M‹=ŠýŠ}ŠòÂÓ2ã“#s#3ƒS3sƒ#vRÓRÃ#"Ã2ÃãÂÓ2ã“#s#3ƒS3sƒ#vRÓP­Š­˜m˜˜¢ÂÓ2ã“#ƒcC“Sƒ33C3#VRÓRÃBÃ2ÃãÂÓ2ã“#ƒcC“Sƒ33C3#VRÓP­Š}˜M‹}˜˜­˜ÂÓ2ã“3C“3#ƒ#“““3S&RÓRÃBÃBÃãÂÓ2ã“3C“3#ƒ#“““3S&RÓP­Š}˜MŠíŠ­Š}˜]˜¢ÂÓ2ã“3SƒS3“sc#C“3#fRÓRÃRÃBÃãÂÓ2ã“3SƒS3“sc#C“3#fRÓP­Š}˜MŠ}˜MŠ}Š¢ÂÓ2ã“Cƒ#3SCcScsFRÓRÃrÃbÃãÂÓ2ã“Cƒ#3SCcScsFRÓP­˜M˜­ŠŠýŠrÂÓ2ã“CCƒSCƒƒc##C6RÓRÃbÃbÃãÂÓ2ã“CCƒSCƒƒc##C6RÓP­Š}˜M‹˜}Š˜¢ÂÓ2ã“CcS#sS“C“c6RÓRÃÃ‚ÃãÂÓ2ã“CcS#sS“C“c6RÓP­˜‹ŠÝŠ‚ÂÓ2ã“C“3ScC“c#3ssVRÓRÃ2Ã2ÃãÂÓ2ã“C“3ScC“c#3ssVRÓP­Š}˜MŠ}˜mŠ­‹Š}‹BÂÓ2ã“SC#CS“C3cSƒCfRÓRÃ2Ã2ÃãÂÓ2ã“SC#CS“C3cSƒCfRÓP­ŠŠí˜‹bÂÓ2ã“Sƒs“““sSƒ“3VRÓRÃ#2ÃrÃãÂÓ2ã“Sƒs“““sSƒ“3VRÓP­Š­Š­‹=ŠŠ‚ÂÓ2ã“c“#3#3C#“S“CsFRÓRÃbÃ2ÃãÂÓ2ã“c“#3#3C#“S“CsFRÓP­˜mŠ­Š}ŠmŠÍ˜rÂÓ2ã“ccc#3cƒ3ƒƒsVRÓRÃrÃbÃãÂÓ2ã“ccc#3cƒ3ƒƒsVRÓP­Š˜]‹]‹˜ÂÓ2ã“cƒSƒ3sS“3ƒC“vRÓRÃRÃRÃãÂÓ2ã“cƒSƒ3sS“3ƒC“vRÓP­˜M˜]ŠÝŠ}˜‹˜rÂÓ2ã“ƒcs#ScSSCƒƒ3cfRÓRÃÃbÃãÂÓ2ã“ƒcs#ScSSCƒƒ3cfRÓP­Š}˜MŠ}‹Š­‹Š}˜ÂÓ2ã“““Sc#“#cs“3fRÓRÃRÃBÃãÂÓ2ã“““Sc#“#cs“3fRÓP­˜Š}˜M‹]ŠÝ˜­ŠÒÂÓBã#3““#CcCccRÓRÃRÃBÃãÂÓBã#3““#CcCccRÓP­˜˜m‹M‹ÂÓBãC“ƒs“S“CS##FRÓRÃÃÃãÂÓBãC“ƒs“S“CS##FRÓP­Š}˜mŠ­ŠÍŠ¢ÂÓBãC“ƒs““CS3“6RÓRÃÃbÃãÂÓBãC“ƒs““CS3“6RÓP­˜M‹}‹˜­˜-˜rÂÓBãSCc“#3ccƒS#ƒfRÓRÃRÃRÃãÂÓBãSCc“#3ccƒS#ƒfRÓP­˜MŠ­˜­‹=˜­‹ÂÓBã3cƒCC#“#cCVRÓRÃ‚ÃbÃãÂÓBã3cƒCC#“#cCVRÓP­Š}˜MŠÝ˜]˜MŠ}Š¢ÂÓBã3cccsƒC3#s“ƒVRÓRÃbÃbÃãÂÓBã3cccsƒC3#s“ƒVRÓP­˜˜­Š­˜RÂÓBã3C#ƒCƒ3S3cƒ3RÓRÃRÃBÃãÂÓBã3C#ƒCƒ3S3cƒ3RÓP­˜Š˜}Š}˜]‹BÂÓBãCCscsScCRÓRÃRÃ2ÃãÂÓBãCCscsScCRÓP­‹˜MŠ}˜]Š}Š¢ÂÓBãƒSƒcc#3ƒS3C†RÓRÃBÃBÃãÂÓBãƒSƒcc#3ƒS3C†RÓP­˜MŠý˜‹Š­˜rÂÓBãƒSƒsSsc3c“c6RÓRÃÃrÃãÂÓBãƒSƒsSsc3c“c6RÓP­‹=Š­‹-˜­ŠòÂÓBã““sƒƒ“ƒ“3ƒFRÓRÃÃ‚ÃãÂÓBã““sƒƒ“ƒ“3ƒFRÓP­Š˜]˜bÂÓBã“##CsC3SC#c“VRÓRÃBÃ2ÃãÂÓBã“##CsC3SC#c“VRÓP­˜˜Š}Š­˜­‹˜}˜RÂÓBã“SsCSss3ƒCSFRÓRÃ2ÃÃãÂÓBã“SsCSss3ƒCSFRÓP­˜M˜-‹Š}‹Š}Š¢ÂÓBã“c#CsSsCcS3“#fRÓRÃBÃBÃãÂÓBã“c#CsSsCcS3“#fRÓP­˜ŠÝ‹‹]˜}ŠrÂÓBã“c“ƒ3s3#c#SfRÓRÃRÃRÃãÂÓBã“c“ƒ3s3#c#SfRÓP­Š}˜]ŠýŠ}Šý˜rÂÓBãC#ƒcƒC“““S“SfRÓRÃ2Ã2ÃãÂÓBãC#ƒcƒC“““S“SfRÓP­˜˜‹Š}˜M˜rÂÓBãCsS3#S#S““VRÓRÃ2Ã2ÃãÂÓBãCsS3#S#S““VRÓP­˜]‹ŠÍ‹˜rÂÓBãccSC#“ƒc“S3ƒ–RÓRÃ2ÃÃãÂÓBãccSC#“ƒc“S3ƒ–RÓP­ŠÍ˜M˜­˜=˜˜BÂÓBãs##csCsSƒCC3vRÓRÃbÃBÃãÂÓBãs##csCsSƒCC3vRÓP­˜˜‹]˜˜BÂÓBã#Ss3S3sccSs#vRÓRÃ2Ã2ÃãÂÓBã#Ss3S3sccSs#vRÓP­˜‹ŠÍŠÝŠ¢ÂÓBãCc“#S“SS#3sfRÓRÃ2Ã2ÃãÂÓBãCc“#S“SS#3sfRÓP­Š}˜MŠ}Š‹Š}˜}˜­˜RÂÓBãCcScƒCs3“s##FRÓRÃRÃ2ÃãÂÓBãCcScƒCs3“s##FRÓP­˜M˜˜=Š}˜M˜rÂÓBãC“c#3#Sƒ“#fRÓRÃÃÃãÂÓBãC“c#3#Sƒ“#fRÓP­˜]Š}‹-Š}˜MŠ¢ÂÓBãSƒc3#SS#cCcFRÓRÃRÃ2ÃãÂÓBãSƒc3#SS#cCcFRÓP­Š}‹=‹Š}‹‹M‹˜=Š}Š¢ÂÓBãcccƒS#“–RÓRÃ‚ÃbÃãÂÓBãcccƒS#“–RÓP­˜Š}˜MŠ}˜mŠ­‹MŠ}‹ÂÓBãsƒsC#3c3ƒSfRÓRÃ2Ã2ÃãÂÓBãsƒsC#3c3ƒSfRÓP­Š‹˜Š­˜˜=˜˜BÂÓBãsc#ssS#sc#ƒ&RÓRÃbÃRÃãÂÓBãsc#ssS#sc#ƒ&RÓP­˜]˜=Š}˜mŠ­˜mŠrÂÓBãƒ333ƒcc#cƒS†RÓRÃ2Ã2ÃãÂÓBãƒ333ƒcc#cƒS†RÓP­˜˜]‹=‹˜rÂÓBãƒc““3s“ƒSCFRÓRÃ#2Ã‚ÃãÂÓBãƒc““3s“ƒSCFRÓP¥BÂÓBã#Sƒ“s###ƒvRÓRÃrÃRÃãÂÓBã#Sƒ“s###ƒvRÓP­Š­‹]˜m˜­˜Š}Š¢ÂÓBã#cCcsscƒss&RÓRÃ#BÃbÃãÂÓBã#cCcsscƒss&RÓP­Š­‹=Š­Šý‹˜¢ÂÓBã##Sc33CƒCFRÓRÃ‚ÃBÃãÂÓBã##Sc33CƒCFRÓP­Š}˜M˜]‹=Š­ŠÝ˜"ÂÓBã#3ScCCCƒs#3cfRÓRÃ#2Ã"ÃãÂÓBã#3ScCCCƒs#3cfRÓP­Š}˜M˜m‹]Š}ŠmŠÒÂÓBã#CC“ƒc3S#ƒcVRÓRÃBÃ2ÃãÂÓBã#CC“ƒc3S#ƒcVRÓP­˜]Š}˜M˜2ÂÓBã#CƒCc#S“CsC“cVRÓRÃ2ÃÃãÂÓBã#CƒCc#S“CsC“cVRÓP­Š}‹=Š}‹=˜}ŠrÂÓBã#SsCƒC#3ScƒCs36RÓRÃ2Ã2ÃãÂÓBã#SsCƒC#3ScƒCs36RÓP­Š}˜MŠ}˜Š­Š­Š}ŠÝ˜¢ÂÓBã#c3SCƒcCƒ#cs6RÓRÃ’Ã2ÃãÂÓBã#c3SCƒcCƒ#cs6RÓP­‹=ŠÝŠ‚ÂÓBã#sScsƒCƒs&RÓRÃÃ’ÃãÂÓBã#sScsƒCƒs&RÓP­Š}˜M˜Š}ŠÒÂÓBã#ƒs“ƒƒ#ssƒƒ3vRÓRÃrÃ2ÃãÂÓBã#ƒs“ƒƒ#ssƒƒ3vRÓP­Šý˜­˜mŠ}˜]˜­˜=˜­˜rÂÓBã#ƒƒC“ƒ“ƒSs““†RÓRÃRÃRÃãÂÓBã#ƒƒC“ƒ“ƒSs““†RÓP¤"ÂÓBã3ƒc“3c“3“3S6RÓRÃÃbÃãÂÓBã3ƒc“3c“3“3S6RÓP­Š}˜MŠ­‹}˜˜­‹Š}‹˜Š}˜"ÂÓBã3“c#““s3#6RÓRÃRÃRÃãÂÓBã3“c#““s3#6RÓP­˜˜ŠmŠ}Š¢ÂÓBã3#3ƒcS“3s#FRÓRÃRÃRÃãÂÓBã3#3ƒcS“3s#FRÓP­˜]ŠýŠÝŠ¢ÂÓBã3#3C#ƒ“Cs3#3S&RÓRÃ2Ã2ÃãÂÓBã3#3C#ƒ“Cs3#3S&RÓP­Š˜­Šm˜­˜rÂÓBã33Cc“#“33“CCFRÓRÃ2Ã2ÃãÂÓBã33Cc“#“33“CCFRÓP­‹­Š}‹-Š}Š¢ÂÓBã33s“CƒCc“SSS##FRÓRÃ’ÃrÃãÂÓBã33s“CƒCc“SSS##FRÓP­˜M˜MŠ}˜MŠ­˜-Š}ŠÂÓBã33“CcsSSƒ#CSsVRÓRÃBÃBÃãÂÓBã33“CcsSSƒ#CSsVRÓP­˜Š}˜M˜Š­‹Š}Š¢ÂÓBã3CcsC3CsVRÓRÃ2Ã2ÃãÂÓBã3CcsC3CsVRÓP­ŠŠ}˜M‹M‹˜"ÂÓBã3C##ƒs3“sC#†RÓRÃ’Ã‚ÃãÂÓBã3C##ƒs3“sC#†RÓP­˜]Šý˜˜‹ŠrÂÓBã3Ss““ƒ“c“C##–RÓRÃ#Ã#ÃãÂÓBã3Ss““ƒ“c“C##–RÓP­Š}Š­Š}ŠÝŠ¢ÂÓBã3Scƒscs“3cs“FRÓRÃrÃ’ÃãÂÓBã3Scƒscs“3cs“FRÓP­‹M˜}Š}Šý˜rÂÓBã3SscSsSccSRÓRÃs‚Ã32ÃãÂÓBã3SscSsSccSRÓP­˜M˜=˜Š}Šý‹ÂÓBã3c“c“3#“33c#SRÓRÃ2Ã2ÃãÂÓBã3c“c“3#“33c#SRÓP­˜=˜M˜­˜rÂÓBã3ƒC“cc3sCSƒVRÓRÃbÃÃãÂÓBã3ƒC“cc3sCSƒVRÓP­Ší‹}‹}ŠrÂÓBã3“cƒCCcCƒ“#CfRÓRÃBÃ2ÃãÂÓBã3“cƒCCcCƒ“#CfRÓP­˜‹=Š}ŠòÂÓBãC“S#CS“#CsfRÓRÃRÃ2ÃãÂÓBãC“S#CS“#CsfRÓP­˜‹M‹˜=Š}˜}˜RÂÓBãCSc#CsScc3–RÓRÃbÃbÃãÂÓBãCSc#CsScc3–RÓP­˜ŠÝ‹m‹Š­˜rÂÓBãC3Cƒs3scSSC“VRÓRÃBÃBÃãÂÓBãC3Cƒs3scSSC“VRÓP­˜Š­‹Š}˜˜¢ÂÓBãC“S“#S##cC“RÓRÃbÃbÃãÂÓBãC“S“#S##cC“RÓP­ŠŠ­‹˜˜=˜­˜]Š}˜˜­˜rÂÓBãC#C3c“3#ƒsSsƒfRÓRÃÃRÃãÂÓBãC#C3c“3#ƒsSsƒfRÓP­ŠŠ}˜MŠ­˜-˜m˜­˜rÂÓBãC33ƒ3CcSCccsFRÓRÃBÃBÃãÂÓBãC33ƒ3CcSCccsFRÓP­ŠÍ˜]˜M˜rÂÓBãCC#“3Csƒ“Sc#FRÓRÃrÃrÃãÂÓBãCC#“3Csƒ“Sc#FRÓP­ŠŠ}˜M˜-‹Š}‹ÂÓBãCC#“3“C“ƒƒƒvRÓRÃBÃBÃãÂÓBãCC#“3“C“ƒƒƒvRÓP­Š}˜M˜]ŠÝŠ}‹=Š‚ÂÓBãCc#3C“““C#†RÓRÃ’Ã‚ÃãÂÓBãCc#3C“““C#†RÓP­˜}˜˜ŠŠ}˜‹ÂÓBãCcs“3ƒc“33S#fRÓRÃrÃ2ÃãÂÓBãCcs“3ƒc“33S#fRÓP­Š}˜M‹=Š}Š˜-˜}Š}˜M˜]˜M˜=˜­˜rÂÓBãCcƒscss“sCS–RÓRÃÃ2ÃãÂÓBãCcƒscss“sCS–RÓP­Š}˜M‹]˜˜-˜}Š}˜MŠ­‹­˜­‹Š}˜M˜]˜M˜=˜­˜rÂÓBãCcƒscss“sCS–RÓRÃÃ2ÃãÂÓBãCcƒscss“sCS–RÓP­Š}˜M‹M‹˜=˜}Š}˜M˜]Š}˜M˜=‹ŠýŠòÂÓBãCcƒscss“sCS–RÓRÃÃ2ÃãÂÓBãCcƒscss“sCS–RÓP­‹=˜MŠ}˜]Š­˜}˜RÂÓBãCs“#S3“S3C–RÓRÃ‚ÃBÃãÂÓBãCs“#S3“S3C–RÓP­Š}˜MŠŠýŠ}Šm˜BÂÓBãC“S#CƒS3ƒ†RÓRÃRÃ2ÃãÂÓBãC“S#CƒS3ƒ†RÓP­Š}‹=Š­‹mŠ}˜Š­˜rÂÓBãC“3ScC3S3“SCsVRÓRÃ2Ã2ÃãÂÓBãC“3ScC3S3“SCsVRÓP­‹‹˜­˜-˜rÂÓBãC“ƒCƒccC#cƒ#s–RÓRÃRÃBÃãÂÓBãC“ƒCƒccC#cƒ#s–RÓP­˜‹‹]˜}ŠrÂÓBãS3“Sc“ScSCCRÓRÃBÃBÃãÂÓBãS3“Sc“ScSCCRÓP­˜˜-‹}‹ÂÓBãSsc“scC“ƒCCƒfRÓRÃBÃ2ÃãÂÓBãSsc“scC“ƒCCƒfRÓP­˜M˜M˜m‹‹˜rÂÓBãScSccSƒ33VRÓRÃ2Ã2ÃãÂÓBãScSccSƒ33VRÓP­Š}˜]˜=Š}˜m˜­Š}Š¢ÂÓBãSsscScCSCƒFRÓRÃÃÃãÂÓBãSsscScCSCƒFRÓP­ŠÝ˜M˜˜M˜}ŠrÂÓBãSƒcƒssscCƒ†RÓRÃ2Ã2ÃãÂÓBãSƒcƒssscCƒ†RÓP­Š}‹=Š˜‹Š}ŠÍŠ˜BÂÓBãS“ƒsƒ“cs3fRÓRÃ2Ã2ÃãÂÓBãS“ƒsƒ“cs3fRÓP­Š}˜M˜]˜MŠÝ˜‹‚ÂÓBãSc##“ss“scCRÓRÃBÃBÃãÂÓBãSc##“ss“scCRÓP­Š­‹M˜­‹ÂÓBãSsS#csC#C“c–RÓRÃbÃRÃãÂÓBãSsS#csC#C“c–RÓP­Š­‹MŠ­‹‹rÂÓBãSsSƒ3#c“cƒ##S–RÓRÃrÃrÃãÂÓBãSsSƒ3#c“cƒ##S–RÓP­˜˜mŠÍŠ}ŠÒÂÓBãSƒ##ƒS“3“CƒVRÓRÃ‚ÃRÃãÂÓBãSƒ##ƒS“3“CƒVRÓP­Š}˜MŠ‹‹bÂÓBãSƒc“C“c3csS“3&RÓRÃ2Ã2ÃãÂÓBãSƒc“C“c3csS“3&RÓP­˜MŠ­ŠÍ˜mŠ‚ÂÓBãS“cCSƒƒ3Sc–RÓRÃRÃ2ÃãÂÓBãS“cCSƒƒ3Sc–RÓP­˜]˜mŠ}˜‹2ÂÓBãcCC#SsC#s&RÓRÃBÃBÃãÂÓBãcCC#SsC#s&RÓP­Š}˜M˜]Šý˜­˜˜m˜­Š}Š¢ÂÓBãcSCCCcs#c3FRÓRÃ‚ÃBÃãÂÓBãcSCCCcs#c3FRÓP­Š}˜M˜]‹=Š­˜}˜M˜2ÂÓBãcsS#C3CcSC3sS6RÓRÃcÃ3ÃãÂÓBãcsS#C3CcSC3sS6RÓP­˜]‹=Š˜˜"ÂÓBãc“ƒ3#ssC3&RÓRÃBÃBÃãÂÓBãc“ƒ3#ssC3&RÓP­˜Š}˜M˜]‹=Š­ŠÍŠýŠ}Š¢ÂÓBãc#cSc3s“##3S“sVRÓRÃ2Ã2ÃãÂÓBãc#cSc3s“##3S“sVRÓP­‹]Šý˜‹˜}ŠrÂÓBãc#ƒssSs“sS“ƒ“ƒsVRÓRÃBÃBÃãÂÓBãc#ƒssSs“sS“ƒ“ƒsVRÓP­ŠýŠ}Ší˜M˜­˜rÂÓBãcS#C3ƒ#cCSƒ“&RÓRÃ2Ã2ÃãÂÓBãcS#C3ƒ#cCSƒ“&RÓP­Š}˜m‹m˜]Š}˜]˜rÂÓBãcSsc3cƒƒ#33VRÓRÃ‚ÃRÃãÂÓBãcSsc3cƒƒ#33VRÓP­˜]ŠíŠ­Š‹Š}Š¢ÂÓBãccS“CCƒ“S#“S“RÓRÃBÃ2ÃãÂÓBãccS“CCƒ“S#“S“RÓP­Š}˜MŠÝ˜BÂÓBãcsscs3ƒ#CsC33fRÓRÃbÃRÃãÂÓBãcsscs3ƒ#CsC33fRÓP­˜]‹}‹ŠòÂÓBãcsƒcccsƒScCccRÓRÃbÃbÃãÂÓBãcsƒcccsƒScCccRÓP­˜MŠ}‹-Š}˜M˜rÂÓBãcƒ3ƒ“CSCSƒ33&RÓRÃBÃBÃãÂÓBãcƒ3ƒ“CSCSƒ33&RÓP­˜˜]Š­˜]˜­‹-˜rÂÓBãcƒCC3sCSCƒs6RÓRÃ2Ã2ÃãÂÓBãcƒCC3sCSCƒs6RÓP­Š}˜MŠ}ŠÍ˜M˜rÂÓBãc“#SSSƒCƒssSVRÓRÃ2Ã2ÃãÂÓBãc“#SSSƒCƒssSVRÓP­‹=˜­˜mŠ}‹˜­˜˜}Š}Š¢ÂÓBãc“33#S“3sCcƒ#VRÓRÃ2Ã2ÃãÂÓBãc“33#S“3sCcƒ#VRÓP­˜Šý‹˜]˜rÂÓBãs#ƒ#“#ƒ##s#36RÓRÃbÃbÃãÂÓBãs#ƒ#“#ƒ##s#36RÓP­Š}‹=Š­Š‹ŠýŠ¢ÂÓBãs3C#ƒ#“ƒS&RÓRÃ"Ã2ÃãÂÓBãs3C#ƒ#“ƒS&RÓP­Š}˜˜M˜˜­˜rÂÓBãsCs#Cs“ssC3#sƒfRÓRÃC‚Ã#bÃãÂÓBãsCs#Cs“ssC3#sƒfRÓP­˜Š}˜MŠ­˜‹˜˜­˜rÂÓBãsScƒ3“sCCSRÓRÃRÃRÃãÂÓBãsScƒ3“sCCSRÓP­Š}˜M˜]‹-Š}ŠýŠ}˜MŠ­‹­˜­‹Š}˜=‹=ŠrÂÓBãsSƒ#S3#sƒƒ3cCRÓRÃrÃÃãÂÓBãsSƒ#S3#sƒƒ3cCRÓP­˜=˜Š}ŠŠ}Š¢ÂÓBãscs#sCSS“C–RÓRÃ‚Ã‚ÃãÂÓBãscs#sCSS“C–RÓP­˜˜-Š}Šm˜­˜rÂÓBãsc333#3“ƒsc#ƒfRÓRÃ2Ã2ÃãÂÓBãsc333#3“ƒsc#ƒfRÓP­Š}ŠÍ˜mŠ˜¢ÂÓBãsc“““#“##ƒ#&RÓRÃBÃ2ÃãÂÓBãsc“““#“##ƒ#&RÓP­‹MŠí‹]˜­˜rÂÓBãss3ƒSsƒC3C3sVRÓRÃ3ÃBÃãÂÓBãss3ƒSsƒC3C3sVRÓP­˜]‹MŠ}Š˜}˜rÂÓBãsƒ##sƒC“ƒScsRÓRÃ2Ã2ÃãÂÓBãsƒ##sƒC“ƒScsRÓP­˜]˜­‹­Š}˜Š}‹rÂÓBãsƒCs#SCs“s“sc3fRÓRÃRÃ2ÃãÂÓBãsƒCs#SCs“s“sc3fRÓP­Š}˜M‹Š}Š‹Š}˜M˜]˜ŠÍ˜ŠýŠ}Š¢ÂÓBãsƒs“CCcƒvRÓRÃÃBÃãÂÓBãsƒs“CCcƒvRÓP­Š}‹Š}ŠýŠ¢ÂÓBãsƒsSƒ3SSCSSScRÓRÃ2Ã2ÃãÂÓBãsƒsSƒ3SSCSSScRÓP­˜]ŠÝ˜‹Š­˜}ŠrÂÓBãƒscƒCC##scFRÓRÃ2ÃbÃãÂÓBãƒscƒCC##scFRÓP­˜m˜]˜‹ŠÍŠrÂÓBãƒScS33““Cs3†RÓRÃ2ÃÃãÂÓBãƒScS33““Cs3†RÓP­Š­˜]Šý˜­ŠýŠ}Š¢ÂÓBãƒ#SsC“#s“#““s†RÓRÃBÃ2ÃãÂÓBãƒ#SsC“#s“#““s†RÓP­˜‹=Š­‹˜=‹"ÂÓBãƒ3ƒS#cC“CcƒFRÓRÃ2Ã2ÃãÂÓBãƒ3ƒS#cC“CcƒFRÓP­‹‹]Šý˜}ŠrÂÓBãƒS3sCs#ƒ&RÓRÃBÃBÃãÂÓBãƒS3sCs#ƒ&RÓP­˜MŠý˜]ŠÂÂÓBãƒc#SsSC##SvRÓRÃ2Ã"ÃãÂÓBãƒc#SsSC##SvRÓP­Š}ŠÝ˜-˜­Š­˜}˜RÂÓBã“##s“ƒs#“““sSSfRÓRÃ2Ã2ÃãÂÓBã“##s“ƒs#“““sSSfRÓP­Š­˜‹˜­˜MŠrÂÓBã“SSC“#33FRÓRÃ2Ã2ÃãÂÓBã“SSC“#33FRÓP­Š}˜MŠ­Ší‹-˜­˜bÂÓBã“3#33SC“Sc6RÓRÃRÃ2ÃãÂÓBã“3#33SC“Sc6RÓP­˜˜mŠ}˜]˜BÂÓBã“3s#ƒ33Sƒs“#3vRÓRÃ2Ã2ÃãÂÓBã“3s#ƒ33Sƒs“#3vRÓP­Š}‹=Š­ŠíŠýŠ}˜]˜}ŠrÂÓBã“c#CƒssƒS#c#3SVRÓRÃ2Ã"ÃãÂÓBã“c#CƒssƒS#c#3SVRÓP­Š}˜M˜]Š­‹=˜M˜]˜rÂÓBã“sƒCcS“S33s3ƒ–RÓRÃ3ÃrÃãÂÓBã“sƒCcS“S33s3ƒ–RÓP­˜M˜MŠ}˜˜=Š}‹ÂÓBã“ƒ3SScƒ3““SƒfRÓRÃBÃ2ÃãÂÓBã“ƒ3SScƒ3““SƒfRÓP­˜˜m‹˜=‹"ÂÓRã“#3sCss6RÓRÃ2Ã2ÃãÂÓRã“#3sCss6RÓP­˜M˜M˜Š}Š­˜‹˜rÂÓRã#Cƒ“cƒS#CSƒCFRÓRÃ’Ã2ÃãÂÓRã#Cƒ“cƒS#CSƒCFRÓP­Š}˜MŠÝŠ}‹m‹ÂÓRãC3C#sC#3ƒ#FRÓRÃ’ÃRÃãÂÓRãC3C#sC#3ƒ#FRÓP­Š}˜M˜]‹]˜m˜‹˜rÂÓRãScSCCsC#ƒc##–RÓRÃbÃBÃãÂÓRãScSCCsC#ƒc##–RÓP­˜M˜MŠ}˜}Š}˜M˜¢ÂÓRãs“c#“cs3“ƒ3cfRÓRÃBÃBÃãÂÓRãs“c#“cs3“ƒ3cfRÓP­˜M˜M˜]Šý˜rÂÓRãƒSs3ƒCCsƒ““VRÓRÃ2Ã2ÃãÂÓRãƒSs3ƒCCsƒ““VRÓP­Šý˜Š­‹˜­ŠrÂÓRãƒSs3ƒCCsƒ““VRÓRÃ2Ã2ÃãÂÓRãƒSs3ƒCCsƒ““VRÓP­Š}‹mŠ}˜˜­˜}˜MŠrÂÓRã“3sCsSs33s“ƒVRÓRÃ’Ã’ÃãÂÓRã“3sCsSs33s“ƒVRÓP­˜]˜mŠÝ˜}˜RÂÓRã“sS“#C3c3sSFRÓRÃ2Ã2ÃãÂÓRã“sS“#C3c3sSFRÓP­˜M˜MŠ}‹Š‹’ÂÓRã“ƒ###ƒƒs#SFRÓRÃBÃBÃãÂÓRã“ƒ###ƒƒs#SFRÓP­˜‹-Š}‹Š­˜¢ÂÓRã#c3C“s#csCs&RÓRÃRÃBÃãÂÓRã#c3C“s#csCs&RÓP­Š}˜MŠ}‹]Š}Š˜rÂÓRã#cSssCScƒcs&RÓRÃBÃ2ÃãÂÓRã#cSssCScƒcs&RÓP­Š}˜-Š}˜]Š¢ÂÓRãC###CSs“CsS&RÓRÃRÃRÃãÂÓRãC###CSs“CsS&RÓP­˜M˜MŠ}‹M˜}‹ÂÓRãCScscCSƒ3SSCfRÓRÃRÃRÃãÂÓRãCScscCSƒ3SSCfRÓP­˜MŠ­‹Š­˜­Š‚ÂÓRãSc3sS3CCsS–RÓRÃ’Ã2ÃãÂÓRãSc3sS3CCsS–RÓP­Š}˜MŠ­ŠÍŠ}‹˜¤ÂÓRãcƒ“ƒCcC“3ss““fRÓRÃ’Ã2ÃãÂÓRãcƒ“ƒCcC“3ss““fRÓP­Š­Šý‹˜­˜RÂÓRãss“ƒSƒcS“#SƒfRÓRÃ‚ÃrÃãÂÓRãss“ƒSƒcS“#SƒfRÓP­Š}˜M˜]‹-Š}ŠýŠ}˜MŠ­‹­˜­‹Š}˜MŠý‹˜­‹2ÂÓRãƒSS“#3CScCƒCCfRÓRÃ’ÃRÃãÂÓRãƒSS“#3CScCƒCCfRÓP­˜MŠÍ˜]‹’ÂÓRãƒ“CCc#cS“cc–RÓRÃ’Ã’ÃãÂÓRãƒ“CCc#cS“cc–RÓP­Š}˜M˜]˜mŠ}Ší˜­˜rÂÓRã###ƒCSsCCscC#fRÓRÃbÃbÃãÂÓRã###ƒCSsCCscC#fRÓP­˜]‹Š}ŠÝ˜M˜rÂÓRã##sc3s3cCc&RÓRÃ2Ã2ÃãÂÓRã##sc3s3cCc&RÓP­Š}˜M˜Š}˜mŠ}Šý˜­˜˜RÂÓRã#3S#ƒ#c3“ccVRÓRÃ‚ÃBÃãÂÓRã#3S#ƒ#c3“ccVRÓP­˜Š}˜MŠ}˜m‹MŠ}ŠŠ}Š¢ÂÓRã#Cc“CsScSCƒ&RÓRÃBÃBÃãÂÓRã#Cc“CsScSCƒ&RÓP­˜‹˜=‹=Š¢ÂÓRã#C#CƒSC“CC3“RÓRÃ2Ã2ÃãÂÓRã#C#CƒSC“CC3“RÓP­˜M˜M˜]˜=Š}˜M˜]Š}Š¢ÂÓRã3S3cC#“3svRÓRÃ2Ã2ÃãÂÓRã3S3cC#“3svRÓP­Š}˜M˜]‹-Š}ŠýŠ}˜MŠ­‹­˜­‹Š}˜MŠí˜M˜­ŠÂÂÓRã3#ƒC“3“Cƒ#“sfRÓRÃ‚Ã2ÃãÂÓRã3#ƒC“3“Cƒ#“sfRÓP­˜‹=˜­˜=˜˜bÂÓRã3#Cƒ“ƒ“s3s&RÓRÃÃ‚ÃãÂÓRã3#Cƒ“ƒ“s3s&RÓP­˜M˜M˜]˜Š}˜˜-Š}Š¢ÂÓRã3#cS#ƒ3ccCsFRÓRÃRÃ2ÃãÂÓRã3#cS#ƒ3ccCsFRÓP­Š}˜‹=Š}‹rÂÓRã3sCsC“sSs#RÓRÃRÃRÃãÂÓRã3sCsC“sSs#RÓP­Š­ŠMŠý˜­˜rÂÓRã3ƒssƒƒ“SS#&RÓRÃRÃRÃãÂÓRã3ƒssƒƒ“SS#&RÓP­˜Š}˜MŠ}ŠíŠ­ŠŠ}‹Š}Š¢ÂÓRã3ƒƒ3C“c“#“3&RÓRÃBÃBÃãÂÓRã3ƒƒ3C“c“#“3&RÓP­‹m‹˜­˜˜rÂÓRãC#CsƒC##SSsSVRÓRÃ#bÃrÃãÂÓRãC#CsƒC##SSsSVRÓP­Š}‹=Š˜‹Š}˜]Š­˜MŠ}˜­˜ÂÓRãCs“#3SC33–RÓRÃÃbÃãÂÓRãCs“#3SC33–RÓP­Š}‹˜M˜mŠrÂÓRãC#S“C“3ƒ#CS6RÓRÃ2Ã2ÃãÂÓRãC#S“C“3ƒ#CS6RÓP­˜Š}˜MŠ­‹­˜M˜­˜ÂÓRãC3SS“““ƒcRÓRÃSrÃ#bÃãÂÓRãC3SS“““ƒcRÓP­˜Š}˜M‹-‹Š}‹˜­˜rÂÓRãCcS“#“C#sS3S“vRÓRÃbÃ2ÃãÂÓRãCcS“#“C#sS3S“vRÓP­‹]˜MŠ}ŠÒÂÓRãCƒ3C“Sƒ““#“ƒVRÓRÃ2Ã‚ÃãÂÓRãCƒ3C“Sƒ““#“ƒVRÓP­˜]‹˜}˜ÂÓRãS3c#ƒSs“ScVRÓRÃBÃBÃãÂÓRãS3c#ƒSs“ScVRÓP­˜MŠÍ˜]‹˜­˜rÂÓRãSc#c#S“CsSVRÓRÃBÃ2ÃãÂÓRãSc#c#S“CsSVRÓP­Š­‹-˜ŠòÂÓRãSc#“Sƒƒƒ#S#vRÓRÃ‚Ã2ÃãÂÓRãSc#“Sƒƒƒ#S#vRÓP­˜Š}˜MŠ}Ší‹ÂÓRãSƒssƒ3S#sCVRÓRÃBÃBÃãÂÓRãSƒssƒ3S#sCVRÓP­ŠŠ­˜‹=˜­‹’ÂÓRãS#ƒcCC#“#C3vRÓRÃ2Ã2ÃãÂÓRãS#ƒcCC#“#C3vRÓP­Š}‹=Š­‹Š}Š­˜­ŠÍ˜­ŠrÂÓRãS3#C#C3s“ƒ“SƒvRÓRÃ’Ã2ÃãÂÓRãS3#C#C3s“ƒ“SƒvRÓP­ŠŠ}˜MŠ}‹=Š­Š½˜]Š}‹Š}Š¢ÂÓRãS3“cSCsc6RÓRÃBÃBÃãÂÓRãS3“cSCsc6RÓP­˜M˜M˜=˜}‹˜­Š}ŠÂÓRãSCCc3“ƒ#SC#SFRÓRÃ2Ã2ÃãÂÓRãSCCc3“ƒ#SC#SFRÓP­Š}˜M˜]Š­ŠÝ˜‹˜rÂÓRãSsCsc“cc3c“cfRÓRÃbÃRÃãÂÓRãSsCsc“cc3c“cfRÓP­ŠÝ‹=Š}˜RÂÓRãccCsss3ƒs&RÓRÃBÃBÃãÂÓRãccCsss3ƒs&RÓP­Š­˜MŠ¢ÂÓRãcƒƒ#sCc“CsC#VRÓRÃBÃBÃãÂÓRãcƒƒ#sCc“CsC#VRÓP­Š}˜M‹˜]Š}‹ÂÓRãcC3CC“Cs“#c3#&RÓRÃRÃBÃãÂÓRãcC3CC“Cs“#c3#&RÓP­Š}‹=Š˜‹Š}˜=˜­Š}˜bÂÓRãsƒ3#3c3CC3c“6RÓRÃ#bÃ2ÃãÂÓRãsƒ3#3c3CC3c“6RÓP­˜=‹˜m‹]‹ÂÓRãs#Ccs““SccƒCfRÓRÃ2Ã2ÃãÂÓRãs#Ccs““SccƒCfRÓP­˜Š}˜MŠÍ˜m˜Š˜­˜rÂÓRãsS3ƒƒ“Cs3Cƒ“FRÓRÃ2Ã2ÃãÂÓRãsS3ƒƒ“Cs3Cƒ“FRÓP­Š}˜M˜]‹-Š}ŠýŠ}˜MŠ­‹­˜­‹Š}˜M˜]‹Š}‹˜¢ÂÓRãs##33ƒ#s3CS#3vRÓRÃbÃ2ÃãÂÓRãs##33ƒ#s3CS#3vRÓP­Š}‹=Š­˜Š}ŠòÂÓRãs#cCC#c“sscFRÓRÃbÃBÃãÂÓRãs#cCC#c“sscFRÓP­˜Š}˜M˜]‹=ŠM˜˜M˜­˜bÂÓRãs“Sƒs#scsS#fRÓRÃRÃRÃãÂÓRãs“Sƒs#scsS#fRÓP­Š˜‹‹bÂÓRãƒ##“#ƒc#CC†RÓRÃRÃBÃãÂÓRãƒ##“#ƒc#CC†RÓP­˜Š}˜MŠ}˜˜M˜¢ÂÓRãƒ#3Cs“C#SƒSƒƒFRÓRÃbÃBÃãÂÓRãƒ#3Cs“C#SƒSƒƒFRÓP­Š}˜M˜]˜Š}ŠÍŠm˜rÂÓRãƒCS3ƒC#Cc3c#3S6RÓRÃ2Ã2ÃãÂÓRãƒCS3ƒC#Cc3c#3S6RÓP­˜‹=ŠýŠ}ŠòÂÓRãƒƒC“ƒ##3“S“s–RÓRÃRÃ’ÃãÂÓRãƒƒC“ƒ##3“S“s–RÓP­Š}˜M˜]‹=Š­˜-‹ÂÓRã“ssƒSSSCC3CfRÓRÃbÃBÃãÂÓRã“ssƒSSSCC3CfRÓP­˜]˜Š­Š}ŠÒÂÓRã“C3“S#cƒ##3SS“SFRÓRÃ2Ã2ÃãÂÓRã“C3“S#cƒ##3SS“SFRÓP­˜˜]˜]˜M˜˜=˜rÂÓRã“Cƒ#“Ss“s“vRÓRÃ2Ã2ÃãÂÓRã“Cƒ#“Ss“s“vRÓP­‹m˜]Š}˜mŠrÂÓRã“c##S“C3C“S&RÓRÃ‚ÃrÃãÂÓRã“c##S“C3C“S&RÓP­˜˜mŠ}˜-‹RÂÓRã“ss3CSs3#3†RÓRÃ’Ã’ÃãÂÓRã“ss3CSs3#3†RÓP­˜Š}˜MŠí˜­Š}‹Š}Š¢ÂÓRã“ssSS3ƒsCƒ3c&RÓRÃ‚ÃbÃãÂÓRã“ssSS3ƒsCƒ3c&RÓP­Š}Š­Ší‹Š­˜}ŠrÂÓbã33sS33#SfRÓRÃbÃRÃãÂÓbã33sS33#SfRÓP­Š­˜Š­˜­‹M˜­˜rÂÓbãC3#s#ƒssc“FRÓRÃRÃBÃãÂÓbãC3#s#ƒssc“FRÓP­˜Šý‹˜]˜}ŠrÂÓbãsS“sSS“#“ScSfRÓRÃÃÃãÂÓbãsS“sSS“#“ScSfRÓP­˜Š}˜M˜]Š­˜]Š½˜BÂÓbãƒcCsC“Cƒsssc#fRÓRÃ‚ÃbÃãÂÓbãƒcCsC“Cƒsssc#fRÓP­Š}˜M‹=˜M‹}Š}Š¢ÂÓbãƒsSƒSCC“#SfRÓRÃ2Ã2ÃãÂÓbãƒsSƒSCC“#SfRÓP­Š­Ší‹}Š¢ÂÓbã3Sc#“ƒc#Scƒ#ƒFRÓRÃRÃBÃãÂÓbã3Sc#“ƒc#Scƒ#ƒFRÓP­Š­‹‹‹m˜rÂÓbãƒ“3“3Sƒcs3fRÓRÃ2Ã2ÃãÂÓbãƒ“3“3Sƒcs3fRÓP­Š}˜M˜]‹M‹‹˜­˜bÂÓbãƒcCcSc“svRÓRÃ2Ã2ÃãÂÓbãƒcCcSc“svRÓP­˜M˜MŠÝ˜]Š}˜­˜rÂÓbã#ƒCc#S#C6RÓRÃ2Ã2ÃãÂÓbã#ƒCc#S#C6RÓP­Š}˜MŠí˜M˜­˜˜¢ÂÓbã#cs3ƒ#cC“#“vRÓRÃ‚ÃbÃãÂÓbã#cs3ƒ#cC“#“vRÓP­Š˜-Š}˜­ŠrÂÓbã#s3S#sSCSssfRÓRÃRÃ2ÃãÂÓbã#s3S#sSCSssfRÓP­Š}˜MŠ}‹=Š­ŠÝ˜-Š}˜-˜m˜}Š}˜­˜rÂÓbã33Ccc#“3ƒ“SvRÓRÃbÃRÃãÂÓbã33Ccc#“3ƒ“SvRÓP­Š}˜M˜]˜-Š}‹]˜rÂÓbã3c“C““3scS3S–RÓRÃ‚ÃBÃãÂÓbã3c“C““3scS3S–RÓP­ŠŠ­˜‹]˜­˜rÂÓbã3sC#“SC###s#6RÓRÃ#BÃ#2ÃãÂÓbã3sC#“SC###s#6RÓP­˜ŠÝŠ}˜M˜rÂÓbã3““ƒS#ssƒƒcsvRÓRÃBÃBÃãÂÓbã3““ƒS#ssƒƒcsvRÓP­˜m˜}Š}Šm˜­ŠrÂÓbãC3““SƒCsc“CC3fRÓRÃrÃbÃãÂÓbãC3““SƒCsc“CC3fRÓP­ŠŠ}˜M‹-Š}˜RÂÓbãCs3ƒcC#ƒCC&RÓRÃbÃ2ÃãÂÓbãCs3ƒcC#ƒCC&RÓP­Š­˜-‹=˜­‹rÂÓbãSC“#cSs““S3ƒƒ3†RÓRÃ’ÃBÃãÂÓbãSC“#cSs““S3ƒƒ3†RÓP­Š}˜MŠ­Ší˜˜­‹bÂÓbãSSs3#3ƒCsc3ƒc&RÓRÃ’ÃBÃãÂÓbãSSs3#3ƒCsc3ƒc&RÓP­˜-Š}‹ŠŠ¢ÂÓbãS“cSƒƒSƒCcs3cS–RÓRÃ2Ã2ÃãÂÓbãS“cSƒƒSƒCcs3cS–RÓP­‹=˜­˜m‹m˜RÂÓbãS“ƒcSCS“S#c6RÓRÃ2Ã2ÃãÂÓbãS“ƒcSCS“S#c6RÓP­Š}˜M˜]˜-Š}˜­˜­‹2ÂÓbãcsƒ#“Cƒc#ƒ3#FRÓRÃBÃÃãÂÓbãcsƒ#“Cƒc#ƒ3#FRÓP­˜­Šý‹M˜bÂÓbãc#3ScC#“ss&RÓRÃRÃRÃãÂÓbãc#3ScC#“ss&RÓP­Š­‹MŠÍ‹’ÂÓbãs3C“3ƒ“3VRÓRÃrÃRÃãÂÓbãs3C“3ƒ“3VRÓP­˜]˜MŠ}Š˜]˜rÂÓbãs3ƒ3CSSc3–RÓRÃBÃRÃãÂÓbãs3ƒ3CSSc3–RÓP­˜]˜=˜mŠ¢ÂÓbãs3cƒ#S3S3ƒ#sC6RÓRÃRÃRÃãÂÓbãs3cƒ#S3S3ƒ#sC6RÓP­˜­‹˜‹bÂÓbãsCCƒSƒ33cSƒSfRÓRÃBÃBÃãÂÓbãsCCƒSƒ33cSƒSfRÓP­˜MŠ}˜mŠ­‹˜mŠ¢ÂÓbãsSSCS““3ƒC“&RÓRÃ’ÃBÃãÂÓbãsSSCS““3ƒC“&RÓP­˜]˜ŠÍ˜Šý˜rÂÓbãsSs3S3“c3“3cCRÓRÃ‚ÃrÃãÂÓbãsSs3S3“c3“3cCRÓP­˜Š}˜]˜=Š}˜m˜­˜rÂÓbãƒCsSCC“c##3SvRÓRÃ‚Ã‚ÃãÂÓbãƒCsSCC“c##3SvRÓP­˜M‹]Š}ŠÝŠ‚ÂÓbãƒc##ƒCƒ#3cFRÓRÃbÃRÃãÂÓbãƒc##ƒCƒ#3cFRÓP­˜]‹Ší‹]˜rÂÓbãƒc3CCƒCCsC–RÓRÃRÃRÃãÂÓbãƒc3CCƒCCsC–RÓP­˜‹=˜m‹˜]˜BÂÓbãƒƒS3sCSScƒcƒRÓRÃ2Ã2ÃãÂÓbãƒƒS3sCSScƒcƒRÓP­ŠÝ˜­˜˜­ŠrÂÓbã“SS“““SCƒC##&RÓRÃBÃBÃãÂÓbã“SS“““SCƒC##&RÓP­Š}˜Š}Šý˜rÂÓbã“Sss“C3“sƒ#cssVRÓRÃ2Ã2ÃãÂÓbã“Sss“C3“sƒ#cssVRÓP­˜˜‹‹mŠ¢ÂÓbã“scscCcc“#cVRÓRÃbÃbÃãÂÓbã“scscCcc“#cVRÓP­˜m˜‹Š}˜MŠý˜­˜bÂÓbã“ƒ3cSSc3#ƒsCFRÓRÃRÃBÃãÂÓbã“ƒ3cSSc3#ƒsCFRÓP­˜Š}˜M˜M˜-Š}ŠŠ}Š¢ÂÓrã3CCSsSƒ3ƒ†RÓRÃ2Ã2ÃãÂÓrã3CCSsSƒ3ƒ†RÓP­ŠŠ}˜M˜m‹=Ší˜rÂÓrã3C3ƒS#“ƒ#“c3vRÓRÃBÃ2ÃãÂÓrã3C3ƒS#“ƒ#“c3vRÓP­Š}˜M‹}ŠŠ}‹˜rÂÓrãCsƒƒCƒƒ“sƒ#cRÓRÃCÃbÃãÂÓrãCsƒƒCƒƒ“sƒ#cRÓP­˜Š}˜MŠí˜]‹=˜­˜bÂÓrãs3c“c##33“FRÓRÃrÃ2ÃãÂÓrãs3c“c##33“FRÓP­Š}˜M‹˜]Š}˜M˜­˜rÂÓrã“cC“SsC“3scssFRÓRÃÃ2ÃãÂÓrã“cC“SsC“3scssFRÓP­Š}˜MŠ}ŠÝŠ­ŠŠ}‹2ÂÓrãcCƒsƒ#s“3sfRÓRÃRÃ2ÃãÂÓrãcCƒsƒ#s“3sfRÓP­Š­‹˜M˜"ÂÓrãC3“ƒƒc3#3s–RÓRÃ2Ã2ÃãÂÓrãC3“ƒƒc3#3s–RÓP­Š}˜MŠ­˜‹-˜­‹˜MŠ}ŠÝ˜-Š}Š}ŠÍ˜]Š}˜M˜¢ÂÓrãCSC“3s###VRÓRÃBÃBÃãÂÓrãCSC“3s###VRÓP­Š}‹m‹˜ÂÓrãƒ“““S3C“ƒsS†RÓRÃ’ÃRÃãÂÓrãƒ“““S3C“ƒsS†RÓP­ŠÝ‹‹˜rÂÓrã##“c3C#s“S“#RÓRÃ2Ã2ÃãÂÓrã##“c3C#s“S“#RÓP­˜Š­Š‹‹"ÂÓrã##“c“ƒƒscSSS†RÓRÃBÃBÃãÂÓrã##“c“ƒƒscSSS†RÓP­Š­‹]‹˜­ŠÝŠ}Š­˜rÂÓrã#3ƒ“csS##C#“#c&RÓRÃ2Ã2ÃãÂÓrã#3ƒ“csS##C#“#c&RÓP­˜]‹=ŠM˜˜M˜­˜}ŠrÂÓrã#Cs#s#ƒ3sSc&RÓRÃ2Ã2ÃãÂÓrã#Cs#s#ƒ3sSc&RÓP­Š­ŠÝŠ­˜}ŠrÂÓrã3C“““SC33SvRÓRÃ2Ã2ÃãÂÓrã3C“““SC33SvRÓP­Š}˜M˜]Š­‹Š}˜=˜]˜rÂÓrã3cSs#ƒcS3“3“VRÓRÃrÃ’ÃãÂÓrã3cSs#ƒcS3“3“VRÓP­Š­˜ŠòÂÓrãCsƒc“ccC#3CƒvRÓRÃbÃRÃãÂÓrãCsƒc“ccC#3CƒvRÓP­˜­˜ŠÍŠý˜]‹˜M˜˜]Š}Š¢ÂÓrãC3CSc##cCc“&RÓRÃbÃbÃãÂÓrãC3CSc##cCc“&RÓP­˜˜]‹MŠ­‹˜­Š}Š¢ÂÓrãCSsCS33S#s#c“fRÓRÃRÃBÃãÂÓrãCSsCS33S#s#c“fRÓP­˜­‹m˜­˜ÂÓrãCcCCSs3“scc“CFRÓRÃBÃBÃãÂÓrãCcCCSs3“scc“CFRÓP­Š}˜MŠ}˜˜MŠ}ŠÂÂÓrãCsc3C#ƒ“Cƒc“fRÓRÃ’Ã2ÃãÂÓrãCsc3C#ƒ“Cƒc“fRÓP­Š}˜M‹=Š}Š˜-Š­Š}‹˜­ŠâÂÓrãS3“ƒSSsCS#CfRÓRÃ2Ã2ÃãÂÓrãS3“ƒSSsCS#CfRÓP­˜˜‹]˜BÂÓrãS“Cƒ#sƒcƒƒ#C†RÓRÃ2Ã2ÃãÂÓrãS“Cƒ#sƒcƒƒ#C†RÓP­ŠŠ}‹=‹˜rÂÓrãs#3cssss“ScFRÓRÃBÃ2ÃãÂÓrãs#3cssss“ScFRÓP­Ší‹=Š}Šm‹˜}ŠrÂÓrãs3S#ƒc3SsƒC6RÓRÃÃ’ÃãÂÓrãs3S#ƒc3SsƒC6RÓP­Š}˜M‹}˜MŠ˜rÂÓrãsSss“Cƒ3#“sRÓRÃBÃ2ÃãÂÓrãsSss“Cƒ3#“sRÓP­Š}˜M‹Š}Š‚ÂÓrãscƒƒ3ƒ#“Sƒ&RÓRÃRÃ2ÃãÂÓrãscƒƒ3ƒ#“Sƒ&RÓP­ŠíŠ}˜M˜Š¢ÂÓrãssC3cccƒ“S“cƒ36RÓRÃRÃBÃãÂÓrãssC3cccƒ“S“cƒ36RÓP­ŠŠ}˜M˜˜-Š¢ÂÓrãs“ƒscƒ#cC3““cs&RÓRÃbÃBÃãÂÓrãs“ƒscƒ#cC3““cs&RÓP­Š}˜MŠ­˜‹]˜­˜BÂÓ‚ãsSs“#C3#Cc“#VRÓRÃbÃ2ÃãÂÓ‚ãsSs“#C3#Cc“#VRÓP­Š}‹=˜}Š}˜]˜}ŠrÂÓ‚ãƒC#S“C3S#““#†RÓRÃBÃBÃãÂÓ‚ãƒC#S“C3S#““#†RÓP­Š}˜MŠ­‹‹˜˜rÂÓ‚ã#s##c“CCCƒS#RÓRÃbÃrÃãÂÓ‚ã#s##c“CCCƒS#RÓP­Š}˜MŠ­‹}˜‹˜¢ÂÓ‚ã“sC3ƒ3ƒS3c6RÓRÃ#"ÃÃãÂÓ‚ã“sC3ƒ3ƒS3c6RÓP­‹ŠŠýŠ}˜MŠ}˜M˜rÂÓ‚ã#s3sSƒ““FRÓRÃbÃBÃãÂÓ‚ã#s3sSƒ““FRÓP­Š}˜M˜]Š­˜˜‹ÂÓ‚ã#ƒ3c3#SSCc“6RÓRÃRÃRÃãÂÓ‚ã#ƒ3c3#SSCc“6RÓP­Š}˜M˜]‹=Š­˜‹ŠòÂÓ‚ã#“CC3c33ƒsSVRÓRÃBÃBÃãÂÓ‚ã#“CC3c33ƒsSVRÓP­ŠŠ­˜˜-‹Š}Š­˜}ŠrÂÓ‚ã3CcƒƒCSsS“RÓRÃRÃRÃãÂÓ‚ã3CcƒƒCSsS“RÓP­˜Š­‹}˜‹ÂÓ‚ã3c3C#cƒƒ3““&RÓRÃ2Ã2ÃãÂÓ‚ã3c3C#cƒƒ3““&RÓP­Š}˜M˜˜=‹˜­˜rÂÓ‚ã3c“#ƒƒ“c“s33&RÓRÃÃbÃãÂÓ‚ã3c“#ƒƒ“c“s33&RÓP­ŠŠ}˜M˜]‹=Šm˜˜M˜­˜rÂÓ‚ã3s#3“cS#3sƒScRÓRÃ2Ã2ÃãÂÓ‚ã3s#3“cS#3sƒScRÓP­˜M˜MŠ­‹=˜}˜­˜MŠ}Š¢ÂÓ‚ã3ƒcsccƒsƒ#sƒ6RÓRÃRÃBÃãÂÓ‚ã3ƒcsccƒsƒ#sƒ6RÓP­‹­‹Š}˜]˜rÂÓ‚ã3“sscsƒ3SSsSRÓRÃRÃ2ÃãÂÓ‚ã3“sscsƒ3SSsSRÓP­ŠÝ˜=˜]˜}˜RÂÓ‚ãCƒƒCccccƒCc“VRÓRÃRÃ2ÃãÂÓ‚ãCƒƒCccccƒCc“VRÓP­Š˜-Š}‹Šý˜rÂÓ‚ãC#3C“S#S“ƒcvRÓRÃBÃBÃãÂÓ‚ãC#3C“S#S“ƒcvRÓP­‹M‹˜‹}ŠrÂÓ‚ãCsC“sScƒSsSs3vRÓRÃ2Ã2ÃãÂÓ‚ãCsC“sScƒSsSs3vRÓP­Š­‹=Š}‹‹’ÂÓ‚ãCss“SƒCƒƒCcVRÓRÃ2Ã2ÃãÂÓ‚ãCss“SƒCƒƒCcVRÓP­ŠŠ}‹˜MŠ}˜bÂÓ‚ãSC#3#3S“ƒƒsfRÓRÃrÃrÃãÂÓ‚ãSC#3#3S“ƒƒsfRÓP­˜MŠ}˜MŠ­‹-Š}˜]˜}ŠrÂÓ‚ãSSCƒ“CSC3“3“3†RÓRÃBÃBÃãÂÓ‚ãSSCƒ“CSC3“3“3†RÓP­Š}˜M˜]‹­Š}˜]‹2ÂÓ‚ãc3C33##3ƒCfRÓRÃbÃ2ÃãÂÓ‚ãc3C33##3ƒCfRÓP­Š}˜mŠ‹Š}Š²ÂÓ‚ãc“C“ƒs“SC##SFRÓRÃRÃRÃãÂÓ‚ãc“C“ƒs“SC##SFRÓP­Š}‹=Š˜‹Š}Š}˜M˜=Š}Š˜MŠ}Š¢ÂÓ‚ãsS#“C3ƒVRÓRÃÃbÃãÂÓ‚ãsS#“C3ƒVRÓP­Š}Ší‹}Š}ŠÂÓ‚ãsSsCCcss##“6RÓRÃ‚Ã2ÃãÂÓ‚ãsSsCCcss##“6RÓP­ŠŠ}˜M˜]Ší‹]‹]Š}Š¢ÂÓ‚ãƒc“ƒcS“ƒ##“3SfRÓRÃRÃ2ÃãÂÓ‚ãƒc“ƒcS“ƒ##“3SfRÓP­˜Š}˜MŠ}˜]Š}‹Š}Š¢ÂÓ‚ã“scsƒcCcc†RÓRÃRÃBÃãÂÓ‚ã“scsƒcCcc†RÓP­˜­‹}˜M‹’ÂÓ’ãCc#“SS#““#“&RÓRÃ2Ã2ÃãÂÓ’ãCc#“SS#““#“&RÓP­˜­‹Š­˜=‹"ÂÓ’ã#“#““s#S3SfRÓRÃ2Ã2ÃãÂÓ’ã#“#““s#S3SfRÓP­Š}Š­ŠÍŠ}˜}˜rÂÓ’ãcC#cs#“C“s3CRÓRÃ2Ã2ÃãÂÓ’ãcC#cs#“C“s3CRÓP­Š}˜M˜]˜]˜=˜mŠ}Š¢ÂÓ’ãc“ƒcc“cc“RÓRÃBÃBÃãÂÓ’ãc“ƒcc“cc“RÓP­˜Š}Šý˜Š}Š¢ÂÓ’ãcCC3SCƒ3ƒƒƒƒvRÓRÃ2Ã2ÃãÂÓ’ãcCC3SCƒ3ƒƒƒƒvRÓP­ŠŠ}˜MŠ}‹=Š­ŠíŠýŠ}˜RÂÓ’ãƒSS3ƒScc3#3fRÓRÃBÃBÃãÂÓ’ãƒSS3ƒScc3#3fRÓP­˜]‹Šý˜ŠòÂÓ’ã#3C#S3cvRÓRÃ2Ã2ÃãÂÓ’ã#3C#S3cvRÓP­ŠŠ}˜MŠ}ŠÍŠ}Š˜rÂÓ’ã#ƒ3ƒCc“cCƒCC&RÓRÃBÃBÃãÂÓ’ã#ƒ3ƒCc“cCƒCC&RÓP­ŠŠ}˜MŠ}ŠÍ˜}‹-˜rÂÓ’ã3333s#“c3#“c#fRÓRÃ2Ã2ÃãÂÓ’ã3333s#“c3#“c#fRÓP­˜mŠÍ‹˜¢ÂÓ’ã3““3Sc33ƒCFRÓRÃ2Ã2ÃãÂÓ’ã3““3Sc33ƒCFRÓP­˜M˜]‹MŠ­‹˜=˜­˜}ŠrÂÓ’ãC#ƒ“sƒƒs3ƒ“FRÓRÃbÃBÃãÂÓ’ãC#ƒ“sƒƒs3ƒ“FRÓP­˜M˜]˜mŠÒÂÓ’ãSC3#ƒƒSs3scS“VRÓRÃ#BÃ’ÃãÂÓ’ãSC3#ƒƒSs3scS“VRÓP­˜˜­‹˜=‹"ÂÓ’ãs“Cc3scƒ“#–RÓRÃBÃBÃãÂÓ’ãs“Cc3scƒ“#–RÓP­Š}˜M˜]‹]˜m˜ÂÓãSS##cs3c3sRÃBÃBÃãÂÓãSS##cs3c3sP­˜Š}˜MŠ­‹‹=˜­˜rÂÓã#sScs#““SCsCÃ2Ã2ÃãÂÓã#sScs#““SCsC­Š}‹=Š˜‹Š}˜=˜}‹ŠŠ}ŠÂÓã3“C#“cCƒcƒS2ÃBÃBÃãÂÓã3“C#“cCƒcƒS0­Š­Š½ŠŠ¢ÂÓãS#S“3“#3ƒƒ#2ÃBÃ2ÃãÂÓãS#S“3“#3ƒƒ#0­Š˜m˜¢ÂÓãSS#CSC3S##sƒCƒRÃBÃBÃãÂÓãSS#CSC3S##sƒCƒP­‹=˜­Š}‹=Š­˜rÂÓãƒ“ƒƒc“sCƒ“C"ÃRÃBÃãÂÓãƒ“ƒƒc“sCƒ“C ­‹M‹‹rÂÓã“ƒƒsCCc“ƒC‚ÃbÃBÃãÂÓã“ƒƒsCCc“ƒC€­‹=‹‹Š}˜M‹M‹˜=˜}Š}˜M‹=‹‹ÂÓã“CcCc“ƒCƒssCbÃBÃ2ÃãÂÓã“CcCc“ƒCƒssC`­ŠŠ}˜M˜M˜-Š}ŠÂÓãCSc#Cc“CbÃRÃRÃãÂÓãCSc#Cc“C`­‹=˜]˜rÂÓãc3C#c#c#c3#rÃrÃ2ÃãÂÓãc3C#c#c#c3#p­˜M˜]‹MŠ­‹˜=˜¢ÂÓãsƒcƒCS3SsrÃ’Ã‚ÃãÂÓãsƒcƒCS3Ssp­˜m‹Š­‹-˜RÂÓãSC“#3cƒ3#’ÃrÃRÃãÂÓãSC“#3cƒ3#­Š}‹=Š˜‹Š}Š}˜MŠŠ}ŠÝ˜rÂÓãsCSs““s“S#3C"ÃRÃ2ÃãÂÓãsCSs““s“S#3C ­Š­ŠÍŠ}˜‹-Š}Š¢ÂÓã#SC#C#C““ssrÃRÃ2ÃãÂÓã#SC#C#C““ssp­Š}‹}˜M‹’ÂÓã#3sSC3ƒsCƒSCsCrÃRÃBÃãÂÓã#3sSC3ƒsCƒSCsCp­Š}‹=Š˜‹Š}Š}˜M‹Š}˜M˜]˜­˜rÂÓã#ƒƒCCCS#3ƒ#S33BÃCÃ2ÃãÂÓã#ƒƒCCCS#3ƒ#S33@­Š}˜MŠÝŠ}˜-ŠrÂÓã#ƒƒƒƒS#cƒSCC#RÃÃÃãÂÓã#ƒƒƒƒS#cƒSCC#P­˜Š}˜M‹]ŠÝ˜­˜rÂÓã3ƒ“#sccSc“’ÃBÃ2ÃãÂÓã3ƒ“#sccSc“­Š˜]˜˜-‹’ÂÓã3SS3cCC“““3’ÃrÃrÃãÂÓã3SS3cCC“““3­˜]Š}˜­‹Š}Šý˜BÂÓã3SC“S“#s#Ss“#bÃBÃ2ÃãÂÓã3SC“S“#s#Ss“#`­˜Š}˜MŠ}˜mŠ­‹Š}‹BÂÓã3ƒScs“s#S“SC“2Ã2Ã2ÃãÂÓã3ƒScs“s#S“SC“0­˜M˜M˜]Ší‹-˜˜bÂÓã3ƒƒ#Cƒ3cSC#bÃ2Ã2ÃãÂÓã3ƒƒ#Cƒ3cSC#`­Š}˜M‹=Š}Š˜-Š}ŠÍ˜]Š}˜M˜¢ÂÓãC3sC##cS“c3cƒBÃ2Ã2ÃãÂÓãC3sC##cS“c3cƒ@­Š­˜‹]˜BÂÓãcCS3ƒƒcCsƒƒƒRÃRÃRÃãÂÓãcCS3ƒƒcCsƒƒƒP­˜­‹=ŠýŠòÂÓã“csƒ#ƒcsSƒCScƒ’ÃBÃBÃãÂÓã“csƒ#ƒcsSƒCScƒ­ŠŠ}˜M˜]‹ŠÝ˜M˜rÂÓã#SCƒƒs#sSc“#c‚ÃBÃ2ÃãÂÓã#SCƒƒs#sSc“#c€­˜Š}˜MŠŠ}˜-˜¢ÂÓã#c33s“S#Ss2Ã2Ã2ÃãÂÓã#c33s“S#Ss0­ŠŠ}˜MŠÍŠ}Šm‹-˜rÂÓãCc#333s3ƒccC3CrÃBÃ2ÃãÂÓãCc#333s3ƒccC3Cp